anio_acci,nro_acci,fecha,desc_dia,hora_aprox,desc_ruta,km,cant_participantes,desc_participante,calle_avenida_km,total,heridos_leves,heridos_graves,heridos_gravisimos,ilesos,fallecidos,sin_datos,posicion_XY,desc_tipo_via,desc_ruta_ori,desc_loc,desc_dpto,desc_tipo_calzada,desc_tipo_banquina,desc_unidad_regional,desc_lugar_calzada,desc_zona,desc_prioridad,desc_estado_semaforo,desc_lugar_via,desc_estado_via,desc_estado_visibilidad,desc_luminosidad,desc_estado_clima,desc_tipo_colision,desc_tipo_atropello,desc_tipo_hecho,desc_pres_calzada,desc_senializacion,desc_separacion_via,desc_restriccion
2020,197,2020-01-24,Viernes,22:30:00,,0.0,2,"Moto/Ciclomotor,Pickup/Utilitario",Dorrego Y Regis Martinez,2,1,0,0,1,0,0,"    -31.62265, -60.68214",Calle,,SANTA FE,La Capital,Asfalto,No existe,I,Dentro,Urbana,Ninguna,No existe,Intersección,Bueno,Buena,Nocturna,Buen Tiempo,Lateral,S/D,Colisión,S/D,S/D,Ninguna,Sin restricción
2020,198,2020-01-15,Miercoles,10:00:00,,0.0,2,"Automóvil,Moto/Ciclomotor",Av Galicia Y Candioti,2,1,0,0,1,0,0,"-31.60674, -60.68647",Calle,,SANTA FE,La Capital,S/D,Pavimento,I,S/D,Urbana,Ninguna,No existe,Otro,Otro,Buena,Diurna,Otro,Otro,S/D,Otro,Otro,S/D,Ninguna,Sin restricción
2020,199,2020-01-18,Sabado,22:00:00,Ruta Nacional 11,343.0,1,Pickup/Utilitario, ,2,2,0,0,0,0,0,"-30.04316, -60.31692",Ruta,11,PEDRO GÓMEZ CELLO,San Justo,Asfalto,Natural,XVI,Fuera,Rural,Ninguna,No existe,Recta,Deteriorada,Reducida,Nocturna,Buen Tiempo,S/D,S/D,Despiste,Ninguna,Faltante,Línea divisoria pintada,Sin restricción
2020,200,2020-01-28,Martes,09:30:00,,0.0,2,"Moto/Ciclomotor,Automóvil",Dr Zavalla Y Independencia,3,2,0,0,1,0,0,"    -31.64637, -60.72018",Calle,,SANTA FE,La Capital,Asfalto,Pavimento,I,Dentro,Urbana,Ninguna,No existe,Intersección,Bueno,Reducida polvo,Diurna,Buen Tiempo,Lateral,S/D,Colisión,Ninguna,Faltante,Ninguna,Sin restricción
2020,201,2020-01-15,Miercoles,18:30:00,,0.0,2,"Automóvil,Moto/Ciclomotor",Mitre Y Reg 12 de Infanteria,2,1,0,0,1,0,0,"-31.60084, -60.68023",Calle,,SANTA FE,La Capital,S/D,Pavimento,I,S/D,Urbana,Ninguna,No existe,Otro,Otro,Buena,Diurna,Otro,Otro,S/D,Colisión,Ninguna,S/D,Ninguna,Sin restricción
2020,202,2020-01-25,Sabado,13:19:00,Ruta Nacional 11,0.0,2,"Moto/Ciclomotor,Automóvil", ,3,2,0,0,1,0,0,"    -31.66689, -60.74771",Ruta,11,SANTA FE,La Capital,Hormig{on,No existe,I,Dentro,Urbana,Policía de tránsito,No existe,Puente,Bueno,Buena,Diurna,Otro,Frontal,S/D,Colisión,Ninguna,Faltante,Ninguna,Sin restricción
2020,203,2020-01-08,Miercoles,12:40:00,,0.0,2,"Automóvil,Moto/Ciclomotor",Av Urquiza Y Salta,2,0,0,0,0,0,2,"-31.64897, -60.71402",Calle,,SANTA FE,La Capital,Asfalto,No existe,I,Dentro,Urbana,Ninguna,Funciona,Intersección,Bueno,Buena,Diurna,Buen Tiempo,Otro,S/D,Colisión,Ninguna,Vertical,Ninguna,Sin restricción
2020,204,2020-01-18,Sabado,21:00:00,Ruta Provincial 1,83.0,2,"Bicicleta,Moto/Ciclomotor", ,2,2,0,0,0,0,0,"-31.1127, -60.10538",Ruta,1,HELVECIA,Garay,Asfalto,S/D,VII,Dentro,Rural,Otra Señal,No existe,Otro,S/D,Reducida,Nocturna,Buen Tiempo,S/D,Ciclista,Atropello,Ninguna,Vertical,Línea divisoria pintada,Sin restricción
2020,205,2020-01-10,Viernes,19:45:00,,0.0,2,"Automóvil,Moto/Ciclomotor",Belgrano Y Balcarce,2,1,0,0,1,0,0,"-31.63753, -60.69897",Calle,,SANTA FE,La Capital,Asfalto,No existe,I,Dentro,Urbana,S/D,No existe,Intersección,Bueno,S/D,Atardecer,S/D,Lateral,S/D,Colisión,S/D,S/D,S/D,S/D
2020,206,2020-01-13,Lunes,14:40:00,,0.0,2,"Moto/Ciclomotor,Automóvil",Candioti Y Balcarce,2,1,0,0,1,0,0,"-31.63822, -60.69581",Calle,,SANTA FE,La Capital,Asfalto,No existe,I,Dentro,Urbana,S/D,Funciona,Intersección,S/D,S/D,Diurna,S/D,S/D,S/D,Colisión,S/D,S/D,S/D,S/D
2020,207,2020-01-14,Martes,13:50:00,,0.0,2,"Moto/Ciclomotor,Pickup/Utilitario",Sarmiento Y Castellanos,2,1,0,0,1,0,0,"-31.63671, -60.69305",Calle,,SANTA FE,La Capital,Asfalto,No existe,I,Dentro,Urbana,S/D,No existe,Intersección,Bueno,S/D,Diurna,S/D,Lateral,S/D,Colisión,S/D,S/D,S/D,S/D
2020,208,2020-01-09,Jueves,17:20:00,,0.0,2,"Moto/Ciclomotor,Peatón",Islas Malvinas 4100,2,0,1,0,1,0,0,"-32.72056, -60.73741",Calle,,SAN LORENZO,San Lorenzo,Asfalto,No existe,XVII,S/D,Urbana,S/D,No existe,Recta,Bueno,Buena,Diurna,Buen Tiempo,S/D,Peatón,Atropello,Ninguna,S/D,S/D,S/D
2020,209,2020-01-27,Lunes,08:40:00,,0.0,2,"Moto/Ciclomotor,Pickup/Utilitario",Av Freyre Y Moreno,2,1,0,0,1,0,0,"    -31.65284, -60.72039",Avenida,,SANTA FE,La Capital,Asfalto,No existe,I,Dentro,Urbana,Ninguna,No existe,Intersección,Bueno,Buena,Diurna,Buen Tiempo,Lateral,S/D,Colisión,Ninguna,Faltante,Ninguna,Sin restricción
2020,210,2020-01-24,Viernes,,,0.0,2,"Moto/Ciclomotor,Automóvil",Av Pe�aloza Y Gorostiaga,2,1,0,0,1,0,0,"    -31.60821, -60.71314",Avenida,,SANTA FE,La Capital,Asfalto,No existe,I,Dentro,Urbana,Semáforo,Funciona,Intersección,S/D,Buena,Diurna,Buen Tiempo,Lateral,S/D,Colisión,S/D,Vertical,Línea divisoria pintada,Sin restricción
2020,211,2020-01-10,Viernes,06:55:00,,0.0,2,"Automóvil,Automóvil",Clemente Albelo Y Granadero Baigorria,2,1,0,0,1,0,0,"-32.73332, -60.74041",Calle,,SAN LORENZO,San Lorenzo,Hormig{on,S/D,XVII,S/D,Urbana,Ninguna,No existe,Intersección,Bueno,Buena,Diurna,S/D,Lateral,S/D,Colisión,Ninguna,S/D,S/D,S/D
2020,212,2020-01-10,Viernes,03:20:00,Ruta Nacional 11,0.0,2,"Moto/Ciclomotor,Automóvil",Bv Oroño Y D Porteau,3,1,0,0,2,0,0,"-32.73477, -60.73782",Ruta,11,SAN LORENZO,San Lorenzo,Asfalto,S/D,XVII,S/D,Urbana,S/D,No existe,Recta,Bueno,Buena,Nocturna,Buen Tiempo,De alcance,S/D,Colisión,S/D,S/D,S/D,S/D
2020,213,2020-01-25,Sabado,,,0.0,2,"Moto/Ciclomotor,Automóvil",Padre Catena 4300,3,1,0,0,2,0,0,"    -31.63146, -60.72184",Calle,,SANTA FE,La Capital,Asfalto,No existe,I,Dentro,Urbana,Semáforo,Funciona,Recta,Bueno,Buena,Diurna,Buen Tiempo,Lateral,S/D,Colisión,S/D,S/D,S/D,Sin restricción
2020,214,2020-01-18,Sabado,12:30:00,Autopista Nacional Gral. Juan Jose Valle,248.0,1,Transporte de Pasajeros Larga Distancia (> 8 asientos), ,2,1,0,0,1,0,0,"-33.20167, -60.4939",Autopista,Gral. Juan Jose Valle,FIGHIERA,Rosario,"Asfalto,Hormigón",Natural,II,S/D,Rural,S/D,S/D,Recta,Bueno,Buena,Diurna,Buen Tiempo,S/D,S/D,Cañda ocupante,S/D,S/D,S/D,Sin restricción
2020,215,2020-01-09,Jueves,18:15:00,,0.0,2,"Automóvil,Moto/Ciclomotor",Cordoba Y Liniers,3,2,0,0,1,0,0,"-32.89394, -60.89873",Calle,,ROLDÁN,San Lorenzo,Asfalto,No existe,XVII,Dentro,Urbana,Ninguna,No existe,Recta,Bueno,Buena,Atardecer,Buen Tiempo,Otro,S/D,Colisión,Ninguna,Faltante,Ninguna,Sin restricción
2020,216,2020-01-18,Sabado,12:55:00,,0.0,2,"Automóvil,Automóvil",Av Juan Domingo Peron Y Pasteur,3,1,0,0,2,0,0,"-33.02636, -60.62571",Calle,,VILLA GOBERNADOR GÁLVEZ,Rosario,Asfalto,No existe,II,Dentro,Urbana,Ninguna,No funciona,Intersección,Con baches,Buena,Diurna,Buen Tiempo,Lateral,S/D,Colisión,Ninguna,Faltante,Ninguna,S/D
2020,217,2020-01-08,Miercoles,18:00:00,,0.0,2,"Automóvil,Moto/Ciclomotor",Bv Estanislao Lopez Y Cordoba,2,0,1,0,1,0,0,"-32.89893, -60.89999",Calle,,ROLDÁN,San Lorenzo,Asfalto,S/D,XVII,Dentro,Urbana,Ninguna,No existe,Recta,Bueno,Buena,Diurna,Buen Tiempo,Lateral,S/D,Colisión,Ninguna,Faltante,Cordón divisorio,Sin restricción
2020,218,2020-01-18,Sabado,12:50:00,,0.0,2,"Bicicleta,Moto/Ciclomotor",Pellegrini Y San Nicolas,2,1,0,0,1,0,0,"-33.03177, -60.63967",Calle,,VILLA GOBERNADOR GÁLVEZ,Rosario,Asfalto,No existe,II,Dentro,Urbana,Ninguna,No existe,Intersección,Con baches,Buena,Diurna,Buen Tiempo,S/D,Ciclista,Atropello,S/D,Faltante,Ninguna,S/D
2020,219,2020-01-29,Miercoles,,,0.0,2,"Moto/Ciclomotor,Automóvil",Av Lopez y Planes Y Iturraspe,2,1,0,0,1,0,0,"    -31.62652, -60.71366",Avenida,,SANTA FE,La Capital,Asfalto,No existe,I,Dentro,Urbana,Semáforo,Funciona,Intersección,Con baches,Reducida polvo,Diurna,Buen Tiempo,Lateral,S/D,Colisión,S/D,Vertical,Línea divisoria pintada,Sin restricción
2020,220,2020-01-09,Jueves,18:00:00,Ruta Nacional 175,0.0,2,"Moto/Ciclomotor,Automóvil",Bv San Martin Y Cayetano Nerbutti,2,1,0,0,1,0,0,"-32.71838, -60.73137",Ruta,175,PUERTO SAN MARTÍN,San Lorenzo,Asfalto,No existe,XVII,Dentro,Urbana,Ninguna,No existe,Intersección,Bueno,S/D,Diurna,Buen Tiempo,Lateral,S/D,Colisión,Ninguna,S/D,Ninguna,Sin restricción
2020,221,2020-01-18,Sabado,18:10:00,,0.0,3,"Pickup/Utilitario,Automóvil,Automóvil",Gonzalez del Solar Y Av. Genova,5,0,1,0,4,0,0,"-32.91668, -60.73749",Calle,,ROSARIO,Rosario,Asfalto,S/D,II,Dentro,Urbana,Ninguna,S/D,Intersección,Bueno,Buena,Atardecer,Buen Tiempo,Múltiple,S/D,Colisión,S/D,S/D,Ninguna,Sin restricción
2020,222,2020-01-30,Jueves,,,0.0,2,"Moto/Ciclomotor,Automóvil",Iturraspe 3200,2,1,0,0,1,0,0,"    -31.62749, -60.70939",Calle,,SANTA FE,La Capital,Asfalto,No existe,I,S/D,Urbana,Semáforo,Funciona,Recta,Bueno,Buena,Diurna,Buen Tiempo,Lateral,S/D,Colisión,S/D,Vertical,Línea divisoria pintada,Sin restricción
2020,223,2020-01-28,Martes,20:00:00,,0.0,2,"Peatón,Moto/Ciclomotor",Av Lopez y Planes 3500,2,1,0,0,1,0,0,"    -31.62687, -60.7138",Avenida,,SANTA FE,La Capital,Hormigón,No existe,I,Dentro,Urbana,Ninguna,No existe,Recta,Bueno,Reducida polvo,Nocturna,Buen Tiempo,Otro,S/D,Colisión,Ninguna,Vertical,Ninguna,Sin restricción
2020,224,2020-01-13,Lunes,18:50:00,,0.0,2,"Moto/Ciclomotor,Automóvil",Urquiza Y Irigoyen,2,1,0,0,1,0,0,"-32.74778, -60.7363",Avenida,,SAN LORENZO,San Lorenzo,S/D,S/D,XVII,S/D,Urbana,S/D,S/D,S/D,S/D,S/D,Diurna,S/D,S/D,S/D,Colisión,S/D,S/D,S/D,S/D
2020,225,2020-01-18,Sabado,08:00:00,Ruta Provincial 2,244.0,1,Automóvil, ,5,3,0,0,2,0,0,"-29.95196, -61.25153",Ruta,2,HUANQUEROS,San CRISTÓBAL,Asfalto,Natural,XIII,Fuera,Rural,Ninguna,No existe,Recta,Con baches,Buena,Diurna,Buen Tiempo,S/D,S/D,Vuelco,Ninguna,Faltante,Ninguna,Sin restricción
2020,226,2020-01-12,Domingo,,Ruta Nacional 11,0.0,3,"Automóvil,Automóvil,Moto/Ciclomotor",Av San Martin ,4,1,0,1,1,0,1,"-32.75443, -60.73426",Ruta,11,SAN LORENZO,San Lorenzo,S/D,S/D,XVII,S/D,Urbana,S/D,S/D,S/D,S/D,S/D,S/D,S/D,Múltiple,S/D,Colisión,S/D,S/D,S/D,S/D
2020,227,2020-01-24,Viernes,08:10:00,,0.0,2,"Moto/Ciclomotor,Automóvil",Av Lopez y Planes Y Candido Pujato,2,1,0,0,1,0,0,"    -31.63154, -60.71399",Avenida,,SANTA FE,La Capital,Asfalto,No existe,I,Dentro,Urbana,Ninguna,No existe,Intersección,S/D,S/D,Nocturna,Buen Tiempo,Otro,S/D,Colisión,Ninguna,S/D,Ninguna,Sin restricción
2020,228,2020-01-18,Sabado,23:30:00,Ruta Nacional 11,94.0,2,"Moto/Ciclomotor,Automóvil", ,4,1,1,0,2,0,0,"-32.08304, -60.97685",Ruta,11,AROCENA,San JERÓNIMO,Asfalto,Pavimento,XV,Dentro,Urbana,Ninguna,No existe,Recta,Bueno,Buena,Nocturna,Buen Tiempo,Lateral,S/D,Colisión,Ninguna,Faltante,Línea divisoria pintada,Sin restricción
2020,229,2020-01-09,Jueves,19:00:00,Autopista Nacional Rosario -Cordoba,0.0,1,Automóvil, ,5,3,2,0,0,0,0,"-32.91903, -60.93034",Autopista,Rosario -Cordoba,ROLDÁN,San Lorenzo,Asfalto,Ripio,XVII,S/D,Urbana,Ninguna,No existe,Recta,Deteriorada,Buena,Atardecer,Buen Tiempo,Otro,S/D,Despiste,Ninguna,Horizontal,Guardarrail,Sin restricción
2020,231,2020-01-19,Domingo,12:10:00,,0.0,2,"Pickup/Utilitario,Moto/Ciclomotor",Bv. 27 De Febrero Y Mariano Moreno,2,1,0,0,1,0,0,"-32.96533, -60.65597",Avenida,,ROSARIO,Rosario,Asfalto,S/D,II,S/D,Urbana,Semáforo,Funciona,Intersección,Bueno,Buena,Diurna,Buen Tiempo,S/D,S/D,Colisión,S/D,S/D,Ninguna,Sin restricción
2020,232,2020-01-10,Viernes,13:10:00,,0.0,2,"Automóvil,Moto/Ciclomotor",Catamarca 400,2,1,0,0,1,0,0,"-32.75541, -60.73101",Calle,,SAN LORENZO,San Lorenzo,S/D,S/D,XVII,S/D,Urbana,S/D,S/D,S/D,S/D,S/D,Diurna,S/D,S/D,S/D,Colisión,S/D,S/D,S/D,S/D
2020,233,2020-01-26,Domingo,21:30:00,,0.0,2,"Automóvil,Automóvil",Av Lopez y Planes Y Mariano Comas,2,0,0,0,0,0,2,"    -31.63051, -60.71384",Calle,,SANTA FE,La Capital,Hormigón,No existe,I,Dentro,Urbana,Ninguna,Funciona,Intersección,Bueno,Buena,Diurna,Buen Tiempo,Otro,S/D,Colisión,Ninguna,S/D,Ninguna,Sin restricción
2020,234,2020-01-15,Miercoles,00:20:00,,0.0,2,"Automóvil,Bicicleta",Calle 19 Y Calle 30,3,2,0,0,1,0,0,"-32.6774, -61.51252",Calle,,LAS PAREJAS,Belgrano,Asfalto,S/D,III,S/D,Urbana,Ninguna,No existe,Intersección,Bueno,Buena,"Nocturna,Con luz artificial",Buen Tiempo,S/D,Ciclista,Atropello,Ninguna,S/D,Ninguna,Sin restricción
2020,235,2020-01-19,Domingo,22:00:00,,0.0,3,"Automóvil,Pickup/Utilitario,Pickup/Utilitario",J.C.Casas Y F.Rauch,3,1,0,0,2,0,0,"-32.9026, -60.70259",Calle,,ROSARIO,Rosario,Asfalto,S/D,II,S/D,Urbana,S/D,S/D,Intersección,S/D,S/D,Nocturna,S/D,Múltiple,S/D,Colisión,S/D,S/D,S/D,S/D
2020,236,2020-01-19,Domingo,05:00:00,,0.0,2,"Moto/Ciclomotor,Automóvil",Bv. Rondeau Y Palestina,2,1,0,0,0,0,1,"-32.88549, -60.69534",Avenida,,ROSARIO,Rosario,Asfalto,S/D,II,S/D,Urbana,S/D,S/D,Intersección,S/D,S/D,Nocturna,S/D,S/D,S/D,Colisión,S/D,S/D,S/D,S/D
2020,237,2020-01-11,Sabado,17:40:00,,0.0,2,"Moto/Ciclomotor,Pickup/Utilitario",Calle 28 ,2,0,1,0,1,0,0,"-32.67734, -61.51377",Calle,,LAS PAREJAS,Belgrano,Asfalto,No existe,III,Dentro,Urbana,Ninguna,No existe,Recta,Bueno,Buena,Diurna,Buen Tiempo,Lateral,S/D,Colisión,Ninguna,S/D,Ninguna,Sin restricción
2020,238,2020-01-30,Jueves,21:00:00,,0.0,2,"Peatón,Automóvil",Santiago del Estero 3100,2,1,0,0,1,0,0,"    -31.63641, -60.71047",Calle,,SANTA FE,La Capital,Asfalto,No existe,I,Dentro,Urbana,Ninguna,No existe,Intersección,Bueno,S/D,Nocturna,Buen Tiempo,Otro,S/D,Colisión,Ninguna,Vertical,Ninguna,Sin restricción
2020,239,2020-01-19,Domingo,21:10:00,,0.0,2,"Pickup/Utilitario,Moto/Ciclomotor",Ayacucho Y Virasoro,3,1,0,0,2,0,0,"-32.97193, -60.63277",Calle,,ROSARIO,Rosario,Asfalto,No existe,II,S/D,Urbana,Ninguna,No existe,Intersección,Bueno,Reducida,Nocturna,Buen Tiempo,Lateral,S/D,Colisión,Ninguna,Faltante,Ninguna,Sin restricción
2020,240,2020-01-12,Domingo,04:50:00,,0.0,2,"Pickup/Utilitario,Moto/Ciclomotor",Buenos Aires Y San Martin,2,1,0,0,1,0,0,"-32.47598, -61.57483",Calle,,LAS ROSAS,Belgrano,Asfalto,No existe,III,Dentro,Urbana,Ninguna,No existe,Intersección,Bueno,Buena,Nocturna,Buen Tiempo,De alcance,S/D,Colisión,Ninguna,Vertical,Ninguna,Sin restricción
2020,241,2020-01-19,Domingo,13:00:00,,0.0,2,"Automóvil,Taxi/Remis",Sarmiento Y Las Heras,3,3,0,0,0,0,0,"-31.30381, -60.66788",Calle,,LAGUNA PAIVA,La Capital,Tierra,S/D,I,Dentro,Urbana,Ninguna,No existe,Intersección,Bueno,Buena,Diurna,Buen Tiempo,Lateral,S/D,Colisión,Ninguna,Faltante,S/D,Sin restricción
2020,242,2020-01-30,Jueves,16:20:00,,0.0,2,"Moto/Ciclomotor,Bicicleta",9 de Julio Y Suipacha,2,1,0,0,1,0,0,"    -31.63953, -60.7072",Calle,,SANTA FE,La Capital,Asfalto,Pavimento,I,Dentro,Urbana,S/D,Funciona,Intersección,Bueno,Buena,Diurna,S/D,S/D,Ciclista,Atropello,Ninguna,Faltante,Ninguna,Sin restricción
2020,243,2020-01-06,Lunes,13:20:00,,0.0,2,"Automóvil,Bicicleta",Av A del Valle Y Alfonsina Storni,2,1,0,0,1,0,0,"-31.58415, -60.69043",Calle,,SANTA FE,La Capital,S/D,Ripio,I,Dentro,Urbana,Otra Señal,No existe,Otro,Otro,Reducida,Diurna,Otro,S/D,Ciclista,Atropello,Otro,Faltante,Ninguna,Sin restricción
2020,244,2020-01-05,Domingo,,,0.0,2,"Bicicleta,Automóvil",Av Gral Paz Y Hernandarias,2,1,0,0,1,0,0,"-31.61086, -60.67862",Calle,,SANTA FE,La Capital,Asfalto,No existe,I,S/D,Urbana,Ninguna,No existe,Intersección,Bueno,S/D,S/D,Buen Tiempo,Lateral,Ciclista,Atropello,Ninguna,S/D,Ninguna,Sin restricción
2020,245,2020-01-28,Martes,00:20:00,,0.0,2,"Pickup/Utilitario,Bicicleta",Bv Pellegrini Y San Martin,2,1,0,0,1,0,0,"    -31.63564, -60.70324",Calle,,SANTA FE,La Capital,Asfalto,Pavimento,I,Dentro,Urbana,Ninguna,No existe,Intersección,Bueno,Buena,"Nocturna,Con luz artificial",Buen Tiempo,S/D,Ciclista,Atropello,Ninguna,Faltante,Ninguna,Sin restricción
2020,246,2020-01-05,Domingo,01:45:00,,0.0,2,"Moto/Ciclomotor,Automóvil",Las Heras Y J Castelli,2,1,0,0,1,0,0,"-31.60767, -60.68902",Calle,,SANTA FE,La Capital,Asfalto,No existe,I,S/D,Urbana,Ninguna,No existe,Intersección,Bueno,Buena,Diurna,Buen Tiempo,Lateral,S/D,Colisión,Ninguna,S/D,Ninguna,Sin restricción
2020,247,2020-01-04,Sabado,14:00:00,,0.0,2,"Automóvil,Automóvil",Las Heras Y J M Zuviria,3,1,0,0,2,0,0,"-31.61854, -60.69222",Calle,,SANTA FE,La Capital,Asfalto,No existe,I,S/D,Urbana,Ninguna,No existe,Intersección,Bueno,Buena,Diurna,Buen Tiempo,Lateral,S/D,Colisión,Ninguna,S/D,Ninguna,Sin restricción
2020,248,2020-01-27,Lunes,13:45:00,,0.0,2,"Pickup/Utilitario,Peatón",25 de Mayo Y Mendoza,2,1,0,0,1,0,0,"    -31.64935, -60.70647",Calle,,SANTA FE,La Capital,Asfalto,Pavimento,I,Dentro,Urbana,Semáforo,Funciona,Intersección,Bueno,Buena,Diurna,Buen Tiempo,S/D,Peatón,Atropello,Ninguna,Faltante,Ninguna,Sin restricción
2020,249,2020-01-01,Miercoles,09:00:00,,0.0,2,"Automóvil,Automóvil",Salvador del Carril Y Alvear,4,1,0,0,3,0,0,"-31.6196, -60.6914",Calle,,SANTA FE,La Capital,Asfalto,No existe,I,S/D,Urbana,Ninguna,No existe,Intersección,Bueno,Buena,Diurna,Buen Tiempo,Lateral,S/D,Colisión,Ninguna,S/D,Ninguna,Sin restricción
2020,250,2020-01-27,Lunes,10:00:00,,0.0,1,Transporte de Pasajeros Urbano (> 8 asientos),San Jeronimo Y Mendoza,2,1,0,0,1,0,0,"    -31.64882, -60.70869",Calle,,SANTA FE,La Capital,Asfalto,Pavimento,I,Dentro,Urbana,Ninguna,No existe,Intersección,Bueno,Buena,Diurna,Buen Tiempo,S/D,S/D,Cañda ocupante,S/D,S/D,Ninguna,Sin restricción
2020,251,2020-01-04,Sabado,17:30:00,,0.0,2,"Moto/Ciclomotor,Automóvil",Dr Zavalla Y Amenabar,2,1,0,0,1,0,0,"-31.65697, -60.72342",Calle,,SANTA FE,La Capital,Asfalto,No existe,I,Dentro,Urbana,Ninguna,No existe,Intersección,Bueno,Buena,Diurna,Buen Tiempo,Lateral,S/D,Colisión,Ninguna,Faltante,Ninguna,Sin restricción
2020,252,2020-01-02,Jueves,05:45:00,,0.0,2,"Moto/Ciclomotor,Otros",J J Paso Y Dr Zavalla,2,1,0,0,0,0,1,"-31.66113, -60.72445",S/D,,SANTA FE,La Capital,Asfalto,No existe,I,S/D,S/D,Ninguna,No existe,Intersección,Bueno,Buena,Nocturna,Buen Tiempo,Frontal,S/D,Colisión,Ninguna,Faltante,Ninguna,Sin restricción
2020,253,2020-01-30,Jueves,14:00:00,,0.0,2,"Taxi/Remis,Automóvil",Suipacha Y San Martin,2,1,0,0,1,0,0,"    -31.64011, -60.70462",Calle,,SANTA FE,La Capital,Asfalto,Pavimento,I,S/D,Urbana,Semáforo,Funciona,Intersección,Bueno,Buena,Diurna,Buen Tiempo,Lateral,S/D,Colisión,Ninguna,Faltante,Ninguna,Sin restricción
2020,254,2020-01-29,Miercoles,,,0.0,2,"Automóvil,Moto/Ciclomotor",Las Heras Y Calchines,2,1,0,0,1,0,0,"    -31.6414, -60.69895",Calle,,SANTA FE,La Capital,Asfalto,No existe,I,Dentro,Urbana,S/D,No existe,Intersección,Bueno,S/D,S/D,S/D,S/D,S/D,Colisión,S/D,S/D,S/D,S/D
2020,255,2020-01-03,Viernes,11:00:00,Autopista Nacional A008,0.0,2,"Moto/Ciclomotor,Automóvil",Baigorria Y Av. Circunvalacion,2,1,0,0,1,0,0,"-32.89421, -60.72061",Autopista,A008,ROSARIO,Rosario,Asfalto,Pavimento,II,Dentro,Urbana,S/D,No existe,Rotonda,Bueno,Buena,Diurna,S/D,S/D,S/D,Colisión,Ninguna,"Horizontal,Vertical",S/D,Sin restricción
2020,256,2020-01-06,Lunes,07:20:00,Ruta Nacional 9,0.0,2,"Moto/Ciclomotor,Automóvil",CIRCUNVALACION ,2,1,0,0,0,0,1,"-32.93104, -60.72358",Ruta,9,ROSARIO,Rosario,S/D,S/D,II,S/D,S/D,S/D,S/D,S/D,S/D,S/D,Diurna,S/D,S/D,S/D,Otro,S/D,S/D,S/D,S/D
2020,257,2020-01-01,Miercoles,,,0.0,2,"Automóvil,Pickup/Utilitario",Ituzaingo Y Av Lopez y Planes,4,4,0,0,0,0,0,"-31.62649, -60.7142",Calle,,SANTA FE,La Capital,Asfalto,No existe,I,S/D,Urbana,Semáforo,Funciona,Intersección,Bueno,Buena,Diurna,Buen Tiempo,S/D,S/D,Colisión,S/D,S/D,Línea divisoria pintada,Sin restricción
2020,258,2020-01-03,Viernes,15:30:00,,0.0,2,"Automóvil,Transporte de Pasajeros Urbano (> 8 asientos)",Juan Del Campillo Y Av Lopez y Planes,2,1,0,0,0,0,1,"-31.6277, -60.71377",Avenida,,SANTA FE,La Capital,Asfalto,No existe,I,S/D,Urbana,Semáforo,Funciona,Intersección,Bueno,Buena,Diurna,Buen Tiempo,Lateral,S/D,Colisión,S/D,Vertical,Línea divisoria pintada,Sin restricción
2020,259,2020-01-04,Sabado,12:40:00,,0.0,1,Automóvil,Gorostiaga Y Av Circunvalaci�n,1,0,1,0,0,0,0,"-31.60681, -60.72105",S/D,,SANTA FE,La Capital,S/D,S/D,I,S/D,S/D,S/D,S/D,S/D,S/D,S/D,Diurna,S/D,S/D,S/D,Vuelco,S/D,S/D,S/D,S/D
2020,260,2020-01-28,Martes,16:40:00,,0.0,2,"Moto/Ciclomotor,Automóvil",Velez Sarsfield 4344,2,1,0,0,1,0,0,"    -31.63164, -60.68342",Calle,,SANTA FE,La Capital,Hormigón,No existe,I,Dentro,Urbana,S/D,No existe,Recta,Bueno,S/D,Diurna,S/D,Lateral,S/D,Colisión,S/D,S/D,S/D,S/D
2020,261,2020-01-07,Martes,10:40:00,,0.0,2,"Moto/Ciclomotor,Pickup/Utilitario",Fray C Rodriguez Y Av Pte Peron,3,2,0,0,1,0,0,"-31.61793, -60.71839",S/D,,SANTA FE,La Capital,Asfalto,No existe,I,S/D,Urbana,Semáforo,Funciona,Intersección,Bueno,Buena,Diurna,Buen Tiempo,Lateral,S/D,Colisión,S/D,Vertical,Línea divisoria pintada,Sin restricción
2020,262,2020-01-24,Viernes,02:30:00,,0.0,2,"Automóvil,Moto/Ciclomotor", ,2,1,0,0,1,0,0,"    -33.17269, -61.07324",Calle,,FUENTES,San Lorenzo,Asfalto,No existe,XVII,Dentro,Urbana,Ninguna,No existe,Intersección,Bueno,Buena,"Nocturna,Con luz artificial",Buen Tiempo,Lateral,S/D,Colisión,Ninguna,Vertical,Ninguna,Sin restricción
2020,263,2020-01-07,Martes,20:10:00,,0.0,2,"Bicicleta,Automóvil",Iturraspe Y Av Lopez y Planes,2,1,0,0,0,0,1,"-31.62649, -60.7142",Avenida,,SANTA FE,La Capital,Asfalto,No existe,I,S/D,Urbana,Semáforo,Funciona,Intersección,Bueno,Buena,Amanecer,Buen Tiempo,Lateral,Ciclista,Atropello,S/D,Vertical,Ninguna,Sin restricción