anio_acci,nro_acci,fecha,desc_dia,hora_aprox,desc_ruta,km,cant_participantes,desc_participante,calle_avenida_km,total,heridos_leves,heridos_graves,heridos_gravisimos,ilesos,fallecidos,sin_datos,posicion_XY,desc_tipo_via,desc_ruta_ori,desc_loc,desc_dpto,desc_tipo_calzada,desc_tipo_banquina,desc_unidad_regional,desc_lugar_calzada,desc_zona,desc_prioridad,desc_estado_semaforo,desc_lugar_via,desc_estado_via,desc_estado_visibilidad,desc_luminosidad,desc_estado_clima,desc_tipo_colision,desc_tipo_atropello,desc_tipo_hecho,desc_pres_calzada,desc_senializacion,desc_separacion_via,desc_restriccion
2020,264,2020-01-19,Domingo,13:30:00,Ruta Provincial 1,0.0,2,"Pickup/Utilitario,Moto/Ciclomotor", ,2,1,0,0,0,0,1,"-31.63618, -60.62281",Ruta,1,COLASTINE,La Capital,Hormigón,Natural,I,S/D,Urbana,Semáforo,Funciona,Recta,Bueno,Buena,Diurna,Buen Tiempo,S/D,S/D,Colisión,Ninguna,Vertical,Cordón divisorio,Sin restricción
2020,265,2020-01-06,Lunes,,,0.0,2,"Automóvil,Moto/Ciclomotor",Lamadrid 2200,2,0,0,0,0,0,2,"-31.62759, -60.7206",Calle,,SANTA FE,La Capital,Asfalto,No existe,I,Dentro,Urbana,Ninguna,No existe,Otro,Bueno,Buena,Diurna,Buen Tiempo,Otro,S/D,Colisión,Ninguna,Vertical,Ninguna,Sin restricción
2020,266,2020-01-19,Domingo,,,0.0,2,"Moto/Ciclomotor,Pickup/Utilitario",Av Blas Parera Y Derqui,2,1,0,0,1,0,0,"-31.61252, -60.71823",Avenida,,SANTA FE,La Capital,Asfalto,No existe,I,S/D,Urbana,Semáforo,Funciona,Intersección,Bueno,Buena,Diurna,Lluvia,Lateral,S/D,Colisión,S/D,Vertical,Línea divisoria pintada,Sin restricción
2020,267,2020-01-05,Domingo,06:25:00,,0.0,2,"Moto/Ciclomotor,Moto/Ciclomotor",Salta Y Av Mosconi,2,0,0,0,0,0,2,"-31.64598, -60.72932",Calle,,SANTA FE,La Capital,Asfalto,No existe,I,Dentro,Urbana,Ninguna,No existe,Recta,Bueno,Buena,Diurna,Buen Tiempo,Otro,S/D,Colisión,Ninguna,Vertical,Ninguna,Sin restricción
2020,268,2020-01-25,Sabado,13:15:00,Ruta Nacional 11,0.0,2,"Moto/Ciclomotor,Automóvil",Av San Martin 301,2,0,1,0,1,0,0,"    -32.79914, -60.72147",Ruta,11,FRAY LUIS BELTRÁN,San Lorenzo,S/D,S/D,XVII,S/D,Urbana,S/D,S/D,Recta,S/D,S/D,Diurna,S/D,S/D,S/D,Colisión,S/D,S/D,S/D,S/D
2020,269,2020-01-19,Domingo,,,0.0,2,"Moto/Ciclomotor,Automóvil",Av 7 Jefes Y Chacabuco,2,1,0,0,1,0,0,"-31.63712, -60.68203",Calle,,SANTA FE,La Capital,Asfalto,No existe,I,Dentro,Urbana,S/D,No existe,Intersección,Bueno,S/D,S/D,S/D,Lateral,S/D,Colisión,S/D,S/D,S/D,S/D
2020,270,2020-01-02,Jueves,16:00:00,,0.0,2,"Moto/Ciclomotor,Automóvil",Mendoza Y 9 de Julio,2,1,0,0,0,0,1,"-31.64853, -60.7098",Calle,,SANTA FE,La Capital,Asfalto,Pavimento,I,S/D,Urbana,S/D,No existe,Intersección,Bueno,Buena,Diurna,Buen Tiempo,Lateral,S/D,Colisión,Ninguna,Faltante,Ninguna,Sin restricción
2020,271,2020-01-19,Domingo,22:30:00,,0.0,1,Moto/Ciclomotor,Gral Roca 700,1,1,0,0,0,0,0,"-32.66669, -60.79282",Calle,,TIMBÚES,San Lorenzo,Hormigón,No existe,XVII,Dentro,Urbana,Ninguna,No existe,Recta,Otro,Buena,Nocturna,Buen Tiempo,Contra objeto fijo,S/D,Colisión,Otro,Vertical,Ninguna,Sin restricción
2020,272,2020-01-07,Martes,12:50:00,,0.0,2,"Moto/Ciclomotor,Automóvil",Gdor Crespo Y 25 de Mayo,2,1,0,0,1,0,0,"-31.64139, -60.70423",Calle,,SANTA FE,La Capital,Asfalto,Pavimento,I,Dentro,Urbana,Ninguna,S/D,Intersección,Bueno,Buena,Diurna,Buen Tiempo,Lateral,S/D,Colisión,Ninguna,Faltante,Ninguna,Sin restricción
2020,273,2020-01-19,Domingo,21:00:00,Ruta Provincial 39,50.0,2,"Pickup/Utilitario,Automóvil", ,11,2,0,0,9,0,0,"-30.38135, -60.3737",Ruta,39,GOBERNADOR CRESPO,San Justo,Asfalto,Natural,XVI,Dentro,Rural,Ninguna,No existe,Recta,Deteriorada,Reducida,Nocturna,Buen Tiempo,Frontal,S/D,Colisión,Ninguna,Faltante,Línea divisoria pintada,Sin restricción
2020,274,2020-01-07,Martes,08:25:00,,0.0,2,"Moto/Ciclomotor,Automóvil",Suipacha Y Av Urquiza,2,1,0,0,1,0,0,"-31.63866, -60.71109",Calle,,SANTA FE,La Capital,Asfalto,Pavimento,I,Dentro,Urbana,Ninguna,No existe,Intersección,Bueno,Buena,Diurna,Buen Tiempo,Lateral,S/D,Colisión,Ninguna,Faltante,Ninguna,Sin restricción
2020,275,2020-01-19,Domingo,02:30:00,,0.0,2,"Moto/Ciclomotor,Automóvil",Av Los Talas Y Perito Moreno,3,1,0,0,1,0,1,"-32.97445, -60.74035",Calle,,PEREZ,Rosario,Asfalto,Pavimento,II,S/D,Urbana,S/D,No existe,Intersección,Bueno,S/D,Nocturna,Buen Tiempo,S/D,S/D,Colisión,Ninguna,S/D,S/D,Sin restricción
2020,276,2020-01-04,Sabado,09:00:00,,0.0,2,"Automóvil,Moto/Ciclomotor",Suipacha Y San Jeronimo,2,1,0,0,1,0,0,"-31.63981, -60.70605",Calle,,SANTA FE,La Capital,Asfalto,Pavimento,I,Dentro,Urbana,Ninguna,S/D,Intersección,Bueno,Buena,Diurna,Buen Tiempo,Lateral,S/D,Colisión,Ninguna,Faltante,Ninguna,Sin restricción
2020,277,2020-01-19,Domingo,07:45:00,Autopista Nacional Gral. Juan Jose Valle,271.0,2,"Automóvil,Automóvil", ,3,2,0,0,1,0,0,"-33.04835, -60.66077",Autopista,Gral. Juan Jose Valle,GENERAL LAGOS,Rosario,Asfalto,Ripio,II,Dentro,Rural,Señal Pare,Intermitente,Recta,Bueno,Buena,Amanecer,Buen Tiempo,Otro,S/D,Colisión,Ninguna,"Horizontal,Vertical","Barrera de hormigón,Línea divisoria pintada",Sin restricción
2020,278,2020-01-04,Sabado,15:27:00,,0.0,2,"Moto/Ciclomotor,Pickup/Utilitario",4 de Enero Y Gdor Crespo,2,1,0,0,1,0,0,"-31.64025, -60.71013",Calle,,SANTA FE,La Capital,Asfalto,Pavimento,I,Dentro,Urbana,S/D,No existe,Intersección,Bueno,Buena,Diurna,Buen Tiempo,Lateral,S/D,Colisión,Ninguna,Faltante,Ninguna,Sin restricción
2020,279,2020-01-02,Jueves,12:00:00,,0.0,2,"Automóvil,Automóvil",9 de Julio Y Av Facundo Zuviria,2,1,0,0,1,0,0,"-31.63506, -60.70582",Calle,,SANTA FE,La Capital,Asfalto,Pavimento,I,Dentro,Urbana,Semáforo,Funciona,Intersección,Bueno,Buena,Diurna,Buen Tiempo,Lateral,S/D,Colisión,Ninguna,Faltante,Ninguna,Sin restricción
2020,280,2020-01-19,Domingo,,,0.0,2,"Automóvil,Automóvil",25 de Mayo ,2,1,0,0,1,0,0,"-33.0487, -60.65929",Calle,,VILLA GOBERNADOR GÁLVEZ,Rosario,Asfalto,Ripio,II,S/D,Rural,Ninguna,No existe,Recta,Bueno,Buena,Diurna,Buen Tiempo,Lateral,S/D,Colisión,Material Suelto,Vertical,Línea divisoria pintada,Sin restricción
2020,281,2020-01-28,Martes,11:40:00,Ruta Nacional 175,0.0,2,"Moto/Ciclomotor,Automóvil",Cordoba 1030,2,1,0,0,1,0,0,"    -32.71632, -60.73771",Ruta,175,PUERTO SAN MARTÍN,San Lorenzo,Asfalto,No existe,XVII,Dentro,Urbana,Ninguna,No existe,Recta,Bueno,Buena,Diurna,Buen Tiempo,De alcance,S/D,Colisión,Ninguna,Horizontal,Ninguna,Sin restricción
2020,282,2020-01-18,Sabado,00:00:00,,0.0,2,"Peatón,Taxi/Remis",J.Colombres Bis Y Schweitzer,2,1,0,0,1,0,0,"-32.91368, -60.73052",Calle,,ROSARIO,Rosario,Asfalto,Ripio,II,S/D,Urbana,Ninguna,No existe,Intersección,S/D,Reducida,Nocturna,Buen Tiempo,S/D,Peatón,Atropello,S/D,S/D,Ninguna,Sin restricción
2020,283,2020-01-04,Sabado,13:35:00,,0.0,1,Automóvil,Av Circunvalaci�n ,2,1,0,0,1,0,0,"-31.64749, -60.70387",S/D,,SANTA FE,La Capital,Asfalto,Pavimento,I,Dentro,Urbana,Ninguna,No existe,Recta,Bueno,Buena,Diurna,Buen Tiempo,S/D,S/D,Vuelco,Ninguna,Faltante,Ninguna,Sin restricción
2020,284,2020-01-06,Lunes,12:15:00,,0.0,2,"Bicicleta,Pickup/Utilitario",Hipolito Yrigoyen 2500,2,1,0,0,1,0,0,"-31.64239, -60.70467",Calle,,SANTA FE,La Capital,Asfalto,Pavimento,I,Dentro,Urbana,Ninguna,No existe,Recta,Bueno,Buena,Diurna,Buen Tiempo,S/D,Ciclista,Atropello,Ninguna,Faltante,Ninguna,Sin restricción
2020,285,2020-01-19,Domingo,22:00:00,,0.0,2,"Moto/Ciclomotor,Automóvil",Av. Jorge Newbery Y Garcia del Cossio Bis,2,1,0,0,1,0,0,"-32.90883, -60.74701",Avenida,,ROSARIO,Rosario,Asfalto,No existe,II,S/D,Urbana,Ninguna,No existe,Intersección,Bueno,Reducida,Nocturna,Buen Tiempo,S/D,S/D,Colisión,Ninguna,S/D,Ninguna,Sin restricción
2020,286,2020-01-07,Martes,18:00:00,,0.0,2,"Moto/Ciclomotor,Automóvil",La Rioja Y 4 de Enero,2,1,0,0,1,0,0,"-31.64449, -60.71136",Calle,,SANTA FE,La Capital,Asfalto,Pavimento,I,Dentro,Urbana,Ninguna,No existe,Intersección,Bueno,Buena,Atardecer,Buen Tiempo,Lateral,S/D,Colisión,Ninguna,Faltante,Ninguna,Sin restricción
2020,287,2020-01-02,Jueves,,,0.0,2,"Automóvil,Moto/Ciclomotor",Av Leandro Alem Y Velez Sarsfield,2,1,0,0,1,0,0,"-31.64281, -60.68702",Avenida,,SANTA FE,La Capital,Asfalto,No existe,I,Dentro,Urbana,S/D,Funciona,Intersección,Bueno,S/D,S/D,S/D,Lateral,S/D,Colisión,S/D,S/D,S/D,S/D
2020,288,2020-01-07,Martes,19:50:00,,0.0,2,"Pickup/Utilitario,Pickup/Utilitario",Av Leandro Alem Y Calchines,2,1,0,0,1,0,0,"-31.64397, -60.68831",Avenida,,SANTA FE,La Capital,Asfalto,No existe,I,Dentro,Urbana,S/D,Funciona,Intersección,Bueno,S/D,Atardecer,S/D,Lateral,S/D,Colisión,S/D,S/D,S/D,S/D
2020,290,2020-01-02,Jueves,16:25:00,Ruta Nacional 11,0.0,2,"Taxi/Remis,Moto/Ciclomotor",Genaro Roldan ,3,1,0,0,2,0,0,"-32.73145, -60.74258",Ruta,11,SAN LORENZO,San Lorenzo,Asfalto,Natural,XVII,S/D,Urbana,S/D,No existe,Intersección,Bueno,Buena,Diurna,S/D,Lateral,S/D,Colisión,S/D,S/D,S/D,S/D
2020,291,2020-01-25,Sabado,00:00:00,Ruta Nacional 175,0.0,2,"Moto/Ciclomotor,Automóvil",Cordoba 1100,2,1,0,0,1,0,0,"    -32.71624, -60.73847",Ruta,175,PUERTO SAN MARTÍN,San Lorenzo,Asfalto,No existe,XVII,Dentro,Urbana,Marca Vial,No existe,Recta,Bueno,Buena,Nocturna,Buen Tiempo,Otro,S/D,Colisión,Ninguna,Horizontal,Ninguna,Sin restricción
2020,292,2020-01-02,Jueves,17:40:00,Autopista Nacional Rosario -Cordoba,316.0,1,Pickup/Utilitario, ,3,3,0,0,0,0,0,"-32.9041, -61.0154",Autopista,Rosario -Cordoba,ROLDÁN,San Lorenzo,Asfalto,Ripio,XVII,S/D,S/D,Ninguna,No existe,Recta,Bueno,Buena,Nocturna,Buen Tiempo,Otro,S/D,Vuelco,Ninguna,Horizontal,Guardarrail,Sin restricción
2020,293,2020-01-03,Viernes,05:05:00,,0.0,2,"Bicicleta,Moto/Ciclomotor",Bolivia 268,2,1,0,0,0,0,1,"-32.71081, -60.76405",Calle,,PUERTO SAN MARTÍN,San Lorenzo,Asfalto,No existe,XVII,Dentro,Urbana,Ninguna,No existe,Recta,Bueno,Buena,Nocturna,Buen Tiempo,De alcance,Ciclista,Atropello,Ninguna,Faltante,Ninguna,Sin restricción
2020,294,2020-01-05,Domingo,15:50:00,,0.0,2,"Moto/Ciclomotor,Automóvil",Pte Hipolito Irigoyen Y Piton,4,1,0,0,3,0,0,"-32.70902, -60.74765",Calle,,PUERTO SAN MARTÍN,San Lorenzo,Asfalto,No existe,XVII,Dentro,Urbana,Ninguna,No existe,Intersección,Bueno,Buena,Diurna,Buen Tiempo,Lateral,S/D,Colisión,Ninguna,Faltante,Ninguna,Sin restricción
2020,295,2020-01-19,Domingo,06:50:00,,0.0,1,Moto/Ciclomotor,Bv San Martin Y 9 de Julio,3,0,3,0,0,0,0,"-30.3079, -61.2302",Calle,,SAN CRISTÓBAL,San CRISTÓBAL,Asfalto,No existe,XIII,Dentro,Urbana,Ninguna,No existe,Intersección,Bueno,Buena,Amanecer,Buen Tiempo,Contra objeto fijo,S/D,Colisión,Ninguna,Faltante,Ninguna,Sin restricción
2020,296,2020-01-19,Domingo,19:25:00,,0.0,2,"Moto/Ciclomotor,Moto/Ciclomotor",Av. Avellaneda B Y Dean Funes,3,3,0,0,0,0,0,"-32.96829, -60.68645",Avenida,,ROSARIO,Rosario,Asfalto,No existe,II,S/D,Urbana,Ninguna,No existe,Intersección,Bueno,Buena,Atardecer,Buen Tiempo,S/D,S/D,Colisión,Ninguna,S/D,Ninguna,Sin restricción
2020,297,2020-01-02,Jueves,17:00:00,,0.0,2,"Moto/Ciclomotor,Automóvil",Av San Martin Y Las Heras,3,1,0,0,2,0,0,"-32.80069, -60.72108",Avenida,,FRAY LUIS BELTRÁN,San Lorenzo,S/D,S/D,XVII,S/D,Urbana,S/D,S/D,S/D,S/D,S/D,Diurna,S/D,S/D,S/D,S/D,S/D,S/D,S/D,S/D
2020,298,2020-01-26,Domingo,06:30:00,Ruta Nacional A012,0.0,1,Automóvil,Dulcinea del Tobozo ,2,1,0,0,1,0,0,"    -32.91232, -60.89596",Ruta,A012,ROLDÁN,San Lorenzo,Asfalto,S/D,XVII,Dentro,Rural,S/D,No existe,Recta,Bueno,S/D,Amanecer,Buen Tiempo,Atropello animal,S/D,"Colisión,Despiste",Ninguna,S/D,Línea divisoria pintada,Sin restricción
2020,299,2020-01-05,Domingo,08:15:00,,0.0,2,"Moto/Ciclomotor,Automóvil",Av San Lorenzo Y Av de la Americas,2,2,0,0,0,0,0,"-32.80558, -60.71939",Avenida,,CAPITÁN BERMÚDEZ,San Lorenzo,Asfalto,S/D,XVII,Dentro,Urbana,S/D,S/D,Intersección,Bueno,S/D,Diurna,S/D,S/D,S/D,S/D,Ninguna,S/D,S/D,S/D
2020,300,2020-01-20,Lunes,23:00:00,,0.0,2,"Taxi/Remis,Automóvil",Constitucion Y San Juan,2,2,0,0,0,0,0,"-32.94381, -60.67465",Calle,,ROSARIO,Rosario,Asfalto,No existe,II,S/D,Urbana,Ninguna,No existe,Intersección,Bueno,Buena,"Nocturna,Con luz artificial",Buen Tiempo,S/D,S/D,Colisión,Ninguna,Vertical,Ninguna,Sin restricción
2020,301,2020-01-20,Lunes,20:43:00,,0.0,2,"Peatón,Pickup/Utilitario",San Lorenzo Y Constitucion,2,0,1,0,1,0,0,"-32.93776, -60.67309",Calle,,ROSARIO,Rosario,Asfalto,No existe,II,S/D,Urbana,Ninguna,No existe,Intersección,Bueno,Reducida,"Nocturna,Con luz artificial",Buen Tiempo,S/D,Peatón,Atropello,S/D,Vertical,Ninguna,Obra en Construcción
2020,302,2020-01-20,Lunes,08:00:00,,0.0,2,"Taxi/Remis,Moto/Ciclomotor",Mitre Y Javier de la Rosa,2,1,0,0,1,0,0,"-31.60173, -60.68049",Calle,,SANTA FE,La Capital,S/D,S/D,I,Dentro,Urbana,Ninguna,S/D,Intersección,S/D,Reducida,Diurna,S/D,S/D,S/D,Colisión,Otro,Faltante,Ninguna,Sin restricción
2020,303,2020-01-20,Lunes,20:30:00,Ruta Nacional 11,151.0,2,"Transporte de Pasajeros Urbano (> 8 asientos),Automóvil", ,2,1,0,0,1,0,0,"-31.66393, -60.73366",Ruta,11,SANTA FE,La Capital,Hormigón,Natural,I,S/D,Urbana,Señal Ceda el Paso,No existe,Intersección,Bueno,Reducida,Nocturna,Buen Tiempo,Lateral,S/D,Colisión,Ninguna,Vertical,"Barrera de hormigón,Guardarrail",Sin restricción
2020,304,2020-01-20,Lunes,12:15:00,,0.0,2,"Moto/Ciclomotor,Pickup/Utilitario",Av San Martin Y Italia,2,1,0,0,1,0,0,"-32.72327, -60.73222",Avenida,,SAN LORENZO,San Lorenzo,Hormigón,No existe,XVII,S/D,Urbana,S/D,No existe,Intersección,Bueno,Buena,Diurna,Buen Tiempo,S/D,S/D,Colisión,S/D,S/D,S/D,S/D
2020,305,2020-01-20,Lunes,14:30:00,,0.0,2,"Moto/Ciclomotor,Automóvil",San Roque Y San Salvador,4,3,0,0,1,0,0,"-32.81729, -60.71719",Calle,,CAPITÁN BERMÚDEZ,San Lorenzo,Asfalto,Pavimento,XVII,Dentro,Urbana,S/D,S/D,Intersección,Bueno,Buena,Diurna,Buen Tiempo,S/D,S/D,Colisión,S/D,S/D,S/D,S/D
2020,306,2020-01-20,Lunes,13:00:00,,0.0,2,"Pickup/Utilitario,Bicicleta",San Jose Y Republica del Pareguay,3,1,0,0,2,0,0,"-32.760807744614,-60.737463591613",Calle,,SAN LORENZO,San Lorenzo,S/D,S/D,XVII,S/D,Urbana,S/D,S/D,Intersección,S/D,S/D,Diurna,S/D,S/D,Ciclista,Atropello,S/D,S/D,S/D,S/D
2020,307,2020-01-20,Lunes,22:00:00,Ruta Secundaria 294-s,9.0,1,Moto/Ciclomotor, ,1,1,0,0,0,0,0,"-28.22472, -61.52083",Ruta,294-s,GREGORIA P. DE DENIS,9 de Julio,Ripio,No existe,XII,Dentro,Rural,Ninguna,No existe,Recta,Bueno,Reducida,Nocturna,Otro,Atropello animal,S/D,Colisión,Ninguna,Faltante,Ninguna,Sin restricción
2020,308,2020-01-20,Lunes,17:00:00,,0.0,2,"Moto/Ciclomotor,Automóvil",9 de Julio Y Sarmiento,3,1,1,0,1,0,0,"-31.73027, -61.09518",Calle,,SAN CARLOS CENTRO,Las Colonias,Asfalto,No existe,XI,Dentro,Urbana,Ninguna,No existe,Intersección,Bueno,Buena,Diurna,Otro,De alcance,S/D,Colisión,Agua,Vertical,Ninguna,Sin restricción
2020,309,2020-01-20,Lunes,11:16:00,Ruta Provincial 21,8.0,2,"Moto/Ciclomotor,Moto/Ciclomotor", ,2,1,0,0,1,0,0,"-33.07118, -60.58065",Ruta,21,PUEBLO ESTHER,Rosario,Asfalto,S/D,II,S/D,Urbana,S/D,S/D,Recta,S/D,S/D,Diurna,S/D,S/D,S/D,Colisión,S/D,S/D,S/D,S/D
2020,310,2020-01-20,Lunes,17:40:00,,0.0,2,"Pickup/Utilitario,Moto/Ciclomotor",San Lorenzo Y Dorrego,3,2,0,0,1,0,0,"-30.31727, -61.2442",Calle,,SAN CRISTÓBAL,San CRISTÓBAL,Ripio,No existe,XIII,Dentro,Urbana,Ninguna,No existe,Intersección,Bueno,Buena,Atardecer,Buen Tiempo,Frontal,S/D,Colisión,Ninguna,Faltante,Ninguna,Sin restricción
2020,311,2020-01-20,Lunes,14:30:00,,0.0,2,"Automóvil,Moto/Ciclomotor",Calle 12 San Martin Y Calle 11-Alvear,2,1,0,0,1,0,0,"-29.14246, -59.64212",Calle,,RECONQUISTA,General Obligado,Asfalto,No existe,IX,S/D,Urbana,Ninguna,No existe,Intersección,Bueno,Buena,Diurna,Buen Tiempo,Lateral,S/D,Colisión,Ninguna,Vertical,Ninguna,Sin restricción
2020,312,2020-01-20,Lunes,01:30:00,,0.0,2,"Moto/Ciclomotor,Automóvil",Av. Ovidio Lagos Y Av. Battle y Ordo�ez,3,2,0,0,0,0,1,"-33.00974, -60.67741",Avenida,,ROSARIO,Rosario,Asfalto,No existe,II,S/D,Urbana,Ninguna,S/D,Intersección,Bueno,Buena,Nocturna,Buen Tiempo,S/D,S/D,Colisión,Ninguna,S/D,Ninguna,Sin restricción
2020,313,2020-01-21,Martes,00:30:00,,0.0,2,"Moto/Ciclomotor,Taxi/Remis",Sarmiento Y Bv. Segui,3,0,1,0,2,0,0,"-32.97919, -60.64638",Calle,,ROSARIO,Rosario,Asfalto,No existe,II,Dentro,Urbana,Señal Pare,No existe,Intersección,Bueno,Buena,"Nocturna,Con luz artificial",Buen Tiempo,Lateral,S/D,Colisión,Ninguna,Vertical,Cordón divisorio,Sin restricción
2020,314,2020-01-21,Martes,08:00:00,,0.0,2,"Moto/Ciclomotor,Transporte de Pasajeros Urbano (> 8 asientos)",Bv. Segui Y Pte.Roca,2,1,0,0,1,0,0,"-32.97776, -60.65331",Calle,,ROSARIO,Rosario,Asfalto,No existe,II,S/D,Urbana,Ninguna,S/D,Intersección,Bueno,Buena,Diurna,Buen Tiempo,De alcance,S/D,Colisión,Ninguna,Faltante,Cordón divisorio,Sin restricción
2020,315,2020-01-21,Martes,09:45:00,,0.0,2,"Moto/Ciclomotor,Automóvil",Galvez Y Virasoro,2,1,0,0,1,0,0,"-33.08476, -60.55969",Calle,,ROSARIO,Rosario,Asfalto,No existe,II,S/D,Urbana,Ninguna,No existe,Intersección,Bueno,Buena,Diurna,Buen Tiempo,S/D,S/D,Colisión,Ninguna,Vertical,Ninguna,Sin restricción
2020,316,2020-01-06,Lunes,15:50:00,,0.0,2,"Moto/Ciclomotor,Automóvil",Ex Combatiente Y Zorriquieta,5,2,0,0,3,0,0,"-32.77752, -60.72401",S/D,,SAN LORENZO,San Lorenzo,S/D,S/D,XVII,S/D,Urbana,S/D,S/D,S/D,S/D,S/D,Diurna,S/D,S/D,S/D,S/D,S/D,S/D,S/D,S/D
2020,317,2020-01-25,Sabado,21:15:00,,0.0,1,Bicicleta,Reconquista Y G Kirk,1,1,0,0,0,0,0,"    -32.71447, -60.73803",Calle,,PUERTO SAN MARTÍN,San Lorenzo,Asfalto,No existe,XVII,Dentro,Urbana,Ninguna,No existe,Intersección,Bueno,Buena,Nocturna,Buen Tiempo,S/D,S/D,Cañda ocupante,Ninguna,Faltante,S/D,Sin restricción
2020,318,2020-01-07,Martes,19:10:00,,0.0,2,"Automóvil,Peatón",Av San Martin Y Luis Borghi,3,1,0,0,2,0,0,"-32.75587, -60.7343",S/D,,SAN LORENZO,San Lorenzo,S/D,S/D,XVII,S/D,S/D,S/D,S/D,S/D,S/D,S/D,Nocturna,S/D,S/D,Peatón,Atropello,S/D,S/D,S/D,S/D
2020,319,2020-01-07,Martes,01:10:00,,0.0,2,"Moto/Ciclomotor,Pickup/Utilitario",Ayohuma Y Lavalle,2,0,1,0,1,0,0,"-32.76258, -60.74081",S/D,,SAN LORENZO,San Lorenzo,S/D,S/D,XVII,S/D,S/D,S/D,S/D,S/D,S/D,S/D,Nocturna,S/D,S/D,S/D,S/D,S/D,S/D,S/D,S/D
2020,320,2020-01-25,Sabado,23:30:00,,0.0,2,"Moto/Ciclomotor,Moto/Ciclomotor",Brown Y Juan Semino,3,3,0,0,0,0,0,"    -32.85323, -61.15538",Calle,,CARCARAÑÁ,San Lorenzo,Asfalto,Pavimento,XVII,Dentro,Urbana,Ninguna,No existe,Intersección,S/D,Buena,Nocturna,Buen Tiempo,Frontal,S/D,Colisión,Ninguna,Faltante,Ninguna,Sin restricción
2020,321,2020-01-04,Sabado,15:45:00,,0.0,2,"Automóvil,Moto/Ciclomotor", ,4,3,0,0,1,0,0,"-32.74935, -60.73372",S/D,,SAN LORENZO,San Lorenzo,S/D,S/D,XVII,S/D,S/D,S/D,S/D,S/D,S/D,S/D,Diurna,S/D,S/D,S/D,S/D,S/D,S/D,S/D,S/D
2020,322,2020-01-24,Viernes,03:15:00,Ruta Nacional 11,0.0,2,"Automóvil,Automóvil",Av San Lorenzo Y Santa fe,2,2,0,0,0,0,0,"    -32.82306, -60.71425",Ruta,11,CAPITÁN BERMÚDEZ,San Lorenzo,Asfalto,Pavimento,XVII,Dentro,Urbana,S/D,S/D,Intersección,Bueno,S/D,Nocturna,Buen Tiempo,S/D,S/D,Colisión,S/D,S/D,S/D,Sin restricción
2020,323,2020-01-02,Jueves,06:25:00,Ruta Nacional A012,0.0,2,"Automóvil,Automóvil", ,3,1,0,0,2,0,0,"-32.92795, -60.8901",Ruta,A012,SAN LORENZO,San Lorenzo,S/D,S/D,XVII,S/D,S/D,S/D,S/D,S/D,S/D,S/D,Nocturna,S/D,S/D,S/D,S/D,S/D,S/D,S/D,S/D
2020,324,2020-01-03,Viernes,11:20:00,,0.0,3,"Automóvil,Moto/Ciclomotor,Automóvil",Avenida 16 Y Calle 23,3,1,0,0,2,0,0,"-32.67873, -61.52268",Avenida,,LAS PAREJAS,Belgrano,Asfalto,No existe,III,Dentro,Urbana,Ninguna,No existe,Recta,Bueno,Buena,Diurna,Buen Tiempo,Lateral,S/D,Colisión,Ninguna,Faltante,Ninguna,Sin restricción
2020,325,2020-01-02,Jueves,12:30:00,,0.0,2,"Bicicleta,Peatón",San Martin Y Paso de los Andes,2,1,0,0,1,0,0,"-32.47503, -61.58004",Calle,,LAS ROSAS,Belgrano,Asfalto,No existe,III,Dentro,Urbana,Ninguna,No existe,Intersección,Bueno,Buena,Diurna,Buen Tiempo,S/D,Peatón,Atropello,Ninguna,Vertical,Ninguna,Sin restricción
2020,326,2020-01-24,Viernes,21:00:00,Ruta Nacional 11,0.0,2,"Automóvil,Moto/Ciclomotor",Av San Lorenzo Y Cervantes,2,0,1,0,1,0,0,"    -32.81567, -60.71649",Ruta,11,CAPITÁN BERMÚDEZ,San Lorenzo,S/D,S/D,XVII,Dentro,Urbana,S/D,S/D,Intersección,S/D,S/D,Nocturna,S/D,S/D,S/D,Colisión,S/D,S/D,S/D,S/D
2020,327,2020-01-04,Sabado,04:30:00,Ruta Provincial 65,0.0,1,Automóvil, ,4,3,1,0,0,0,0,"-32.47443, -61.56079",Ruta,65,LAS ROSAS,Belgrano,Asfalto,Natural,III,S/D,S/D,Ninguna,No existe,Recta,Bueno,Reducida,Nocturna,Buen Tiempo,S/D,S/D,Despiste,Ninguna,Vertical,Ninguna,Sin restricción
2020,328,2020-01-07,Martes,14:20:00,,0.0,2,"Automóvil,Moto/Ciclomotor",Belgrano ,2,1,0,0,1,0,0,"-32.77998, -61.59915",Calle,,ARMSTRONG,Belgrano,Asfalto,No existe,II,S/D,Urbana,Ninguna,No existe,Intersección,Bueno,Buena,Diurna,Buen Tiempo,S/D,S/D,Colisión,Ninguna,Vertical,Ninguna,Sin restricción
2020,329,2020-01-04,Sabado,11:25:00,Ruta Nacional 178,0.0,1,Pickup/Utilitario, ,1,1,0,0,0,0,0,"-32.49004, -61.5691",Ruta,178,LAS ROSAS,Belgrano,Asfalto,Natural,III,Fuera,Rural,Ninguna,No existe,Recta,Bueno,Buena,Diurna,Buen Tiempo,S/D,S/D,"Vuelco,Despiste",Ninguna,Horizontal,Ninguna,Sin restricción