anio_acci,nro_acci,fecha,desc_dia,hora_aprox,desc_ruta,km,cant_participantes,desc_participante,calle_avenida_km,total,heridos_leves,heridos_graves,heridos_gravisimos,ilesos,fallecidos,sin_datos,posicion_XY,desc_tipo_via,desc_ruta_ori,desc_loc,desc_dpto,desc_tipo_calzada,desc_tipo_banquina,desc_unidad_regional,desc_lugar_calzada,desc_zona,desc_prioridad,desc_estado_semaforo,desc_lugar_via,desc_estado_via,desc_estado_visibilidad,desc_luminosidad,desc_estado_clima,desc_tipo_colision,desc_tipo_atropello,desc_tipo_hecho,desc_pres_calzada,desc_senializacion,desc_separacion_via,desc_restriccion
2020,330,2020-01-31,Viernes,10:45:00,,0.0,2,"Moto/Ciclomotor,Pickup/Utilitario",G Araoz de Lamadrid Y P Gianchino,2,1,0,0,1,0,0,"    -32.77686, -60.73454",Calle,,SAN LORENZO,San Lorenzo,S/D,S/D,XVII,Dentro,Urbana,S/D,No existe,Intersección,S/D,S/D,Diurna,S/D,S/D,S/D,Colisión,S/D,S/D,S/D,S/D
2020,331,2020-01-07,Martes,22:30:00,Ruta Nacional 175,0.0,1,Automóvil, ,2,2,0,0,0,0,0,"-32.49048, -61.56747",Ruta,175,LAS ROSAS,Belgrano,Tierra,Natural,III,S/D,S/D,Ninguna,No existe,Recta,Ahuellamiento,Reducida,Nocturna,Buen Tiempo,Otro,S/D,Vuelco,Material Suelto,Faltante,Ninguna,Sin restricción
2020,332,2020-01-24,Viernes,10:45:00,,0.0,2,"Automóvil,Otros",Alberdi Y Hipolito Irigoyen,2,1,0,0,1,0,0,"    -29.90435, -59.82751",Calle,,ALEJANDRA,San Javier,Asfalto,No existe,XIV,Dentro,Urbana,Ninguna,No existe,Intersección,Bueno,Buena,Diurna,Buen Tiempo,De alcance,S/D,Colisión,Ninguna,Faltante,Ninguna,Sin restricción
2020,333,2020-01-02,Jueves,07:40:00,,0.0,3,"Automóvil,Automóvil,Pickup/Utilitario",9 de Julio Y Gdor Cabal,3,1,0,0,2,0,0,"-30.78844, -60.59388",Calle,,SAN JUSTO,San Justo,Asfalto,No existe,XVI,Dentro,Urbana,Señal Pare,No existe,Intersección,Bueno,Buena,Diurna,Buen Tiempo,Múltiple,S/D,Colisión,Ninguna,Faltante,Ninguna,Sin restricción
2020,334,2020-01-28,Martes,16:00:00,,0.0,2,"Transporte de Pasajeros (H/ 8 asientos),Moto/Ciclomotor",M de Iriondo Y Cochabamba,3,1,0,0,2,0,0,"    -32.754, -60.7403",Calle,,SAN LORENZO,San Lorenzo,S/D,S/D,XVII,Dentro,Urbana,S/D,S/D,Intersección,S/D,S/D,Diurna,S/D,S/D,S/D,Colisión,S/D,S/D,S/D,S/D
2020,335,2020-01-04,Sabado,12:30:00,,0.0,2,"Moto/Ciclomotor,Otros",25 de Mayo Y Santa Fe,2,1,0,0,1,0,0,"-30.22331, -60.36532",Calle,,LA CRIOLLA,San Justo,Asfalto,No existe,XVI,S/D,Urbana,Ninguna,No existe,Intersección,Bueno,Buena,Diurna,Buen Tiempo,Otro,S/D,Colisión,Ninguna,Faltante,Ninguna,Sin restricción
2020,336,2020-01-04,Sabado,19:20:00,,0.0,1,Automóvil, ,4,2,0,0,2,0,0,"-31.68305, -60.94052",Camino Rural,,SAN AGUSTÍN,Las Colonias,Tierra,Natural,XI,Dentro,Rural,S/D,No existe,Recta,Bueno,S/D,Nocturna,S/D,S/D,S/D,Vuelco,Ninguna,Faltante,S/D,S/D
2020,337,2020-01-27,Lunes,22:30:00,,0.0,2,"Moto/Ciclomotor,Automóvil",Jose Rucci 1900,2,1,0,0,1,0,0,"    -32.74902, -60.74448",Calle,,SAN LORENZO,San Lorenzo,Asfalto,S/D,XVII,S/D,Urbana,S/D,S/D,Intersección,S/D,S/D,Nocturna,S/D,S/D,S/D,Colisión,S/D,S/D,S/D,S/D
2020,338,2020-01-07,Martes,00:15:00,Ruta Provincial 70,33.0,2,"Camión c / Acoplado,Automóvil", ,2,1,0,0,1,0,0,"-31.40149, -61.06316",Ruta,70,HUMBOLDT,Las Colonias,Asfalto,Ripio,II,S/D,Urbana,Ninguna,No existe,Recta,Bueno,Buena,Nocturna,Buen Tiempo,De alcance,S/D,Colisión,Ninguna,Horizontal,Línea divisoria pintada,Sin restricción
2020,339,2020-01-27,Lunes,23:45:00,,0.0,2,"Moto/Ciclomotor,Automóvil",Diagonal 6 Y Calle 19,2,0,1,0,1,0,0,"    -32.68358, -61.52912",Calle,,LAS PAREJAS,Belgrano,Asfalto,No existe,III,Dentro,Urbana,Ninguna,No existe,Recta,Bueno,Reducida,"Nocturna,Con luz artificial",Buen Tiempo,Lateral,S/D,Colisión,Ninguna,S/D,Ninguna,Sin restricción
2020,340,2020-01-21,Martes,10:06:00,,0.0,2,"Peatón,Moto/Ciclomotor",San Martin Y Centenario,2,0,1,0,1,0,0,"-33.00427, -60.64969",Calle,,ROSARIO,Rosario,Asfalto,No existe,II,Dentro,Urbana,Ninguna,No existe,Intersección,Bueno,S/D,Diurna,Buen Tiempo,S/D,Peatón,Atropello,S/D,S/D,Cordón divisorio,Sin restricción
2020,341,2020-01-21,Martes,18:30:00,,0.0,2,"Peatón,Pickup/Utilitario",Av. Battle y Ordo�ez Y San Martin,2,1,0,0,1,0,0,"-33.00898, -60.65069",Avenida,,ROSARIO,Rosario,Asfalto,No existe,II,Dentro,Urbana,Semáforo,Funciona,Rotonda,Bueno,Buena,Atardecer,S/D,S/D,Peatón,Atropello,Ninguna,Vertical,Línea divisoria pintada,Sin restricción
2020,342,2020-01-31,Viernes,17:25:00,,0.0,1,Moto/Ciclomotor,Avenida 17 Y Avenida 34,1,1,0,0,0,0,0,"    -32.6776, -61.50937",Calle,,LAS PAREJAS,Belgrano,Ripio,No existe,III,Dentro,Urbana,Ninguna,No existe,Intersección,Deteriorada,Buena,Diurna,Buen Tiempo,S/D,S/D,Cañda ocupante,Ninguna,S/D,Ninguna,Sin restricción
2020,343,2020-01-28,Martes,15:40:00,,0.0,2,"Moto/Ciclomotor,Automóvil",Ayacucho Y Roque Saenz Pe�a,3,1,0,0,2,0,0,"    -32.48228, -61.56939",Calle,,LAS ROSAS,Belgrano,Asfalto,No existe,III,Dentro,Urbana,Ninguna,No existe,Intersección,Bueno,Buena,Diurna,Buen Tiempo,Lateral,S/D,Colisión,Ninguna,Faltante,Ninguna,Sin restricción
2020,344,2020-01-21,Martes,11:00:00,,0.0,2,"Moto/Ciclomotor,Pickup/Utilitario",Guemes Y Pje Koch,2,1,0,0,1,0,0,"-31.6053, -60.67928",Calle,,SANTA FE,La Capital,S/D,No existe,I,Dentro,Rural,Ninguna,No existe,Intersección,S/D,Reducida,Diurna,S/D,S/D,S/D,Colisión,Otro,Faltante,Ninguna,Sin restricción
2020,345,2020-01-07,Martes,02:00:00,Ruta Nacional 11,617.0,2,"Transporte de Pasajeros Larga Distancia (> 8 asientos),Camión", ,33,5,0,0,28,0,0,"-30.36878, -60.39925",Ruta,11,GOBERNADOR CRESPO,San Justo,Asfalto,Natural,XVI,Dentro,Rural,Ninguna,No existe,Recta,Deteriorada,Reducida,Nocturna,Buen Tiempo,Lateral,S/D,Colisión,Ninguna,Faltante,Línea divisoria pintada,Sin restricción
2020,347,2020-01-27,Lunes,11:10:00,Ruta Nacional 11,0.0,2,"Moto/Ciclomotor,Automóvil",J Neme Y Ruta Nacional 11,2,1,0,0,1,0,0,"    -30.7986, -60.59674",Ruta,11,SAN JUSTO,San Justo,Asfalto,Ripio,XVI,Dentro,Urbana,Ninguna,No existe,Intersección,Bueno,Buena,Diurna,Buen Tiempo,Lateral,S/D,Colisión,Ninguna,Faltante,Ninguna,Sin restricción
2020,348,2020-01-21,Martes,00:15:00,,0.0,2,"Moto/Ciclomotor,Pickup/Utilitario",Av Gral Paz 5785,2,1,0,0,1,0,0,"-31.61762, -60.68398",Calle,,SANTA FE,La Capital,Asfalto,No existe,I,S/D,Urbana,Ninguna,No existe,Intersección,Bueno,Buena,Nocturna,Buen Tiempo,Lateral,S/D,Colisión,Ninguna,S/D,Ninguna,Sin restricción
2020,349,2020-01-21,Martes,11:35:00,,0.0,2,"Moto/Ciclomotor,Automóvil",Av San Martin Y Cayetano Silva,2,1,0,0,1,0,0,"-32.73351, -60.7338",Avenida,,SAN LORENZO,San Lorenzo,Asfalto,S/D,XVII,S/D,Urbana,S/D,No existe,Intersección,Bueno,Buena,Diurna,S/D,Lateral,S/D,Colisión,Ninguna,S/D,S/D,S/D
2020,350,2020-01-21,Martes,23:35:00,,0.0,2,"Bicicleta,Automóvil",Av San Martin Y Bv B Mitre,2,2,0,0,0,0,0,"-32.72235, -60.73211",Calle,,SAN LORENZO,San Lorenzo,S/D,Natural,XVII,S/D,Urbana,S/D,Funciona,Intersección,S/D,Buena,"Nocturna,Con luz artificial",S/D,S/D,Ciclista,Atropello,Ninguna,Vertical,S/D,S/D
2020,351,2020-01-05,Domingo,19:10:00,,0.0,2,"Moto/Ciclomotor,Moto/Ciclomotor",Bernardino Rivadavia Y Santa Fe,3,2,0,0,1,0,0,"-31.58369, -60.93672",Calle,,FRANCK,Las Colonias,Asfalto,No existe,XI,Dentro,Urbana,Ninguna,No existe,Intersección,Bueno,S/D,Amanecer,Buen Tiempo,S/D,S/D,S/D,Ninguna,S/D,Ninguna,S/D
2020,352,2020-01-02,Jueves,17:00:00,,0.0,2,"Moto/Ciclomotor,Automóvil",T Lubary Y Moreno,2,1,0,0,1,0,0,"-31.72839, -61.089",S/D,,SAN CARLOS CENTRO,Las Colonias,Asfalto,No existe,XI,S/D,S/D,Ninguna,No existe,Intersección,Bueno,Buena,Diurna,Buen Tiempo,S/D,S/D,Colisión,Ninguna,Vertical,Ninguna,Sin restricción
2020,353,2020-01-21,Martes,17:20:00,,0.0,2,"Pickup/Utilitario,Moto/Ciclomotor",Italia Y Sarmiento,2,1,0,0,1,0,0,"-32.47683, -61.57643",Calle,,LAS ROSAS,Belgrano,Hormigón,Pavimento,III,Dentro,Urbana,Semáforo,Funciona,Intersección,Bueno,Buena,Atardecer,Buen Tiempo,Lateral,S/D,Colisión,Ninguna,Faltante,Ninguna,Sin restricción
2020,354,2020-01-21,Martes,14:00:00,,0.0,2,"Pickup/Utilitario,Moto/Ciclomotor",Bv C Pellegrini 2500,2,1,0,0,1,0,0,"-30.79383, -60.59359",Calle,,SAN JUSTO,San Justo,Asfalto,No existe,XVI,Dentro,Urbana,Ninguna,No existe,Recta,Bueno,Buena,Diurna,Buen Tiempo,Lateral,S/D,Colisión,Ninguna,Faltante,Ninguna,Sin restricción
2020,355,2020-01-07,Martes,11:50:00,,0.0,2,"Automóvil,Automóvil",General Manuel Belgrano Y A Gabarret,3,0,0,0,0,0,3,"-31.4365, -60.92553",Calle,,ESPERANZA,Las Colonias,Ripio,Pavimento,XI,Dentro,Urbana,Ninguna,No existe,Intersección,S/D,Buena,Amanecer,Buen Tiempo,Lateral,S/D,Colisión,Ninguna,Vertical,S/D,Sin restricción
2020,356,2020-01-21,Martes,12:30:00,,0.0,2,"Moto/Ciclomotor,Moto/Ciclomotor",Dr Bellotti Y Catamarca,2,1,1,0,0,0,0,"-31.2464, -61.20779",Calle,,FELICIA,Las Colonias,Ripio,No existe,XI,Dentro,Urbana,Ninguna,No existe,Intersección,Bueno,Buena,Diurna,Buen Tiempo,Lateral,S/D,Colisión,Ninguna,S/D,Ninguna,Sin restricción
2020,357,2020-01-21,Martes,11:20:00,,0.0,4,"Automóvil,Automóvil,Moto/Ciclomotor,Peatón",Av San Martin Y Bernardino Rivadavia,4,3,0,0,1,0,0,"-32.8615, -60.70256",Calle,,GRANADERO BAIGORRIA,Rosario,Asfalto,Ripio,II,Dentro,Urbana,Semáforo,Funciona,Intersección,Bueno,Buena,Diurna,Buen Tiempo,Múltiple,S/D,Colisión,Ninguna,Horizontal,Guardarrail,Sin restricción
2020,358,2020-01-04,Sabado,12:30:00,,0.0,2,"Pickup/Utilitario,Moto/Ciclomotor",Isabel La Catolica Y Pedro de Vega,2,1,0,0,1,0,0,"-31.20097, -60.16164",Calle,,CAYASTA,Garay,Arena,No existe,VII,S/D,Urbana,Ninguna,No existe,Cruce,Bueno,Buena,Diurna,Buen Tiempo,Frontal,S/D,Colisión,Ninguna,Vertical,Ninguna,Sin restricción
2020,359,2020-01-26,Domingo,20:00:00,Ruta Nacional 11,634.0,1,Automóvil, ,3,2,0,0,1,0,0,"    -30.23812, -60.36733",Ruta,11,LA CRIOLLA,San Justo,Asfalto,Natural,XVI,Dentro,Rural,Ninguna,No existe,Recta,Bueno,Buena,Nocturna,Buen Tiempo,S/D,S/D,Vuelco,Ninguna,Faltante,Ninguna,Sin restricción
2020,360,2020-01-21,Martes,19:00:00,,0.0,2,"Bicicleta,Automóvil",Elorza Y Sarmiento,4,1,0,0,3,0,0,"-32.91874, -60.81415",Calle,,FUNES,Rosario,Asfalto,No existe,II,S/D,Urbana,S/D,S/D,Intersección,Bueno,Buena,Atardecer,Buen Tiempo,S/D,Ciclista,Atropello,Ninguna,S/D,S/D,Sin restricción
2020,361,2020-01-01,Miercoles,20:40:00,,0.0,2,"Automóvil,Vehículo Oficial", ,4,2,0,0,2,0,0,"-33.09308, -60.79133",S/D,,PIÑERO,Rosario,Asfalto,Pavimento,I,S/D,Rural,Ninguna,No existe,Recta,Bueno,Buena,Atardecer,Buen Tiempo,Otro,S/D,Colisión,Ninguna,Faltante,Línea divisoria pintada,Sin restricción
2020,362,2020-01-21,Martes,18:30:00,,0.0,2,"Automóvil,Moto/Ciclomotor",Teodoro Hertz Y Moreno,2,1,0,0,1,0,0,"-29.87822, -61.9431",Calle,,CERES,San CRISTÓBAL,Asfalto,Pavimento,XIII,S/D,Urbana,Ninguna,No existe,Intersección,Bueno,Buena,Atardecer,Buen Tiempo,Frontal,S/D,Colisión,S/D,S/D,S/D,Sin restricción
2020,363,2020-01-21,Martes,16:30:00,,0.0,2,"Pickup/Utilitario,Moto/Ciclomotor",Bv. Avellaneda Y Centeno,2,1,0,0,1,0,0,"-32.9775, -60.68873",Avenida,,ROSARIO,Rosario,Asfalto,No existe,II,S/D,Urbana,Ninguna,S/D,Intersección,Bueno,Buena,Diurna,Buen Tiempo,S/D,S/D,Colisión,Ninguna,S/D,Ninguna,Sin restricción
2020,364,2020-01-06,Lunes,11:30:00,,0.0,1,Camión Chasis, ,1,0,1,0,0,0,0,"-33.10953, -60.79586",S/D,,PIÑERO,Rosario,S/D,S/D,II,S/D,Urbana,S/D,S/D,S/D,S/D,S/D,Diurna,S/D,S/D,S/D,S/D,S/D,S/D,S/D,S/D
2020,365,2020-01-31,Viernes,12:00:00,,0.0,2,"Pickup/Utilitario,Moto/Ciclomotor",6 de Caballeria Y 12 de Octubre,3,1,0,0,2,0,0,"    -29.23808, -61.76902",Calle,,TOSTADO,9 de Julio,Asfalto,Pavimento,XII,Dentro,Urbana,Ninguna,No existe,Intersección,Bueno,Buena,Diurna,Buen Tiempo,Contra objeto fijo,S/D,Colisión,Ninguna,S/D,S/D,Sin restricción
2020,366,2020-01-04,Sabado,13:45:00,,0.0,2,"Moto/Ciclomotor,Pickup/Utilitario",Santa Fe Y Suipacha,2,1,0,0,1,0,0,"-32.91753, -60.81517",Calle,,FUNES,Rosario,Asfalto,No existe,II,Dentro,Urbana,S/D,S/D,Intersección,Bueno,Buena,Diurna,Buen Tiempo,S/D,S/D,Colisión,Ninguna,S/D,S/D,Sin restricción
2020,367,2020-01-22,Miercoles,08:40:00,,0.0,1,Transporte de Pasajeros Urbano (> 8 asientos),Rueda Y Sarmiento,2,1,0,0,1,0,0,"-32.97106, -60.64437",Calle,,ROSARIO,Rosario,Asfalto,No existe,II,S/D,Urbana,Ninguna,No existe,Intersección,Bueno,Buena,Diurna,Buen Tiempo,S/D,S/D,Cañda ocupante,S/D,Vertical,Ninguna,Sin restricción
2020,368,2020-01-03,Viernes,17:25:00,Ruta Nacional 9,0.0,2,"Pickup/Utilitario,Moto/Ciclomotor",Los Pumas ,4,1,0,0,3,0,0,"-32.92295, -60.79975",Ruta,9,FUNES,Rosario,Asfalto,Ripio,II,Dentro,Urbana,S/D,S/D,Intersección,Bueno,Buena,Diurna,S/D,S/D,S/D,S/D,Ninguna,S/D,Línea divisoria pintada,S/D
2020,369,2020-01-22,Miercoles,16:30:00,,0.0,2,"Moto/Ciclomotor,Automóvil",E.Zeballos Y Iriondo,3,1,0,0,2,0,0,"-32.94937, -60.6718",Calle,,ROSARIO,Rosario,Asfalto,No existe,II,S/D,Urbana,Ninguna,No existe,Intersección,Bueno,Buena,Diurna,Buen Tiempo,S/D,S/D,Colisión,Ninguna,Vertical,Ninguna,Sin restricción
2020,370,2020-01-03,Viernes,01:20:00,,0.0,2,"Moto/Ciclomotor,Automóvil",Estrada Y Tucuman,3,2,0,0,1,0,0,"-32.91158, -60.80469",Calle,,FUNES,Rosario,Asfalto,No existe,II,Dentro,Urbana,S/D,S/D,Intersección,Bueno,Buena,Con luz artificial,Buen Tiempo,S/D,S/D,Colisión,Ninguna,S/D,S/D,Sin restricción
2020,371,2020-01-22,Miercoles,12:00:00,,0.0,2,"Automóvil,Moto/Ciclomotor",Pte.Roca Y Riobamba,2,0,1,0,1,0,0,"-32.9618, -60.64929",Calle,,ROSARIO,Rosario,Asfalto,No existe,II,S/D,Urbana,Ninguna,No existe,Intersección,Bueno,Buena,Diurna,Buen Tiempo,S/D,S/D,Colisión,Ninguna,Vertical,Ninguna,Sin restricción
2020,372,2020-01-02,Jueves,12:05:00,,0.0,1,Moto/Ciclomotor,Hipolito Irigoyen Y Rivadavia,1,1,0,0,0,0,0,"-32.99316, -60.77175",Calle,,PEREZ,Rosario,Asfalto,No existe,II,Dentro,Urbana,Ninguna,No existe,Intersección,Bueno,S/D,Diurna,Buen Tiempo,S/D,S/D,Cañda ocupante,Ninguna,S/D,Ninguna,Sin restricción
2020,373,2020-01-22,Miercoles,21:45:00,,0.0,2,"Moto/Ciclomotor,Taxi/Remis",Maipu Y Montevideo,2,1,0,0,1,0,0,"-32.95661, -60.63782",Calle,,ROSARIO,Rosario,Asfalto,No existe,II,S/D,Urbana,Ninguna,No existe,Intersección,Bueno,Buena,"Nocturna,Con luz artificial",Buen Tiempo,S/D,S/D,Colisión,Ninguna,Vertical,Ninguna,Sin restricción
2020,374,2020-01-22,Miercoles,06:10:00,,0.0,2,"Moto/Ciclomotor,Automóvil",Av. Francia Y Ocampo,2,0,1,0,1,0,0,"-32.96157, -60.6705",Avenida,,ROSARIO,Rosario,Asfalto,No existe,II,S/D,Urbana,Ninguna,No existe,Intersección,Bueno,Buena,Amanecer,Buen Tiempo,S/D,S/D,Colisión,Ninguna,Vertical,Ninguna,Sin restricción
2020,375,2020-01-01,Miercoles,21:35:00,Ruta Nacional 33,848.0,2,"Moto/Ciclomotor,Moto/Ciclomotor", ,2,1,0,0,1,0,0,"-32.99195, -60.75799",Ruta,33,PEREZ,Rosario,Asfalto,Pavimento,II,Dentro,Rural,Ninguna,No existe,Recta,Bueno,S/D,Nocturna,Buen Tiempo,Lateral,S/D,Colisión,Ninguna,S/D,Ninguna,Sin restricción
2020,376,2020-01-02,Jueves,09:00:00,,0.0,2,"Bicicleta,Automóvil",Gral Jose de San Martin Y Juan B Justo Bis,2,1,0,0,0,0,1,"-33.1522, -60.51588",Calle,,ARROYO SECO,Rosario,Asfalto,S/D,II,Dentro,Urbana,S/D,No existe,Recta,Bueno,Buena,Nocturna,Buen Tiempo,De alcance,Ciclista,Atropello,Ninguna,Vertical,S/D,Sin restricción
2020,377,2020-01-22,Miercoles,14:00:00,,0.0,2,"Bicicleta,Moto/Ciclomotor",Av. Battle y Ordo�ez 500,2,1,0,0,1,0,0,"    -33.00866, -60.63997",Calle,,ROSARIO,Rosario,Asfalto,No existe,II,Dentro,Urbana,Ninguna,No existe,Recta,Bueno,Buena,Diurna,Buen Tiempo,De alcance,Ciclista,Atropello,Ninguna,Faltante,Ninguna,Sin restricción
2020,378,2020-01-22,Miercoles,11:04:00,,0.0,2,"Moto/Ciclomotor,Automóvil",Av. Arijon Y Av. Corrientes,2,1,0,0,1,0,0,"-33.00317, -60.65325",Avenida,,ROSARIO,Rosario,Asfalto,No existe,II,S/D,Urbana,Ninguna,No existe,Intersección,S/D,Buena,Diurna,Buen Tiempo,Frontal,S/D,Colisión,S/D,S/D,Cordón divisorio,Sin restricción
2020,379,2020-01-22,Miercoles,16:15:00,,0.0,2,"Ambulancia,Moto/Ciclomotor",Bv. Segui Y Entre Rios,4,2,0,0,2,0,0,"-32.97868, -60.64919",Avenida,,ROSARIO,Rosario,Asfalto,No existe,II,Dentro,Urbana,Ninguna,No existe,Intersección,Bueno,Buena,Diurna,Buen Tiempo,Lateral,S/D,Colisión,Ninguna,Faltante,Cordón divisorio,Sin restricción
2020,380,2020-01-22,Miercoles,16:05:00,,0.0,2,"Moto/Ciclomotor,Automóvil",Juan Jose Castelli Y Lisandro de La Torre,3,2,0,0,1,0,0,"-31.67944, -60.76821",Calle,,SANTO TOMÉ,La Capital,Asfalto,No existe,I,S/D,Urbana,Ninguna,No existe,Intersección,Bueno,Buena,Diurna,Buen Tiempo,Lateral,S/D,Colisión,Ninguna,Faltante,Ninguna,Sin restricción
2020,381,2020-01-22,Miercoles,16:40:00,,0.0,2,"Moto/Ciclomotor,Automóvil",Dr Zavalla Y Uruguay,2,1,0,0,1,0,0,"-31.65914, -60.72401",Calle,,SANTA FE,La Capital,Asfalto,No existe,I,Dentro,Urbana,Ninguna,No existe,Intersección,Bueno,Buena,Diurna,Buen Tiempo,Lateral,S/D,Colisión,Ninguna,Faltante,Ninguna,Sin restricción
2020,382,2020-01-22,Miercoles,08:05:00,,0.0,2,"Moto/Ciclomotor,Moto/Ciclomotor",Av Leandro Alem Y Belgrano,3,1,0,0,2,0,0,"-31.64693, -60.70175",Avenida,,SANTA FE,La Capital,Asfalto,S/D,I,Dentro,Urbana,Semáforo,Funciona,Intersección,Bueno,Buena,Diurna,Buen Tiempo,Lateral,S/D,Colisión,Ninguna,Faltante,Ninguna,Sin restricción
2020,383,2020-01-22,Miercoles,14:00:00,,0.0,2,"Moto/Ciclomotor,Automóvil",Av Leandro Alem Y La Rioja,2,1,0,0,1,0,0,"-31.6469, -60.70206",Avenida,,SANTA FE,La Capital,Asfalto,S/D,I,Dentro,Urbana,Semáforo,Funciona,Intersección,Bueno,Buena,Diurna,Buen Tiempo,Lateral,S/D,Colisión,Ninguna,Faltante,Ninguna,Sin restricción
2020,384,2020-01-22,Miercoles,11:30:00,Ruta Nacional 168,3.0,2,"Moto/Ciclomotor,Pickup/Utilitario", ,2,1,0,0,1,0,0,"-31.64179, -60.67634",Ruta,168,SANTA FE,La Capital,Hormigón,No existe,I,Dentro,Urbana,Ninguna,No existe,Recta,Bueno,S/D,Diurna,Buen Tiempo,Lateral,S/D,Colisión,S/D,S/D,Barrera de hormigón,Sin restricción
2020,386,2020-01-22,Miercoles,17:15:00,,0.0,2,"Moto/Ciclomotor,Automóvil",Av San Martin Y Sarmiento,2,1,0,0,0,0,1,"-32.73183, -60.73353",Avenida,,SAN LORENZO,San Lorenzo,Hormigón,S/D,XVII,S/D,Urbana,Semáforo,Funciona,Intersección,Bueno,Buena,Diurna,Buen Tiempo,Lateral,S/D,Colisión,Ninguna,Vertical,Ninguna,S/D
2020,387,2020-01-22,Miercoles,12:50:00,,0.0,2,"Moto/Ciclomotor,Pickup/Utilitario",R Rodriguez 2700,3,2,0,0,1,0,0,"-30.79423, -60.57728",Calle,,SAN JUSTO,San Justo,Tierra,Natural,XVI,Dentro,Urbana,Otra Señal,No existe,Recta,Otro,Buena,Diurna,Buen Tiempo,Lateral,S/D,Colisión,Ninguna,Faltante,Ninguna,Sin restricción
2020,388,2020-01-22,Miercoles,23:30:00,,0.0,1,Otros,1ro de Mayo Y Fco Angeloni,1,0,1,0,0,0,0,"-30.78488, -60.587",Calle,,SAN JUSTO,San Justo,Ripio,No existe,XVI,S/D,Urbana,S/D,No existe,Intersección,S/D,Reducida,Nocturna,S/D,S/D,S/D,Cañda ocupante,Fluidos,S/D,S/D,Sin restricción
2020,389,2020-01-22,Miercoles,10:50:00,,0.0,2,"Automóvil,Moto/Ciclomotor",Mariano Moreno Y Laprida,2,1,0,0,1,0,0,"-31.44341, -60.93063",Calle,,ESPERANZA,Las Colonias,Asfalto,No existe,XI,S/D,Urbana,Ninguna,No existe,Intersección,Bueno,Buena,Diurna,Buen Tiempo,Lateral,S/D,Colisión,Ninguna,Vertical,Ninguna,Sin restricción
2020,390,2020-01-22,Miercoles,,,0.0,1,Automóvil,Rivadavia 800,1,1,0,0,0,0,0,"-32.02977, -61.21886",Calle,,GÁLVEZ,San JERÓNIMO,Asfalto,No existe,XV,S/D,Urbana,Ninguna,No existe,Recta,Bueno,Buena,Nocturna,Buen Tiempo,Contra objeto fijo,S/D,Colisión,Ninguna,Faltante,Ninguna,Sin restricción
2020,391,2020-01-22,Miercoles,19:55:00,,0.0,2,"Moto/Ciclomotor,Automóvil",Calle 6-Ituzaingo Y Calle 9-Mariano Moreno,2,1,0,0,1,0,0,"-29.14178, -59.6383",Calle,,RECONQUISTA,General Obligado,Asfalto,No existe,IX,S/D,Urbana,Ninguna,No existe,Intersección,Bueno,Buena,Atardecer,Buen Tiempo,Lateral,S/D,Colisión,Ninguna,Vertical,Ninguna,Sin restricción
2020,392,2020-01-01,Miercoles,19:05:00,Ruta Provincial 2,278.0,1,Pickup/Utilitario, ,9,3,3,0,0,3,0,"-29.78127,-61.47218",Ruta,2,ESTEBAN RAMS,9 de Julio,Asfalto,Natural,XII,Dentro,Rural,Marca Vial,No existe,Curva,Bueno,Buena,Nocturna,Buen Tiempo,S/D,S/D,Vuelco,Ninguna,Faltante,Línea divisoria pintada,Sin restricción
2020,393,2020-01-23,Jueves,15:20:00,,0.0,2,"Moto/Ciclomotor,Taxi/Remis",San Juan Y 1 de Mayo,2,1,0,0,1,0,0,"-32.95179, -60.6307",Calle,,ROSARIO,Rosario,Asfalto,No existe,II,S/D,Urbana,Señal Pare,No existe,Intersección,Bueno,Buena,Diurna,Buen Tiempo,S/D,S/D,Colisión,Ninguna,Vertical,Ninguna,Sin restricción
2020,394,2020-01-03,Viernes,04:45:00,Ruta Nacional 34,345.5,2,"Automóvil,Automóvil", ,4,0,1,0,0,3,0,"-30.20393,-61.74518",Ruta,34,ARRUFÓ,San CRISTÓBAL,Asfalto,Natural,XIII,Dentro,Rural,Ninguna,No existe,Recta,Bueno,Buena,Nocturna,Buen Tiempo,Frontal,S/D,Colisión,Ninguna,Faltante,Línea divisoria pintada,Sin restricción
2020,395,2020-01-23,Jueves,14:15:00,Autopista Nacional A008,4.0,2,"Moto/Ciclomotor,Automóvil",J.M.de Rosas Y Pte.Quintana,3,1,0,0,2,0,0,"-32.9704, -60.71611",Autopista,A008,ROSARIO,Rosario,Hormigón,Pavimento,II,S/D,Urbana,Señal Pare,No existe,Rotonda,Bueno,Buena,Diurna,Buen Tiempo,S/D,S/D,Colisión,S/D,"Horizontal,Vertical",S/D,Sin restricción
2020,396,2020-01-10,Viernes,21:40:00,,0.0,2,"Automóvil,Automóvil",Calle 10 ,4,1,0,0,3,0,0,"-32.69006, -61.5219",Calle,,LAS PAREJAS,Belgrano,Asfalto,No existe,III,S/D,Urbana,Ninguna,No existe,Recta,Bueno,Reducida,"Nocturna,Con luz artificial",Buen Tiempo,Lateral,S/D,Colisión,Ninguna,S/D,Cordón divisorio,Sin restricción