anio_acci,nro_acci,fecha,desc_dia,hora_aprox,desc_ruta,km,cant_participantes,desc_participante,calle_avenida_km,total,heridos_leves,heridos_graves,heridos_gravisimos,ilesos,fallecidos,sin_datos,posicion_XY,desc_tipo_via,desc_ruta_ori,desc_loc,desc_dpto,desc_tipo_calzada,desc_tipo_banquina,desc_unidad_regional,desc_lugar_calzada,desc_zona,desc_prioridad,desc_estado_semaforo,desc_lugar_via,desc_estado_via,desc_estado_visibilidad,desc_luminosidad,desc_estado_clima,desc_tipo_colision,desc_tipo_atropello,desc_tipo_hecho,desc_pres_calzada,desc_senializacion,desc_separacion_via,desc_restriccion
2020,462,2020-02-22,Sabado,13:35:00,,0.0,2,"Moto/Ciclomotor,Automóvil",Mariano Moreno Y Bv. 27 De Febrero,2,2,0,0,0,0,0,"-32.965433, -60.656013",Avenida,,ROSARIO,Rosario,Asfalto,No existe,II,Dentro,Urbana,Ninguna,No existe,Recta,Bueno,Buena,Diurna,Buen Tiempo,Lateral,S/D,Colisión,Ninguna,Faltante,Ninguna,Sin restricción
2020,464,2020-01-02,Jueves,21:00:00,,0.0,2,"Moto/Ciclomotor,Automóvil",Bv Pte Roca Y Suipacha Av,2,1,0,0,0,0,1,"-31.25176, -61.49849",Calle,,RAFAELA,Castellanos,Asfalto,Pavimento,V,S/D,Urbana,Semáforo,Funciona,Intersección,Bueno,Buena,Nocturna,Buen Tiempo,Lateral,S/D,Colisión,Ninguna,Vertical,Ninguna,Sin restricción
2020,465,2020-02-03,Lunes,08:20:00,,0.0,2,"Moto/Ciclomotor,Moto/Ciclomotor",1 de Mayo Y 9 de Julio,2,2,0,0,0,0,0,"-31.456567780013,-60.924758059576",Calle,,ESPERANZA,Las Colonias,Asfalto,No existe,XI,Dentro,Urbana,S/D,S/D,Intersección,Bueno,Buena,Diurna,Buen Tiempo,Lateral,S/D,Colisión,Ninguna,S/D,Ninguna,Sin restricción
2020,466,2020-01-05,Domingo,11:00:00,,0.0,2,"Pickup/Utilitario,Moto/Ciclomotor",Santa Fe Y Belgrano,2,1,0,0,0,0,1,"-29.34708, -59.97027",Calle,,MALABRIGO,General Obligado,S/D,S/D,IX,S/D,Urbana,Ninguna,S/D,S/D,S/D,S/D,Diurna,Buen Tiempo,S/D,S/D,Colisión,S/D,S/D,Ninguna,Sin restricción
2020,467,2020-01-23,Jueves,13:50:00,,0.0,2,"Moto/Ciclomotor,Automóvil",Azcuenaga Y Lavalle,2,1,0,0,1,0,0,"-31.59741, -60.67818",Calle,,SANTA FE,La Capital,S/D,No existe,I,Dentro,Urbana,Ninguna,No existe,Intersección,S/D,Reducida,Diurna,S/D,S/D,S/D,Colisión,Otro,Faltante,Línea divisoria pintada,Sin restricción
2020,468,2020-02-16,Domingo,02:00:00,Ruta Nacional 8,390.0,2,"Automóvil,Automóvil", ,5,1,0,0,4,0,0,"-33.67473067715764,-62.190678482875",Ruta,8,MAGGIOLO,General LÓPEZ,Asfalto,Pavimento,VIII,Dentro,Rural,Marca Vial,No existe,Intersección,Bueno,Buena,Nocturna,Buen Tiempo,Lateral,S/D,Colisión,Ninguna,Horizontal,Línea divisoria pintada,Sin restricción
2020,469,2020-02-21,Viernes,09:45:00,,0.0,2,"Peatón,Moto/Ciclomotor",Bv. Oroño Y 3 De Febrero,2,1,0,0,1,0,0,"-32.950115, -60.654845",Avenida,,ROSARIO,Rosario,Asfalto,No existe,II,Dentro,Urbana,Semáforo,Funciona,Intersección,Bueno,Buena,Diurna,S/D,S/D,Peatón,Atropello,Ninguna,"Horizontal,Vertical",Cordón divisorio,Sin restricción
2020,470,2020-02-09,Domingo,21:15:00,,0.0,2,"Automóvil,Moto/Ciclomotor",Alberdi Y Balcarce,2,1,0,0,1,0,0,"-31.458841224129,-60.930251227102",Calle,,ESPERANZA,Las Colonias,Asfalto,No existe,XI,Dentro,Urbana,S/D,S/D,Intersección,Bueno,Buena,Nocturna,Buen Tiempo,Lateral,S/D,Colisión,Ninguna,S/D,Ninguna,Sin restricción
2020,471,2020-01-01,Miercoles,,,0.0,2,"Moto/Ciclomotor,Pickup/Utilitario",Saavedra Y Santiago del Estero,2,0,0,0,0,0,2,"-31.63589, -60.71304",Calle,,SANTA FE,La Capital,Asfalto,No existe,I,Dentro,Urbana,Ninguna,Funciona,Intersección,Bueno,S/D,S/D,Buen Tiempo,S/D,S/D,Colisión,Ninguna,S/D,Ninguna,Sin restricción
2020,472,2020-01-02,Jueves,17:30:00,Ruta Nacional 11,0.0,2,"Automóvil,Moto/Ciclomotor",Calle 15-Patricio Diez ,3,2,0,0,1,0,0,"-29.14319, -59.65585",Ruta,11,RECONQUISTA,General Obligado,Asfalto,No existe,IX,S/D,Urbana,Semáforo,Funciona,Intersección,Bueno,Buena,Diurna,Buen Tiempo,Lateral,S/D,Colisión,Ninguna,Vertical,Cordón divisorio,Sin restricción
2020,473,2020-01-23,Jueves,12:30:00,,0.0,2,"Moto/Ciclomotor,Pickup/Utilitario",Mendoza Y Lamadrid,2,0,0,0,0,0,2,"-31.64387, -60.72802",Calle,,SANTA FE,La Capital,Asfalto,No existe,I,Dentro,Urbana,Ninguna,No existe,Intersección,Bueno,Buena,Diurna,Buen Tiempo,S/D,S/D,Colisión,Ninguna,Vertical,Ninguna,Sin restricción
2020,474,2020-02-16,Domingo,10:40:00,Ruta Secundaria 4-s,0.0,2,"Moto/Ciclomotor,Pickup/Utilitario",AVELLANEDA Y Mitre,2,0,1,0,1,0,0,"-33.73386614229,-61.761165742633",Ruta,4-s,CARMEN,General LÓPEZ,Asfalto,No existe,VIII,Dentro,Urbana,Ninguna,No existe,Intersección,Bueno,Buena,Diurna,Buen Tiempo,De alcance,S/D,Colisión,Ninguna,Faltante,Ninguna,Sin restricción
2020,475,2020-02-23,Domingo,06:38:00,,0.0,2,"Bicicleta,Automóvil",Laprida Y 3 De Febrero,2,1,0,0,1,0,0,"-32.953513, -60.635672",Calle,,ROSARIO,Rosario,Asfalto,No existe,II,Dentro,Urbana,Señal Pare,No existe,Intersección,Bueno,Buena,"Amanecer,Con luz artificial",S/D,S/D,Ciclista,Atropello,Ninguna,"Horizontal,Vertical",Ninguna,Sin restricción
2020,476,2020-01-07,Martes,18:00:00,,0.0,2,"Moto/Ciclomotor,Otros",Av. Ovidio Lagos Y Cazadores,2,1,0,0,1,0,0,"-33.00487, -60.67624",Avenida,,ROSARIO,Rosario,Asfalto,No existe,II,Dentro,Urbana,S/D,S/D,Recta,Bueno,S/D,Diurna,Buen Tiempo,S/D,S/D,Colisión,Ninguna,S/D,Ninguna,Sin restricción
2020,477,2020-01-06,Lunes,08:00:00,,0.0,1,Moto/Ciclomotor, ,1,1,0,0,0,0,0,"-32.95643, -60.69418",S/D,,ROSARIO,Rosario,S/D,S/D,II,S/D,S/D,S/D,S/D,S/D,S/D,S/D,Diurna,S/D,S/D,S/D,S/D,S/D,S/D,S/D,S/D
2020,478,2020-02-12,Miercoles,11:15:00,,0.0,2,"Automóvil,Bicicleta",G Lehmann Y Italia,2,1,0,0,1,0,0,"-31.448152363300327,-60.94178438186",Calle,,ESPERANZA,Las Colonias,Asfalto,No existe,XI,Dentro,Urbana,S/D,S/D,Intersección,Bueno,Buena,Diurna,Buen Tiempo,S/D,Ciclista,Atropello,Ninguna,S/D,Ninguna,Sin restricción
2020,479,2020-01-23,Jueves,16:45:00,,0.0,2,"Moto/Ciclomotor,Moto/Ciclomotor",Av Pte Peron Y Candido Pujato,2,0,0,0,0,0,2,"-31.63113, -60.7176",Calle,,SANTA FE,La Capital,Asfalto,No existe,I,Dentro,Urbana,Ninguna,No existe,Intersección,Bueno,Buena,Diurna,Buen Tiempo,S/D,S/D,Colisión,S/D,Vertical,Ninguna,Sin restricción
2020,480,2020-01-05,Domingo,04:00:00,,0.0,2,"Automóvil,Taxi/Remis",Av. Uriburu Y Av. Ovidio Lagos,3,1,0,0,2,0,0,"-32.99151, -60.67346",S/D,,ROSARIO,Rosario,S/D,S/D,II,S/D,Urbana,S/D,S/D,S/D,S/D,S/D,Nocturna,S/D,S/D,S/D,S/D,S/D,S/D,S/D,S/D
2020,481,2020-02-15,Sabado,12:25:00,,0.0,2,"Automóvil,Moto/Ciclomotor",Dr Galvez Y Nicolas Schneider,3,0,2,0,1,0,0,"-31.458007783899,-60.926413444032",Calle,,ESPERANZA,Las Colonias,Asfalto,No existe,XI,Dentro,Urbana,S/D,No existe,Intersección,Bueno,Buena,Diurna,Buen Tiempo,Frontal,S/D,Colisión,Ninguna,S/D,Ninguna,Sin restricción
2020,482,2020-01-23,Jueves,23:45:00,,0.0,1,Moto/Ciclomotor,J B Alberdi Y Cayetano Nerbutti,1,1,0,0,0,0,0," -32.7186, -60.73027",Calle,,PUERTO SAN MARTÍN,San Lorenzo,Asfalto,No existe,XVII,Dentro,Urbana,Ninguna,No existe,Intersección,Bueno,Buena,Nocturna,Buen Tiempo,Atropello animal,S/D,Colisión,Ninguna,Faltante,Ninguna,Sin restricción
2020,483,2020-01-03,Viernes,13:30:00,,0.0,2,"Moto/Ciclomotor,Camión c / Acoplado",Av. Avellaneda B ,2,1,0,0,0,0,1,"-32.9684, -60.6866",Avenida,,ROSARIO,Rosario,S/D,S/D,II,S/D,Urbana,S/D,S/D,S/D,S/D,S/D,Diurna,S/D,S/D,S/D,S/D,S/D,S/D,S/D,S/D
2020,484,2020-02-24,Lunes,10:40:00,,0.0,2,"Automóvil,Moto/Ciclomotor",Balcarce Y Montevideo,2,1,0,0,1,0,0,"-32.953680, -60.654370",Calle,,ROSARIO,Rosario,Asfalto,No existe,II,Dentro,Urbana,Ninguna,No existe,Intersección,Otro,Buena,Diurna,Buen Tiempo,Lateral,S/D,Colisión,Ninguna,Faltante,Ninguna,Sin restricción
2020,485,2020-01-23,Jueves,,,0.0,1,Moto/Ciclomotor,Lito Gonella Y Paso Vinal,2,2,0,0,0,0,0,"-31.41172, -60.89935",Camino Rural,,ESPERANZA,Las Colonias,Tierra,No existe,XI,Dentro,Urbana,Ninguna,No existe,Recta,Con baches,Reducida,Nocturna,Buen Tiempo,Atropello animal,S/D,Colisión,Ninguna,Faltante,Ninguna,Sin restricción
2020,486,2020-02-21,Viernes,19:35:00,,0.0,2,"Automóvil,Moto/Ciclomotor",Castelli 845,2,1,0,0,1,0,0,"-31.453017626679,-60.924213426887",Calle,,ESPERANZA,Las Colonias,Asfalto,No existe,XI,Dentro,Urbana,Ninguna,No existe,Recta,Bueno,Buena,Diurna,Buen Tiempo,Lateral,S/D,Colisión,Ninguna,Faltante,Ninguna,Sin restricción
2020,487,2020-01-01,Miercoles,03:30:00,,0.0,2,"Transporte de Pasajeros Urbano (> 8 asientos),Moto/Ciclomotor",Av. Uriburu Y Callao,4,2,0,0,2,0,0,"-32.99144, -60.67246",Avenida,,ROSARIO,Rosario,Asfalto,No existe,II,S/D,Urbana,S/D,Funciona,Recta,Bueno,Buena,Nocturna,Buen Tiempo,S/D,S/D,Colisión,Ninguna,S/D,Ninguna,Sin restricción
2020,488,2020-01-23,Jueves,,,0.0,2,"Moto/Ciclomotor,Moto/Ciclomotor",Malvinas Argentinas Y E.Vollenweider,5,5,0,0,0,0,0,"-31.27055, -61.07185",Calle,,GRUTLY,Las Colonias,Ripio,No existe,XI,Dentro,Urbana,Ninguna,No existe,Intersección,Bueno,Buena,Diurna,Buen Tiempo,Lateral,S/D,Colisión,Ninguna,S/D,Ninguna,Sin restricción
2020,489,2020-01-01,Miercoles,01:00:00,,0.0,2,"Moto/Ciclomotor,Peatón",Dr.Rivas Y Pueyrredon,2,1,0,0,1,0,0,"-32.98021, -60.66671",Calle,,ROSARIO,Rosario,S/D,S/D,II,S/D,Urbana,S/D,S/D,S/D,S/D,S/D,Nocturna,S/D,S/D,Peatón,Atropello,S/D,S/D,S/D,S/D
2020,490,2020-02-03,Lunes,04:00:00,,0.0,1,Moto/Ciclomotor,BUENOS AIRES Y PANCHO RUOPULO,3,3,0,0,0,0,0,"-31.104311943054224,-60.10191500186",Calle,,HELVECIA,Garay,Tierra,No existe,VII,Dentro,Urbana,Ninguna,No existe,Recta,Bueno,Reducida,Nocturna,Buen Tiempo,S/D,S/D,Cañda ocupante,Ninguna,Faltante,Ninguna,Sin restricción
2020,491,2020-02-24,Lunes,15:00:00,,0.0,2,"Automóvil,Moto/Ciclomotor",Tucuman 2852,2,1,0,0,1,0,0,"-32.937480, -60.661012",Calle,,ROSARIO,Rosario,Asfalto,No existe,II,Dentro,Urbana,Ninguna,No existe,Recta,Bueno,Buena,Diurna,Buen Tiempo,De alcance,S/D,Colisión,Ninguna,Faltante,S/D,Sin restricción
2020,492,2020-01-19,Domingo,11:47:00,,0.0,1,Moto/Ciclomotor,Belgrano Y Avenida Libertador,1,1,0,0,0,0,0,"-31.12083, -60.88889",Calle,,SANTO DOMINGO,Las Colonias,Asfalto,No existe,XI,Dentro,Urbana,Ninguna,No existe,Intersección,Bueno,Buena,Diurna,Buen Tiempo,Contra objeto fijo,S/D,Colisión,Ninguna,Vertical,Ninguna,Sin restricción
2020,493,2020-02-21,Viernes,20:30:00,,0.0,2,"Moto/Ciclomotor,Automóvil",Lopez y Planes Y Mariano Moreno,3,1,1,0,0,0,1,"-31.455253384602,-60.93438184486",Calle,,ESPERANZA,Las Colonias,Asfalto,No existe,XI,Dentro,Urbana,S/D,No existe,Intersección,Bueno,Buena,"Nocturna,Con luz artificial",Buen Tiempo,Lateral,S/D,Colisión,Ninguna,S/D,Ninguna,Sin restricción
2020,494,2020-01-23,Jueves,12:25:00,Ruta Provincial 70,21.0,2,"Pickup/Utilitario,Moto/Ciclomotor", ,5,3,0,0,2,0,0,"-31.43987, -60.94123",Ruta,70,ESPERANZA,Las Colonias,Hormigón,No existe,XI,S/D,Urbana,Ninguna,No existe,Intersección,Bueno,Buena,Diurna,Buen Tiempo,Lateral,S/D,Colisión,Ninguna,Vertical,Ninguna,Sin restricción
2020,495,2020-01-23,Jueves,12:25:00,,0.0,2,"Moto/Ciclomotor,Pickup/Utilitario",Avenida San Martin Y Entre Rios,2,1,0,0,1,0,0,"-33.11451, -60.55994",Calle,,GENERAL LAGOS,Rosario,Asfalto,No existe,II,S/D,Urbana,Ninguna,No existe,Intersección,Bueno,Buena,Diurna,Buen Tiempo,De alcance,S/D,Colisión,Ninguna,Faltante,Ninguna,Sin restricción
2020,496,2020-01-01,Miercoles,21:30:00,,0.0,2,"Moto/Ciclomotor,Automóvil",Bme Mitre 800,2,2,0,0,0,0,0,"-32.02678, -61.22108",Calle,,GÁLVEZ,San JERÓNIMO,Asfalto,No existe,XV,Dentro,Urbana,Ninguna,No existe,Recta,Bueno,Buena,Nocturna,Buen Tiempo,S/D,S/D,Colisión,Ninguna,Faltante,Ninguna,Sin restricción
2020,497,2020-01-23,Jueves,19:45:00,,0.0,2,"Moto/Ciclomotor,Automóvil",Av. Ovidio Lagos 6950,4,2,0,0,2,0,0,"-33.0189, -60.67947",Avenida,,ROSARIO,Rosario,Asfalto,No existe,II,S/D,Urbana,Ninguna,S/D,Recta,Bueno,Buena,Atardecer,Buen Tiempo,S/D,S/D,Colisión,Ninguna,S/D,Ninguna,Sin restricción
2020,498,2020-01-03,Viernes,01:55:00,Ruta Nacional 8,308.0,2,"Automóvil,Camión", ,2,0,0,0,0,1,1,"-33.80819,-61.38398",Ruta,8,HUGHES,General LÓPEZ,Asfalto,Natural,VIII,Dentro,Rural,Marca Vial,No existe,Rotonda,Bueno,Buena,"Nocturna,Con luz artificial",Buen Tiempo,S/D,S/D,Colisión,Ninguna,Vertical,Guardarrail,Sin restricción
2020,500,2020-01-10,Viernes,21:00:00,,0.0,2,"Moto/Ciclomotor,Peatón",Saenz Pe�a Y Belgrano,2,1,0,0,0,1,0,"-34.00836,-61.91186",Calle,,MARÍA TERESA,General LÓPEZ,Asfalto,No existe,VIII,Dentro,Urbana,Ninguna,No existe,Recta,Bueno,Reducida,Nocturna,Buen Tiempo,S/D,Peatón,Atropello,Ninguna,Faltante,Ninguna,Sin restricción
2020,501,2020-01-07,Martes,18:50:00,Ruta Provincial 80,1.5,4,"Camión c / Acoplado,Camión c / Semirremolque,Camión c / Semirremolque,Automóvil", ,7,2,0,0,4,1,0,"-32.07179,-60.99388",Ruta,80,AROCENA,San JERÓNIMO,Asfalto,Natural,XV,Dentro,Rural,Policía de tránsito,No existe,Recta,Con baches,Buena,Diurna,Buen Tiempo,"De alcance,Múltiple",S/D,Colisión,Ninguna,Faltante,Línea divisoria pintada,Desvío Provisorio
2020,502,2020-01-11,Sabado,06:20:00,Ruta Provincial 80,7.0,2,"Automóvil,Automóvil", ,2,0,1,0,0,1,0,"    -32.06298, -61.04349",Ruta,80,AROCENA,San JERÓNIMO,Asfalto,No existe,XV,Dentro,Rural,Ninguna,No existe,Recta,Con baches,Buena,Nocturna,Buen Tiempo,Frontal,S/D,Colisión,Ninguna,Faltante,Línea divisoria pintada,Sin restricción
2020,503,2020-01-20,Lunes,23:40:00,Ruta Provincial 6,64.0,2,"Automóvil,Camión c / Acoplado",Carlos Montalbetti ,4,0,0,0,1,3,0,"-31.47667,-60.91915",Ruta,6,ESPERANZA,Las Colonias,Asfalto,Natural,XI,Dentro,Rural,Ninguna,No existe,Recta,Bueno,Reducida,Nocturna,Lluvia,Frontal,S/D,Colisión,Agua,Faltante,Línea divisoria pintada,Sin restricción
2020,504,2020-02-27,Jueves,20:50:00,,0.0,2,"Moto/Ciclomotor,Moto/Ciclomotor",Berutti Y Rodriguez Pe�a,2,0,2,0,0,0,0,"-31.44729663221,-60.92540860472",Calle,,ESPERANZA,Las Colonias,Asfalto,No existe,XI,Dentro,Urbana,Ninguna,No existe,Intersección,Bueno,Buena,"Nocturna,Con luz artificial",Buen Tiempo,Lateral,S/D,Colisión,Ninguna,Faltante,Ninguna,Sin restricción
2020,505,2020-02-24,Lunes,04:00:00,,0.0,2,"Automóvil,Moto/Ciclomotor",Bv. Avellaneda Y Santa Fe,2,1,0,0,1,0,0,"-32.937728, -60.678893",Avenida,,ROSARIO,Rosario,Asfalto,No existe,II,Dentro,Urbana,Ninguna,Funciona,Intersección,Bueno,Buena,Nocturna,Buen Tiempo,Lateral,S/D,Colisión,Ninguna,"Horizontal,Vertical","Cordón divisorio,Vegetación",Sin restricción
2020,506,2020-02-23,Domingo,20:30:00,Ruta Provincial 1,93.0,2,"Moto/Ciclomotor,Pickup/Utilitario", ,2,2,0,0,0,0,0,"-31.025861771777276,-60.08962210267",Ruta,1,HELVECIA,Garay,Asfalto,Natural,VII,Dentro,Rural,Ninguna,No existe,Recta,Bueno,Buena,Atardecer,Buen Tiempo,S/D,S/D,Colisión,Ninguna,Horizontal,Línea divisoria pintada,Sin restricción
2020,507,2020-02-14,Viernes,09:35:00,Ruta Provincial 1,81.0,1,Pickup/Utilitario, ,2,1,1,0,0,0,0,"-31.12239740788937,-60.115750841796",Ruta,1,CAMPO DEL MEDIO,Garay,Asfalto,Natural,VII,Dentro,Rural,Ninguna,No existe,Recta,Resbaladiza,Buena,Diurna,Lluvia,S/D,S/D,Vuelco,Agua,Horizontal,Línea divisoria pintada,Sin restricción
2020,508,2020-02-26,Miercoles,11:40:00,,0.0,2,"Taxi/Remis,Pickup/Utilitario",Pascual Rosas Y Rioja,3,1,0,0,2,0,0,"-32.939024, -60.686240",Calle,,ROSARIO,Rosario,Asfalto,No existe,II,Dentro,Urbana,Ninguna,No existe,Intersección,Bueno,Buena,Diurna,Buen Tiempo,Lateral,S/D,Colisión,Ninguna,Faltante,Ninguna,Sin restricción
2020,509,2020-02-28,Viernes,18:00:00,Ruta Provincial 70,0.0,2,"Automóvil,Moto/Ciclomotor",A Aufranc Y Maipu,2,1,0,0,1,0,0,"-31.445609, -60.917231",Ruta,70,ESPERANZA,Las Colonias,Asfalto,No existe,XI,Dentro,Urbana,Ninguna,No existe,Intersección,Bueno,S/D,Diurna,Buen Tiempo,Lateral,S/D,Colisión,S/D,S/D,Ninguna,Sin restricción
2020,510,2020-02-23,Domingo,12:00:00,,0.0,1,Moto/Ciclomotor,Calchines Y Santa Fe,1,1,0,0,0,0,0,"-31.41677856445315,-60.334628820419",Calle,,SANTA ROSA DE CALCHINES,Garay,Asfalto,No existe,VII,Dentro,Urbana,Ninguna,No existe,Intersección,Bueno,Buena,Diurna,Buen Tiempo,"Contra objeto fijo,Frontal",S/D,Colisión,Ninguna,Faltante,Ninguna,Sin restricción
2020,511,2020-02-06,Jueves,13:00:00,Ruta Provincial 1,70.0,2,"Automóvil,Automóvil", ,4,2,0,0,2,0,0,"-31.195938214659694,-60.15904471278",Ruta,1,CAYASTA,Garay,Asfalto,Natural,VII,Dentro,Urbana,Otra Señal,No existe,Recta,Bueno,Buena,Diurna,Buen Tiempo,S/D,S/D,Colisión,Ninguna,"Horizontal,Vertical","Cordón divisorio,Línea divisoria pintada",Sin restricción
2020,512,2020-02-28,Viernes,20:00:00,,0.0,2,"Bicicleta,Moto/Ciclomotor",El Pinar Y M M T de Hoenfels,3,2,0,0,1,0,0,"-31.4429497304,-60.942112183128",Calle,,ESPERANZA,Las Colonias,Asfalto,No existe,XI,Dentro,Urbana,Ninguna,S/D,Intersección,Bueno,Buena,Nocturna,Buen Tiempo,S/D,Ciclista,Atropello,Ninguna,S/D,Ninguna,Sin restricción
2020,513,2020-02-02,Domingo,21:00:00,,0.0,2,"Automóvil,Automóvil",Av. Francia Y Av. Pellegrini,2,1,0,0,1,0,0,"-32.952439492342,-60.668385091878",Avenida,,ROSARIO,Rosario,Asfalto,No existe,II,Dentro,Urbana,Semáforo,Funciona,Intersección,Bueno,Buena,Diurna,Buen Tiempo,S/D,S/D,Colisión,Ninguna,"Horizontal,Vertical","Cordón divisorio,Vegetación,Línea divisoria pintada",Sin restricción
2020,514,2020-02-24,Lunes,03:00:00,,0.0,2,"Pickup/Utilitario,Moto/Ciclomotor",G Lehmann Y Mariano Moreno,3,2,0,0,1,0,0,"-31.450191619305,-60.932858818434",Calle,,ESPERANZA,Las Colonias,Asfalto,No existe,XI,Dentro,Urbana,Señal Pare,No existe,Intersección,Bueno,Buena,Nocturna,Buen Tiempo,Lateral,S/D,Colisión,Ninguna,Vertical,Ninguna,Sin restricción
2020,515,2020-02-21,Viernes,18:30:00,,0.0,2,"Moto/Ciclomotor,Pickup/Utilitario",1 de Mayo Y 24 De Setiembre,2,1,0,0,1,0,0,"-32.981734445976,-60.638181338232",Calle,,ROSARIO,Rosario,Asfalto,No existe,II,Dentro,Urbana,Ninguna,No existe,Intersección,Bueno,Buena,Diurna,Buen Tiempo,Frontal,S/D,Colisión,Ninguna,Faltante,Ninguna,Sin restricción
2020,516,2020-02-23,Domingo,15:05:00,,0.0,2,"Automóvil,Moto/Ciclomotor",Dr Galvez Y J M Estrada,4,3,0,0,1,0,0,"-31.454659635011,-60.940956421571",Calle,,ESPERANZA,Las Colonias,Ripio,Natural,XI,Dentro,Urbana,Ninguna,No existe,Intersección,Bueno,Buena,Diurna,Buen Tiempo,Lateral,S/D,Colisión,Otro,Faltante,Ninguna,Sin restricción
2020,517,2020-02-22,Sabado,17:00:00,,0.0,2,"Moto/Ciclomotor,Pickup/Utilitario",Buenos Aires Y Rueda,2,1,0,0,0,0,1,"-32.972016750015,-60.638885468531",Calle,,ROSARIO,Rosario,Asfalto,No existe,II,Dentro,Urbana,Señal Pare,No existe,Intersección,Bueno,Buena,Diurna,Buen Tiempo,De alcance,S/D,Colisión,Ninguna,Vertical,Ninguna,Sin restricción
2020,518,2020-02-22,Sabado,19:00:00,,0.0,2,"Moto/Ciclomotor,Pickup/Utilitario",Av. Castro Barros Y Sanchez de Bustamante,2,1,0,0,1,0,0,"-33.001356656012,-60.629474280331",Avenida,,ROSARIO,Rosario,Asfalto,No existe,II,Dentro,Urbana,Ninguna,No existe,Intersección,Bueno,Buena,Atardecer,Buen Tiempo,Lateral,S/D,Colisión,Ninguna,Faltante,Ninguna,Sin restricción
2020,519,2020-02-23,Domingo,17:25:00,,0.0,2,"Moto/Ciclomotor,Moto/Ciclomotor",General Paz Y Las Heras,2,2,0,0,0,0,0,"-31.459214851965,-60.936525349397",Calle,,ESPERANZA,Las Colonias,Asfalto,Ripio,XI,Dentro,Urbana,Ninguna,No existe,Intersección,Bueno,Buena,Diurna,Buen Tiempo,Lateral,S/D,Colisión,Ninguna,Vertical,Ninguna,Sin restricción
2020,520,2020-02-20,Jueves,18:30:00,,0.0,2,"Bicicleta,Automóvil",Cullen Y Mariano Moreno,2,1,0,0,1,0,0,"-31.451887754452,-60.933385849712",Calle,,ESPERANZA,Las Colonias,Asfalto,No existe,XI,Dentro,Urbana,Señal Pare,No existe,Intersección,Bueno,Buena,Diurna,Buen Tiempo,S/D,Ciclista,Atropello,Ninguna,Vertical,Ninguna,Sin restricción
2020,521,2020-02-20,Jueves,18:15:00,,0.0,2,"Bicicleta,Automóvil",Gaboto Y Sarmiento,2,1,0,0,1,0,0,"-32.973335869716,-60.644921362694",Calle,,ROSARIO,Rosario,Asfalto,No existe,II,Dentro,Urbana,Señal Pare,No existe,Recta,Bueno,Buena,Diurna,Buen Tiempo,S/D,Ciclista,Atropello,Ninguna,Vertical,Ninguna,Sin restricción
2020,522,2020-02-22,Sabado,16:35:00,,0.0,2,"Bicicleta,Automóvil",Bv. Segui Y L.N.Alem,2,1,0,0,1,0,0,"-32.980722975877,-60.636483679313",Avenida,,ROSARIO,Rosario,Asfalto,No existe,II,Dentro,Urbana,Ninguna,No existe,Intersección,Bueno,Buena,Diurna,Buen Tiempo,S/D,Ciclista,Atropello,Ninguna,Faltante,"Cordón divisorio,Vegetación",Sin restricción
2020,523,2020-02-14,Viernes,17:45:00,,0.0,2,"Automóvil,Moto/Ciclomotor",Almirante Brown Y Av Los Colonizadores,3,1,0,0,2,0,0,"-31.450080942898,-60.925115120717",Avenida,,ESPERANZA,Las Colonias,Asfalto,No existe,XI,Dentro,Urbana,Ninguna,No existe,Intersección,Bueno,Buena,Diurna,Buen Tiempo,Lateral,S/D,Colisión,Ninguna,Faltante,Cordón divisorio,Sin restricción
2020,524,2020-02-20,Jueves,16:15:00,,0.0,2,"Bicicleta,Moto/Ciclomotor",Leiva 6100,2,1,0,0,1,0,0,"-33.006995623505,-60.637747450951",Calle,,ROSARIO,Rosario,Asfalto,No existe,II,Dentro,Urbana,Ninguna,No existe,Intersección,Bueno,Buena,Diurna,Buen Tiempo,S/D,Ciclista,Atropello,Ninguna,Faltante,Ninguna,Sin restricción
2020,525,2020-02-07,Viernes,16:15:00,Ruta Provincial 6,0.0,2,"Automóvil,Moto/Ciclomotor",Pte Roque Saenz Pe�a Y Venezuela,2,1,0,0,1,0,0,"-31.451600, -60.911528",Ruta,6,ESPERANZA,Las Colonias,Hormigón,No existe,XI,Dentro,Urbana,Marca Vial,No existe,Intersección,Bueno,Buena,Diurna,Buen Tiempo,Frontal,S/D,Colisión,Ninguna,Horizontal,Línea divisoria pintada,Sin restricción