anio_acci,nro_acci,fecha,desc_dia,hora_aprox,desc_ruta,km,cant_participantes,desc_participante,calle_avenida_km,total,heridos_leves,heridos_graves,heridos_gravisimos,ilesos,fallecidos,sin_datos,posicion_XY,desc_tipo_via,desc_ruta_ori,desc_loc,desc_dpto,desc_tipo_calzada,desc_tipo_banquina,desc_unidad_regional,desc_lugar_calzada,desc_zona,desc_prioridad,desc_estado_semaforo,desc_lugar_via,desc_estado_via,desc_estado_visibilidad,desc_luminosidad,desc_estado_clima,desc_tipo_colision,desc_tipo_atropello,desc_tipo_hecho,desc_pres_calzada,desc_senializacion,desc_separacion_via,desc_restriccion
2020,526,2020-02-26,Miercoles,08:30:00,,0.0,2,"Transporte de Pasajeros Urbano (> 8 asientos),Peatón",Mendoza Y Ricchieri,2,1,0,0,1,0,0,"-32.947144, -60.664093",Calle,,ROSARIO,Rosario,Asfalto,No existe,II,Dentro,Urbana,Ninguna,Funciona,Intersección,Bueno,Buena,Diurna,Buen Tiempo,S/D,Peatón,Atropello,S/D,"Horizontal,Vertical",Ninguna,Sin restricción
2020,527,2020-02-06,Jueves,19:35:00,Ruta Provincial 5,0.0,2,"Bicicleta,Moto/Ciclomotor", ,2,1,1,0,0,0,0,"-31.520317, -60.835091",Ruta,5,ESPERANZA,Las Colonias,Asfalto,Natural,XI,Dentro,Rural,Marca Vial,No existe,Recta,Bueno,Buena,Diurna,Buen Tiempo,S/D,Ciclista,Atropello,Ninguna,Horizontal,Línea divisoria pintada,Sin restricción
2020,528,2020-02-26,Miercoles,21:45:00,,0.0,2,"Automóvil,Moto/Ciclomotor",L.N.Alem Y Montevideo,2,1,0,0,1,0,0,"-32.957879, -60.630775",Calle,,ROSARIO,Rosario,Asfalto,No existe,II,Dentro,Urbana,Ninguna,No existe,Intersección,Bueno,Buena,"Nocturna,Con luz artificial",Buen Tiempo,Lateral,S/D,Colisión,S/D,"Horizontal,Vertical",Ninguna,Sin restricción
2020,529,2020-02-08,Sabado,21:20:00,Ruta Provincial 70,0.0,2,"Moto/Ciclomotor,Moto/Ciclomotor",Brigadier Lopez Y Tito P J Bottai,4,1,0,0,3,0,0,"-31.451350326239,-60.893672776861",Ruta,70,ESPERANZA,Las Colonias,"Asfalto,Tierra",Natural,XI,Dentro,Urbana,Marca Vial,No existe,Intersección,Bueno,Buena,"Nocturna,Con luz artificial",Buen Tiempo,Frontal,S/D,Colisión,Ninguna,Horizontal,Línea divisoria pintada,Sin restricción
2020,530,2020-02-27,Jueves,12:55:00,,0.0,2,"Automóvil,Moto/Ciclomotor",Mariano Moreno Y Viamonte,2,1,0,0,1,0,0,"-32.963104, -60.655334",Calle,,ROSARIO,Rosario,Asfalto,No existe,II,Dentro,Urbana,Ninguna,No existe,Intersección,Bueno,Buena,Diurna,Buen Tiempo,Lateral,S/D,Colisión,Ninguna,"Horizontal,Vertical",Ninguna,Sin restricción
2020,531,2020-02-20,Jueves,10:15:00,,0.0,2,"Automóvil,Camión",Bv. Segui Y Sarmiento,2,1,0,0,1,0,0,"-32.978962429421,-60.646343767061",Avenida,,ROSARIO,Rosario,Asfalto,No existe,II,Dentro,Urbana,Señal Pare,No existe,Intersección,Bueno,Buena,Diurna,Buen Tiempo,Lateral,S/D,Colisión,Ninguna,"Horizontal,Vertical","Cordón divisorio,Vegetación",Sin restricción
2020,532,2020-02-20,Jueves,15:35:00,,0.0,1,Moto/Ciclomotor,Av. Battle y Ordo�ez Y Laprida,3,2,0,0,1,0,0,"-33.00887338721,-60.64672344202",Avenida,,ROSARIO,Rosario,Asfalto,No existe,II,Dentro,Urbana,Semáforo,Funciona,Intersección,Bueno,Buena,Diurna,Buen Tiempo,S/D,S/D,Cañda ocupante,Ninguna,"Horizontal,Vertical",Línea divisoria pintada,Sin restricción
2020,533,2020-02-27,Jueves,19:30:00,,0.0,2,"Automóvil,Moto/Ciclomotor",Bv. Oroño Y Lugones,3,2,0,0,1,0,0,"-32.958292, -60.656864",Avenida,,ROSARIO,Rosario,Asfalto,No existe,II,Dentro,Urbana,Ninguna,No existe,Intersección,Bueno,Buena,"Atardecer,Con luz artificial",Buen Tiempo,Lateral,S/D,Colisión,Ninguna,Horizontal,Cordón divisorio,Sin restricción
2020,534,2020-02-08,Sabado,19:00:00,,0.0,2,"Moto/Ciclomotor,Automóvil",Hilarion de la Quintana Y San Martin,2,1,0,0,1,0,0,"-32.982898368337,-60.645082671165",Calle,,ROSARIO,Rosario,Asfalto,No existe,II,Dentro,Urbana,Señal Pare,No existe,Intersección,Bueno,Buena,Atardecer,Buen Tiempo,Lateral,S/D,Colisión,Ninguna,"Horizontal,Vertical","Cordón divisorio,Vegetación,Línea divisoria pintada",Sin restricción
2020,535,2020-02-01,Sabado,07:00:00,,0.0,2,"Taxi/Remis,Moto/Ciclomotor",Mendoza Y Paraguay,3,2,0,0,1,0,0,"-32.950584, -60.645018",Calle,,ROSARIO,Rosario,Asfalto,No existe,II,Dentro,Urbana,Semáforo,Funciona,Intersección,Bueno,Buena,"Amanecer,Con luz artificial",Buen Tiempo,Lateral,S/D,Colisión,Ninguna,"Horizontal,Vertical",Ninguna,Sin restricción
2020,536,2020-01-14,Martes,16:20:00,,0.0,2,"Automóvil,Automóvil",Alvear Y Corrientes,2,1,0,0,1,0,0,"-33.00993, -60.6118",Calle,,VILLA GOBERNADOR GÁLVEZ,Rosario,Asfalto,No existe,II,S/D,Urbana,Ninguna,No existe,Recta,Bueno,Buena,Diurna,Buen Tiempo,Frontal,S/D,Colisión,Ninguna,Faltante,Ninguna,Sin restricción
2020,537,2020-01-12,Domingo,22:30:00,,0.0,2,"Automóvil,Moto/Ciclomotor",Av Juan Domingo Peron Y Cordoba,3,2,0,0,1,0,0,"-33.01443, -60.61562",Calle,,VILLA GOBERNADOR GÁLVEZ,Rosario,Asfalto,No existe,II,Dentro,Urbana,Ninguna,No existe,Recta,Bueno,Buena,"Nocturna,Con luz artificial",Buen Tiempo,De alcance,S/D,Colisión,Ninguna,Faltante,Ninguna,Sin restricción
2020,538,2020-01-10,Viernes,02:55:00,,0.0,2,"Moto/Ciclomotor,Pickup/Utilitario",G Lopez Y Andreu,3,1,0,0,0,0,2,"-33.01682, -60.61377",Calle,,VILLA GOBERNADOR GÁLVEZ,Rosario,Asfalto,No existe,II,S/D,Urbana,Ninguna,No existe,Recta,Bueno,Buena,"Nocturna,Con luz artificial",Buen Tiempo,De alcance,S/D,Colisión,Ninguna,Faltante,Ninguna,Sin restricción
2020,539,2020-01-14,Martes,19:05:00,,0.0,2,"Moto/Ciclomotor,Moto/Ciclomotor",J.B.Justo Y Bolivia Bis,2,1,0,0,0,0,1,"-32.91503, -60.71576",Calle,,ROSARIO,Rosario,Asfalto,S/D,II,S/D,Urbana,S/D,S/D,Recta,Bueno,S/D,Nocturna,Buen Tiempo,Lateral,S/D,Colisión,Ninguna,S/D,S/D,S/D
2020,540,2020-01-13,Lunes,10:20:00,,0.0,2,"Moto/Ciclomotor,Automóvil",Av. Eva Peron ,2,0,1,0,0,0,1,"-32.93144, -60.72181",Calle,,ROSARIO,Rosario,S/D,S/D,II,S/D,Urbana,Semáforo,Funciona,S/D,S/D,Buena,Diurna,Otro,S/D,S/D,Colisión,S/D,S/D,Cordón divisorio,Sin restricción
2020,541,2020-01-08,Miercoles,07:00:00,,0.0,2,"Moto/Ciclomotor,Moto/Ciclomotor",Jose Ingenieros Y Dr.G.Colombres,2,1,0,0,1,0,0,"-32.9176, -60.73036",Calle,,ROSARIO,Rosario,Asfalto,Pavimento,II,Dentro,Urbana,Ninguna,No existe,Recta,Bueno,Buena,Diurna,Otro,De alcance,S/D,Colisión,Ninguna,Faltante,Ninguna,Sin restricción
2020,542,2020-01-08,Miercoles,10:40:00,,0.0,2,"Automóvil,Moto/Ciclomotor",J.J.Paso Y Pje. Cafayate Bis,2,1,0,0,1,0,0,"-32.92016, -60.71055",Avenida,,ROSARIO,Rosario,Asfalto,No existe,II,Dentro,Urbana,Ninguna,No existe,Intersección,Bueno,Buena,Diurna,Buen Tiempo,Otro,S/D,Colisión,Ninguna,S/D,Ninguna,Sin restricción
2020,543,2020-01-09,Jueves,22:35:00,,0.0,2,"Moto/Ciclomotor,Bicicleta",Av. Sorrento Y Cullen,2,2,0,0,0,0,0,"-32.90787,-60.71048",Avenida,,ROSARIO,Rosario,S/D,Natural,II,Dentro,Urbana,Ninguna,No existe,Intersección,Bueno,Buena,Con luz artificial,Buen Tiempo,Otro,S/D,Colisión,Ninguna,Faltante,Ninguna,Sin restricción
2020,544,2020-01-14,Martes,18:10:00,,0.0,2,"Moto/Ciclomotor,Taxi/Remis",Bv. 27 De Febrero Y Suipacha,3,0,2,0,1,0,0,"-32.96292, -60.66949",Calle,,ROSARIO,Rosario,Asfalto,No existe,II,S/D,Urbana,Semáforo,Funciona,Intersección,Bueno,Buena,Diurna,Buen Tiempo,S/D,S/D,Colisión,Ninguna,Vertical,Ninguna,Sin restricción
2020,545,2020-01-13,Lunes,17:20:00,,0.0,2,"Moto/Ciclomotor,Moto/Ciclomotor",Av. Genova Y Pje. Aguapey Bis,3,2,0,0,0,0,1,"-32.91583, -60.70573",Avenida,,ROSARIO,Rosario,Asfalto,No existe,II,Dentro,Urbana,S/D,No existe,Intersección,Bueno,Buena,Diurna,Buen Tiempo,Otro,S/D,Colisión,Ninguna,Faltante,Ninguna,Sin restricción
2020,546,2020-01-08,Miercoles,03:40:00,,0.0,2,"Moto/Ciclomotor,Automóvil",Mendoza Y Av. Circunvalacion,3,0,2,0,0,0,1,"-32.94059, -60.72248",Calle,,ROSARIO,Rosario,Asfalto,S/D,II,Dentro,Urbana,S/D,Intermitente,Recta,Bueno,Buena,"Nocturna,Con luz artificial",S/D,S/D,S/D,Colisión,Ninguna,Horizontal,Cordón divisorio,Sin restricción
2020,547,2020-01-09,Jueves,06:10:00,,0.0,2,"Moto/Ciclomotor,Moto/Ciclomotor",9 de Julio Y San Lorenzo,2,0,0,1,1,0,0,"-30.30578, -61.24133",Calle,,SAN CRISTÓBAL,San CRISTÓBAL,"Tierra,Ripio",No existe,XIII,Dentro,Urbana,Ninguna,No existe,Intersección,Resbaladiza,Buena,Diurna,Buen Tiempo,Lateral,S/D,Colisión,Material Suelto,Faltante,Ninguna,Sin restricción
2020,548,2020-01-14,Martes,10:30:00,,0.0,2,"Pickup/Utilitario,Moto/Ciclomotor",Chacabuco 1300,2,1,0,0,1,0,0,"-30.30913, -61.23049",Calle,,SAN CRISTÓBAL,San CRISTÓBAL,Asfalto,No existe,XIII,S/D,Urbana,Ninguna,No existe,Recta,Bueno,Buena,Diurna,Buen Tiempo,Lateral,S/D,Colisión,Ninguna,Faltante,Ninguna,Sin restricción
2020,549,2020-01-15,Miercoles,21:10:00,,0.0,2,"Moto/Ciclomotor,Bicicleta",San Martin Y Av Angel Igobone,2,1,0,0,1,0,0,"-32.36599, -61.3612",Calle,,SAN GENARO,San JERÓNIMO,Asfalto,No existe,XV,S/D,Urbana,Ninguna,No existe,Intersección,Deteriorada,Buena,"Nocturna,Con luz artificial",Buen Tiempo,S/D,Ciclista,Atropello,Ninguna,Faltante,Ninguna,Sin restricción
2020,550,2020-01-11,Sabado,12:10:00,,0.0,2,"Pickup/Utilitario,Moto/Ciclomotor",CORDOBA Y 25 DE MAYO,4,1,0,0,3,0,0,"-32.36239,-61.33444",Calle,,SAN GENARO NORTE,San JERÓNIMO,Asfalto,Pavimento,XV,Dentro,Urbana,Ninguna,No existe,Recta,Bueno,Buena,Diurna,Buen Tiempo,Lateral,S/D,Colisión,Ninguna,Faltante,Ninguna,Sin restricción
2020,551,2020-01-13,Lunes,19:15:00,,0.0,3,"Automóvil,Automóvil,Automóvil",Dorrego Y Rivadavia,3,1,0,0,0,0,2,"-32.02906, -61.21754",Calle,,GÁLVEZ,San JERÓNIMO,Asfalto,No existe,XV,Dentro,Urbana,Ninguna,No existe,Recta,S/D,Buena,Diurna,Buen Tiempo,Múltiple,S/D,Colisión,Ninguna,S/D,Ninguna,Sin restricción
2020,552,2020-01-13,Lunes,20:25:00,,0.0,2,"Pickup/Utilitario,Moto/Ciclomotor",Calle 21 Y Calle 36,2,1,0,0,1,0,0,"-29.12468, -59.6446",Calle,,AVELLANEDA,General Obligado,Asfalto,No existe,IX,S/D,Urbana,Ninguna,No existe,Intersección,Bueno,Buena,Nocturna,Buen Tiempo,Lateral,S/D,Colisión,Ninguna,Faltante,Ninguna,Sin restricción
2020,553,2020-01-14,Martes,11:50:00,,0.0,2,"Automóvil,Moto/Ciclomotor",Calle 33-Pueyrredon Y Calle 50,4,3,0,0,1,0,0,"-29.15171,-59.66765",Calle,,RECONQUISTA,General Obligado,Tierra,No existe,IX,S/D,Urbana,Ninguna,No existe,Intersección,Bueno,Buena,Diurna,Buen Tiempo,Lateral,S/D,Colisión,Ninguna,Vertical,Ninguna,Sin restricción
2020,554,2020-01-10,Viernes,15:25:00,,0.0,2,"Moto/Ciclomotor,Automóvil",Av. Corrientes Y Olegario V.Andrade,2,1,0,0,1,0,0,"-32.99602, -60.6535",Calle,,ROSARIO,Rosario,Asfalto,No existe,II,Dentro,Urbana,Ninguna,No existe,Intersección,Bueno,Buena,Diurna,Buen Tiempo,De alcance,S/D,Colisión,Ninguna,Faltante,Ninguna,Sin restricción
2020,555,2020-01-12,Domingo,,,0.0,1,Moto/Ciclomotor,Bv. Oroño Y Av. Battle y Ordo�ez,2,2,0,0,0,0,0,"-33.00929, -60.66493",Avenida,,ROSARIO,Rosario,Asfalto,No existe,II,S/D,Urbana,Ninguna,S/D,Recta,Bueno,Buena,Diurna,Buen Tiempo,Contra objeto fijo,S/D,Colisión,Ninguna,S/D,Ninguna,Sin restricción
2020,556,2020-01-12,Domingo,07:55:00,Ruta Provincial 21,0.0,2,"Moto/Ciclomotor,Pickup/Utilitario",Av Gral San Martin Y Av Pe�aloza,2,1,0,0,1,0,0,"-33.03969, -60.61253",Ruta,21,VILLA GOBERNADOR GÁLVEZ,Rosario,Asfalto,S/D,II,S/D,Urbana,Ninguna,No existe,Intersección,Bueno,Buena,Diurna,Buen Tiempo,Lateral,S/D,Colisión,Ninguna,Faltante,Ninguna,Sin restricción
2020,557,2020-01-24,Viernes,10:30:00,,0.0,2,"Bicicleta,Pickup/Utilitario",Belgrano Manuel Y Suipacha,2,1,0,0,1,0,0,"    -31.72373, -61.09075",Calle,,SAN CARLOS CENTRO,Las Colonias,Asfalto,No existe,XI,Dentro,Urbana,Ninguna,No existe,Intersección,Bueno,Buena,Diurna,Buen Tiempo,De alcance,Ciclista,Atropello,Ninguna,Vertical,Ninguna,Sin restricción
2020,558,2020-01-13,Lunes,21:15:00,Ruta Provincial 21,0.0,2,"Moto/Ciclomotor,Automóvil",Av Gral San Martin Y I A Edison,3,2,0,0,1,0,0,"-33.01667, -60.63381",Ruta,21,VILLA GOBERNADOR GÁLVEZ,Rosario,Asfalto,No existe,II,Dentro,Urbana,Ninguna,No existe,Intersección,Bueno,Buena,"Nocturna,Con luz artificial",Buen Tiempo,Lateral,S/D,Colisión,Ninguna,Faltante,Ninguna,Sin restricción
2020,559,2020-01-11,Sabado,15:20:00,,0.0,2,"Moto/Ciclomotor,Peatón",Melian ,2,1,1,0,0,0,0,"-33.015019957995, -60.659066375883",Calle,,ROSARIO,Rosario,S/D,No existe,II,S/D,Urbana,S/D,No existe,Recta,Bueno,S/D,Diurna,Buen Tiempo,S/D,Peatón,Atropello,Ninguna,S/D,S/D,Sin restricción
2020,560,2020-01-30,Jueves,17:15:00,,0.0,2,"Automóvil,Peatón",Simon de Iriondo 3500,2,1,0,0,1,0,0,"    -31.4371, -60.92677",Calle,,ESPERANZA,Las Colonias,Asfalto,No existe,XI,Dentro,Urbana,Ninguna,No existe,Recta,Bueno,Buena,"Diurna,Con luz artificial",Buen Tiempo,S/D,Peatón,Atropello,S/D,Horizontal,S/D,Sin restricción
2020,561,2020-01-15,Miercoles,17:55:00,,0.0,2,"Moto/Ciclomotor,Automóvil",Calle 31-Newbery ,3,1,0,0,2,0,0,"-29.15198, -59.65509",Calle,,RECONQUISTA,General Obligado,Asfalto,No existe,IX,S/D,Urbana,Ninguna,No existe,Intersección,Bueno,Buena,Diurna,Buen Tiempo,Otro,S/D,Colisión,Ninguna,Vertical,Ninguna,Sin restricción
2020,562,2020-01-25,Sabado,20:30:00,Ruta Provincial 1,83.0,2,"Automóvil,Moto/Ciclomotor", ,2,1,0,0,1,0,0,"    -31.09441, -60.09282",Ruta,1,HELVECIA,Garay,Asfalto,Pavimento,VII,Dentro,Urbana,Ninguna,No existe,Recta,Otro,Buena,Nocturna,Buen Tiempo,Frontal,S/D,Colisión,S/D,Vertical,Línea divisoria pintada,Sin restricción
2020,563,2020-01-11,Sabado,18:00:00,,0.0,2,"Pickup/Utilitario,Bicicleta",Bv. Segui Y Vera Mujica,2,1,0,0,1,0,0,"-32.97401, -60.67518",Avenida,,ROSARIO,Rosario,Asfalto,S/D,II,S/D,Urbana,S/D,S/D,Recta,Bueno,S/D,Diurna,Buen Tiempo,S/D,Ciclista,Atropello,Ninguna,S/D,Ninguna,Sin restricción
2020,564,2020-01-09,Jueves,22:40:00,,0.0,1,Bicicleta,Pje. Alcorta Y Pte.Quintana,1,1,0,0,0,0,0,"-32.97871, -60.66852",Calle,,ROSARIO,Rosario,Asfalto,S/D,II,S/D,Urbana,S/D,No existe,Recta,Bueno,S/D,Nocturna,Buen Tiempo,S/D,S/D,Cañda ocupante,Ninguna,S/D,S/D,S/D
2020,565,2020-01-24,Viernes,,Ruta Provincial 18,14.0,1,Moto/Ciclomotor, ,1,1,0,0,0,0,0,"    -33.14819, -60.71677",Ruta,18,ÁLVAREZ,Rosario,Tierra,No existe,II,Dentro,Rural,Ninguna,No existe,Recta,Deteriorada,Buena,Diurna,Buen Tiempo,Atropello animal,S/D,Colisión,S/D,Faltante,Ninguna,Sin restricción
2020,566,2020-02-20,Jueves,07:30:00,,0.0,2,"Moto/Ciclomotor,Automóvil",Arteaga Y Patricios,2,1,0,0,1,0,0,"-33.010778250195,-60.643402202341",Calle,,ROSARIO,Rosario,Asfalto,No existe,II,Dentro,Urbana,Ninguna,No existe,Intersección,Bueno,Buena,Diurna,Buen Tiempo,Lateral,S/D,Colisión,Ninguna,Faltante,Ninguna,Sin restricción
2020,567,2020-01-10,Viernes,20:05:00,,0.0,2,"Pickup/Utilitario,Moto/Ciclomotor",Av. Arijon Y Mariano Moreno,2,1,0,0,1,0,0,"-33.00347, -60.66194",Calle,,ROSARIO,Rosario,Asfalto,No existe,II,S/D,Urbana,S/D,S/D,Recta,Bueno,Buena,Nocturna,Buen Tiempo,Otro,S/D,Colisión,Ninguna,S/D,Ninguna,Sin restricción
2020,568,2020-01-24,Viernes,19:00:00,,0.0,2,"Moto/Ciclomotor,Moto/Ciclomotor",Ituzaingo Y Necochea,2,2,0,0,0,0,0,"    -33.13012, -60.80855",Calle,,ÁLVAREZ,Rosario,S/D,No existe,II,Dentro,Urbana,Ninguna,No existe,Intersección,Bueno,Buena,Atardecer,Buen Tiempo,Lateral,S/D,Colisión,Ninguna,Faltante,Ninguna,Sin restricción
2020,569,2020-01-15,Miercoles,06:40:00,,0.0,2,"Moto/Ciclomotor,Camión Chasis",Av. Arijon Y España,2,1,0,0,1,0,0,"-33.00331, -60.65763",Avenida,,ROSARIO,Rosario,Asfalto,S/D,II,S/D,Urbana,Ninguna,Funciona,Recta,Bueno,Buena,Diurna,Buen Tiempo,Otro,S/D,Colisión,Ninguna,S/D,Ninguna,Sin restricción
2020,570,2020-02-14,Viernes,,Ruta Provincial 10,203.0,2,"Automóvil,Moto/Ciclomotor", ,2,1,1,0,0,0,0,"-31.30083, -61.22508",Ruta,10,FELICIA,Las Colonias,Asfalto,Natural,XI,Fuera,Rural,Marca Vial,No existe,Recta,Bueno,Reducida,Nocturna,Buen Tiempo,Frontal,S/D,Colisión,Ninguna,Horizontal,Línea divisoria pintada,Sin restricción
2020,571,2020-02-02,Domingo,11:30:00,,0.0,2,"Moto/Ciclomotor,Pickup/Utilitario",Av Las Heras Y Independencia,2,1,0,0,1,0,0,"-31.441513895988486,-61.25294744968",Avenida,,PILAR,Las Colonias,Ripio,No existe,XI,Dentro,Urbana,Ninguna,No existe,Recta,Bueno,Buena,Diurna,Buen Tiempo,Lateral,S/D,Colisión,S/D,Faltante,Ninguna,Sin restricción
2020,572,2020-01-01,Miercoles,15:45:00,,0.0,2,"Automóvil,Moto/Ciclomotor",Gurruchaga Y J.C.Paz,2,0,1,0,1,0,0,"-32.90459, -60.68669",S/D,,ROSARIO,Rosario,S/D,S/D,II,S/D,S/D,S/D,S/D,S/D,S/D,S/D,Diurna,S/D,S/D,S/D,S/D,S/D,S/D,S/D,S/D
2020,573,2020-01-15,Miercoles,20:00:00,Ruta Nacional 9,0.0,2,"Moto/Ciclomotor,Moto/Ciclomotor",Ruta Nacional 9 ,2,0,1,0,1,0,0,"-32.92333, -60.79388",Ruta,9,FUNES,Rosario,Asfalto,S/D,II,S/D,Urbana,S/D,S/D,Intersección,Bueno,Buena,Atardecer,Buen Tiempo,S/D,S/D,Colisión,Ninguna,S/D,S/D,Sin restricción
2020,574,2020-01-11,Sabado,13:00:00,Ruta Nacional 9,0.0,2,"Automóvil,Automóvil",Ruta Nacional 9 ,3,1,0,0,2,0,0,"-32.92468, -60.77128",Ruta,9,FUNES,Rosario,Asfalto,Ripio,II,Dentro,Urbana,S/D,S/D,Intersección,Bueno,Buena,Diurna,Buen Tiempo,S/D,S/D,Colisión,Ninguna,S/D,S/D,Sin restricción
2020,575,2020-01-01,Miercoles,,,0.0,2,"Moto/Ciclomotor,Automóvil",Cornelio Saavedra Y  Remedios de Escalada de San M,2,1,0,0,1,0,0,"-33.05019, -61.18364",S/D,,CASILDA,Caseros,S/D,S/D,IV,S/D,S/D,S/D,S/D,S/D,S/D,S/D,S/D,S/D,S/D,S/D,S/D,S/D,S/D,S/D,S/D
2020,576,2020-02-15,Sabado,19:30:00,,0.0,2,"Moto/Ciclomotor,Automóvil",Juan de Garay Y Rivadavia,3,2,0,0,1,0,0,"-31.738751295279,-61.092998912139",Calle,,SAN CARLOS CENTRO,Las Colonias,Ripio,No existe,XI,Dentro,Urbana,Ninguna,No existe,Intersección,Bueno,Buena,Atardecer,Buen Tiempo,Frontal,S/D,Colisión,Ninguna,Faltante,Ninguna,Sin restricción
2020,577,2020-01-30,Jueves,14:55:00,,0.0,2,"Automóvil,Moto/Ciclomotor",Leloir Y La Tradicion,2,1,0,0,1,0,0,"    -32.92755, -60.85088",Calle,,FUNES,Rosario,Asfalto,No existe,II,Dentro,Urbana,S/D,S/D,Intersección,Bueno,Buena,Diurna,Buen Tiempo,S/D,S/D,Colisión,Ninguna,S/D,S/D,Sin restricción
2020,578,2020-02-15,Sabado,10:15:00,,0.0,2,"Moto/Ciclomotor,Pickup/Utilitario",Belgrano Manuel 700,2,1,0,0,1,0,0,"-31.728821955616,-61.09202770294",Calle,,SAN CARLOS CENTRO,Las Colonias,Asfalto,No existe,XI,Dentro,Urbana,Ninguna,S/D,Recta,Bueno,S/D,Diurna,Buen Tiempo,De alcance,S/D,Colisión,Ninguna,Faltante,Ninguna,Sin restricción
2020,579,2020-01-08,Miercoles,01:00:00,Ruta Nacional 9,0.0,2,"Bicicleta,Automóvil",Ruta Nacional 9 ,2,1,0,0,0,0,1,"-32.92397, -60.78298",Ruta,9,FUNES,Rosario,Asfalto,Ripio,II,Dentro,Urbana,S/D,No funciona,Recta,Bueno,Buena,Nocturna,Buen Tiempo,S/D,Ciclista,Atropello,Ninguna,Vertical,Línea divisoria pintada,Sin restricción
2020,580,2020-02-22,Sabado,14:45:00,,0.0,2,"Automóvil,Moto/Ciclomotor",Lopez y Planes Y Moreno,2,1,0,0,1,0,0,"-31.748711623225,-61.094034045154",Calle,,SAN CARLOS CENTRO,Las Colonias,Ripio,No existe,XI,Dentro,Urbana,Ninguna,No existe,Intersección,Bueno,Buena,Diurna,Buen Tiempo,De alcance,S/D,Colisión,Ninguna,Faltante,Ninguna,Sin restricción
2020,581,2020-02-19,Miercoles,08:45:00,,0.0,2,"Bicicleta,Pickup/Utilitario",Domingo Sarmiento Y Pte J D Peron,2,0,1,0,1,0,0,"-31.725427784588,-61.094008334728",Calle,,SAN CARLOS CENTRO,Las Colonias,Asfalto,No existe,XI,Dentro,Urbana,Ninguna,No existe,Intersección,Bueno,S/D,Diurna,Buen Tiempo,S/D,Ciclista,Atropello,Ninguna,S/D,Ninguna,Sin restricción
2020,582,2020-01-29,Miercoles,16:20:00,,0.0,3,"Pickup/Utilitario,Automóvil,Pickup/Utilitario",Galindo Y Av Fuerza Aerea,6,3,0,0,3,0,0,"    -32.92936, -60.82007",Avenida,,FUNES,Rosario,Asfalto,No existe,II,Dentro,Urbana,S/D,S/D,Intersección,Bueno,Buena,Diurna,Buen Tiempo,S/D,S/D,Colisión,Ninguna,S/D,S/D,Sin restricción
2020,583,2020-01-01,Miercoles,03:00:00,,0.0,2,"Moto/Ciclomotor,Automóvil",General Bartolome Mitre Y Esteban Echeverria,3,2,0,0,0,0,1,"-33.04869, -61.16705",S/D,,CASILDA,Caseros,S/D,S/D,IV,S/D,S/D,S/D,S/D,S/D,S/D,S/D,Nocturna,S/D,S/D,S/D,S/D,S/D,S/D,S/D,S/D
2020,584,2020-01-01,Miercoles,19:50:00,,0.0,1,Cuatriciclo,25 de Mayo Y Garay,1,0,1,0,0,0,0,"-31.97255, -60.91914",S/D,,CORONDA,San JERÓNIMO,S/D,S/D,XV,S/D,S/D,S/D,S/D,S/D,S/D,S/D,Nocturna,S/D,S/D,S/D,"Vuelco,Despiste",S/D,S/D,S/D,S/D
2020,585,2020-02-23,Domingo,19:10:00,Ruta Provincial 6,0.0,2,"Moto/Ciclomotor,Moto/Ciclomotor",San Martin 2500,2,2,0,0,0,0,0,"-31.746011126364,-61.097664154233",Ruta,6,SAN CARLOS CENTRO,Las Colonias,Asfalto,No existe,XI,Dentro,Urbana,Ninguna,No existe,Recta,Bueno,Buena,Atardecer,Buen Tiempo,Otro,S/D,Colisión,Ninguna,Faltante,Ninguna,Sin restricción
2020,586,2020-01-08,Miercoles,10:45:00,,0.0,2,"Moto/Ciclomotor,Pickup/Utilitario",Libertad 210,2,1,0,0,1,0,0,"-33.15545, -60.51378",Calle,,ARROYO SECO,Rosario,Asfalto,S/D,II,Dentro,Urbana,Ninguna,No existe,Recta,Bueno,Buena,Diurna,Buen Tiempo,De alcance,S/D,Colisión,Ninguna,Faltante,Ninguna,Sin restricción
2020,587,2020-02-10,Lunes,20:20:00,Ruta Provincial 10,143.0,2,"Automóvil,Pickup/Utilitario", ,5,1,0,0,4,0,0,"-31.73708, -61.30681",Ruta,10,SANTA CLARA DE BUENA VISTA,Las Colonias,Asfalto,Natural,XI,Dentro,Rural,Marca Vial,No existe,Recta,Bueno,Buena,Nocturna,Buen Tiempo,De alcance,S/D,Colisión,Ninguna,Horizontal,Línea divisoria pintada,Sin restricción