anio_acci,nro_acci,fecha,desc_dia,hora_aprox,desc_ruta,km,cant_participantes,desc_participante,calle_avenida_km,total,heridos_leves,heridos_graves,heridos_gravisimos,ilesos,fallecidos,sin_datos,posicion_XY,desc_tipo_via,desc_ruta_ori,desc_loc,desc_dpto,desc_tipo_calzada,desc_tipo_banquina,desc_unidad_regional,desc_lugar_calzada,desc_zona,desc_prioridad,desc_estado_semaforo,desc_lugar_via,desc_estado_via,desc_estado_visibilidad,desc_luminosidad,desc_estado_clima,desc_tipo_colision,desc_tipo_atropello,desc_tipo_hecho,desc_pres_calzada,desc_senializacion,desc_separacion_via,desc_restriccion
2020,665,2020-01-18,Sabado,05:50:00,Ruta Nacional 33,783.0,1,Moto/Ciclomotor,Av Pueyrredon ,1,0,0,0,0,1,0,"-33.00668,-60.7888",Ruta,33,PEREZ,Rosario,Asfalto,Pavimento,II,Dentro,Urbana,Ninguna,No existe,Curva,Bueno,Buena,Nocturna,Buen Tiempo,Contra objeto fijo,S/D,Colisión,Ninguna,Faltante,Ninguna,Sin restricción
2020,666,2020-02-28,Viernes,20:00:00,Ruta Nacional 11,0.0,2,"Moto/Ciclomotor,Automóvil",B de Tucuman Y Ruta Nacional 11,2,1,0,0,1,0,0,"-30.786029528589,-60.599784693356",Ruta,11,SAN JUSTO,San Justo,Asfalto,Ripio,XVI,Dentro,Urbana,Ninguna,No existe,Intersección,Bueno,Buena,Atardecer,Buen Tiempo,Lateral,S/D,Colisión,Ninguna,Horizontal,Línea divisoria pintada,Sin restricción
2020,667,2020-02-07,Viernes,10:00:00,,0.0,2,"Automóvil,Moto/Ciclomotor",9 de Julio Y Gdor Cabal,3,1,0,0,2,0,0,"-30.788365672616,-60.593896376337",Calle,,SAN JUSTO,San Justo,Asfalto,No existe,XVI,Dentro,Urbana,Señal Pare,No existe,Intersección,Bueno,Buena,Diurna,Buen Tiempo,S/D,S/D,Colisión,Agua,Vertical,Ninguna,Sin restricción
2020,668,2020-02-24,Lunes,02:00:00,,0.0,1,Moto/Ciclomotor,Rivadavia B ,1,0,1,0,0,0,0,"-30.780450078847,-60.593090358701",Calle,,SAN JUSTO,San Justo,Asfalto,No existe,XVI,Dentro,Urbana,S/D,S/D,Intersección,Bueno,Buena,"Nocturna,Con luz artificial",Buen Tiempo,Atropello animal,S/D,Colisión,Ninguna,S/D,S/D,Sin restricción
2020,669,2020-02-28,Viernes,16:30:00,,0.0,2,"Ambulancia,Moto/Ciclomotor",25 de Mayo Y Bv C Pellegrini,3,2,0,0,1,0,0,"-30.793201619027,-60.596538097749",Avenida,,SAN JUSTO,San Justo,Hormigón,No existe,XVI,Dentro,Urbana,Ninguna,No existe,Intersección,Bueno,Buena,Diurna,Buen Tiempo,Lateral,S/D,Colisión,Ninguna,Faltante,"Cordón divisorio,Vegetación",Sin restricción
2020,670,2020-02-29,Sabado,,,0.0,2,"Pickup/Utilitario,Pickup/Utilitario",J D Peron Y L N Alem,2,1,0,0,1,0,0,"-30.800495699801,-60.589268997564",Calle,,SAN JUSTO,San Justo,Asfalto,No existe,XVI,Dentro,Urbana,Ninguna,No existe,Intersección,Bueno,Buena,Diurna,Buen Tiempo,Lateral,S/D,Colisión,Ninguna,Faltante,Ninguna,Sin restricción
2020,671,2020-02-28,Viernes,19:10:00,,0.0,2,"Moto/Ciclomotor,Automóvil",Italia Y Pje. Angeloni,4,1,0,0,3,0,0,"-30.793159777698,-60.58892125837",Calle,,ROSARIO,Rosario,Asfalto,No existe,XVI,Dentro,Urbana,Ninguna,No existe,Intersección,Bueno,Buena,Diurna,Buen Tiempo,Lateral,S/D,Colisión,Ninguna,Vertical,Ninguna,Sin restricción
2020,672,2020-02-15,Sabado,,,0.0,1,Moto/Ciclomotor,9 de Julio Y Gral Urquiza,1,0,1,0,0,0,0,"-30.789107347647,-60.589492069535",Calle,,SAN JUSTO,San Justo,Hormigón,No existe,XVI,Dentro,Urbana,Paso Peatonal,No existe,Intersección,Bueno,Buena,Atardecer,Buen Tiempo,S/D,S/D,Cañda ocupante,Ninguna,Horizontal,Ninguna,Sin restricción
2020,673,2020-02-20,Jueves,14:40:00,,0.0,2,"Peatón,Camión c / Acoplado",Fco Romero 2665,2,1,0,0,1,0,0,"-30.79308163535,-60.582177981006",Calle,,SAN JUSTO,San Justo,Tierra,No existe,XVI,Dentro,Urbana,Ninguna,No existe,Intersección,Bueno,Buena,Diurna,Buen Tiempo,S/D,Peatón,Atropello,Ninguna,Faltante,Ninguna,Sin restricción
2020,674,2020-02-22,Sabado,15:25:00,,0.0,2,"Moto/Ciclomotor,Automóvil",R E De San Martin Y Sarmiento,2,1,0,0,1,0,0,"-30.796671217305,-60.584319260484",Calle,,SAN JUSTO,San Justo,"Asfalto,Tierra",No existe,XVI,Dentro,Urbana,Ninguna,No existe,Intersección,Deteriorada,Buena,Diurna,Buen Tiempo,Lateral,S/D,Colisión,Ninguna,Faltante,Ninguna,Sin restricción
2020,675,2020-02-11,Martes,19:15:00,Ruta Secundaria 56-s,36.0,2,"Camión c / Acoplado,Camión c / Acoplado", ,2,1,0,0,1,0,0,"-30.069926083087925,-60.62564313411",Ruta,56-s,LA CAMILA,San Justo,Tierra,Natural,XVI,Dentro,Urbana,Ninguna,No existe,Intersección,Bueno,Reducida polvo,Atardecer,Buen Tiempo,De alcance,S/D,Colisión,Ninguna,Faltante,Ninguna,Sin restricción
2020,676,2020-02-05,Miercoles,14:30:00,Ruta Provincial 62,43.0,1,Automóvil, ,1,1,0,0,0,0,0,"-31.11254096031191,-60.567401647567",Ruta,62,CAYASTACITO,San Justo,Asfalto,Natural,XVI,Dentro,Urbana,Ninguna,No existe,Recta,Resbaladiza,Buena,Diurna,Lluvia,S/D,S/D,Despiste,Agua,Horizontal,Línea divisoria pintada,Sin restricción
2020,677,2020-02-18,Martes,18:40:00,Ruta Nacional 11,620.0,2,"Automóvil,Moto/Ciclomotor", ,2,1,0,0,1,0,0,"-28.016457371413708,-59.23051432706",Ruta,11,FLORENCIA,General Obligado,Asfalto,Pavimento,IX,Dentro,Urbana,Otra Señal,No existe,Intersección,Bueno,Buena,Diurna,Buen Tiempo,Lateral,S/D,Colisión,Ninguna,"Horizontal,Vertical",Línea divisoria pintada,Sin restricción
2020,678,2020-02-02,Domingo,18:30:00,Autopista Nacional A008,0.0,2,"Moto/Ciclomotor,Automóvil",Av. Circunvalacion Y Bv. Oro�o,2,1,0,0,1,0,0,"-33.01102774799,-60.664651480621",Autopista,A008,ROSARIO,Rosario,Asfalto,Pavimento,II,Dentro,Urbana,Señal Ceda el Paso,No existe,Intersección,Bueno,Buena,Diurna,Buen Tiempo,S/D,S/D,Colisión,Ninguna,"Horizontal,Vertical","Guardarrail,Línea divisoria pintada",Sin restricción
2020,679,2020-01-14,Martes,,,0.0,2,"Automóvil,Moto/Ciclomotor", ,2,1,0,0,1,0,0,"-31.45128, -60.92794",S/D,,ESPERANZA,Las Colonias,S/D,S/D,XI,S/D,S/D,S/D,S/D,S/D,S/D,S/D,S/D,S/D,S/D,S/D,Colisión,S/D,S/D,S/D,S/D
2020,680,2020-01-01,Miercoles,,,0.0,2,"Moto/Ciclomotor,Moto/Ciclomotor",Edison Y Francia,2,2,0,0,0,0,0,"-31.24211, -61.47287",S/D,,RAFAELA,Castellanos,S/D,S/D,V,S/D,S/D,S/D,S/D,S/D,S/D,S/D,S/D,S/D,S/D,S/D,S/D,S/D,S/D,S/D,S/D
2020,681,2020-01-14,Martes,,,0.0,2,"Moto/Ciclomotor,Automóvil", ,2,0,1,0,1,0,0,"-31.44625, -60.92996",S/D,,ESPERANZA,Las Colonias,S/D,S/D,XI,S/D,S/D,S/D,S/D,S/D,S/D,S/D,S/D,S/D,S/D,S/D,Colisión,S/D,S/D,S/D,S/D
2020,682,2020-02-07,Viernes,06:30:00,Autopista Nacional A008,0.0,2,"Pickup/Utilitario,Moto/Ciclomotor",Av. Circunvalacion Y Av. Pellegrini,2,1,0,0,1,0,0,"-32.948712789404,-60.719231887222",Autopista,A008,ROSARIO,Rosario,Asfalto,Pavimento,II,Dentro,Urbana,Otra Señal,No existe,Intersección,Bueno,Buena,Diurna,Buen Tiempo,Lateral,S/D,Colisión,Ninguna,"Horizontal,Vertical","Barrera de hormigón,Guardarrail,Línea divisoria pintada",Sin restricción
2020,683,2020-01-01,Miercoles,,,0.0,2,"Moto/Ciclomotor,Automóvil",Bv Santa Fe ,2,0,1,0,1,0,0,"-31.25314, -61.48742",S/D,,RAFAELA,Castellanos,S/D,S/D,V,S/D,S/D,S/D,S/D,S/D,S/D,S/D,S/D,S/D,S/D,S/D,S/D,S/D,S/D,S/D,S/D
2020,684,2020-01-14,Martes,,,0.0,2,"Moto/Ciclomotor,Automóvil", ,2,0,1,0,1,0,0,"-31.44835, -60.93293",S/D,,ESPERANZA,Las Colonias,S/D,S/D,XI,S/D,S/D,S/D,S/D,S/D,S/D,S/D,S/D,S/D,S/D,S/D,Colisión,S/D,S/D,S/D,S/D
2020,685,2020-02-08,Sabado,21:45:00,Autopista Nacional A008,7.0,2,"Automóvil,Automóvil", ,2,1,0,0,1,0,0,"-32.92823687195778,-60.723453909158",Autopista,A008,ROSARIO,Rosario,Asfalto,Pavimento,II,Dentro,Urbana,Otra Señal,No existe,Intersección,Bueno,Buena,"Nocturna,Con luz artificial",Buen Tiempo,S/D,S/D,Colisión,Ninguna,"Horizontal,Vertical","Barrera de hormigón,Guardarrail,Línea divisoria pintada",Sin restricción
2020,686,2020-01-14,Martes,12:20:00,Ruta Nacional 11,426.0,2,"Moto/Ciclomotor,Moto/Ciclomotor",Av L de la Torre-Ruta Nac 11 ,2,1,1,0,0,0,0,"-31.93611, -60.91571",Ruta,11,CORONDA,San JERÓNIMO,Asfalto,S/D,XV,S/D,Urbana,S/D,S/D,Recta,S/D,S/D,Diurna,S/D,S/D,S/D,Colisión,S/D,S/D,S/D,S/D
2020,687,2020-01-14,Martes,,Ruta Secundaria 35-s,0.0,2,"Automóvil,Bicicleta", ,5,0,1,1,3,0,0,"-31.90219, -61.39922",Ruta,35-s,COLONIA BELGRANO,San MARTÍN,Asfalto,S/D,XVIII,S/D,S/D,S/D,S/D,Recta,S/D,S/D,S/D,S/D,S/D,Ciclista,Atropello,S/D,S/D,S/D,S/D
2020,688,2020-02-12,Miercoles,12:20:00,Autopista Nacional A008,4.0,2,"Pickup/Utilitario,Camión c / Acoplado", ,2,1,0,0,1,0,0,"-32.90160655975338,-60.724847316741",Autopista,A008,ROSARIO,Rosario,Asfalto,Pavimento,II,Dentro,Urbana,Ninguna,No existe,Intersección,Bueno,Buena,Diurna,Buen Tiempo,Lateral,S/D,Colisión,Ninguna,"Horizontal,Vertical","Guardarrail,Línea divisoria pintada",Sin restricción
2020,689,2020-01-03,Viernes,20:45:00,Ruta Nacional 11,0.0,1,Moto/Ciclomotor,Nella de Bechara ,2,2,0,0,0,0,0,"-28.0425, -59.22451",Ruta,11,FLORENCIA,General Obligado,S/D,S/D,IX,S/D,S/D,S/D,S/D,S/D,S/D,S/D,Nocturna,S/D,S/D,S/D,S/D,S/D,S/D,S/D,S/D
2020,690,2020-01-14,Martes,,,0.0,2,"Automóvil,Moto/Ciclomotor",Brigadier Lopez ,4,1,0,0,3,0,0,"-29.68862, -60.24987",S/D,,MARGARITA,Vera,Asfalto,S/D,XIX,S/D,S/D,S/D,S/D,Intersección,S/D,S/D,S/D,S/D,S/D,S/D,Colisión,S/D,S/D,S/D,S/D
2020,691,2020-02-15,Sabado,10:15:00,Autopista Nacional A008,0.0,2,"Peatón,Camión c / Acoplado",Av. Circunvalacion Y J.J.Paso,2,1,0,0,1,0,0,"-32.920462551066,-60.722992477507",Autopista,A008,ROSARIO,Rosario,Asfalto,Pavimento,II,Dentro,Urbana,Ninguna,No existe,Recta,Bueno,Buena,Diurna,Buen Tiempo,S/D,Peatón,Atropello,Ninguna,Horizontal,"Barrera de hormigón,Guardarrail,Línea divisoria pintada",Sin restricción
2020,692,2020-01-15,Miercoles,,Ruta Provincial 13,0.0,2,"Moto/Ciclomotor,Pickup/Utilitario",Ruta Prov. n� 13 Y Pedro T de Larrechea,2,1,0,0,1,0,0,"-32.21307, -61.70083",Ruta,13,EL TRÉBOL,San MARTÍN,Asfalto,S/D,XVIII,S/D,Urbana,S/D,S/D,Intersección,S/D,S/D,S/D,S/D,S/D,S/D,Colisión,S/D,S/D,S/D,S/D
2020,693,2020-02-15,Sabado,14:45:00,Autopista Nacional A008,0.0,2,"Automóvil,Automóvil",Av. Circunvalacion Y San Martin,3,2,0,0,1,0,0,"-33.01699973828,-60.652450707877",Autopista,A008,ROSARIO,Rosario,Asfalto,No existe,II,Dentro,Urbana,Semáforo,Funciona,Intersección,Bueno,Buena,Diurna,Buen Tiempo,Lateral,S/D,Colisión,Ninguna,"Horizontal,Vertical",Línea divisoria pintada,Sin restricción
2020,694,2020-01-03,Viernes,19:00:00,,0.0,2,"Moto/Ciclomotor,Automóvil",Boulevard Centenario Y Sarmiento,3,2,0,0,1,0,0,"-32.81495, -61.39059",S/D,,CAÑADA DE GÓMEZ,Iriondo,S/D,S/D,X,S/D,S/D,S/D,S/D,S/D,S/D,S/D,Nocturna,S/D,S/D,S/D,S/D,S/D,S/D,S/D,S/D
2020,695,2020-02-20,Jueves,17:40:00,Autopista Nacional A008,3.0,2,"Moto/Ciclomotor,Pickup/Utilitario", ,2,0,1,0,1,0,0,"-32.894214391708395,-60.72061479091",Autopista,A008,ROSARIO,Rosario,Asfalto,Pavimento,II,Dentro,Urbana,Ninguna,No existe,Recta,Bueno,Buena,Atardecer,Buen Tiempo,De alcance,S/D,Colisión,Ninguna,Horizontal,"Barrera de hormigón,Guardarrail,Línea divisoria pintada",Sin restricción
2020,696,2020-01-08,Miercoles,,Ruta Nacional A008,0.0,2,"Camión c / Acoplado,Moto/Ciclomotor", ,2,0,1,0,1,0,0,"-32.98938, -60.70484",Ruta,A008,ROSARIO,Rosario,Asfalto,S/D,II,S/D,Urbana,S/D,S/D,Recta,S/D,S/D,S/D,S/D,S/D,S/D,Colisión,S/D,S/D,S/D,S/D
2020,697,2020-01-04,Sabado,01:45:00,,0.0,2,"Moto/Ciclomotor,Moto/Ciclomotor",3 de Febrero Y Alberdi Juan Bautista,3,2,0,0,1,0,0,"-33.75527, -61.96487",S/D,,VENADO TUERTO,General LÓPEZ,S/D,S/D,VII,S/D,S/D,S/D,S/D,S/D,S/D,S/D,Nocturna,S/D,S/D,S/D,S/D,S/D,S/D,S/D,S/D
2020,698,2020-02-01,Sabado,14:30:00,,0.0,1,Automóvil,CAMINO RURAL ,1,0,1,0,0,0,0,"-30.536456108093233,-61.97490692138",Camino Rural,,SUARDI,San CRISTÓBAL,Ripio,No existe,IV,Dentro,Rural,Ninguna,No existe,Recta,Deteriorada,Buena,Diurna,Buen Tiempo,S/D,S/D,Despiste,Ninguna,Faltante,Ninguna,Sin restricción
2020,699,2020-02-01,Sabado,00:50:00,Ruta Secundaria 69-s,74.0,1,Moto/Ciclomotor,Garigliani Y Santiago del Estero,1,0,0,0,0,1,0,"-30.530608023616,-61.955694169689",Ruta,69-s,SUARDI,San CRISTÓBAL,Asfalto,No existe,XIII,Dentro,Urbana,Ninguna,No existe,Recta,Bueno,Buena,"Nocturna,Con luz artificial",Buen Tiempo,Atropello animal,S/D,Colisión,Ninguna,Faltante,Ninguna,Sin restricción
2020,700,2020-01-04,Sabado,03:09:00,,0.0,1,Moto/Ciclomotor,Newbery Jorge Y Republica de Irlanda,1,1,0,0,0,0,0,"-33.75838, -61.98088",S/D,,VENADO TUERTO,General LÓPEZ,S/D,S/D,VIII,S/D,S/D,S/D,S/D,S/D,S/D,S/D,Nocturna,S/D,S/D,S/D,S/D,S/D,S/D,S/D,S/D
2020,701,2020-02-14,Viernes,14:00:00,,0.0,2,"Pickup/Utilitario,Moto/Ciclomotor",Cochabamba Y La Paz,3,2,0,0,1,0,0,"-30.30234206053,-61.227435410159",Calle,,SAN CRISTÓBAL,San CRISTÓBAL,Tierra,No existe,XIII,Dentro,Urbana,Ninguna,No existe,Intersección,Bueno,Buena,Diurna,Buen Tiempo,Lateral,S/D,Colisión,Ninguna,Faltante,Ninguna,Sin restricción
2020,702,2020-02-21,Viernes,20:20:00,Ruta Provincial 4,5.0,1,Moto/Ciclomotor, ,1,1,0,0,0,0,0,"-30.387866378521124, -61.2167300961",Ruta,4,SAN CRISTÓBAL,San CRISTÓBAL,Ripio,No existe,XIII,Dentro,Urbana,Ninguna,No existe,Intersección,Bueno,Reducida polvo,Diurna,Buen Tiempo,S/D,S/D,Cañda ocupante,Ninguna,Faltante,Ninguna,Sin restricción
2020,703,2020-01-08,Miercoles,16:00:00,Ruta Secundaria 7-s,0.0,2,"Automóvil,Moto/Ciclomotor",Maipu Y Santa Fe,3,1,0,0,2,0,0,"-33.74238, -61.95843",Ruta,7-s,VENADO TUERTO,General LÓPEZ,Asfalto,S/D,VIII,S/D,Urbana,S/D,S/D,Intersección,S/D,S/D,Diurna,S/D,S/D,S/D,Colisión,S/D,S/D,S/D,S/D
2020,704,2020-02-18,Martes,12:30:00,,0.0,1,Moto/Ciclomotor,Belgrano 268,1,1,0,0,0,0,0,"-29.883552115988,-61.940216953422",Calle,,CERES,San CRISTÓBAL,Asfalto,No existe,XIII,Dentro,Urbana,Ninguna,No existe,Recta,Bueno,Buena,Diurna,Buen Tiempo,Atropello animal,S/D,Colisión,Ninguna,Faltante,"Cordón divisorio,Vegetación",Sin restricción
2020,705,2020-01-04,Sabado,17:00:00,,0.0,2,"Moto/Ciclomotor,Moto/Ciclomotor",Juan Jose Castelli Y Guillermo Dimmer,3,2,0,0,1,0,0,"-33.73092, -61.97575",S/D,,VENADO TUERTO,General LÓPEZ,S/D,S/D,VIII,S/D,S/D,S/D,S/D,S/D,S/D,S/D,Diurna,S/D,S/D,S/D,S/D,S/D,S/D,S/D,S/D
2020,706,2020-02-15,Sabado,12:30:00,,0.0,2,"Moto/Ciclomotor,Camión Chasis",Av Vicente Lopez y Planes Y Victoria,3,0,1,0,2,0,0,"-29.877553717817,-61.937910397842",Avenida,,CERES,San CRISTÓBAL,Asfalto,No existe,XIII,Dentro,Urbana,Ninguna,No existe,Intersección,Bueno,Buena,Diurna,Buen Tiempo,Lateral,S/D,Colisión,Ninguna,Faltante,"Cordón divisorio,Vegetación",Sin restricción
2020,707,2020-01-08,Miercoles,16:30:00,,0.0,1,Moto/Ciclomotor,Domingo Pardal ,1,1,0,0,0,0,0,"-33.75554, -61.94808",Calle,,VENADO TUERTO,General LÓPEZ,Asfalto,S/D,VIII,S/D,Urbana,S/D,S/D,Intersección,S/D,S/D,Diurna,S/D,Contra objeto fijo,S/D,Colisión,S/D,S/D,S/D,S/D
2020,708,2020-01-23,Jueves,00:30:00,Autovía Nacional 19,38.5,1,Moto/Ciclomotor, ,1,0,0,0,0,1,0,"-31.60483, -61.17223",Autovía,19,SAN JERÓNIMO DEL SAUCE,Las Colonias,Asfalto,Pavimento,XI,Dentro,Rural,Marca Vial,No existe,Curva,Bueno,Buena,Nocturna,Buen Tiempo,Contra objeto fijo,S/D,Colisión,Ninguna,Faltante,Guardarrail,Sin restricción
2020,709,2020-02-11,Martes,09:25:00,,0.0,1,Moto/Ciclomotor,Hipolito Irigoyen Y Sarmiento,1,0,1,0,0,0,0,"-30.305084560176,-61.23838425186",Calle,,SAN CRISTÓBAL,San CRISTÓBAL,Asfalto,No existe,XIII,Dentro,Urbana,Ninguna,No existe,Intersección,Bueno,Buena,Diurna,Buen Tiempo,S/D,S/D,Cañda ocupante,Ninguna,Faltante,Ninguna,Sin restricción
2020,710,2020-01-08,Miercoles,,,0.0,2,"Moto/Ciclomotor,Moto/Ciclomotor",Ayacucho Y Vuelta de Obligado,4,1,0,0,3,0,0,"-33.76538, -61.96052",Calle,,VENADO TUERTO,General LÓPEZ,Asfalto,S/D,VIII,S/D,Urbana,S/D,S/D,Intersección,S/D,S/D,S/D,S/D,S/D,S/D,Colisión,S/D,S/D,S/D,S/D
2020,711,2020-02-01,Sabado,20:30:00,Ruta Provincial 38,0.0,2,"Automóvil,Moto/Ciclomotor",Miguel Quinteros Y Ruta provincial 38,4,2,0,0,2,0,0,"-30.00994433733,-61.579281332279",Ruta,38,AMBROSETTI,San CRISTÓBAL,Ripio,Ripio,XIII,Dentro,Urbana,Ninguna,No existe,Intersección,Bueno,Reducida polvo,Atardecer,Buen Tiempo,Lateral,S/D,Colisión,Ninguna,Faltante,Ninguna,Sin restricción
2020,712,2020-01-17,Viernes,20:15:00,Ruta Provincial 21,2.5,2,"Pickup/Utilitario,Automóvil",RP 24 - Ruta a Cargill ,4,2,0,0,1,1,0,"-33.04208, -60.63001",Ruta,21,VILLA GOBERNADOR GÁLVEZ,Rosario,Asfalto,Natural,II,Dentro,Rural,Ninguna,No existe,Recta,Con baches,Buena,Nocturna,Buen Tiempo,Frontal,S/D,Colisión,S/D,Faltante,Ninguna,Sin restricción
2020,713,2020-01-04,Sabado,09:00:00,Autopista Nacional Rosario -Cordoba,0.0,1,Automóvil, ,2,2,0,0,0,0,0,"-32.80246, -61.64779",Autopista,Rosario -Cordoba,ARMSTRONG,Belgrano,S/D,S/D,III,S/D,S/D,S/D,S/D,S/D,S/D,S/D,Diurna,S/D,S/D,S/D,"Vuelco,Despiste",S/D,S/D,S/D,S/D
2020,714,2020-01-08,Miercoles,,,0.0,2,"Pickup/Utilitario,Bicicleta",Calle 12 ,2,1,0,0,1,0,0,"-29.11927, -59.65886",Calle,,AVELLANEDA,General Obligado,Asfalto,S/D,IX,S/D,Urbana,S/D,S/D,Recta,S/D,S/D,S/D,S/D,S/D,Ciclista,Atropello,S/D,S/D,S/D,S/D
2020,715,2020-02-01,Sabado,10:50:00,,0.0,2,"Pickup/Utilitario,Bicicleta",15 De Noviembre Y Brigadier Lopez,2,1,0,0,1,0,0,"-30.23166965454,-61.727624096484",Calle,,ARRUFÓ,San CRISTÓBAL,Asfalto,No existe,XIII,Dentro,Urbana,Ninguna,No existe,Recta,Bueno,Buena,Diurna,Buen Tiempo,S/D,Ciclista,Atropello,Ninguna,Faltante,Ninguna,Sin restricción
2020,716,2020-02-02,Domingo,12:40:00,,0.0,1,Automóvil,Brown Y E Lopez,2,2,0,0,0,0,0,"-30.315097552854,-61.249155626083",Calle,,SAN CRISTÓBAL,San CRISTÓBAL,Asfalto,Natural,XIII,Dentro,Urbana,Ninguna,No existe,Intersección,Bueno,Buena,Diurna,Buen Tiempo,Contra objeto fijo,S/D,Colisión,Ninguna,Faltante,Ninguna,Sin restricción
2020,717,2020-01-04,Sabado,11:25:00,,0.0,2,"Camión,Tren",Pte Hipolito Irigoyen Y America,2,2,0,0,0,0,0,"-32.70511, -60.74672",S/D,,PUERTO SAN MARTÍN,San Lorenzo,S/D,S/D,XVII,S/D,S/D,S/D,S/D,S/D,S/D,S/D,Diurna,S/D,S/D,S/D,Colisión,S/D,S/D,S/D,S/D
2020,718,2020-02-04,Martes,13:40:00,Ruta Provincial 2,0.0,2,"Moto/Ciclomotor,Moto/Ciclomotor",Dorrego Y Ruta 2,3,1,0,0,2,0,0,"-30.32015455432,-61.228515148646",Ruta,2,SAN CRISTÓBAL,San CRISTÓBAL,Asfalto,Natural,XIII,Dentro,Urbana,Ninguna,No existe,Intersección,Bueno,Buena,Diurna,Buen Tiempo,Lateral,S/D,Colisión,Ninguna,Faltante,Ninguna,Sin restricción
2020,719,2020-01-18,Sabado,18:30:00,Ruta Nacional 11,435.0,2,"Moto/Ciclomotor,Automóvil", ,3,0,0,0,2,1,0,"-31.86764, -60.88659",Ruta,11,DESVÍO ARIJÓN,San JERÓNIMO,Asfalto,Natural,XV,Dentro,Urbana,Ninguna,No existe,Recta,Bueno,Buena,Diurna,Buen Tiempo,Frontal,S/D,Colisión,Ninguna,Horizontal,Línea divisoria pintada,Sin restricción
2020,720,2020-02-07,Viernes,17:00:00,,0.0,2,"Moto/Ciclomotor,Automóvil",Av. Pte.Peron Y Bv. 27 De Febrero,2,1,0,0,1,0,0,"-32.958511, -60.691637",Avenida,,ROSARIO,Rosario,Asfalto,No existe,II,Dentro,Urbana,Semáforo,Funciona,Recta,Bueno,Buena,Diurna,S/D,De alcance,S/D,Colisión,Ninguna,"Horizontal,Vertical","Cordón divisorio,Vegetación",Sin restricción
2020,721,2020-01-04,Sabado,19:00:00,,0.0,1,Automóvil, ,4,4,0,0,0,0,0,"-31.5995595656546, -60.871728964674",S/D,,COLONIA SAN JOSÉ,Las Colonias,S/D,S/D,XI,S/D,Rural,S/D,S/D,S/D,S/D,S/D,Diurna,S/D,S/D,S/D,"Vuelco,Despiste",S/D,S/D,S/D,S/D
2020,722,2020-03-28,Sabado,08:00:00,Ruta Provincial 13,123.0,2,"Automóvil,Moto/Ciclomotor",8 De Septiembre Y San Luis,3,2,0,0,1,0,0,"-31.450327089594,-61.708502476851",Ruta,13,CLUCELLAS,Castellanos,Asfalto,No existe,V,Dentro,Urbana,Otra Señal,No existe,Intersección,Bueno,Buena,Diurna,Buen Tiempo,Lateral,S/D,Colisión,Ninguna,Vertical,Ninguna,Sin restricción
2020,723,2020-02-09,Domingo,20:18:00,,0.0,2,"Peatón,Moto/Ciclomotor",Bv. Segui 5850,4,2,0,0,2,0,0,"-32.970774, -60.700937",Avenida,,ROSARIO,Rosario,Asfalto,No existe,II,Dentro,Urbana,Semáforo,Funciona,Recta,Bueno,Buena,"Nocturna,Con luz artificial",Buen Tiempo,S/D,Peatón,Atropello,Ninguna,"Horizontal,Vertical",Cordón divisorio,Sin restricción
2020,724,2020-01-04,Sabado,21:00:00,,0.0,2,"Moto/Ciclomotor,Automóvil",Bartolome Mitre Y Alfonsina Storni,3,2,0,0,1,0,0,"-28.48548, -59.36699",S/D,,VILLA OCAMPO,General Obligado,S/D,S/D,IX,S/D,S/D,S/D,S/D,S/D,S/D,S/D,Nocturna,S/D,S/D,S/D,S/D,S/D,S/D,S/D,S/D
2020,725,2020-02-15,Sabado,12:15:00,,0.0,2,"Moto/Ciclomotor,Automóvil",Bernardo de Irigoyen Y Lisandro de la Torre,2,1,0,0,1,0,0,"-31.245470549125,-61.501021094099",Calle,,RAFAELA,Castellanos,Asfalto,Pavimento,V,Dentro,Urbana,Paso Peatonal,No existe,Intersección,Bueno,Buena,Diurna,Buen Tiempo,Lateral,S/D,Colisión,Ninguna,"Horizontal,Vertical",Línea divisoria pintada,Sin restricción
2020,726,2020-02-10,Lunes,13:35:00,,0.0,2,"Automóvil,Moto/Ciclomotor",Av. Pellegrini Y Roullon,3,1,0,0,2,0,0,"-32.948348, -60.701935",Avenida,,ROSARIO,Rosario,Asfalto,No existe,II,Dentro,Urbana,Semáforo,Funciona,Intersección,Bueno,Buena,Diurna,Buen Tiempo,Lateral,S/D,Colisión,Ninguna,"Horizontal,Vertical",Ninguna,Sin restricción
2020,727,2020-01-04,Sabado,,,0.0,2,"Bicicleta,Automóvil",Calle 5-Colon ,2,1,0,0,1,0,0,"-29.13885, -59.64535",S/D,,RECONQUISTA,General Obligado,S/D,S/D,IX,S/D,S/D,S/D,S/D,S/D,S/D,S/D,S/D,S/D,S/D,S/D,Atropello,S/D,S/D,S/D,S/D
2020,728,2020-02-23,Domingo,22:30:00,,0.0,2,"Moto/Ciclomotor,Automóvil",AV. DE LAS PALMERAS  Y EL ZORZAL ,3,1,0,0,2,0,0,"-32.974450, -60.734636",Avenida,,ROSARIO,Rosario,Asfalto,No existe,II,Dentro,Urbana,Ninguna,No existe,Intersección,Bueno,Buena,Diurna,Buen Tiempo,Lateral,S/D,Colisión,Ninguna,Faltante,Ninguna,Sin restricción