anio_acci,nro_acci,fecha,desc_dia,hora_aprox,desc_ruta,km,cant_participantes,desc_participante,calle_avenida_km,total,heridos_leves,heridos_graves,heridos_gravisimos,ilesos,fallecidos,sin_datos,posicion_XY,desc_tipo_via,desc_ruta_ori,desc_loc,desc_dpto,desc_tipo_calzada,desc_tipo_banquina,desc_unidad_regional,desc_lugar_calzada,desc_zona,desc_prioridad,desc_estado_semaforo,desc_lugar_via,desc_estado_via,desc_estado_visibilidad,desc_luminosidad,desc_estado_clima,desc_tipo_colision,desc_tipo_atropello,desc_tipo_hecho,desc_pres_calzada,desc_senializacion,desc_separacion_via,desc_restriccion
2020,853,2020-02-18,Martes,,,0.0,2,"Moto/Ciclomotor,Automóvil",Calle 7 Y Calle 12,2,1,0,0,1,0,0,"-28.848729065143,-59.500666632428",Calle,,LAS GARZAS,General Obligado,Ripio,No existe,IX,Dentro,Urbana,Ninguna,No existe,Intersección,Bueno,Buena,Diurna,Buen Tiempo,Lateral,S/D,Colisión,S/D,S/D,Ninguna,Sin restricción
2020,854,2020-02-04,Martes,12:30:00,,0.0,2,"Pickup/Utilitario,Automóvil",HIPOLITO IRIGOYEN  ,2,1,0,0,1,0,0,"-31.637725, -60.728807",Calle,,SANTA FE,La Capital,Asfalto,No existe,I,Dentro,Urbana,Ninguna,No existe,Intersección,Bueno,Buena,Diurna,Buen Tiempo,Lateral,S/D,Colisión,Ninguna,S/D,Ninguna,Sin restricción
2020,855,2020-02-10,Lunes,07:35:00,,0.0,2,"Moto/Ciclomotor,Automóvil",1ro de Mayo Y Gral Lopez,2,0,1,0,1,0,0,"-34.257893536317,-62.711307842269",Calle,,RUFINO,General LÓPEZ,Asfalto,No existe,VIII,Dentro,Urbana,Ninguna,No existe,Intersección,Bueno,Buena,Amanecer,Buen Tiempo,Lateral,S/D,Colisión,Ninguna,Faltante,Ninguna,Sin restricción
2020,856,2020-02-10,Lunes,15:00:00,,0.0,2,"Moto/Ciclomotor,Automóvil",Av Gral Lopez Y San Lorenzo,3,2,0,0,1,0,0,"-31.655279, -60.720220",Avenida,,SANTA FE,La Capital,Asfalto,No existe,I,Dentro,Urbana,Ninguna,No existe,Intersección,Bueno,Buena,Diurna,Buen Tiempo,Lateral,S/D,Colisión,Ninguna,Faltante,Ninguna,Sin restricción
2020,857,2020-02-28,Viernes,18:10:00,,0.0,2,"Bicicleta,Automóvil",9 de julio Y Sarmiento,2,1,0,0,1,0,0,"-29.349386412454,-59.969529221843",Calle,,MALABRIGO,General Obligado,Asfalto,No existe,IX,Dentro,Urbana,Ninguna,No existe,Intersección,Bueno,Buena,Diurna,Buen Tiempo,S/D,Ciclista,Atropello,Ninguna,Faltante,Ninguna,Sin restricción
2020,858,2020-02-17,Lunes,19:35:00,,0.0,2,"Pickup/Utilitario,Moto/Ciclomotor",Sarmiento 857,2,1,0,0,1,0,0,"-29.354700877346,-59.970263181221",Calle,,MALABRIGO,General Obligado,Asfalto,No existe,IX,Dentro,Urbana,Ninguna,No existe,Recta,Bueno,Buena,Diurna,Buen Tiempo,S/D,S/D,Colisión,Ninguna,Faltante,Ninguna,Sin restricción
2020,859,2020-02-17,Lunes,07:40:00,,0.0,2,"Moto/Ciclomotor,Pickup/Utilitario",Francia Y J J Paso,2,1,0,0,1,0,0,"-31.662138, -60.719741",Calle,,SANTA FE,La Capital,Asfalto,No existe,I,Dentro,Urbana,S/D,No funciona,Intersección,Con baches,S/D,Diurna,Buen Tiempo,Lateral,S/D,Colisión,S/D,Vertical,S/D,Sin restricción
2020,860,2020-02-26,Miercoles,12:40:00,,0.0,2,"Moto/Ciclomotor,Automóvil",Dr Zavalla Y 3 de Febrero,3,2,0,0,1,0,0,"-31.655973, -60.723104",Avenida,,SANTA FE,La Capital,Asfalto,No existe,I,Dentro,Urbana,Señal Pare,No existe,Intersección,Bueno,Buena,Diurna,S/D,Lateral,S/D,Colisión,Ninguna,"Horizontal,Vertical","Línea divisoria pintada,Ninguna",Sin restricción
2020,861,2020-02-13,Jueves,21:30:00,,0.0,2,"Tren,Peatón",Av Fray Luis Beltran Y Guayaquil,2,0,0,1,1,0,0,"-32.78868019580843,-60.734798312187",Avenida,,FRAY LUIS BELTRÁN,San Lorenzo,Tierra,No existe,XVII,Dentro,Urbana,Otra Señal,No existe,Paso a Nivel FFCC,Otro,S/D,Nocturna,S/D,S/D,Peatón,Atropello,Ninguna,Vertical,Ninguna,S/D
2020,862,2020-01-08,Miercoles,08:00:00,,0.0,2,"Moto/Ciclomotor,Automóvil",1 de Mayo Y Guemes,2,1,0,0,1,0,0,"-31.45485, -60.92422",Calle,,ESPERANZA,Las Colonias,Asfalto,S/D,XI,S/D,Urbana,S/D,S/D,Intersección,S/D,S/D,Diurna,S/D,S/D,S/D,Colisión,S/D,S/D,S/D,S/D
2020,863,2020-01-09,Jueves,,Ruta Secundaria 64-s,13.0,2,"Pickup/Utilitario,Pickup/Utilitario", ,3,2,0,0,1,0,0,"-30.946391054358, -61.107567247453",Ruta,64-s,SOUTOMAYOR,Las Colonias,S/D,S/D,XI,S/D,S/D,S/D,S/D,Recta,S/D,S/D,S/D,S/D,S/D,S/D,Colisión,S/D,S/D,S/D,S/D
2020,864,2020-01-09,Jueves,16:10:00,,0.0,2,"Automóvil,Moto/Ciclomotor",Calle 44-27 de Abril Y Calle 45-Islas Georgias del S,6,3,0,0,3,0,0,"-29.15824,-59.66442",Calle,,RECONQUISTA,General Obligado,Asfalto,S/D,IX,S/D,Urbana,S/D,S/D,Intersección,S/D,S/D,Diurna,S/D,S/D,S/D,Colisión,S/D,S/D,S/D,S/D
2020,865,2020-01-09,Jueves,,Ruta Nacional 11,573.0,2,"Pickup/Utilitario,Pickup/Utilitario",Ruta Nacional 11 ,2,2,0,0,0,0,0,"-30.73626, -60.53993",Ruta,11,SAN JUSTO,San Justo,S/D,S/D,XVI,S/D,Urbana,S/D,S/D,S/D,S/D,S/D,S/D,S/D,S/D,S/D,Colisión,S/D,S/D,S/D,S/D
2020,866,2020-01-31,Viernes,20:30:00,Ruta Secundaria 20-s,4.0,2,"Automóvil,Moto/Ciclomotor", ,4,2,1,0,0,1,0,"-33.120658, -60.797947",Ruta,20-s,ÁLVAREZ,Rosario,Asfalto,Natural,II,Dentro,Urbana,Ninguna,No existe,Recta,Bueno,Buena,Nocturna,Buen Tiempo,Lateral,S/D,Colisión,Ninguna,Horizontal,Línea divisoria pintada,Sin restricción
2020,867,2020-01-10,Viernes,10:40:00,,0.0,2,"Moto/Ciclomotor,Automóvil",Chacabuco Y Cornelio Saavedra,2,1,0,0,1,0,0,"-33.74584, -61.96252",Calle,,VENADO TUERTO,General LÓPEZ,Asfalto,S/D,VIII,S/D,Urbana,S/D,S/D,Intersección,S/D,S/D,Diurna,S/D,S/D,S/D,Colisión,S/D,S/D,S/D,S/D
2020,868,2020-01-10,Viernes,11:30:00,,0.0,1,Bicicleta,Tucuman ,1,1,0,0,0,0,0,"-33.75954, -61.95965",Calle,,VENADO TUERTO,General LÓPEZ,Asfalto,S/D,VIII,S/D,Urbana,S/D,S/D,Recta,S/D,S/D,Diurna,S/D,S/D,S/D,Cañda ocupante,S/D,S/D,S/D,S/D
2020,869,2020-01-29,Miercoles,15:25:00,,0.0,2,"Tren,Peatón",Pje. Franco Y Pje. San Geronimo,2,0,0,0,1,1,0,"-32.92256644343238, -60.69316114886",Calle,,ROSARIO,Rosario,Asfalto,No existe,II,Dentro,Urbana,Ninguna,No existe,Paso a Nivel FFCC,Bueno,S/D,Diurna,S/D,S/D,Peatón,Atropello,Ninguna,Faltante,Ninguna,Sin restricción
2020,870,2020-01-10,Viernes,,Autovía Nacional 19,14.0,1,Automóvil, ,1,1,0,0,0,0,0,"-31.64831, -60.90961",Autovía,19,SAN AGUSTÍN,Las Colonias,Asfalto,S/D,XI,S/D,S/D,S/D,S/D,Recta,S/D,S/D,S/D,S/D,S/D,S/D,Vuelco,S/D,S/D,S/D,S/D
2020,871,2020-01-10,Viernes,,,0.0,2,"Moto/Ciclomotor,Taxi/Remis",Ocampo 1000,3,2,0,0,1,0,0,"-32.81884, -61.39634",Calle,,CAÑADA DE GÓMEZ,Iriondo,Asfalto,S/D,X,S/D,Urbana,S/D,S/D,Recta,S/D,S/D,S/D,S/D,S/D,S/D,Colisión,S/D,S/D,S/D,S/D
2020,872,2020-01-09,Jueves,04:30:00,Ruta Provincial 3,115.0,1,Moto/Ciclomotor, ,2,0,1,0,0,1,0,"-28.47768,-59.9878",Ruta,3,LOS TÁBANOS,Vera,Asfalto,S/D,XIX,Dentro,Rural,S/D,S/D,Recta,S/D,S/D,Nocturna,S/D,Atropello animal,S/D,Colisión,S/D,S/D,S/D,S/D
2020,873,2020-01-10,Viernes,,Ruta Nacional 11,0.0,2,"Pickup/Utilitario,Moto/Ciclomotor",Independencia Y Ruta Nacional 11,2,0,1,0,1,0,0,"-30.78859, -60.60038",Ruta,11,SAN JUSTO,San Justo,Asfalto,S/D,XVI,S/D,Urbana,S/D,S/D,Intersección,S/D,S/D,S/D,S/D,S/D,S/D,Colisión,S/D,S/D,S/D,S/D
2020,875,2020-01-11,Sabado,,,0.0,2,"Bicicleta,Moto/Ciclomotor",Lopez Y Lisandro de la Torre,2,1,0,0,1,0,0,"-33.74572, -61.97606",Calle,,VENADO TUERTO,General LÓPEZ,Asfalto,S/D,VIII,S/D,Urbana,S/D,S/D,Intersección,S/D,S/D,S/D,S/D,S/D,Ciclista,Atropello,S/D,S/D,S/D,S/D
2020,876,2020-01-11,Sabado,,,0.0,2,"Automóvil,Moto/Ciclomotor",Av Freyre Y Monse�or Zaspe,2,1,0,0,0,0,1,"-31.654, -60.72102",Avenida,,SANTA FE,La Capital,Asfalto,S/D,I,S/D,Urbana,S/D,S/D,Intersección,S/D,S/D,S/D,S/D,S/D,S/D,Colisión,S/D,S/D,S/D,S/D
2020,877,2020-01-11,Sabado,11:00:00,,0.0,2,"Bicicleta,Automóvil",España Y Sarmiento D,2,1,0,0,1,0,0,"-29.45746, -60.21513",Calle,,VERA,Vera,Asfalto,S/D,XIX,S/D,Urbana,S/D,S/D,Intersección,S/D,S/D,Diurna,S/D,S/D,Ciclista,Atropello,S/D,S/D,S/D,S/D
2020,878,2020-01-11,Sabado,23:40:00,,0.0,2,"Moto/Ciclomotor,Moto/Ciclomotor",Calle 14 Y Calle 29,3,3,0,0,0,0,0,"-28.34894, -59.25634",Calle,,LAS TOSCAS,General Obligado,Asfalto,S/D,IX,S/D,Urbana,S/D,S/D,Intersección,S/D,S/D,Nocturna,S/D,S/D,S/D,Colisión,S/D,S/D,S/D,S/D
2020,879,2020-01-12,Domingo,,,0.0,2,"Moto/Ciclomotor,Moto/Ciclomotor",MORENO Y GALVEZ,2,2,0,0,0,0,0,"-31.69766, -61.5648",Calle,,SAN VICENTE.,Castellanos,Asfalto,S/D,V,S/D,Urbana,S/D,S/D,Intersección,S/D,S/D,S/D,S/D,S/D,S/D,Colisión,S/D,S/D,S/D,S/D
2020,880,2020-01-25,Sabado,22:00:00,,0.0,2,"Transporte de Pasajeros Urbano (> 8 asientos),Moto/Ciclomotor",Av. Pte.Peron Y Av. Circunvalacion,3,2,0,0,1,0,0,"    -32.97037, -60.7161",Avenida,,ROSARIO,Rosario,Asfalto,S/D,II,Dentro,Urbana,Ninguna,No existe,Intersección,S/D,S/D,Nocturna,S/D,S/D,S/D,Colisión,S/D,S/D,S/D,S/D
2020,881,2020-01-12,Domingo,,,0.0,2,"Moto/Ciclomotor,Otros",1 de Mayo Y Marcos Avellaneda,2,1,0,0,1,0,0,"-31.45571, -60.92449",Calle,,ESPERANZA,Las Colonias,Asfalto,S/D,XI,S/D,Urbana,S/D,S/D,Intersección,S/D,S/D,S/D,S/D,S/D,S/D,Colisión,S/D,S/D,S/D,S/D
2020,882,2020-01-12,Domingo,10:25:00,,0.0,2,"Moto/Ciclomotor,Moto/Ciclomotor",Calle 12 Y Calle 23,2,1,0,0,1,0,0,"-28.3522, -59.25754",Calle,,LAS TOSCAS,General Obligado,Asfalto,S/D,IX,S/D,Urbana,S/D,S/D,Intersección,S/D,S/D,Diurna,S/D,S/D,S/D,Colisión,S/D,S/D,S/D,S/D
2020,883,2020-01-12,Domingo,00:15:00,Ruta Nacional 11,0.0,2,"Moto/Ciclomotor,Moto/Ciclomotor",Calle 27 Y Ruta Nacional 11,3,3,0,0,0,0,0,"-28.35009, -59.26385",Ruta,11,LAS TOSCAS,General Obligado,Asfalto,S/D,IX,S/D,Urbana,S/D,S/D,Intersección,S/D,S/D,Nocturna,S/D,S/D,S/D,Colisión,S/D,S/D,S/D,S/D
2020,884,2020-02-21,Viernes,07:00:00,,0.0,2,"Moto/Ciclomotor,Automóvil",Bv. Wilde 700,2,1,0,0,1,0,0,"-32.936518174632,-60.738567273124",Avenida,,ROSARIO,Rosario,Asfalto,No existe,II,Dentro,Urbana,Paso Peatonal,No existe,Intersección,Bueno,Buena,Diurna,Buen Tiempo,Lateral,S/D,Colisión,Ninguna,Horizontal,Cordón divisorio,Sin restricción
2020,885,2020-02-12,Miercoles,14:50:00,,0.0,2,"Moto/Ciclomotor,Pickup/Utilitario",Brasil Y Pje. Guamini,2,1,0,0,1,0,0,"-32.92125429486,-60.720400753793",Calle,,ROSARIO,Rosario,Asfalto,No existe,II,Dentro,Urbana,Ninguna,No existe,Intersección,Bueno,Buena,Diurna,Buen Tiempo,Lateral,S/D,Colisión,Ninguna,Faltante,Ninguna,Sin restricción
2020,886,2020-02-16,Domingo,08:20:00,,0.0,2,"Bicicleta,Automóvil",G.Carrasco Y Liniers,2,0,1,0,1,0,0,"-32.920601157074,-60.699296526536",Calle,,ROSARIO,Rosario,Asfalto,No existe,II,Dentro,Urbana,Ninguna,No existe,Recta,Bueno,Buena,Diurna,Buen Tiempo,S/D,Ciclista,Atropello,Ninguna,Faltante,Ninguna,Sin restricción
2020,887,2020-02-27,Jueves,12:20:00,,0.0,2,"Moto/Ciclomotor,Automóvil",J.Colombres Y J.J.Paso,2,1,0,0,1,0,0,"-32.920713761674,-60.730249719587",Calle,,ROSARIO,Rosario,Asfalto,No existe,II,Dentro,Urbana,Ninguna,No existe,Intersección,Bueno,Buena,Diurna,Buen Tiempo,S/D,S/D,Colisión,Ninguna,Faltante,Ninguna,Sin restricción
2020,888,2020-02-15,Sabado,11:20:00,,0.0,2,"Moto/Ciclomotor,Pickup/Utilitario",Bv. Argentino Y Sarratea Bis,2,1,0,0,1,0,0,"-32.924535971129,-60.741157370594",Calle,,ROSARIO,Rosario,Asfalto,No existe,II,Dentro,Urbana,Señal Pare,No existe,Intersección,Bueno,Buena,Diurna,Buen Tiempo,Lateral,S/D,Colisión,Ninguna,Vertical,Ninguna,Sin restricción
2020,889,2020-02-16,Domingo,21:45:00,,0.0,1,Moto/Ciclomotor,Donado Y Navarro,3,2,0,0,1,0,0,"-32.931887408799,-60.727336643994",Calle,,ROSARIO,Rosario,Asfalto,No existe,II,Dentro,Urbana,Ninguna,No existe,Recta,Ahuellamiento,Buena,Nocturna,Buen Tiempo,S/D,S/D,Cañda ocupante,Otro,Faltante,Ninguna,Sin restricción
2020,890,2020-02-23,Domingo,07:55:00,Ruta Nacional 9,0.0,2,"Moto/Ciclomotor,Taxi/Remis",Av. Eva Peron 9076,2,1,0,0,1,0,0,"-32.925531739852,-60.760967900309",Ruta,9,ROSARIO,Rosario,Asfalto,Ripio,II,Dentro,Urbana,Ninguna,No existe,Recta,Bueno,Buena,Diurna,Buen Tiempo,De alcance,S/D,Colisión,Ninguna,Faltante,Ninguna,Sin restricción
2020,891,2020-02-19,Miercoles,15:40:00,Ruta Nacional 9,0.0,2,"Moto/Ciclomotor,Pickup/Utilitario",Av. Eva Peron 8000,2,1,0,0,1,0,0,"-32.929072759425,-60.734480962608",Ruta,9,ROSARIO,Rosario,Asfalto,No existe,II,Dentro,Urbana,Semáforo,Funciona,Intersección,Bueno,Buena,Diurna,Buen Tiempo,S/D,S/D,Colisión,Ninguna,"Horizontal,Vertical",Cordón divisorio,Sin restricción
2020,892,2020-02-22,Sabado,21:05:00,,0.0,2,"Pickup/Utilitario,Moto/Ciclomotor",Av. Genova Y Sarratea Bis,5,1,0,0,4,0,0,"-32.916751385954,-60.741513138786",Avenida,,ROSARIO,Rosario,Asfalto,No existe,II,Dentro,Urbana,Ninguna,No existe,Intersección,Bueno,Buena,Nocturna,Buen Tiempo,Frontal,S/D,Colisión,Ninguna,Faltante,Ninguna,Sin restricción
2020,893,2020-02-05,Miercoles,20:30:00,,0.0,2,"Automóvil,Moto/Ciclomotor",Bv. Argentino Y Donado,2,0,1,0,1,0,0,"-32.924165130646,-60.727605627835",Calle,,ROSARIO,Rosario,Asfalto,No existe,II,Dentro,Urbana,Ninguna,No existe,Intersección,Bueno,Buena,Nocturna,Buen Tiempo,De alcance,S/D,Colisión,Ninguna,Faltante,Ninguna,Sin restricción
2020,894,2020-01-12,Domingo,,,0.0,2,"Moto/Ciclomotor,Pickup/Utilitario",Calle 1 Y Calle 2,3,2,0,0,1,0,0,"-29.11133, -59.66401",Calle,,AVELLANEDA,General Obligado,Asfalto,S/D,IX,S/D,Urbana,S/D,S/D,Intersección,S/D,S/D,S/D,S/D,S/D,S/D,Colisión,S/D,S/D,S/D,S/D
2020,895,2020-02-08,Sabado,05:00:00,Ruta Nacional 11,0.0,1,Moto/Ciclomotor,Av San Lorenzo Y La Pampa,1,1,0,0,0,0,0,"-32.80817810004,-60.718726462802",Ruta,11,CAPITÁN BERMÚDEZ,San Lorenzo,Asfalto,Pavimento,XVII,Dentro,Urbana,Ninguna,No existe,Intersección,Bueno,Buena,Amanecer,Buen Tiempo,S/D,S/D,Despiste,Ninguna,Faltante,Ninguna,Sin restricción
2020,896,2020-01-12,Domingo,06:00:00,,0.0,2,"Peatón,Moto/Ciclomotor", ,5,1,0,0,3,0,1,"-28.48993, -59.61354",S/D,,VILLA ANA,General Obligado,S/D,S/D,IX,S/D,S/D,S/D,S/D,S/D,S/D,S/D,Nocturna,S/D,S/D,Peatón,Atropello,S/D,S/D,S/D,S/D
2020,897,2020-02-11,Martes,09:15:00,,0.0,2,"Bicicleta,Automóvil",Santiago 172,2,1,0,0,1,0,0,"-32.827068808663,-60.715538353805",Calle,,CAPITÁN BERMÚDEZ,San Lorenzo,Asfalto,Pavimento,XVII,Dentro,Urbana,Ninguna,No existe,Intersección,Bueno,Buena,Diurna,Buen Tiempo,S/D,S/D,Atropello,Ninguna,Faltante,Ninguna,Sin restricción
2020,898,2020-04-05,Domingo,21:00:00,,0.0,1,Moto/Ciclomotor,Calle 29 ,1,1,0,0,0,0,0,"-32.71669, -61.50618",Calle,,LAS PAREJAS,Belgrano,Asfalto,No existe,III,S/D,Urbana,S/D,S/D,Recta,Bueno,S/D,S/D,S/D,S/D,S/D,S/D,Ninguna,Faltante,S/D,S/D
2020,899,2020-01-13,Lunes,14:00:00,,0.0,2,"Pickup/Utilitario,Automóvil",Calle 20-9 de Julio Y Calle 23-Gral lopez,3,2,0,0,1,0,0,"-29.14839, -59.64789",Calle,,RECONQUISTA,General Obligado,Asfalto,S/D,IX,S/D,Urbana,S/D,S/D,Intersección,S/D,S/D,Diurna,S/D,S/D,S/D,Colisión,S/D,S/D,S/D,S/D
2020,900,2020-02-28,Viernes,09:00:00,Ruta Nacional 175,0.0,2,"Automóvil,Moto/Ciclomotor",Av San Martin Y Cordoba,4,1,0,0,3,0,0,"-32.717491842598,-60.731139094683",Ruta,175,PUERTO SAN MARTÍN,San Lorenzo,Asfalto,No existe,XVII,Dentro,Urbana,Paso Peatonal,No existe,Intersección,Bueno,Buena,Diurna,Buen Tiempo,Lateral,S/D,Colisión,Ninguna,Horizontal,Ninguna,Sin restricción
2020,901,2020-01-14,Martes,,,0.0,2,"Automóvil,Moto/Ciclomotor",Gaboto Y Bv. Avellaneda,2,0,1,0,1,0,0,"-32.96598, -60.68609",Calle,,ROSARIO,Rosario,Asfalto,S/D,II,S/D,Urbana,S/D,S/D,Intersección,S/D,S/D,S/D,S/D,S/D,S/D,Colisión,S/D,S/D,S/D,S/D
2020,903,2020-04-03,Viernes,17:20:00,,0.0,2,"Moto/Ciclomotor,Automóvil",Calle 18 - Gral Belgrano Y Calle 21-Gdor. iriondo,2,1,0,0,1,0,0,"-29.14772, -59.64635",Calle,,RECONQUISTA,General Obligado,Asfalto,No existe,IX,Dentro,Urbana,Ninguna,No existe,Intersección,Bueno,Buena,Diurna,Buen Tiempo,Otro,S/D,Colisión,Ninguna,Vertical,Ninguna,Sin restricción
2020,904,2020-02-27,Jueves,07:00:00,,0.0,2,"Automóvil,Camión c / Acoplado",Pte Hipolito Irigoyen 3500,2,1,0,0,1,0,0,"-32.705425129921,-60.746803345447",Calle,,PUERTO SAN MARTÍN,San Lorenzo,Asfalto,No existe,XVII,Dentro,Urbana,Ninguna,No existe,Intersección,Bueno,Buena,Diurna,Buen Tiempo,Lateral,S/D,Colisión,Ninguna,Faltante,"Cordón divisorio,Vegetación",Sin restricción
2020,905,2020-01-12,Domingo,,,0.0,2,"Moto/Ciclomotor,Automóvil",Pueyrredon Y General Manuel Belgrano,2,1,0,0,1,0,0,"-31.44574, -60.92832",Calle,,ESPERANZA,Las Colonias,Asfalto,S/D,XI,S/D,Urbana,S/D,S/D,Intersección,S/D,S/D,S/D,S/D,S/D,S/D,Colisión,S/D,S/D,S/D,S/D
2020,906,2020-04-06,Lunes,,,0.0,2,"Bicicleta,Moto/Ciclomotor",Calle 19-Habegger Y Roca Pte,2,0,1,0,1,0,0,"-29.14685, -59.64409",Calle,,RECONQUISTA,General Obligado,Asfalto,No existe,IX,Dentro,Urbana,Ninguna,No existe,Intersección,Bueno,Buena,Diurna,Buen Tiempo,Otro,Ciclista,Atropello,Ninguna,Vertical,Ninguna,Sin restricción
2020,907,2020-01-14,Martes,17:45:00,Ruta Secundaria 61-s,0.0,1,Moto/Ciclomotor, ,1,1,0,0,0,0,0,"-28.32413, -59.61907",Ruta,61-s,VILLA ANA,General Obligado,Asfalto,S/D,IX,S/D,Urbana,S/D,S/D,Recta,S/D,S/D,Diurna,S/D,S/D,S/D,Cañda ocupante,S/D,S/D,S/D,S/D
2020,908,2020-02-15,Sabado,04:30:00,,0.0,1,Moto/Ciclomotor,Belgrano Y Sarmiento,1,1,0,0,0,0,0,"-32.714126890569,-60.734508734064",Calle,,PUERTO SAN MARTÍN,San Lorenzo,Asfalto,No existe,XVII,Dentro,Urbana,Paso Peatonal,No existe,Intersección,Bueno,Buena,Diurna,Buen Tiempo,S/D,S/D,Despiste,Ninguna,"Horizontal,Vertical",Ninguna,Sin restricción
2020,909,2020-01-14,Martes,,,0.0,2,"Moto/Ciclomotor,Automóvil", ,2,1,0,0,1,0,0,"-29.14662, -59.64026",S/D,,RECONQUISTA,General Obligado,S/D,S/D,IX,S/D,S/D,S/D,S/D,S/D,S/D,S/D,S/D,S/D,S/D,S/D,Colisión,S/D,S/D,S/D,S/D
2020,910,2020-01-14,Martes,,Ruta Provincial 2,0.0,1,Automóvil, ,1,1,0,0,0,0,0,"-31.30385, -60.67607",Ruta,2,LAGUNA PAIVA,La Capital,S/D,S/D,I,S/D,Urbana,S/D,S/D,S/D,S/D,S/D,S/D,S/D,S/D,S/D,Vuelco,S/D,S/D,S/D,S/D
2020,911,2020-01-15,Miercoles,,,0.0,2,"Peatón,Automóvil",Av 27 de Febrero Y Belgrano,2,1,0,0,1,0,0,"-31.64672, -60.70179",Calle,,SANTA FE,La Capital,Asfalto,S/D,I,S/D,Urbana,S/D,S/D,Intersección,S/D,S/D,S/D,S/D,S/D,Peatón,Atropello,S/D,S/D,S/D,S/D
2020,913,2020-01-15,Miercoles,19:40:00,,0.0,2,"Automóvil,Moto/Ciclomotor",Buenos Aires Y 9 de Julio,3,2,0,0,1,0,0,"-28.49432, -59.61164",Calle,,VILLA ANA,General Obligado,Asfalto,S/D,IX,S/D,Urbana,S/D,S/D,Intersección,S/D,S/D,Nocturna,S/D,S/D,S/D,Colisión,S/D,S/D,S/D,S/D
2020,914,2020-04-06,Lunes,17:00:00,,0.0,2,"Pickup/Utilitario,Automóvil",San Martin Y Centeno,3,3,0,0,0,0,0,"-32.98524, -60.64545",Calle,,ROSARIO,Rosario,Asfalto,No existe,II,Dentro,Urbana,Ninguna,No existe,Intersección,Bueno,Buena,Diurna,Buen Tiempo,Lateral,S/D,Colisión,Ninguna,Faltante,Guardarrail,Sin restricción
2020,915,2020-02-26,Miercoles,18:00:00,,0.0,2,"Automóvil,Peatón",10 de Febrero Y Venezuela,2,1,0,0,1,0,0,"-32.821546214145,-60.712277343803",Calle,,CAPITÁN BERMÚDEZ,San Lorenzo,Asfalto,No existe,XVII,Dentro,Urbana,Ninguna,No existe,Intersección,Bueno,Buena,Diurna,Buen Tiempo,S/D,S/D,Colisión,Ninguna,Faltante,Ninguna,Sin restricción
2020,916,2020-01-15,Miercoles,,Ruta Nacional 11,0.0,1,Automóvil, ,2,2,0,0,0,0,0,"-30.40076, -60.41674",Ruta,11,GOBERNADOR CRESPO,San Justo,Asfalto,S/D,XVI,S/D,Urbana,S/D,S/D,Recta,S/D,S/D,S/D,S/D,S/D,S/D,Vuelco,S/D,S/D,S/D,S/D
2020,917,2020-02-14,Viernes,16:30:00,,0.0,3,"Moto/Ciclomotor,Pickup/Utilitario,Automóvil",Pte Hipolito Irigoyen Y Rivadavia,8,6,0,0,2,0,0,"-32.707680599632,-60.747350059077",Calle,,PUERTO SAN MARTÍN,San Lorenzo,Asfalto,Natural,XVII,Dentro,Urbana,Ninguna,No existe,Intersección,Bueno,Buena,Diurna,Buen Tiempo,Múltiple,S/D,Colisión,Ninguna,Horizontal,Ninguna,Sin restricción
2020,918,2020-01-15,Miercoles,22:10:00,Ruta Nacional 33,679.0,1,Moto/Ciclomotor, ,1,0,1,0,0,0,0,"-33.53537, -61.64525",Ruta,33,CHOVET,General LÓPEZ,S/D,S/D,VIII,S/D,Rural,S/D,S/D,S/D,S/D,S/D,Nocturna,S/D,S/D,S/D,Cañda ocupante,S/D,S/D,S/D,S/D
2020,919,2020-04-06,Lunes,15:30:00,,0.0,2,"Moto/Ciclomotor,Pickup/Utilitario",Anchorena Y Buenos Aires,2,1,0,0,1,0,0,"-32.9978, -60.64483",Calle,,ROSARIO,Rosario,Asfalto,No existe,II,Dentro,Urbana,Ninguna,No existe,Intersección,Bueno,Buena,Diurna,Buen Tiempo,Lateral,S/D,Colisión,Ninguna,Faltante,Guardarrail,Sin restricción
2020,920,2020-02-13,Jueves,13:00:00,,0.0,2,"Moto/Ciclomotor,Automóvil",America Y Belgrano,2,1,0,0,1,0,0,"-32.707499834322,-60.732907985976",Calle,,PUERTO SAN MARTÍN,San Lorenzo,Asfalto,No existe,XVII,Dentro,Urbana,Ninguna,No existe,Intersección,Deteriorada,Buena,Diurna,Buen Tiempo,Lateral,S/D,Colisión,Ninguna,Faltante,Ninguna,Sin restricción
2020,921,2020-04-06,Lunes,12:30:00,,0.0,2,"Moto/Ciclomotor,Pickup/Utilitario",Laprida Y Ameghino,2,1,0,0,1,0,0,"-32.98812, -60.64431",Calle,,ROSARIO,Rosario,Asfalto,No existe,II,Dentro,Urbana,Ninguna,No existe,Intersección,Bueno,Buena,Diurna,Buen Tiempo,De alcance,S/D,Colisión,Ninguna,Faltante,Guardarrail,Sin restricción
2020,922,2020-02-02,Domingo,05:00:00,,0.0,2,"Automóvil,Moto/Ciclomotor",España Y 9 De Julio,3,1,0,0,2,0,0,"-32.952346, -60.648361",Calle,,ROSARIO,Rosario,Asfalto,No existe,II,Dentro,Urbana,Semáforo,Intermitente,Intersección,Bueno,Buena,Nocturna,Buen Tiempo,Lateral,S/D,Colisión,Ninguna,"Horizontal,Vertical",Ninguna,Sin restricción
2020,923,2020-02-12,Miercoles,20:00:00,,0.0,2,"Moto/Ciclomotor,Automóvil",Eva Peron Y Sgto Cabral,2,1,0,0,1,0,0,"-32.711526999807,-60.735026039916",Calle,,PUERTO SAN MARTÍN,San Lorenzo,Asfalto,No existe,XVII,Dentro,Urbana,Paso Peatonal,No existe,Intersección,Bueno,Buena,Nocturna,Buen Tiempo,Lateral,S/D,Colisión,Ninguna,Horizontal,Ninguna,Sin restricción