anio_acci,nro_acci,fecha,desc_dia,hora_aprox,desc_ruta,km,cant_participantes,desc_participante,calle_avenida_km,total,heridos_leves,heridos_graves,heridos_gravisimos,ilesos,fallecidos,sin_datos,posicion_XY,desc_tipo_via,desc_ruta_ori,desc_loc,desc_dpto,desc_tipo_calzada,desc_tipo_banquina,desc_unidad_regional,desc_lugar_calzada,desc_zona,desc_prioridad,desc_estado_semaforo,desc_lugar_via,desc_estado_via,desc_estado_visibilidad,desc_luminosidad,desc_estado_clima,desc_tipo_colision,desc_tipo_atropello,desc_tipo_hecho,desc_pres_calzada,desc_senializacion,desc_separacion_via,desc_restriccion
2020,924,2020-04-06,Lunes,20:30:00,,0.0,2,"Moto/Ciclomotor,Moto/Ciclomotor",Av. Battle y Ordo�ez Y Melincue,3,1,0,0,2,0,0,"-33.00903, -60.64733",S/D,,ROSARIO,Rosario,Asfalto,No existe,II,S/D,S/D,Ninguna,S/D,Intersección,Bueno,Buena,Nocturna,Buen Tiempo,Lateral,S/D,Colisión,Ninguna,Faltante,Guardarrail,Sin restricción
2020,925,2020-02-11,Martes,19:30:00,Ruta Nacional 175,0.0,2,"Moto/Ciclomotor,Pickup/Utilitario",Belgrano Y Cordoba,2,1,0,0,1,0,0,"-32.716823625735,-60.735160145174",Ruta,175,PUERTO SAN MARTÍN,San Lorenzo,Asfalto,No existe,XVII,Dentro,Urbana,Ninguna,No existe,Intersección,Bueno,Buena,Atardecer,Buen Tiempo,Lateral,S/D,Colisión,Ninguna,Horizontal,Ninguna,Sin restricción
2020,926,2020-02-01,Sabado,09:30:00,,0.0,2,"Taxi/Remis,Moto/Ciclomotor",Av. Pellegrini Y San Martin,2,1,0,0,0,0,1,"-32.957583, -60.639394",Avenida,,ROSARIO,Rosario,Asfalto,No existe,II,Dentro,Urbana,Semáforo,Funciona,Recta,Bueno,Buena,Diurna,Buen Tiempo,De alcance,S/D,Colisión,Ninguna,"Horizontal,Vertical",Cordón divisorio,Sin restricción
2020,927,2020-02-08,Sabado,20:40:00,,0.0,1,Moto/Ciclomotor,Belgrano Y Brasil,1,1,0,0,0,0,0,"-32.701106957773,-60.731346719411",Calle,,PUERTO SAN MARTÍN,San Lorenzo,Asfalto,No existe,XVII,Dentro,Urbana,Ninguna,No existe,Intersección,"Deteriorada,Ahuellamiento",Buena,Nocturna,Buen Tiempo,S/D,S/D,Despiste,Ninguna,Faltante,Ninguna,Sin restricción
2020,928,2020-02-13,Jueves,21:25:00,,0.0,2,"Automóvil,Automóvil",Ayacucho Y Cerrito,7,2,0,0,5,0,0,"-32.963884, -60.630755",Calle,,ROSARIO,Rosario,Asfalto,No existe,II,Dentro,Urbana,Ninguna,No existe,Intersección,Bueno,Buena,"Nocturna,Con luz artificial",Buen Tiempo,Lateral,S/D,Colisión,Ninguna,Faltante,Ninguna,Sin restricción
2020,929,2020-02-07,Viernes,06:50:00,Ruta Nacional 11,0.0,2,"Moto/Ciclomotor,Automóvil",Ruta Nac 11 Y Saavedra,2,1,0,0,1,0,0,"-32.706622640849,-60.762080263517",Ruta,11,PUERTO SAN MARTÍN,San Lorenzo,Asfalto,No existe,XVII,Dentro,Urbana,Ninguna,No existe,Intersección,"Deteriorada,Ahuellamiento",Buena,Diurna,Buen Tiempo,Lateral,S/D,Colisión,Ninguna,Horizontal,Línea divisoria pintada,Sin restricción
2020,930,2020-02-07,Viernes,08:30:00,,0.0,2,"Automóvil,Bicicleta",Mendoza Y Paraguay,2,1,0,0,1,0,0,"-32.950579, -60.645022",Calle,,ROSARIO,Rosario,Asfalto,No existe,II,Dentro,Urbana,Semáforo,Funciona,Recta,Bueno,Buena,Diurna,Buen Tiempo,S/D,Ciclista,Atropello,Ninguna,"Horizontal,Vertical",Ninguna,Sin restricción
2020,931,2020-04-12,Domingo,22:30:00,Autopista Nacional A008,0.0,2,"Automóvil,Automóvil",Av. Circunvalacion Y Mendoza,4,1,0,0,3,0,0,"-32.94059, -60.72246",Autopista,A008,ROSARIO,Rosario,Asfalto,No existe,II,Dentro,Urbana,S/D,S/D,Intersección,Bueno,Buena,Con luz artificial,Buen Tiempo,S/D,S/D,Colisión,Ninguna,S/D,S/D,Sin restricción
2020,932,2020-02-06,Jueves,16:30:00,Ruta Nacional 11,0.0,2,"Moto/Ciclomotor,Automóvil",Pte Juan D Peron Y Ruta Nac 11,2,1,0,0,1,0,0,"-32.690777014404,-60.774346793694",Ruta,11,PUERTO SAN MARTÍN,San Lorenzo,Asfalto,Natural,XVII,Dentro,Urbana,Señal Pare,No existe,Intersección,Deteriorada,Buena,Diurna,Buen Tiempo,Lateral,S/D,Colisión,Ninguna,Vertical,Ninguna,Sin restricción
2020,933,2020-02-05,Miercoles,13:25:00,,0.0,2,"Moto/Ciclomotor,Automóvil",Buenos Aires Y Junin,2,1,0,0,1,0,0,"-32.711525233651,-60.738396354322",Calle,,PUERTO SAN MARTÍN,San Lorenzo,Asfalto,No existe,XVII,Dentro,Urbana,Ninguna,No existe,Intersección,Bueno,Buena,Diurna,Buen Tiempo,Lateral,S/D,Colisión,Ninguna,Faltante,Ninguna,Sin restricción
2020,934,2020-04-14,Martes,16:25:00,Autopista Nacional A008,0.0,2,"Moto/Ciclomotor,Automóvil",Av. Circunvalacion Y Av. Uriburu,3,2,1,0,0,0,0,"-32.99231, -60.70188",Autopista,A008,ROSARIO,Rosario,Asfalto,Pavimento,II,Dentro,Urbana,Ninguna,No funciona,Otro,Bueno,Reducida,Diurna,Otro,S/D,S/D,Colisión,Otro,Faltante,"Guardarrail,Vegetación",Sin restricción
2020,935,2020-04-01,Miercoles,21:10:00,Autopista Provincial Brigadier E.LÓPEZ,0.0,2,"Camión c / Semirremolque,Camión c / Semirremolque", ,2,2,0,0,0,0,0,"-32.9122, -60.87203",Autopista,Brigadier E.LÓPEZ,ROSARIO,Rosario,Hormigón,S/D,II,S/D,S/D,S/D,No existe,Recta,Bueno,Buena,Nocturna,Buen Tiempo,S/D,S/D,S/D,Fluidos,Horizontal,Guardarrail,S/D
2020,936,2020-02-05,Miercoles,16:00:00,,0.0,2,"Automóvil,Camión c / Acoplado",Pte Hipolito Irigoyen Y Pte Juan D Peron,3,2,0,0,1,0,0,"-32.6957805454731,-60.7443711161613",Calle,,PUERTO SAN MARTÍN,San Lorenzo,Asfalto,Natural,XVII,Dentro,Urbana,Otra Señal,No existe,Intersección,Bueno,Buena,Diurna,Buen Tiempo,Lateral,S/D,Colisión,Ninguna,Vertical,Ninguna,Sin restricción
2020,937,2020-02-07,Viernes,20:10:00,,0.0,2,"Peatón,Automóvil",Italia 2200,2,1,0,0,0,0,1,"-32.961293, -60.652069",Calle,,ROSARIO,Rosario,Asfalto,No existe,II,Dentro,Urbana,Ninguna,No existe,Recta,Bueno,Buena,"Nocturna,Con luz artificial",Buen Tiempo,S/D,Peatón,Atropello,Ninguna,Faltante,Ninguna,Sin restricción
2020,938,2020-04-09,Jueves,17:35:00,,0.0,2,"Automóvil,Moto/Ciclomotor",Italia Y Fco Angeloni,2,1,0,0,1,0,0,"-30.79317, -60.58892",Calle,,SAN JUSTO,San Justo,Asfalto,No existe,XVI,Dentro,Urbana,Ninguna,No existe,Intersección,Bueno,Reducida,Atardecer,Viento Fuerte,De alcance,S/D,Colisión,Ninguna,Faltante,Ninguna,Sin restricción
2020,939,2020-02-03,Lunes,13:30:00,,0.0,2,"Moto/Ciclomotor,Pickup/Utilitario",G Kirk Y Reconquista,5,1,0,0,4,0,0,"-32.714471736069,-60.737972660822",Calle,,PUERTO SAN MARTÍN,San Lorenzo,Asfalto,No existe,XVII,Dentro,Urbana,Paso Peatonal,No existe,Intersección,Bueno,Buena,Diurna,Buen Tiempo,Lateral,S/D,Colisión,Ninguna,Horizontal,Ninguna,Sin restricción
2020,940,2020-04-05,Domingo,19:20:00,,0.0,2,"Peatón,Moto/Ciclomotor", ,2,1,0,0,1,0,0,"-32.95905, -60.69295",Calle,,ROSARIO,Rosario,S/D,S/D,II,S/D,Urbana,S/D,S/D,Intersección,Bueno,S/D,S/D,S/D,S/D,Peatón,Atropello,S/D,S/D,S/D,S/D
2020,941,2020-04-13,Lunes,17:00:00,,0.0,2,"Pickup/Utilitario,Moto/Ciclomotor", ,2,0,1,0,1,0,0,"-31.12868, -60.12516",Camino Rural,,CAMPO DEL MEDIO,Garay,Tierra,No existe,VII,S/D,Rural,Ninguna,No existe,Intersección,Otro,Buena,Diurna,Buen Tiempo,Lateral,S/D,Colisión,Ninguna,Faltante,Ninguna,Sin restricción
2020,942,2020-02-01,Sabado,19:18:00,Ruta Nacional 11,0.0,1,Automóvil,Ruta 18 S Y Ruta Nac 11,1,1,0,0,0,0,0,"-32.713087165105,-60.756962334003",Ruta,11,PUERTO SAN MARTÍN,San Lorenzo,Asfalto,Natural,XVII,Dentro,Urbana,Ninguna,No existe,Intersección,Bueno,Buena,Atardecer,Buen Tiempo,S/D,S/D,Vuelco,Ninguna,Faltante,Ninguna,Sin restricción
2020,943,2020-04-14,Martes,17:15:00,,0.0,2,"Automóvil,Bicicleta",Las Heras Y Maipu,2,1,0,0,1,0,0,"-32.47069, -61.57762",Calle,,LAS ROSAS,Belgrano,Asfalto,No existe,III,Dentro,Urbana,Ninguna,No existe,Intersección,Bueno,Buena,Diurna,Buen Tiempo,S/D,Ciclista,Atropello,Ninguna,Vertical,Ninguna,Sin restricción
2020,944,2020-02-07,Viernes,21:40:00,,0.0,1,Moto/Ciclomotor,Balcarce Y Brown,2,2,0,0,0,0,0,"-32.934655, -60.649602",Calle,,ROSARIO,Rosario,Asfalto,No existe,II,Dentro,Urbana,S/D,No existe,Intersección,Bueno,Buena,"Nocturna,Con luz artificial",S/D,Contra objeto fijo,S/D,Colisión,Ninguna,Faltante,Ninguna,Sin restricción
2020,945,2020-02-15,Sabado,04:00:00,Autopista Nacional Rosario -Cordoba,323.0,1,Automóvil, ,2,2,0,0,0,0,0,"-32.9069119691849,-60.9972578287124",Autopista,Rosario -Cordoba,SAN JERÓNIMO SUR,San Lorenzo,Asfalto,Natural,XVII,Dentro,Urbana,Ninguna,No existe,Recta,Bueno,Buena,Nocturna,Buen Tiempo,S/D,S/D,Despiste,Ninguna,Horizontal,Línea divisoria pintada,Sin restricción
2020,946,2020-04-13,Lunes,18:25:00,,0.0,2,"Pickup/Utilitario,Bicicleta",Mendoza 300,2,1,0,0,1,0,0,"-32.48018, -61.57741",Calle,,LAS ROSAS,Belgrano,Asfalto,No existe,III,Dentro,Urbana,Ninguna,No existe,Recta,Bueno,Buena,Diurna,Buen Tiempo,S/D,Ciclista,Atropello,Ninguna,Vertical,Ninguna,Sin restricción
2020,947,2020-02-08,Sabado,12:45:00,,0.0,1,Moto/Ciclomotor,Mendoza Y Pascual Rosas,2,2,0,0,0,0,0,"-32.943032, -60.687227",Calle,,ROSARIO,Rosario,Asfalto,No existe,II,Dentro,Urbana,Semáforo,Funciona,Recta,Bueno,Buena,Diurna,S/D,Contra objeto fijo,S/D,Colisión,S/D,"Horizontal,Vertical",S/D,Sin restricción
2020,948,2020-02-08,Sabado,00:30:00,,0.0,2,"Moto/Ciclomotor,Automóvil",Necochea Y Ocampo,3,2,0,0,0,0,1,"-32.968978, -60.629203",Calle,,ROSARIO,Rosario,Asfalto,No existe,II,Dentro,Urbana,Señal Pare,No existe,Intersección,Bueno,Buena,"Nocturna,Con luz artificial",Buen Tiempo,Lateral,S/D,Colisión,Ninguna,Vertical,Ninguna,Sin restricción
2020,949,2020-02-09,Domingo,13:40:00,,0.0,3,"Automóvil,Automóvil,Automóvil",Italia Y E.Zeballos,5,5,0,0,0,0,0,"-32.953279, -60.650025",Calle,,ROSARIO,Rosario,Asfalto,No existe,II,Dentro,Urbana,Ninguna,No existe,Intersección,Bueno,Buena,Diurna,Buen Tiempo,"Contra objeto fijo,Múltiple",S/D,Colisión,Ninguna,Faltante,Ninguna,Sin restricción
2020,950,2020-02-10,Lunes,01:20:00,,0.0,2,"Peatón,Moto/Ciclomotor",Balcarce Y E.Zeballos,3,1,0,0,2,0,0,"-32.952556, -60.654085",Calle,,ROSARIO,Rosario,Asfalto,No existe,II,Dentro,Urbana,Ninguna,No existe,Recta,Bueno,Buena,"Nocturna,Con luz artificial",Buen Tiempo,S/D,Peatón,Atropello,Ninguna,Faltante,Ninguna,Sin restricción
2020,951,2020-02-10,Lunes,01:30:00,,0.0,2,"Automóvil,Moto/Ciclomotor",Suipacha 1116,2,1,0,0,1,0,0,"-32.945702, -60.665149",Calle,,ROSARIO,Rosario,Asfalto,No existe,II,Dentro,Urbana,Ninguna,No existe,Recta,Bueno,Buena,"Nocturna,Con luz artificial",Buen Tiempo,Lateral,S/D,Colisión,Ninguna,Faltante,Ninguna,Sin restricción
2020,952,2020-02-10,Lunes,10:30:00,,0.0,2,"Moto/Ciclomotor,Automóvil",Paraguay Y San Luis,2,1,0,0,1,0,0,"-32.948047, -60.644370",Calle,,ROSARIO,Rosario,Asfalto,No existe,II,Dentro,Urbana,Semáforo,Funciona,Intersección,Bueno,Buena,Diurna,Buen Tiempo,Lateral,S/D,Colisión,Ninguna,Faltante,Ninguna,Sin restricción
2020,953,2020-02-11,Martes,16:50:00,,0.0,2,"Automóvil,Moto/Ciclomotor",Entre Rios Y Salta,2,1,0,0,1,0,0,"-32.938987, -60.639268",Calle,,ROSARIO,Rosario,Asfalto,No existe,II,Dentro,Urbana,Señal Pare,No existe,Intersección,Bueno,Buena,Diurna,Buen Tiempo,Lateral,S/D,Colisión,Ninguna,Vertical,Ninguna,Sin restricción
2020,954,2020-02-15,Sabado,21:20:00,,0.0,2,"Automóvil,Moto/Ciclomotor",Av. Francia Y Jujuy,3,2,0,0,1,0,0,"-32.933403, -60.663408",Avenida,,ROSARIO,Rosario,Asfalto,No existe,II,Dentro,Urbana,S/D,No existe,Intersección,Bueno,Buena,"Nocturna,Con luz artificial",S/D,Lateral,S/D,Colisión,Ninguna,Faltante,Ninguna,S/D
2020,955,2020-02-15,Sabado,12:35:00,,0.0,1,Bicicleta,Mitre Y Viamonte,1,1,0,0,0,0,0,"-32.965096, -60.644270",Calle,,ROSARIO,Rosario,Asfalto,No existe,II,Dentro,Urbana,Señal Pare,No existe,Intersección,Bueno,Buena,Diurna,S/D,Contra objeto fijo,S/D,Colisión,Ninguna,Vertical,Ninguna,Sin restricción
2020,956,2020-02-16,Domingo,05:00:00,,0.0,2,"Moto/Ciclomotor,Taxi/Remis",Carriego Y 9 De Julio,3,2,0,0,1,0,0,"-32.944803, -60.690519",Calle,,ROSARIO,Rosario,Asfalto,No existe,II,Dentro,Urbana,Ninguna,No existe,Intersección,Bueno,S/D,"Nocturna,Con luz artificial",S/D,Lateral,S/D,Colisión,Ninguna,Faltante,Ninguna,S/D
2020,957,2020-02-10,Lunes,12:20:00,,0.0,1,Transporte de Pasajeros Urbano (> 8 asientos),San Martin Y Rueda,2,1,0,0,1,0,0,"-32.971271, -60.642869",Avenida,,ROSARIO,Rosario,Asfalto,No existe,II,Dentro,Urbana,Semáforo,Funciona,Recta,Bueno,Buena,Diurna,S/D,S/D,S/D,Cañda ocupante,Ninguna,"Horizontal,Vertical",Ninguna,Sin restricción
2020,958,2020-02-15,Sabado,13:05:00,,0.0,2,"Automóvil,Moto/Ciclomotor",Montevideo Y Paraguay,5,1,0,0,4,0,0,"-32.955157, -60.646190",Calle,,ROSARIO,Rosario,Asfalto,No existe,II,Dentro,Urbana,Ninguna,No existe,Intersección,Bueno,Buena,Diurna,Buen Tiempo,Lateral,S/D,Colisión,Ninguna,Faltante,Ninguna,Sin restricción
2020,959,2020-02-13,Jueves,15:20:00,Ruta Nacional 9,0.0,2,"Automóvil,Moto/Ciclomotor",Av. Eva Peron Y Friuli,3,2,0,0,1,0,0,"-32.928955969919,-60.735665591036",Ruta,9,ROSARIO,Rosario,Asfalto,No existe,II,Dentro,Urbana,Paso Peatonal,No existe,Intersección,Bueno,Buena,Diurna,Buen Tiempo,Lateral,S/D,Colisión,Ninguna,Horizontal,Cordón divisorio,Sin restricción
2020,960,2020-02-29,Sabado,04:00:00,,0.0,2,"Moto/Ciclomotor,Moto/Ciclomotor",Garzon Y Mendoza,2,0,2,0,0,0,0,"-32.940096787942,-60.705656360281",Calle,,ROSARIO,Rosario,Asfalto,No existe,II,Dentro,Urbana,Semáforo,Funciona,Intersección,Bueno,Buena,Nocturna,Buen Tiempo,Lateral,S/D,Colisión,Ninguna,Vertical,Cordón divisorio,Sin restricción
2020,961,2020-02-18,Martes,18:30:00,,0.0,2,"Bicicleta,Automóvil",Av. Provincias Unidas Y Mendoza,2,1,0,0,1,0,0,"-32.94014453887936,-60.712321400642",Avenida,,ROSARIO,Rosario,Asfalto,No existe,II,Dentro,Urbana,Semáforo,No funciona,Rotonda,Bueno,Buena,Diurna,Buen Tiempo,S/D,Ciclista,Atropello,Ninguna,"Horizontal,Vertical",Cordón divisorio,Sin restricción
2020,962,2020-02-12,Miercoles,09:35:00,,0.0,2,"Moto/Ciclomotor,Automóvil",3 De Febrero Y Matienzo,2,1,0,0,1,0,0,"-32.94334935463,-60.694565888754",Calle,,ROSARIO,Rosario,Asfalto,No existe,II,Dentro,Urbana,Ninguna,No existe,Intersección,Bueno,Buena,Diurna,Buen Tiempo,Lateral,S/D,Colisión,Ninguna,Faltante,Ninguna,Sin restricción
2020,963,2020-02-21,Viernes,13:40:00,,0.0,2,"Moto/Ciclomotor,Camión Chasis",Colombia Y J.J.Paso,3,1,1,0,1,0,0,"-32.920447144019,-60.716979739782",Calle,,ROSARIO,Rosario,Asfalto,No existe,II,Dentro,Urbana,Ninguna,No existe,Intersección,Bueno,S/D,Diurna,S/D,S/D,S/D,Colisión,S/D,Faltante,Cordón divisorio,S/D
2020,964,2020-02-08,Sabado,16:30:00,,0.0,2,"Moto/Ciclomotor,Automóvil",Barra Y Navarro,2,0,1,0,1,0,0,"-32.931336761404,-60.707213682996",Calle,,ROSARIO,Rosario,Asfalto,No existe,II,Dentro,Urbana,Ninguna,No existe,Intersección,Bueno,Buena,Diurna,S/D,Lateral,S/D,Colisión,Ninguna,Faltante,Ninguna,S/D
2020,965,2020-02-21,Viernes,15:00:00,,0.0,2,"Moto/Ciclomotor,Automóvil",Bolivia Y J.B.Justo,2,0,1,0,1,0,0,"-32.91497166933,-60.71573072725",Calle,,ROSARIO,Rosario,Asfalto,No existe,II,Dentro,Urbana,Ninguna,No existe,Recta,Bueno,Buena,Diurna,Buen Tiempo,Lateral,S/D,Colisión,Ninguna,Faltante,Ninguna,Sin restricción
2020,966,2020-02-26,Miercoles,17:00:00,,0.0,2,"Moto/Ciclomotor,Pickup/Utilitario",Cullen Y Junin,2,1,0,0,1,0,0,"-32.92748012901,-60.709657430155",Calle,,ROSARIO,Rosario,Asfalto,No existe,II,Dentro,Urbana,Ninguna,No existe,Recta,Bueno,Buena,Diurna,Buen Tiempo,De alcance,S/D,Colisión,Ninguna,Horizontal,Ninguna,Sin restricción
2020,967,2020-02-26,Miercoles,19:30:00,,0.0,2,"Automóvil,Tracción animal / Carro",Campbell Y La Republica,2,1,0,0,1,0,0,"-32.918490, -60.708810",Calle,,ROSARIO,Rosario,"Asfalto,Tierra",No existe,II,Dentro,Urbana,Ninguna,No existe,Recta,Bueno,Buena,Nocturna,Buen Tiempo,Lateral,S/D,Colisión,Ninguna,Faltante,Ninguna,Sin restricción
2020,968,2020-04-07,Martes,14:20:00,,0.0,2,"Moto/Ciclomotor,Automóvil",3 De Febrero Y Pte.Roca,2,1,0,0,1,0,0,"-32.83455, -60.65968",Calle,,ROSARIO,Rosario,"Asfalto,Hormigón",S/D,II,Dentro,Urbana,S/D,S/D,Intersección,S/D,S/D,S/D,S/D,S/D,S/D,Colisión,S/D,S/D,S/D,S/D
2020,969,2020-02-17,Lunes,01:50:00,,0.0,2,"Pickup/Utilitario,Bicicleta",Balcarce Y Urquiza,2,1,0,0,1,0,0,"-32.940509, -60.651087",Calle,,ROSARIO,Rosario,Asfalto,No existe,II,Dentro,Urbana,Señal Pare,No existe,Intersección,Bueno,Buena,"Nocturna,Con luz artificial",S/D,S/D,Ciclista,Atropello,Ninguna,Vertical,Ninguna,Sin restricción
2020,970,2020-04-04,Sabado,11:30:00,,0.0,2,"Moto/Ciclomotor,Automóvil",Laprida Y La Paz,3,2,0,0,1,0,0,"-32.91859, -60.67894",Calle,,ROSARIO,Rosario,"Asfalto,Hormigón",S/D,II,Dentro,Urbana,S/D,No existe,Intersección,Bueno,Buena,Diurna,S/D,Lateral,S/D,Colisión,Ninguna,S/D,S/D,S/D
2020,971,2020-01-17,Viernes,23:55:00,,0.0,2,"Moto/Ciclomotor,Automóvil",Superi 900,3,1,0,0,2,0,0,"-32.89483, -60.69515",Calle,,ROSARIO,Rosario,S/D,S/D,II,S/D,Urbana,S/D,S/D,Intersección,S/D,S/D,Nocturna,S/D,S/D,S/D,Colisión,S/D,S/D,S/D,S/D
2020,972,2020-02-18,Martes,07:20:00,,0.0,2,"Automóvil,Moto/Ciclomotor",Dorrego 2712,4,2,0,0,2,0,0,"-32.966958, -60.654902",Calle,,ROSARIO,Rosario,Asfalto,No existe,II,Dentro,Urbana,Ninguna,No existe,Intersección,Bueno,Buena,Amanecer,Buen Tiempo,Lateral,S/D,Colisión,Ninguna,Faltante,Ninguna,Sin restricción
2020,973,2020-04-04,Sabado,20:15:00,,0.0,2,"Moto/Ciclomotor,Moto/Ciclomotor",Francia F Y Santa Fe,2,1,0,0,1,0,0,"-32.91859, -60.67894",Avenida,,ROSARIO,Rosario,"Asfalto,Hormigón",S/D,II,Dentro,Urbana,S/D,S/D,Intersección,"Bueno,Con baches",Buena,"Nocturna,Con luz artificial",S/D,Lateral,S/D,Colisión,S/D,S/D,S/D,S/D
2020,974,2020-01-17,Viernes,18:00:00,,0.0,2,"Moto/Ciclomotor,Pickup/Utilitario",Chacabuco Y Hipolito Yrigoyen,3,2,0,0,1,0,0,"-33.05021, -61.17913",Calle,,CASILDA,Caseros,S/D,S/D,IV,S/D,Urbana,S/D,S/D,Intersección,S/D,S/D,Atardecer,S/D,S/D,S/D,Colisión,S/D,S/D,S/D,S/D
2020,975,2020-04-03,Viernes,11:40:00,,0.0,2,"Moto/Ciclomotor,Automóvil",Entre Rios Y Riobamba,3,3,0,0,0,0,0,"-32.96259, -60.64513",Calle,,ROSARIO,Rosario,Hormigón,S/D,II,Dentro,Urbana,S/D,S/D,Intersección,S/D,Buena,"Diurna,Con luz artificial",S/D,Lateral,S/D,Colisión,S/D,S/D,S/D,S/D
2020,976,2020-02-21,Viernes,03:55:00,,0.0,2,"Taxi/Remis,Automóvil",Av. Ovidio Lagos Y Tucuman,6,4,0,0,2,0,0,"-32.937609, -60.660233",Avenida,,ROSARIO,Rosario,Asfalto,No existe,II,Dentro,Urbana,Semáforo,Intermitente,Intersección,Bueno,Buena,"Nocturna,Con luz artificial",S/D,Lateral,S/D,Colisión,Ninguna,"Horizontal,Vertical",Ninguna,Sin restricción
2020,977,2020-01-17,Viernes,03:30:00,,0.0,2,"Moto/Ciclomotor,Automóvil",Sarmiento D Y 25 de Mayo,2,1,0,0,1,0,0,"-29.45965, -60.21557",Calle,,VERA,Vera,S/D,S/D,XIX,S/D,Urbana,S/D,S/D,Intersección,S/D,S/D,Nocturna,S/D,S/D,S/D,Colisión,S/D,S/D,S/D,S/D
2020,978,2020-04-02,Jueves,06:50:00,,0.0,2,"Moto/Ciclomotor,Ambulancia",Av. Pellegrini Y Bv. Avellaneda,3,1,0,0,2,0,0,"-32.94981, -60.68224",Avenida,,ROSARIO,Rosario,S/D,S/D,II,Dentro,Urbana,Semáforo,Funciona,Intersección,S/D,Buena,"Diurna,Con luz artificial",S/D,S/D,S/D,S/D,S/D,S/D,"Cordón divisorio,Vegetación",S/D
2020,979,2020-04-01,Miercoles,18:00:00,,0.0,2,"Moto/Ciclomotor,Moto/Ciclomotor",Av. Pellegrini Y Dorrego,2,1,0,0,1,0,0,"-32.95556, -60.65173",Avenida,,ROSARIO,Rosario,"Asfalto,Hormigón",S/D,II,Dentro,Urbana,S/D,S/D,Intersección,S/D,S/D,Diurna,S/D,Lateral,S/D,Colisión,S/D,S/D,S/D,S/D
2020,980,2020-02-21,Viernes,07:20:00,,0.0,2,"Bicicleta,Automóvil",Rioja Y Rodriguez,2,1,0,0,1,0,0,"-32.943901, -60.659021",Calle,,ROSARIO,Rosario,Asfalto,No existe,II,Dentro,Urbana,Señal Pare,No existe,Intersección,Bueno,S/D,Amanecer,S/D,S/D,Ciclista,Atropello,Ninguna,Vertical,Ninguna,S/D
2020,981,2020-04-06,Lunes,16:00:00,,0.0,2,"Moto/Ciclomotor,Automóvil",Virasoro Y Sarmiento,2,1,0,0,1,0,0,"-32.96993, -60.64403",Calle,,ROSARIO,Rosario,Asfalto,No existe,II,Dentro,Urbana,Señal Pare,Funciona,Intersección,Bueno,Buena,Diurna,Buen Tiempo,Lateral,S/D,Colisión,Ninguna,Vertical,Ninguna,Sin restricción
2020,982,2020-04-06,Lunes,10:00:00,,0.0,2,"Automóvil,Automóvil",Av. Pellegrini Y J.M.de Rosas,2,0,1,0,1,0,0,"-32.95892, -60.63414",Avenida,,ROSARIO,Rosario,S/D,S/D,II,Dentro,Urbana,S/D,S/D,S/D,S/D,S/D,S/D,S/D,Lateral,S/D,Colisión,S/D,Vertical,S/D,Sin restricción
2020,983,2020-01-18,Sabado,15:55:00,,0.0,3,"Camión,Automóvil,Moto/Ciclomotor",Av. Pte.Peron 7900,4,2,2,0,0,0,0,"-32.9776, -60.7305",Calle,,ROSARIO,Rosario,S/D,S/D,II,S/D,Urbana,S/D,S/D,Recta,S/D,S/D,Diurna,S/D,Múltiple,S/D,Colisión,S/D,S/D,S/D,S/D
2020,984,2020-02-16,Domingo,15:15:00,,0.0,2,"Moto/Ciclomotor,Automóvil",Paraguay Y San Juan,2,1,0,0,1,0,0,"-32.949190, -60.644664",Calle,,ROSARIO,Rosario,Asfalto,No existe,II,Dentro,Urbana,Semáforo,Funciona,Recta,Bueno,Buena,Diurna,Buen Tiempo,De alcance,S/D,Colisión,Ninguna,"Horizontal,Vertical",Ninguna,Sin restricción
2020,985,2020-04-02,Jueves,13:50:00,,0.0,2,"Moto/Ciclomotor,Automóvil",San Juan Y Pueyrredon,2,1,0,0,1,0,0,"-32.94697, -60.65837",Calle,,ROSARIO,Rosario,Asfalto,No existe,II,Dentro,S/D,Ninguna,No existe,Intersección,Bueno,Buena,Diurna,Buen Tiempo,De alcance,S/D,Colisión,Ninguna,Faltante,Ninguna,Sin restricción
2020,986,2020-04-03,Viernes,08:30:00,,0.0,2,"Moto/Ciclomotor,Automóvil",Urquiza Y Rio De Janeiro,2,1,0,0,1,0,0,"-32.93551, -60.67954",Calle,,ROSARIO,Rosario,Asfalto,No existe,II,Dentro,Urbana,Ninguna,No existe,Intersección,Bueno,Buena,Diurna,Buen Tiempo,De alcance,S/D,Colisión,Ninguna,Faltante,Ninguna,Sin restricción
2020,987,2020-02-12,Miercoles,20:00:00,,0.0,2,"Moto/Ciclomotor,Pickup/Utilitario",Lima Y E.Zeballos,3,1,0,0,2,0,0,"-32.946951, -60.685372",Calle,,ROSARIO,Rosario,Asfalto,No existe,II,Dentro,Urbana,Señal Pare,No existe,Intersección,Bueno,Buena,"Nocturna,Con luz artificial",Buen Tiempo,Lateral,S/D,Colisión,Ninguna,Vertical,Ninguna,Sin restricción