anio_acci,nro_acci,fecha,desc_dia,hora_aprox,desc_ruta,km,cant_participantes,desc_participante,calle_avenida_km,total,heridos_leves,heridos_graves,heridos_gravisimos,ilesos,fallecidos,sin_datos,posicion_XY,desc_tipo_via,desc_ruta_ori,desc_loc,desc_dpto,desc_tipo_calzada,desc_tipo_banquina,desc_unidad_regional,desc_lugar_calzada,desc_zona,desc_prioridad,desc_estado_semaforo,desc_lugar_via,desc_estado_via,desc_estado_visibilidad,desc_luminosidad,desc_estado_clima,desc_tipo_colision,desc_tipo_atropello,desc_tipo_hecho,desc_pres_calzada,desc_senializacion,desc_separacion_via,desc_restriccion
2020,1121,2020-01-17,Viernes,13:00:00,,0.0,2,"Moto/Ciclomotor,Pickup/Utilitario",Sarmiento Y Bv. Balcarce,2,0,0,0,1,0,1,"-32.82207, -61.39227",Avenida,,CAÑADA DE GÓMEZ,Iriondo,S/D,S/D,X,S/D,Urbana,S/D,S/D,Intersección,S/D,S/D,Diurna,S/D,S/D,S/D,Colisión,S/D,S/D,S/D,S/D
2020,1122,2020-04-05,Domingo,11:15:00,,0.0,2,"Moto/Ciclomotor,Moto/Ciclomotor",Rivadavia Y Colon,2,1,0,0,0,0,1,"-29.45731, -60.20885",S/D,,VERA,Vera,S/D,S/D,XIX,S/D,S/D,S/D,S/D,S/D,S/D,S/D,S/D,S/D,S/D,S/D,S/D,S/D,S/D,S/D,S/D
2020,1123,2020-02-11,Martes,21:15:00,Autopista Provincial Brigadier E.LÓPEZ,22.0,2,"Automóvil,Peatón", ,3,1,0,0,2,0,0,"-32.6794, -60.80306",Autopista,Brigadier E.LÓPEZ,TIMBÚES,San Lorenzo,Hormigón,Pavimento,XVII,Dentro,Rural,Semáforo,Funciona,Recta,Bueno,Buena,Nocturna,Buen Tiempo,S/D,Peatón,Atropello,Ninguna,"Horizontal,Vertical",Barrera de hormigón,Sin restricción
2020,1124,2020-04-06,Lunes,01:40:00,,0.0,1,Moto/Ciclomotor, ,1,1,0,0,0,0,0,"-32.02949, -61.22433",S/D,,GÁLVEZ,San JERÓNIMO,S/D,S/D,XV,S/D,S/D,S/D,S/D,S/D,S/D,S/D,S/D,S/D,S/D,S/D,Despiste,S/D,S/D,S/D,S/D
2020,1125,2020-02-22,Sabado,15:30:00,,0.0,2,"Moto/Ciclomotor,Automóvil",J Castelli Y Las Heras,2,1,0,0,1,0,0,"-31.607654, -60.689050",Calle,,SANTA FE,La Capital,Asfalto,No existe,I,Dentro,Urbana,Ninguna,No existe,Intersección,Bueno,Buena,Diurna,Buen Tiempo,Lateral,S/D,Colisión,Ninguna,Faltante,Ninguna,Sin restricción
2020,1126,2020-01-17,Viernes,,,0.0,2,"Moto/Ciclomotor,Automóvil",Bv. Avellaneda Y Gaboto,3,0,2,0,1,0,0,"-32.96599, -60.68598",Avenida,,ROSARIO,Rosario,S/D,S/D,II,S/D,Urbana,S/D,S/D,Intersección,S/D,S/D,S/D,S/D,S/D,S/D,Colisión,S/D,S/D,S/D,S/D
2020,1127,2020-01-28,Martes,,,0.0,2,"Automóvil,Moto/Ciclomotor",Chacabuco Y Joaquin V Gonzalez,2,1,0,0,1,0,0,"    -31.25272, -61.50309",Calle,,RAFAELA,Castellanos,S/D,S/D,V,Dentro,Urbana,Ninguna,No existe,Intersección,S/D,Buena,S/D,S/D,Lateral,S/D,Colisión,S/D,S/D,S/D,S/D
2020,1128,2020-02-14,Viernes,19:40:00,,0.0,2,"Automóvil,Bicicleta",Candioti Y Castellanos,2,1,0,0,1,0,0,"-31.636248654149,-60.695190658845",Calle,,SANTA FE,La Capital,Hormigón,No existe,I,Dentro,Urbana,Paso Peatonal,No existe,Intersección,Bueno,Buena,Diurna,Buen Tiempo,S/D,Ciclista,Atropello,Ninguna,Horizontal,Ninguna,Sin restricción
2020,1129,2020-04-05,Domingo,06:30:00,Ruta Nacional 19,0.0,1,Automóvil, ,1,1,0,0,0,0,0,"-31.65805, -60.84866",Ruta,19,SANTO TOMÉ,La Capital,S/D,S/D,I,S/D,S/D,S/D,S/D,S/D,S/D,S/D,S/D,S/D,S/D,S/D,Vuelco,S/D,S/D,S/D,S/D
2020,1130,2020-02-14,Viernes,17:55:00,,0.0,2,"Automóvil,Moto/Ciclomotor",Avellaneda Y Ayacucho,3,1,0,0,2,0,0,"-32.784225020355,-60.731967362133",Calle,,FRAY LUIS BELTRÁN,San Lorenzo,Ripio,No existe,XVII,Dentro,Urbana,Ninguna,No existe,Intersección,Bueno,Buena,Diurna,Buen Tiempo,S/D,S/D,Colisión,Ninguna,Faltante,Ninguna,Sin restricción
2020,1131,2020-02-13,Jueves,14:50:00,,0.0,2,"Automóvil,Automóvil",Calchines Y Candioti,3,2,0,0,1,0,0,"-31.641844694284,-60.696824083907",Calle,,SANTA FE,La Capital,Asfalto,No existe,I,Dentro,Urbana,Semáforo,Funciona,Intersección,Bueno,Buena,Diurna,Buen Tiempo,Lateral,S/D,Colisión,Ninguna,"Horizontal,Vertical",Ninguna,Sin restricción
2020,1132,2020-01-18,Sabado,08:30:00,,0.0,2,"Moto/Ciclomotor,Automóvil",Mitre Y Risso,2,1,0,0,1,0,0,"-31.60353, -60.68102",Calle,,SANTA FE,La Capital,S/D,S/D,I,S/D,Urbana,S/D,S/D,Intersección,S/D,S/D,Diurna,S/D,S/D,S/D,Colisión,S/D,S/D,S/D,S/D
2020,1133,2020-02-24,Lunes,10:45:00,,0.0,2,"Pickup/Utilitario,Bicicleta",Mitre 3184,2,1,0,0,1,0,0,"-31.641921, -60.692363",Calle,,SANTA FE,La Capital,Asfalto,No existe,I,Dentro,Urbana,Ninguna,No existe,Intersección,Bueno,Buena,Diurna,Buen Tiempo,S/D,Ciclista,Atropello,Ninguna,Faltante,Ninguna,Sin restricción
2020,1134,2020-02-08,Sabado,,,0.0,2,"Moto/Ciclomotor,Peatón",Bv Galvez Y San Luis,3,2,0,0,1,0,0,"-31.636395062991,-60.699756017106",Avenida,,SANTA FE,La Capital,Asfalto,No existe,I,Dentro,Urbana,Semáforo,Funciona,Intersección,Bueno,Buena,Diurna,Buen Tiempo,S/D,Peatón,Atropello,Ninguna,Vertical,Cordón divisorio,Accidente Previo
2020,1135,2020-02-17,Lunes,11:00:00,Ruta Nacional 11,0.0,2,"Moto/Ciclomotor,Automóvil",Av San Martin Y Guido Spano,4,2,0,0,2,0,0,"-32.781902639026,-60.72664336795",Ruta,11,FRAY LUIS BELTRÁN,San Lorenzo,Asfalto,No existe,XVII,Dentro,Urbana,Semáforo,No existe,Intersección,Bueno,Buena,Diurna,Buen Tiempo,S/D,S/D,Colisión,Ninguna,Vertical,Ninguna,Sin restricción
2020,1136,2020-04-01,Miercoles,15:45:00,Autopista Provincial Brigadier E.LÓPEZ,2.0,1,Camión, ,1,0,1,0,0,0,0,"-33.03746, -60.66264",Autopista,Brigadier E.LÓPEZ,ROSARIO,Rosario,S/D,S/D,II,S/D,S/D,S/D,S/D,S/D,S/D,S/D,S/D,S/D,S/D,S/D,"Vuelco,Despiste",S/D,S/D,S/D,S/D
2020,1137,2020-02-05,Miercoles,,,0.0,2,"Moto/Ciclomotor,Automóvil",Candioti Y Pje Santa Maria de Oro,2,1,0,0,1,0,0,"-31.644572842633,-60.697635079457",Calle,,SANTA FE,La Capital,Asfalto,No existe,I,Dentro,Urbana,Paso Peatonal,No existe,Intersección,Bueno,Buena,Diurna,Buen Tiempo,Lateral,S/D,Colisión,Ninguna,Horizontal,Ninguna,Sin restricción
2020,1138,2020-02-01,Sabado,19:00:00,Ruta Nacional 11,0.0,2,"Bicicleta,Automóvil",Calle 9-Mariano Moreno Y Ruta Nacional 11,2,1,0,0,1,0,0,"-29.139898077559,-59.655643994067",Ruta,11,RECONQUISTA,General Obligado,Asfalto,Pavimento,IX,Dentro,Urbana,Ninguna,Funciona,Intersección,Bueno,Buena,Diurna,Buen Tiempo,S/D,Ciclista,Atropello,Ninguna,"Horizontal,Vertical","Cordón divisorio,Vegetación,Línea divisoria pintada",Sin restricción
2020,1139,2020-01-28,Martes,,,0.0,1,Moto/Ciclomotor,Agustin Justo ,2,2,0,0,0,0,0,"    -29.88656, -60.28914",Calle,,CALCHAQUÍ,Vera,Asfalto,S/D,XIX,Dentro,Urbana,S/D,S/D,Recta,S/D,S/D,S/D,S/D,Atropello animal,S/D,Colisión,S/D,S/D,S/D,S/D
2020,1140,2020-02-01,Sabado,23:55:00,,0.0,2,"Moto/Ciclomotor,Moto/Ciclomotor",Calle 16 Gral Obligado Y Calle 33-Pueyrredon,2,2,0,0,0,0,0,"-29.154069821881,-59.646243737514",Calle,,RECONQUISTA,General Obligado,Asfalto,No existe,IX,Dentro,Urbana,Ninguna,No existe,Intersección,Bueno,Buena,Nocturna,Buen Tiempo,Lateral,S/D,Colisión,Ninguna,Faltante,Ninguna,Sin restricción
2020,1141,2020-04-01,Miercoles,,Autopista Provincial Brigadier E.LÓPEZ,1.0,1,Camión, ,1,0,1,0,0,0,0,"-33.02313, -60.66406",Autopista,Brigadier E.LÓPEZ,ROSARIO,Rosario,S/D,S/D,II,S/D,S/D,S/D,S/D,S/D,S/D,S/D,S/D,S/D,S/D,S/D,"Vuelco,Despiste",S/D,S/D,S/D,S/D
2020,1142,2020-01-18,Sabado,,,0.0,2,"Moto/Ciclomotor,Pickup/Utilitario",Lavalle Y Lopez y Planes,2,1,0,0,1,0,0,"-31.45487, -60.93615",Calle,,ESPERANZA,Las Colonias,S/D,S/D,XI,S/D,Urbana,S/D,S/D,Intersección,S/D,S/D,S/D,S/D,S/D,S/D,Colisión,S/D,S/D,S/D,S/D
2020,1143,2020-04-01,Miercoles,16:30:00,Autopista Provincial Brigadier E.LÓPEZ,6.0,2,"Camión,Camión", ,2,2,0,0,0,0,0,"-33.11836, -60.59192",Autopista,Brigadier E.LÓPEZ,ROSARIO,Rosario,S/D,S/D,II,S/D,S/D,S/D,S/D,S/D,S/D,S/D,S/D,S/D,S/D,S/D,S/D,S/D,S/D,S/D,S/D
2020,1144,2020-02-02,Domingo,20:50:00,,0.0,1,Bicicleta,Calle 18 - Gral Belgrano Y Calle 27-Gdor Freyre,1,1,0,0,0,0,0,"-29.150679603388,-59.647031318121",Calle,,RECONQUISTA,General Obligado,Asfalto,No existe,X,Dentro,Urbana,Ninguna,No existe,Intersección,Bueno,Buena,Diurna,Buen Tiempo,Contra objeto fijo,S/D,Colisión,Ninguna,Faltante,Ninguna,Sin restricción
2020,1145,2020-01-19,Domingo,07:00:00,,0.0,1,Automóvil,Fco Angeloni Y Sarmiento,2,1,0,0,1,0,0,"-30.77747, -60.58016",Calle,,SAN JUSTO,San Justo,S/D,S/D,XVI,S/D,Urbana,S/D,S/D,Intersección,S/D,S/D,Amanecer,S/D,S/D,S/D,Vuelco,S/D,S/D,S/D,S/D
2020,1146,2020-01-28,Martes,,,0.0,2,"Moto/Ciclomotor,Automóvil",1 de Mayo Y Av. E.Lopez,2,0,1,0,1,0,0,"    -32.96779, -60.63466",Calle,,ROSARIO,Rosario,Asfalto,S/D,II,Dentro,Urbana,S/D,S/D,Intersección,S/D,S/D,S/D,S/D,S/D,S/D,Colisión,S/D,S/D,S/D,S/D
2020,1147,2020-02-02,Domingo,,,0.0,2,"Moto/Ciclomotor,Moto/Ciclomotor",Av 7 Jefes Y Cordoba,3,2,0,0,1,0,0,"-31.632948591878,-60.679992833615",Avenida,,SANTA FE,La Capital,Asfalto,No existe,I,Dentro,Urbana,Ninguna,No existe,Intersección,Bueno,Buena,Diurna,Buen Tiempo,Lateral,S/D,Colisión,Ninguna,Faltante,Ninguna,Sin restricción
2020,1148,2020-02-05,Miercoles,08:30:00,,0.0,2,"Moto/Ciclomotor,Automóvil",Calle 12 San Martin Y Calle 17-Bartolome Mitre,2,1,0,0,1,0,0,"-29.145683188457,-59.642608654327",Calle,,RECONQUISTA,General Obligado,Asfalto,No existe,IX,Dentro,Urbana,Paso Peatonal,No existe,Intersección,Bueno,Buena,Diurna,Buen Tiempo,Lateral,S/D,Colisión,Ninguna,Horizontal,"Cordón divisorio,Vegetación",Sin restricción
2020,1149,2020-01-20,Lunes,,Ruta Nacional 34,201.0,1,Automóvil, ,2,2,0,0,0,0,0,"-31.42372, -61.54645",Ruta,34,SUSANA,Castellanos,S/D,S/D,V,S/D,Rural,S/D,S/D,Recta,S/D,S/D,S/D,Lluvia,S/D,S/D,Despiste,Agua,S/D,S/D,S/D
2020,1150,2020-02-22,Sabado,15:30:00,,0.0,2,"Pickup/Utilitario,Moto/Ciclomotor",Bv Galvez Y Velez Sarsfield,3,2,0,0,1,0,0,"-31.639226746802,-60.685646527213",Avenida,,SANTA FE,La Capital,Asfalto,No existe,I,Dentro,Urbana,Semáforo,Funciona,Intersección,Bueno,Buena,Diurna,Buen Tiempo,Lateral,S/D,Colisión,Ninguna,"Horizontal,Vertical",Cordón divisorio,Sin restricción
2020,1151,2020-02-07,Viernes,10:50:00,Ruta Nacional 11,0.0,2,"Pickup/Utilitario,Bicicleta",Calle 9-Mariano Moreno Y Ruta Nacional 11,2,1,0,0,1,0,0,"-29.139915725421,-59.65548978605",Ruta,11,RECONQUISTA,General Obligado,Asfalto,No existe,IX,Dentro,Urbana,Semáforo,Funciona,Intersección,Bueno,Buena,Diurna,Buen Tiempo,S/D,Ciclista,Atropello,Ninguna,"Horizontal,Vertical","Cordón divisorio,Vegetación,Línea divisoria pintada",Sin restricción
2020,1152,2020-02-24,Lunes,22:15:00,,0.0,2,"Moto/Ciclomotor,Automóvil",Av Almte Brown Y Lavaisse,3,2,0,0,1,0,0,"-31.617342, -60.674709",Avenida,,SANTA FE,La Capital,Asfalto,No existe,II,Dentro,Urbana,Ninguna,No existe,Intersección,Bueno,Buena,"Nocturna,Con luz artificial",Buen Tiempo,Lateral,S/D,Colisión,Ninguna,Faltante,Ninguna,Sin restricción
2020,1153,2020-04-01,Miercoles,12:00:00,,0.0,1,Automóvil,Artigas ,2,2,0,0,0,0,0,"-31.54713, -60.70762",S/D,,RECREO,La Capital,S/D,S/D,I,S/D,S/D,S/D,S/D,S/D,S/D,S/D,S/D,S/D,S/D,S/D,"Cañda ocupante,Vuelco",S/D,S/D,S/D,S/D
2020,1154,2020-01-20,Lunes,18:51:00,,0.0,2,"Moto/Ciclomotor,Moto/Ciclomotor",Bv Hipolito Yrigoyen Y Faccioli,2,0,0,0,0,0,2,"-29.13477, -59.65491",Calle,,RECONQUISTA,General Obligado,S/D,S/D,IX,S/D,Urbana,S/D,S/D,Intersección,S/D,S/D,Atardecer,S/D,S/D,S/D,Colisión,S/D,S/D,S/D,S/D
2020,1155,2020-02-13,Jueves,08:30:00,,0.0,2,"Bicicleta,Automóvil",Calle 25 - Pietropaolo Y Roca Pte,2,0,1,0,1,0,0,"-29.149869703959,-59.64440816059",Calle,,RECONQUISTA,General Obligado,Asfalto,No existe,IX,Dentro,Urbana,Paso Peatonal,No existe,Intersección,Bueno,Buena,Diurna,Buen Tiempo,S/D,Ciclista,Atropello,Ninguna,Horizontal,Ninguna,Sin restricción
2020,1156,2020-02-26,Miercoles,,,0.0,2,"Automóvil,Moto/Ciclomotor",Candioti Y Guemes,2,1,0,0,1,0,0,"-31.641386174593,-60.689921184058",Calle,,SANTA FE,La Capital,Asfalto,No existe,I,Dentro,Urbana,Paso Peatonal,No existe,Intersección,Bueno,S/D,S/D,Buen Tiempo,Lateral,S/D,Colisión,Ninguna,Horizontal,Ninguna,Sin restricción
2020,1157,2020-02-24,Lunes,15:45:00,,0.0,2,"Moto/Ciclomotor,Pickup/Utilitario",Belgrano Y Pedro de Vega,2,1,0,0,1,0,0,"-31.611974, -60.691434",Calle,,SANTA FE,La Capital,Asfalto,No existe,I,Dentro,Urbana,Ninguna,No existe,Intersección,Bueno,Buena,Diurna,Buen Tiempo,Lateral,S/D,Colisión,Ninguna,Faltante,Ninguna,Sin restricción
2020,1158,2020-02-13,Jueves,10:00:00,,0.0,2,"Automóvil,Moto/Ciclomotor",Calle 21-Gdor. iriondo Y Calle 30-Lucas Funes,2,1,0,0,1,0,0,"-29.146637668824,-59.653930910491",Calle,,RECONQUISTA,General Obligado,Asfalto,No existe,IX,Dentro,Urbana,Ninguna,No existe,Intersección,Bueno,Buena,Diurna,Buen Tiempo,Lateral,S/D,Colisión,Ninguna,Faltante,Ninguna,Sin restricción
2020,1159,2020-01-28,Martes,14:30:00,,0.0,2,"Automóvil,Moto/Ciclomotor",Bv. Argentino 4621,4,2,0,0,2,0,0,"    -32.92409, -60.72449",Avenida,,ROSARIO,Rosario,Asfalto,S/D,II,Dentro,Urbana,Ninguna,S/D,Recta,S/D,S/D,Diurna,S/D,S/D,S/D,Colisión,S/D,S/D,S/D,S/D
2020,1160,2020-01-20,Lunes,11:57:00,,0.0,2,"Moto/Ciclomotor,Automóvil",Jose Aufranc Y Cornelio Saavedra,3,1,0,0,2,0,0,"-33.72935, -61.9754",Calle,,VENADO TUERTO,General LÓPEZ,S/D,S/D,VIII,S/D,Urbana,S/D,S/D,Intersección,S/D,S/D,Diurna,S/D,S/D,S/D,Colisión,S/D,S/D,S/D,S/D
2020,1161,2020-04-02,Jueves,09:30:00,,0.0,2,"Automóvil,Camión",Calle 25 - Pietropaolo ,2,2,0,0,0,0,0,"-29.16217, -59.65874",S/D,,RECONQUISTA,General Obligado,S/D,S/D,IX,S/D,S/D,S/D,S/D,S/D,S/D,S/D,S/D,S/D,S/D,S/D,S/D,S/D,S/D,S/D,S/D
2020,1162,2020-02-16,Domingo,21:15:00,,0.0,2,"Bicicleta,Automóvil",Av Urquiza Y Gorriti,2,1,0,0,1,0,0,"-31.589645, -60.696916",Avenida,,SANTA FE,La Capital,Asfalto,No existe,I,Dentro,Urbana,Ninguna,No existe,Recta,Bueno,Buena,"Nocturna,Con luz artificial",Buen Tiempo,S/D,Ciclista,Atropello,Ninguna,Faltante,Cordón divisorio,Sin restricción
2020,1163,2020-02-28,Viernes,13:30:00,Autopista Nacional A007,0.0,1,Pickup/Utilitario,3 de Febrero Y Gdor Silvestre Begnis,2,0,1,0,1,0,0,"-31.658457069232,-60.707391393412",Autopista,A007,SANTA FE,La Capital,Hormigón,Natural,I,Dentro,Urbana,Marca Vial,No existe,Recta,Bueno,Buena,Diurna,Buen Tiempo,Contra objeto fijo,S/D,Colisión,Ninguna,Horizontal,Cordón divisorio,Sin restricción
2020,1164,2020-02-15,Sabado,22:50:00,,0.0,1,Automóvil,Calle 13-Iturraspe Y Calle 8-Chacabuco,1,1,0,0,0,0,0,"-29.143785625969,-59.639830156681",Calle,,RECONQUISTA,General Obligado,Asfalto,No existe,IX,Dentro,Urbana,Ninguna,No existe,Intersección,Bueno,Buena,Diurna,Buen Tiempo,Otro,S/D,Colisión,Ninguna,Faltante,Ninguna,Sin restricción
2020,1165,2020-02-19,Miercoles,21:30:00,,0.0,2,"Bicicleta,Automóvil",Gorriti Y San Lorenzo,2,1,0,0,0,0,1,"-31.588732, -60.700749",Calle,,SANTA FE,La Capital,Asfalto,No existe,I,Dentro,Urbana,Ninguna,No existe,Recta,Bueno,Buena,"Nocturna,Con luz artificial",Buen Tiempo,S/D,Ciclista,Atropello,Ninguna,Faltante,"Cordón divisorio,Vegetación",Sin restricción
2020,1166,2020-02-26,Miercoles,17:40:00,,0.0,2,"Automóvil,Taxi/Remis",San Jeronimo Y Suipacha,2,1,0,0,1,0,0,"-31.639751342967,-60.706048019515",Calle,,SANTA FE,La Capital,Asfalto,No existe,I,Dentro,Urbana,Semáforo,Funciona,Recta,Bueno,Buena,Diurna,Buen Tiempo,De alcance,S/D,Colisión,Ninguna,"Horizontal,Vertical",Ninguna,Sin restricción
2020,1167,2020-02-10,Lunes,14:40:00,Ruta Nacional 11,0.0,2,"Pickup/Utilitario,Moto/Ciclomotor",Av Circunvalaci�n ,2,1,0,0,0,0,1,"-31.66399240493777,-60.733897089958",Ruta,11,SANTA FE,La Capital,Asfalto,No existe,I,Dentro,Urbana,Ninguna,No existe,Intersección,Bueno,Buena,Diurna,Buen Tiempo,Frontal,S/D,Colisión,Ninguna,Horizontal,"Guardarrail,Línea divisoria pintada",Sin restricción
2020,1168,2020-02-15,Sabado,05:30:00,,0.0,2,"Moto/Ciclomotor,Automóvil",Dr Zavalla Y Gorriti,2,1,0,0,0,0,1,"-31.588165, -60.703389",Avenida,,SANTA FE,La Capital,Asfalto,No existe,I,Dentro,Urbana,Otra Señal,No existe,Recta,Bueno,Buena,Diurna,Buen Tiempo,De alcance,S/D,Colisión,Ninguna,Vertical,Cordón divisorio,Sin restricción
2020,1169,2020-02-27,Jueves,13:45:00,Autopista Nacional A007,0.0,2,"Pickup/Utilitario,Camión c / Acoplado",Av Leandro Alem Y San Luis,2,1,0,0,1,0,0,"-31.647017373193,-60.703288159061",Autopista,A007,SANTA FE,La Capital,Hormigón,No existe,I,Dentro,Urbana,Semáforo,Funciona,Recta,Bueno,Buena,Diurna,Buen Tiempo,De alcance,S/D,Colisión,Ninguna,"Horizontal,Vertical",Ninguna,Sin restricción
2020,1170,2020-02-20,Jueves,19:45:00,Autopista Nacional A007,0.0,2,"Moto/Ciclomotor,Pickup/Utilitario",Av Circunvalaci�n Y Intendente Manuel Irigoyen,2,1,0,0,1,0,0,"-31.626301212136,-60.735458068929",Autopista,A007,SANTA FE,La Capital,Asfalto,Pavimento,I,Dentro,Urbana,Ninguna,No existe,Intersección,Bueno,Buena,Diurna,Buen Tiempo,Lateral,S/D,Colisión,Ninguna,Horizontal,"Guardarrail,Línea divisoria pintada",Sin restricción
2020,1172,2020-02-26,Miercoles,08:00:00,,0.0,2,"Moto/Ciclomotor,Automóvil",Candido Pujato Y San Jeronimo,2,1,0,0,1,0,0,"-31.63391720439,-60.704275258207",Calle,,SANTA FE,La Capital,Hormigón,No existe,I,Dentro,Urbana,Ninguna,No existe,Intersección,Bueno,Buena,Diurna,Buen Tiempo,Lateral,S/D,Colisión,Ninguna,Faltante,Ninguna,Sin restricción
2020,1173,2020-02-13,Jueves,05:00:00,,0.0,2,"Moto/Ciclomotor,Automóvil",Misiones ,2,1,0,0,1,0,0,"-31.580176, -60.693804",Calle,,SANTA FE,La Capital,Asfalto,S/D,I,Dentro,Urbana,Ninguna,S/D,Recta,Bueno,Buena,Nocturna,Buen Tiempo,Lateral,S/D,Colisión,Ninguna,S/D,Ninguna,Sin restricción
2020,1174,2020-01-21,Martes,06:00:00,Ruta Nacional 11,575.0,1,Automóvil, ,1,1,0,0,0,0,0,"-28.39133, -59.26848",Ruta,11,SAN ANTONIO DE OBLIGADO,General Obligado,S/D,S/D,IX,S/D,Urbana,S/D,S/D,Recta,S/D,S/D,Amanecer,S/D,Contra objeto fijo,S/D,Colisión,Agua,S/D,S/D,S/D
2020,1175,2020-02-26,Miercoles,16:00:00,,0.0,2,"Automóvil,Moto/Ciclomotor",Entre Rios Y San Jose,3,1,0,0,2,0,0,"-31.657327437977,-60.726271300617",Calle,,SANTA FE,La Capital,Asfalto,No existe,I,Dentro,Urbana,Ninguna,No existe,Intersección,Bueno,Buena,Diurna,Buen Tiempo,S/D,S/D,Colisión,Ninguna,Faltante,Ninguna,Sin restricción
2020,1176,2020-02-28,Viernes,11:37:00,,0.0,2,"Bicicleta,Pickup/Utilitario",25 de Mayo Y Mendoza,2,1,0,0,1,0,0,"-31.649326499281,-60.706478834534",Calle,,SANTA FE,La Capital,Asfalto,No existe,I,Dentro,Urbana,Ninguna,Funciona,Intersección,Bueno,Buena,Diurna,Buen Tiempo,S/D,Ciclista,Atropello,Ninguna,"Horizontal,Vertical",Ninguna,Sin restricción
2020,1177,2020-01-21,Martes,09:00:00,,0.0,1,Camión,Calle 47-Islas Malvinas Y Roca Pte,1,1,0,0,0,0,0,"-29.16162, -59.64609",Calle,,RECONQUISTA,General Obligado,S/D,S/D,IX,S/D,Urbana,S/D,S/D,Intersección,S/D,S/D,Diurna,S/D,S/D,S/D,Despiste,S/D,S/D,S/D,S/D
2020,1178,2020-02-27,Jueves,08:30:00,,0.0,2,"Moto/Ciclomotor,Automóvil",Av Freyre Y Moreno,2,1,0,0,1,0,0,"-31.652777802587,-60.720679829976",Avenida,,SANTA FE,La Capital,Asfalto,No existe,I,Dentro,Urbana,Ninguna,No existe,Intersección,Bueno,Buena,Diurna,Buen Tiempo,S/D,S/D,Colisión,Ninguna,Faltante,"Cordón divisorio,Vegetación",Sin restricción
2020,1179,2020-02-22,Sabado,,,0.0,2,"Moto/Ciclomotor,Automóvil",Bv Pellegrini Y San Martin,2,1,0,0,1,0,0,"-31.635649911174,-60.70324476211",Avenida,,SANTA FE,La Capital,Asfalto,No existe,I,Dentro,Urbana,Semáforo,Funciona,Intersección,Bueno,Buena,"Nocturna,Con luz artificial",Buen Tiempo,Lateral,S/D,Colisión,Ninguna,"Horizontal,Vertical",Ninguna,Sin restricción
2020,1180,2020-02-21,Viernes,16:20:00,,0.0,2,"Moto/Ciclomotor,Pickup/Utilitario",Av Facundo Zuviria Y French,2,1,0,0,1,0,0,"-31.591010, -60.698481",Avenida,,SANTA FE,La Capital,Asfalto,No existe,I,Dentro,Urbana,Ninguna,No existe,Intersección,Bueno,Buena,Diurna,Buen Tiempo,De alcance,S/D,Colisión,Ninguna,Faltante,Cordón divisorio,Sin restricción
2020,1181,2020-01-21,Martes,19:46:00,,0.0,1,Bicicleta,CAlle 37-Bvard. lovato Y Calle 18-Belgrano,1,0,1,0,0,0,0,"-29.15584, -59.64769",Calle,,RECONQUISTA,General Obligado,S/D,S/D,IX,S/D,Urbana,S/D,S/D,Intersección,S/D,S/D,Atardecer,S/D,S/D,S/D,Cañda ocupante,S/D,S/D,S/D,S/D
2020,1182,2020-02-22,Sabado,06:00:00,,0.0,1,Moto/Ciclomotor,Av J J Paso Y Dr Zavalla,2,2,0,0,0,0,0,"-31.66108090661,-60.72515649669",Avenida,,SANTA FE,La Capital,Asfalto,No existe,I,Dentro,Urbana,Señal Pare,No existe,Intersección,Con baches,Buena,Diurna,Buen Tiempo,S/D,S/D,Despiste,Ninguna,Vertical,"Cordón divisorio,Vegetación",Sin restricción
2020,1183,2020-01-21,Martes,13:00:00,Autopista Nacional Rosario -Cordoba,328.0,1,Automóvil, ,1,1,0,0,0,0,0,"-32.87943, -61.15351",Autopista,Rosario -Cordoba,CARCARAÑÁ,San Lorenzo,S/D,S/D,XVII,S/D,Rural,S/D,S/D,Recta,S/D,S/D,Diurna,S/D,Contra objeto fijo,S/D,Colisión,S/D,S/D,Ninguna,S/D
2020,1184,2020-01-21,Martes,14:40:00,,0.0,2,"Bicicleta,Automóvil",San Martin Y Bv. Balcarce,2,1,0,0,1,0,0,"-32.82116, -61.39845",Calle,,CAÑADA DE GÓMEZ,Iriondo,S/D,S/D,X,S/D,Urbana,S/D,S/D,Intersección,S/D,S/D,Diurna,S/D,S/D,Ciclista,Atropello,S/D,S/D,S/D,S/D
2020,1185,2020-01-21,Martes,20:00:00,,0.0,2,"Bicicleta,Pickup/Utilitario",Ocampo Y San Martin,2,1,0,0,1,0,0,"-32.8186, -61.39782",Calle,,CAÑADA DE GÓMEZ,Iriondo,S/D,S/D,X,S/D,Urbana,S/D,S/D,Intersección,S/D,S/D,Nocturna,S/D,S/D,Ciclista,Atropello,S/D,S/D,Ninguna,S/D