anio_acci,nro_acci,fecha,desc_dia,hora_aprox,desc_ruta,km,cant_participantes,desc_participante,calle_avenida_km,total,heridos_leves,heridos_graves,heridos_gravisimos,ilesos,fallecidos,sin_datos,posicion_XY,desc_tipo_via,desc_ruta_ori,desc_loc,desc_dpto,desc_tipo_calzada,desc_tipo_banquina,desc_unidad_regional,desc_lugar_calzada,desc_zona,desc_prioridad,desc_estado_semaforo,desc_lugar_via,desc_estado_via,desc_estado_visibilidad,desc_luminosidad,desc_estado_clima,desc_tipo_colision,desc_tipo_atropello,desc_tipo_hecho,desc_pres_calzada,desc_senializacion,desc_separacion_via,desc_restriccion
2020,1186,2020-02-20,Jueves,18:00:00,,0.0,2,"Pickup/Utilitario,Moto/Ciclomotor",Av Facundo Zuviria Y Risso,2,1,0,0,1,0,0,"-31.599170, -60.701217",Avenida,,SANTA FE,La Capital,Hormigón,No existe,I,Dentro,Urbana,Ninguna,No existe,Intersección,Bueno,Buena,Atardecer,Buen Tiempo,De alcance,S/D,Colisión,Ninguna,Faltante,Ninguna,Sin restricción
2020,1187,2020-02-01,Sabado,,Autopista Provincial Brigadier E.LÓPEZ,0.0,2,"Moto/Ciclomotor,Moto/Ciclomotor",Av Lopez y Planes Y Iturraspe,2,1,0,0,1,0,0,"-31.626410682333,-60.713783660889",Autopista,Brigadier E.LÓPEZ,SANTA FE,La Capital,Asfalto,No existe,I,Dentro,Urbana,Semáforo,Funciona,Rotonda,Bueno,Buena,Diurna,Buen Tiempo,Lateral,S/D,Colisión,Ninguna,"Horizontal,Vertical",Cordón divisorio,Sin restricción
2020,1188,2020-01-21,Martes,20:00:00,,0.0,2,"Moto/Ciclomotor,Moto/Ciclomotor",Av. Santa Fe Y España,3,0,3,0,0,0,0,"-32.8109, -61.39108",Calle,,CAÑADA DE GÓMEZ,Iriondo,S/D,S/D,X,S/D,Urbana,S/D,S/D,Intersección,S/D,S/D,Nocturna,S/D,S/D,S/D,Colisión,S/D,S/D,S/D,S/D
2020,1189,2020-02-19,Miercoles,12:46:00,,0.0,2,"Moto/Ciclomotor,Automóvil",Moreno 2500,2,1,0,0,1,0,0,"-31.654933376647,-60.707754794721",Calle,,SANTA FE,La Capital,Asfalto,No existe,I,Dentro,Urbana,Paso Peatonal,No existe,Intersección,Bueno,Buena,Diurna,Buen Tiempo,Lateral,S/D,Colisión,Ninguna,Horizontal,Ninguna,Sin restricción
2020,1190,2020-02-03,Lunes,,,0.0,2,"Moto/Ciclomotor,Pickup/Utilitario",Gdor Freyre Y Pedro Diaz Colodrero,2,1,0,0,1,0,0,"-31.622966423807,-60.712028886598",Calle,,SANTA FE,La Capital,Asfalto,No existe,I,Dentro,Urbana,Otra Señal,Funciona,Intersección,Bueno,Buena,Diurna,Buen Tiempo,Lateral,S/D,Colisión,Ninguna,Vertical,Ninguna,Sin restricción
2020,1191,2020-02-19,Miercoles,10:20:00,,0.0,2,"Moto/Ciclomotor,Automóvil",Alfonsina Storni Y 1ro de Mayo,2,1,0,0,1,0,0,"-31.583645, -60.692720",Calle,,SANTA FE,La Capital,Tierra,No existe,I,Dentro,Urbana,Ninguna,No existe,Intersección,Con baches,Buena,Diurna,Buen Tiempo,Lateral,S/D,Colisión,Ninguna,Faltante,Ninguna,Sin restricción
2020,1192,2020-02-04,Martes,,,0.0,2,"Automóvil,Moto/Ciclomotor",Av Blas Parera 5200,2,1,0,0,0,0,1,"-31.616068958953,-60.717377466902",Avenida,,SANTA FE,La Capital,Asfalto,No existe,I,Dentro,Urbana,Semáforo,Funciona,Intersección,Bueno,Buena,Diurna,Buen Tiempo,Lateral,S/D,Colisión,Ninguna,"Horizontal,Vertical","Cordón divisorio,Vegetación,Línea divisoria pintada",Sin restricción
2020,1193,2020-02-21,Viernes,22:00:00,,0.0,2,"Peatón,Automóvil",Hipolito Yrigoyen Y San Jeronimo,2,1,0,0,1,0,0,"-31.641944646835327,-60.70671558380",Calle,,SANTA FE,La Capital,Asfalto,No existe,I,Dentro,Urbana,Paso Peatonal,No existe,Recta,Bueno,S/D,Nocturna,Buen Tiempo,S/D,Peatón,Atropello,Ninguna,Horizontal,Ninguna,Sin restricción
2020,1194,2020-02-06,Jueves,,,0.0,2,"Moto/Ciclomotor,Automóvil",Iturraspe 3370,3,2,0,0,1,0,0,"-31.626964501773,-60.711455977516",Calle,,SANTA FE,La Capital,Asfalto,No existe,I,Dentro,Urbana,Semáforo,No existe,Recta,Bueno,Buena,Diurna,Buen Tiempo,Lateral,S/D,Colisión,Ninguna,Vertical,Ninguna,Sin restricción
2020,1195,2020-02-21,Viernes,08:00:00,,0.0,2,"Taxi/Remis,Automóvil",4 de Enero Y Mendoza,2,1,0,0,1,0,0,"-31.647792424713,-60.712328756575",Calle,,SANTA FE,La Capital,Asfalto,No existe,I,Dentro,Urbana,Paso Peatonal,No existe,Intersección,Bueno,Buena,Diurna,Buen Tiempo,Lateral,S/D,Colisión,Ninguna,Horizontal,Ninguna,Sin restricción
2020,1196,2020-08-06,Jueves,,,0.0,2,"Moto/Ciclomotor,Automóvil",Iturraspe Y La Paz,3,2,0,0,1,0,0,"-31.630824758745,-60.693405877143",Calle,,SANTA FE,La Capital,Asfalto,No existe,I,Dentro,Urbana,Semáforo,Funciona,Intersección,Bueno,Buena,Diurna,Buen Tiempo,S/D,S/D,Colisión,Ninguna,"Horizontal,Vertical","Cordón divisorio,Vegetación,Línea divisoria pintada",Sin restricción
2020,1197,2020-02-18,Martes,22:20:00,Autopista Nacional A007,0.0,2,"Moto/Ciclomotor,Automóvil",Av Leandro Alem Y La Rioja,2,1,0,0,1,0,0,"-31.646762640067,-60.702052803585",Autopista,A007,SANTA FE,La Capital,Hormigón,No existe,I,Dentro,Urbana,Paso Peatonal,No existe,Intersección,Bueno,Buena,"Nocturna,Con luz artificial",Buen Tiempo,De alcance,S/D,Colisión,Ninguna,Horizontal,Ninguna,Sin restricción
2020,1198,2020-02-10,Lunes,,,0.0,2,"Moto/Ciclomotor,Pickup/Utilitario",Artigas Y Av Lopez y Planes,2,1,0,0,1,0,0,"-31.621280538539,-60.713544249493",Avenida,,SANTA FE,La Capital,Asfalto,No existe,I,Dentro,Urbana,Semáforo,Funciona,Intersección,Bueno,Buena,Diurna,Buen Tiempo,Lateral,S/D,Colisión,Ninguna,"Horizontal,Vertical","Cordón divisorio,Vegetación,Línea divisoria pintada",Sin restricción
2020,1199,2020-02-14,Viernes,17:00:00,,0.0,2,"Moto/Ciclomotor,Automóvil",Eva Peron Y Rivadavia,2,1,0,0,1,0,0,"-31.644881734208,-60.703793909247",Calle,,SANTA FE,La Capital,Asfalto,No existe,I,Dentro,Urbana,Semáforo,Funciona,Recta,Bueno,Buena,Diurna,Buen Tiempo,De alcance,S/D,Colisión,Ninguna,"Horizontal,Vertical",Ninguna,Sin restricción
2020,1200,2020-02-11,Martes,,,0.0,2,"Moto/Ciclomotor,Automóvil",Av Lopez y Planes Y Quintana,2,1,0,0,1,0,0,"-31.61980243342,-60.713380152743",Avenida,,SANTA FE,La Capital,Asfalto,No existe,I,Dentro,Urbana,Semáforo,Funciona,Intersección,Bueno,Buena,Diurna,Buen Tiempo,Lateral,S/D,Colisión,Ninguna,"Horizontal,Vertical","Cordón divisorio,Línea divisoria pintada",Sin restricción
2020,1201,2020-01-22,Miercoles,05:30:00,Ruta Nacional 8,268.0,1,Camión c / Acoplado, ,1,1,0,0,0,0,0,"-33.81022, -61.31225",Ruta,8,WHEELWRIGHT,General LÓPEZ,S/D,S/D,VIII,S/D,Rural,S/D,S/D,Recta,S/D,S/D,Nocturna,S/D,S/D,S/D,Vuelco,S/D,S/D,S/D,S/D
2020,1202,2020-02-14,Viernes,,,0.0,2,"Pickup/Utilitario,Pickup/Utilitario",Av Lopez y Planes Y Quintana,2,1,0,0,1,0,0,"-31.61980243342,-60.713380152743",Avenida,,SANTA FE,La Capital,Asfalto,No existe,I,Dentro,Urbana,Semáforo,Funciona,Intersección,Bueno,Buena,Diurna,Buen Tiempo,Lateral,S/D,Colisión,Ninguna,"Horizontal,Vertical","Cordón divisorio,Línea divisoria pintada",Sin restricción
2020,1203,2020-02-20,Jueves,19:30:00,,0.0,2,"Bicicleta,Pickup/Utilitario",Cayetano Silva 800,2,1,0,0,1,0,0,"-32.733321, -60.734894",Calle,,SAN LORENZO,San Lorenzo,Asfalto,No existe,XVII,Dentro,Urbana,Ninguna,No existe,Recta,S/D,Buena,Atardecer,Buen Tiempo,S/D,Peatón,Atropello,S/D,Faltante,Ninguna,Sin restricción
2020,1204,2020-02-14,Viernes,08:26:00,,0.0,2,"Moto/Ciclomotor,Otros",San Luis 2800,2,1,0,0,1,0,0,"-31.644005776623,-60.702369425922",Calle,,SANTA FE,La Capital,Hormigón,No existe,I,Dentro,Urbana,Paso Peatonal,No existe,Recta,Bueno,Buena,Diurna,Buen Tiempo,De alcance,S/D,Colisión,Ninguna,Horizontal,Ninguna,Sin restricción
2020,1205,2020-02-19,Miercoles,,,0.0,2,"Peatón,Automóvil",Cochabamba Y Ecuador,2,1,0,0,1,0,0,"-31.619749991259,-60.716304364646",Calle,,SANTA FE,La Capital,Asfalto,No existe,I,Dentro,Urbana,Semáforo,Funciona,Intersección,Bueno,Buena,Diurna,Buen Tiempo,S/D,Peatón,Atropello,Ninguna,Vertical,Línea divisoria pintada,Sin restricción
2020,1206,2020-02-24,Lunes,20:00:00,,0.0,2,"Bicicleta,Automóvil",J B Alberdi Y Italia,2,1,0,0,1,0,0,"-32.723393, -60.731136",Calle,,SAN LORENZO,San Lorenzo,Asfalto,No existe,XVII,Dentro,Urbana,S/D,No existe,Recta,Bueno,Buena,"Nocturna,Con luz artificial",S/D,S/D,Ciclista,Atropello,Ninguna,Faltante,Ninguna,Sin restricción
2020,1207,2020-02-04,Martes,14:00:00,,0.0,2,"Automóvil,Moto/Ciclomotor",San Jeronimo Y Santiago del Estero,2,1,0,0,1,0,0,"-31.637536549024,-60.705372462349",Calle,,SANTA FE,La Capital,Asfalto,No existe,I,Dentro,Urbana,Paso Peatonal,No existe,Intersección,Bueno,Buena,Diurna,Buen Tiempo,Lateral,S/D,Colisión,Ninguna,Horizontal,Ninguna,Sin restricción
2020,1208,2020-01-22,Miercoles,10:00:00,Autopista Nacional A008,5.0,4,"Camión c / Acoplado,Automóvil,Automóvil,Automóvil", ,9,9,0,0,0,0,0,"-32.90832, -60.72435",Autopista,A008,ROSARIO,Rosario,S/D,S/D,II,S/D,Urbana,S/D,Funciona,Intersección,S/D,S/D,Diurna,S/D,Múltiple,S/D,Colisión,S/D,S/D,S/D,S/D
2020,1209,2020-02-21,Viernes,,,0.0,2,"Moto/Ciclomotor,Automóvil",Av Pe�aloza Y Martin Zapata,2,1,0,0,1,0,0,"-31.616925853631,-60.713326592832",Avenida,,SANTA FE,La Capital,Asfalto,No existe,I,Dentro,Urbana,Semáforo,Funciona,Intersección,Bueno,Buena,Diurna,Buen Tiempo,Lateral,S/D,Colisión,Ninguna,Vertical,Ninguna,Sin restricción
2020,1211,2020-02-08,Sabado,17:00:00,,0.0,2,"Bicicleta,Automóvil",San Martin 1700,2,1,0,0,1,0,0,"-31.655821946908,-60.709332469025",Calle,,SANTA FE,La Capital,Asfalto,No existe,I,Dentro,Urbana,Paso Peatonal,No existe,Recta,Bueno,Buena,Diurna,Buen Tiempo,S/D,Ciclista,Atropello,Ninguna,Horizontal,Ninguna,Sin restricción
2020,1212,2020-01-23,Jueves,16:45:00,,0.0,2,"Moto/Ciclomotor,Automóvil",CAlle 37-Bvard. lovato ,3,2,0,0,1,0,0,"-29.15454, -59.65755",Avenida,,RECONQUISTA,General Obligado,S/D,S/D,IX,S/D,Urbana,S/D,S/D,Intersección,S/D,S/D,Diurna,S/D,S/D,S/D,Colisión,S/D,S/D,S/D,S/D
2020,1213,2020-02-21,Viernes,,,0.0,2,"Moto/Ciclomotor,Pickup/Utilitario",Av Lopez y Planes Y Juan Del Campillo,2,1,0,0,1,0,0,"-31.654777634021,-60.723468095009",Avenida,,SANTA FE,La Capital,Asfalto,No existe,I,Dentro,Urbana,Semáforo,Funciona,Intersección,Bueno,Buena,Diurna,Buen Tiempo,Lateral,S/D,Colisión,Ninguna,"Horizontal,Vertical",Línea divisoria pintada,Sin restricción
2020,1214,2020-02-22,Sabado,,Autopista Provincial Brigadier E.LÓPEZ,0.0,2,"Moto/Ciclomotor,Automóvil",Av Lopez y Planes Y Iturraspe,3,2,0,0,1,0,0,"-31.626410682333,-60.713783660889",Autopista,Brigadier E.LÓPEZ,SANTA FE,La Capital,Asfalto,No existe,I,Dentro,Urbana,Semáforo,Funciona,Intersección,Bueno,Buena,Diurna,Buen Tiempo,Lateral,S/D,Colisión,Ninguna,"Horizontal,Vertical","Cordón divisorio,Línea divisoria pintada,Ninguna",Sin restricción
2020,1215,2020-02-08,Sabado,09:15:00,,0.0,2,"Peatón,Taxi/Remis",La Rioja Y Rivadavia,2,1,0,0,1,0,0,"-31.64614201937,-60.704209276215",Calle,,SANTA FE,La Capital,Asfalto,No existe,I,Dentro,Urbana,Semáforo,Funciona,Intersección,Bueno,Buena,Diurna,Buen Tiempo,S/D,Peatón,Atropello,Ninguna,"Horizontal,Vertical",Ninguna,Sin restricción
2020,1216,2020-02-01,Sabado,18:10:00,,0.0,2,"Moto/Ciclomotor,Automóvil",Lamadrid Y Mendoza,2,1,0,0,1,0,0,"-31.643985, -60.727588",Calle,,SANTA FE,La Capital,Asfalto,No existe,I,Dentro,Urbana,Ninguna,Funciona,Recta,Bueno,Buena,Diurna,Buen Tiempo,S/D,S/D,Colisión,Ninguna,Vertical,Ninguna,Sin restricción
2020,1217,2020-01-23,Jueves,09:00:00,Ruta Nacional 11,468.0,2,"Automóvil,Camión", ,2,1,0,0,1,0,0,"-29.20366, -59.70031",Ruta,11,RECONQUISTA,General Obligado,S/D,S/D,IX,S/D,Rural,S/D,S/D,Recta,S/D,S/D,Diurna,S/D,De alcance,S/D,Colisión,S/D,S/D,S/D,S/D
2020,1218,2020-02-25,Martes,,Autopista Nacional A007,15.0,1,Pickup/Utilitario,Av Circunvalaci�n ,3,3,0,0,0,0,0,"-31.60680234432223,-60.731606483459",Autopista,A007,SANTA FE,La Capital,Hormigón,Natural,I,Dentro,Urbana,Señal Ceda el Paso,No existe,Recta,Bueno,Buena,Diurna,Buen Tiempo,Contra objeto fijo,S/D,Colisión,Ninguna,"Horizontal,Vertical","Guardarrail,Línea divisoria pintada",Sin restricción
2020,1219,2020-02-26,Miercoles,,Autopista Provincial Brigadier E.LÓPEZ,0.0,2,"Moto/Ciclomotor,Automóvil",Av Lopez y Planes Y Iturraspe,2,1,0,0,1,0,0,"-31.626410682333,-60.713783660889",Autopista,Brigadier E.LÓPEZ,SANTA FE,La Capital,Asfalto,No existe,I,Dentro,Urbana,Semáforo,Funciona,Intersección,Bueno,Buena,Diurna,Buen Tiempo,Lateral,S/D,Colisión,Ninguna,"Horizontal,Vertical","Cordón divisorio,Línea divisoria pintada",Sin restricción
2020,1220,2020-01-07,Martes,22:40:00,,0.0,2,"Moto/Ciclomotor,Automóvil",Rivadavia Y Suipacha,2,1,0,0,1,0,0,"-31.640564672148,-60.702475325938",Calle,,SANTA FE,La Capital,Asfalto,No existe,I,Dentro,Urbana,Semáforo,Funciona,Intersección,Bueno,Buena,"Nocturna,Con luz artificial",Buen Tiempo,Lateral,S/D,Colisión,Ninguna,"Horizontal,Vertical",Ninguna,Sin restricción
2020,1221,2020-02-04,Martes,20:00:00,,0.0,2,"Moto/Ciclomotor,Automóvil",Candido Pujato Y San Lorenzo,2,1,0,0,1,0,0,"-31.631718, -60.713340",Calle,,SANTA FE,La Capital,Asfalto,No existe,I,Dentro,Urbana,Ninguna,No existe,Intersección,Bueno,Buena,Diurna,S/D,Lateral,S/D,Colisión,Ninguna,Faltante,Ninguna,Sin restricción
2020,1222,2020-02-06,Jueves,13:30:00,,0.0,2,"Bicicleta,Moto/Ciclomotor",9 de Julio Y Tucuman,2,2,0,0,0,0,0,"-31.646204740411,-60.709169823444",Calle,,SANTA FE,La Capital,Asfalto,No existe,I,Dentro,Urbana,Semáforo,Funciona,Intersección,Bueno,Buena,Diurna,Buen Tiempo,S/D,Ciclista,Atropello,Ninguna,"Horizontal,Vertical",Ninguna,Sin restricción
2020,1223,2020-02-04,Martes,15:15:00,,0.0,2,"Moto/Ciclomotor,Automóvil",Lamadrid Y Lisandro de la Torre,2,1,0,0,0,0,1,"-31.647473, -60.729077",Calle,,SANTA FE,La Capital,Tierra,No existe,I,Dentro,Urbana,Ninguna,No existe,Intersección,Bueno,Buena,Diurna,Buen Tiempo,Otro,S/D,Colisión,Ninguna,Faltante,Ninguna,Sin restricción
2020,1224,2020-02-07,Viernes,15:05:00,,0.0,2,"Moto/Ciclomotor,Automóvil",Irigoyen Freyre Y Rivadavia,2,1,0,0,1,0,0,"-31.643751773044,-60.703458598972",Calle,,SANTA FE,La Capital,Asfalto,No existe,I,Dentro,Urbana,Semáforo,Funciona,Recta,Bueno,Buena,Diurna,Buen Tiempo,Lateral,S/D,Colisión,Ninguna,Horizontal,Ninguna,Sin restricción
2020,1225,2020-02-05,Miercoles,08:20:00,,0.0,2,"Moto/Ciclomotor,Vehículo Oficial",Gdor Freyre Y La Rioja,2,1,0,0,1,0,0,"-31.643016, -60.717630",Avenida,,SANTA FE,La Capital,Asfalto,No existe,I,Dentro,Urbana,Ninguna,No existe,Intersección,Bueno,Buena,Diurna,Buen Tiempo,S/D,S/D,Colisión,Ninguna,Faltante,"Cordón divisorio,Vegetación",Sin restricción
2020,1226,2020-02-05,Miercoles,,,0.0,2,"Moto/Ciclomotor,Automóvil",Eva Peron 2400,2,1,0,0,1,0,0,"-31.644881734208,-60.703793909247",Calle,,SANTA FE,La Capital,Asfalto,No existe,I,Dentro,Urbana,Semáforo,Funciona,Recta,Bueno,Buena,Diurna,Buen Tiempo,De alcance,S/D,Colisión,Ninguna,"Horizontal,Vertical",Ninguna,Sin restricción
2020,1227,2020-02-01,Sabado,21:40:00,,0.0,2,"Moto/Ciclomotor,Automóvil",25 de Mayo Y Junin,2,1,0,0,1,0,0,"-31.639075226496,-60.703549885588",Calle,,SANTA FE,La Capital,Asfalto,No existe,I,Dentro,Urbana,Semáforo,Funciona,Intersección,Bueno,S/D,"Nocturna,Con luz artificial",Buen Tiempo,Lateral,S/D,Colisión,Ninguna,"Horizontal,Vertical",Ninguna,Sin restricción
2020,1228,2020-02-05,Miercoles,16:05:00,,0.0,2,"Moto/Ciclomotor,Automóvil",Juan de Garay Y San Jose,2,1,0,0,0,0,1,"-31.649697, -60.723921",Calle,,SANTA FE,La Capital,Asfalto,No existe,I,Dentro,Urbana,Ninguna,No existe,Intersección,Bueno,Buena,Diurna,Buen Tiempo,Lateral,S/D,Colisión,Ninguna,Vertical,Ninguna,Sin restricción
2020,1229,2020-02-07,Viernes,13:35:00,,0.0,2,"Camión,Moto/Ciclomotor",Candido Pujato 3700,2,1,0,0,1,0,0,"-31.631296, -60.715859",Calle,,SANTA FE,La Capital,Asfalto,No existe,I,Dentro,Urbana,Ninguna,No existe,Recta,Bueno,Buena,Diurna,Buen Tiempo,Lateral,S/D,Colisión,Ninguna,Faltante,Ninguna,Sin restricción
2020,1230,2020-02-10,Lunes,18:30:00,,0.0,2,"Pickup/Utilitario,Moto/Ciclomotor",San Jose 2852,2,1,0,0,1,0,0,"-31.639849, -60.721278",Calle,,SANTA FE,La Capital,Asfalto,No existe,I,Dentro,Urbana,Ninguna,No existe,Recta,Bueno,Buena,Diurna,Buen Tiempo,De alcance,S/D,Colisión,Ninguna,Faltante,Ninguna,Sin restricción
2020,1231,2020-02-11,Martes,23:00:00,,0.0,2,"Bicicleta,Pickup/Utilitario",Mariano Comas Y San Lorenzo,2,1,0,0,1,0,0,"-31.630699, -60.713001",Calle,,SANTA FE,La Capital,Asfalto,No existe,I,Dentro,Urbana,Ninguna,No existe,Intersección,Bueno,Buena,Nocturna,Buen Tiempo,S/D,Ciclista,Atropello,Ninguna,Faltante,Ninguna,Sin restricción
2020,1232,2020-04-03,Viernes,17:20:00,,0.0,2,"Moto/Ciclomotor,Automóvil",Calle 17-Bartolome Mitre Y Calle 18 - Gral Belgrano,2,1,0,0,1,0,0,"-29.14529, -59.64635",S/D,,RECONQUISTA,General Obligado,S/D,S/D,IX,S/D,S/D,S/D,S/D,S/D,S/D,S/D,S/D,S/D,S/D,S/D,S/D,S/D,S/D,S/D,S/D
2020,1233,2020-04-10,Viernes,10:20:00,Ruta Secundaria 31-s,0.0,2,"Pickup/Utilitario,Moto/Ciclomotor",Entre Rios Y Santa Fe,2,1,0,0,1,0,0,"-32.47722, -61.57226",Ruta,31-s,LAS ROSAS,Belgrano,Asfalto,No existe,III,Dentro,Urbana,Ninguna,No existe,Intersección,Bueno,Buena,Diurna,Buen Tiempo,De alcance,S/D,Colisión,Ninguna,Vertical,Ninguna,Sin restricción
2020,1235,2020-04-08,Miercoles,10:40:00,,0.0,2,"Moto/Ciclomotor,Pickup/Utilitario",Avenida Echague Y Avenida de Mayo,2,1,0,0,1,0,0,"-29.87825, -61.94122",Avenida,,CERES,San CRISTÓBAL,Asfalto,Natural,XIII,S/D,Urbana,Ninguna,No existe,Intersección,Bueno,Buena,Diurna,Buen Tiempo,Lateral,S/D,Colisión,Ninguna,Horizontal,Vegetación,Sin restricción
2020,1236,2020-01-30,Jueves,,,0.0,2,"Moto/Ciclomotor,Automóvil", ,2,1,0,0,1,0,0,"    -33.04469, -61.16469",S/D,,CASILDA,Caseros,S/D,S/D,IV,S/D,S/D,S/D,S/D,S/D,S/D,S/D,S/D,S/D,S/D,S/D,Colisión,S/D,S/D,S/D,S/D
2020,1237,2020-04-08,Miercoles,18:50:00,Ruta Secundaria 101-s,0.0,2,"Pickup/Utilitario,Moto/Ciclomotor",Avenida Italia Y Remedios de E De San Martin,2,0,1,0,1,0,0,"-29.88304,-61.94814",Ruta,101-s,CERES,San CRISTÓBAL,Asfalto,No existe,XIII,S/D,Urbana,Ninguna,No existe,Intersección,Bueno,Buena,Diurna,Buen Tiempo,Lateral,S/D,Colisión,Ninguna,Horizontal,Vegetación,Sin restricción
2020,1238,2020-04-06,Lunes,19:00:00,,0.0,1,Pickup/Utilitario, ,3,3,0,0,0,0,0,"-30.57422, -60.46766",S/D,,MARCELINO ESCALADA,San Justo,S/D,S/D,XVI,S/D,Rural,S/D,S/D,S/D,S/D,S/D,S/D,S/D,S/D,S/D,S/D,S/D,S/D,S/D,S/D
2020,1240,2020-04-12,Domingo,12:20:00,,0.0,2,"Automóvil,Bicicleta",Av 9 de Julio Y Casazza,2,1,0,0,1,0,0,"-33.003136128761, -60.766100369210",Calle,,PEREZ,Rosario,Asfalto,No existe,II,S/D,Urbana,Ninguna,No existe,Intersección,Bueno,Buena,Diurna,Lluvia,S/D,Ciclista,Atropello,Ninguna,S/D,Ninguna,Sin restricción
2020,1241,2020-04-09,Jueves,11:35:00,,0.0,2,"Moto/Ciclomotor,Automóvil",Av Leandro Alem 700,3,2,0,0,1,0,0,"-33.02795,-60.61745",Calle,,VILLA GOBERNADOR GÁLVEZ,Rosario,Tierra,No existe,II,Dentro,Urbana,Ninguna,No existe,Recta,Con baches,Buena,Diurna,Buen Tiempo,Lateral,S/D,Colisión,Ninguna,Faltante,Ninguna,Sin restricción
2020,1242,2020-04-12,Domingo,22:30:00,,0.0,2,"Moto/Ciclomotor,Automóvil",J A Roca Y Jose Marmol,2,1,0,0,1,0,0,"-33.02233,-60.61234",Calle,,VILLA GOBERNADOR GÁLVEZ,Rosario,Asfalto,No existe,II,Dentro,Urbana,Ninguna,No existe,Intersección,Con baches,Reducida,"Nocturna,Con luz artificial",Buen Tiempo,Lateral,S/D,Colisión,Ninguna,Faltante,Ninguna,Sin restricción
2020,1243,2020-04-08,Miercoles,18:15:00,,0.0,2,"Automóvil,Automóvil",Av Filipini Y Bolivar,4,2,0,0,2,0,0,"-33.030472752026, -60.636976678816",Avenida,,VILLA GOBERNADOR GÁLVEZ,Rosario,Asfalto,No existe,II,S/D,Urbana,Ninguna,No existe,Intersección,Bueno,Buena,Diurna,Otro,S/D,S/D,Colisión,Ninguna,Faltante,Ninguna,Sin restricción
2020,1244,2020-04-11,Sabado,13:20:00,,0.0,2,"Moto/Ciclomotor,Automóvil",Av Caferata Y Pje 2,2,1,0,0,1,0,0,"-33.02642,-60.64129",Calle,,VILLA GOBERNADOR GÁLVEZ,Rosario,Hormigón,No existe,II,S/D,Urbana,Ninguna,No existe,Intersección,Con baches,Buena,Diurna,Otro,S/D,S/D,Colisión,Ninguna,S/D,Ninguna,Sin restricción
2020,1245,2020-01-31,Viernes,,,0.0,2,"Moto/Ciclomotor,Pickup/Utilitario",Estanislao Lopez Y Pueyrredon,2,1,0,0,1,0,0,"    -32.04959, -61.60341",Calle,,CAÑADA ROSQUÍN,San MARTÍN,S/D,S/D,XVIII,Dentro,Urbana,S/D,No existe,Intersección,S/D,S/D,S/D,S/D,S/D,S/D,Colisión,S/D,S/D,S/D,S/D
2020,1246,2020-04-10,Viernes,12:45:00,,0.0,2,"Moto/Ciclomotor,Automóvil",Nogues Y Av de la Rivera Bis,2,1,0,0,1,0,0,"-33.01296, -60.60456",Calle,,VILLA GOBERNADOR GÁLVEZ,Rosario,Asfalto,No existe,II,S/D,Urbana,Ninguna,No existe,Recta,Con baches,Buena,Diurna,Buen Tiempo,De alcance,S/D,Colisión,Ninguna,Faltante,Ninguna,Sin restricción
2020,1247,2020-04-08,Miercoles,10:00:00,,0.0,2,"Bicicleta,Automóvil",Jose Ingenieros Y Ottone Bis,2,1,0,0,1,0,0,"-32.91673, -60.701",Calle,,ROSARIO,Rosario,Asfalto,No existe,II,Dentro,Urbana,Ninguna,No existe,Recta,Bueno,Buena,Diurna,Buen Tiempo,S/D,Ciclista,Atropello,Ninguna,Faltante,Ninguna,Sin restricción
2020,1248,2020-04-13,Lunes,17:30:00,,0.0,2,"Automóvil,Moto/Ciclomotor",Urquiza Y Tte.Agneta,3,0,1,0,2,0,0,"-32.93311, -60.70012",Calle,,ROSARIO,Rosario,Asfalto,No existe,II,Dentro,Urbana,Ninguna,No existe,Intersección,S/D,S/D,Diurna,S/D,Lateral,S/D,Colisión,S/D,Faltante,Ninguna,Sin restricción
2020,1249,2020-04-11,Sabado,11:35:00,,0.0,2,"Automóvil,Peatón",Nicaragua Y Pampa,2,1,0,0,1,0,0,"-32.94698, -60.72046",Calle,,ROSARIO,Rosario,Asfalto,No existe,II,Dentro,Urbana,Ninguna,No existe,Intersección,Bueno,Buena,Diurna,Buen Tiempo,S/D,Peatón,Atropello,Ninguna,Faltante,S/D,Sin restricción