anio_acci,nro_acci,fecha,desc_dia,hora_aprox,desc_ruta,km,cant_participantes,desc_participante,calle_avenida_km,total,heridos_leves,heridos_graves,heridos_gravisimos,ilesos,fallecidos,sin_datos,posicion_XY,desc_tipo_via,desc_ruta_ori,desc_loc,desc_dpto,desc_tipo_calzada,desc_tipo_banquina,desc_unidad_regional,desc_lugar_calzada,desc_zona,desc_prioridad,desc_estado_semaforo,desc_lugar_via,desc_estado_via,desc_estado_visibilidad,desc_luminosidad,desc_estado_clima,desc_tipo_colision,desc_tipo_atropello,desc_tipo_hecho,desc_pres_calzada,desc_senializacion,desc_separacion_via,desc_restriccion
2020,1317,2020-04-10,Viernes,,,0.0,2,"Moto/Ciclomotor,Automóvil",Rueda Y Alvear,2,1,0,0,1,0,0,"-32.96809, -60.66086",Calle,,ROSARIO,Rosario,Asfalto,S/D,II,S/D,Urbana,S/D,S/D,Intersección,S/D,S/D,S/D,S/D,S/D,S/D,Colisión,S/D,S/D,S/D,S/D
2020,1318,2020-04-10,Viernes,,,0.0,1,Moto/Ciclomotor,Av Falucho 1100,1,0,1,0,0,0,0,"-31.89502, -61.84558",Calle,,SAN JORGE,San MARTÍN,Asfalto,S/D,XVIII,S/D,Urbana,S/D,S/D,Recta,S/D,S/D,S/D,S/D,Contra objeto fijo,S/D,Colisión,S/D,S/D,S/D,S/D
2020,1319,2020-02-22,Sabado,13:15:00,,0.0,2,"Automóvil,Bicicleta",Bv. Segui Y Castellanos,2,1,0,0,1,0,0,"-32.972542212297,-60.683297262965",Avenida,,ROSARIO,Rosario,Asfalto,No existe,II,Dentro,Urbana,Paso Peatonal,No existe,Intersección,Bueno,Buena,Diurna,Buen Tiempo,Otro,Ciclista,Atropello,Ninguna,Faltante,"Cordón divisorio,Línea divisoria pintada",Sin restricción
2020,1320,2020-02-12,Miercoles,15:20:00,,0.0,3,"Moto/Ciclomotor,Taxi/Remis,Transporte de Pasajeros (H/ 8 asientos)",Paraguay 4500,3,1,0,0,2,0,0,"-32.988383, -60.654680",Calle,,ROSARIO,Rosario,Asfalto,No existe,II,Dentro,Urbana,Ninguna,No existe,Intersección,Bueno,Buena,Diurna,Buen Tiempo,Múltiple,S/D,Colisión,Ninguna,Horizontal,Ninguna,Sin restricción
2020,1321,2020-02-13,Jueves,06:20:00,,0.0,2,"Moto/Ciclomotor,Automóvil",Bv. Segui Y Laprida,2,1,0,0,1,0,0,"-32.979867334251,-60.642481809167",Avenida,,ROSARIO,Rosario,Asfalto,No existe,II,Dentro,Urbana,Señal Pare,No existe,Intersección,S/D,Buena,Amanecer,Buen Tiempo,Lateral,S/D,Colisión,Ninguna,Vertical,Cordón divisorio,Sin restricción
2020,1322,2020-02-21,Viernes,22:10:00,,0.0,2,"Moto/Ciclomotor,Automóvil",Av. Arijon 2700,3,2,0,0,1,0,0,"-33.003650689482,-60.67129413923",Avenida,,ROSARIO,Rosario,Asfalto,No existe,II,Dentro,Urbana,Semáforo,Funciona,Intersección,Bueno,Buena,Nocturna,Buen Tiempo,Lateral,S/D,Colisión,Ninguna,"Horizontal,Vertical",Línea divisoria pintada,Sin restricción
2020,1323,2020-04-13,Lunes,,Ruta Nacional A012,0.0,1,Moto/Ciclomotor, ,1,0,1,0,0,0,0,"-33.09071, -60.76291",Ruta,A012,PIÑERO,Rosario,Asfalto,S/D,II,S/D,Urbana,S/D,S/D,Recta,S/D,S/D,S/D,S/D,S/D,S/D,S/D,S/D,S/D,S/D,S/D
2020,1324,2020-04-13,Lunes,,,0.0,2,"Automóvil,Moto/Ciclomotor",25 de Mayo Y Sarmiento D,2,1,0,0,1,0,0,"-29.45966, -60.2156",Calle,,VERA,Vera,Asfalto,S/D,XIX,S/D,Urbana,S/D,S/D,Intersección,S/D,S/D,S/D,S/D,S/D,S/D,Colisión,S/D,S/D,S/D,S/D
2020,1325,2020-04-14,Martes,16:20:00,,0.0,2,"Automóvil,Moto/Ciclomotor", ,2,1,0,0,1,0,0,"-33.45681, -61.48154",S/D,,FIRMAT,General LÓPEZ,S/D,S/D,VIII,S/D,S/D,S/D,S/D,S/D,S/D,S/D,S/D,S/D,S/D,S/D,Colisión,S/D,S/D,S/D,S/D
2020,1326,2020-04-14,Martes,,,0.0,1,Moto/Ciclomotor, ,1,1,0,0,0,0,0,"-31.90025, -61.39872",S/D,,COLONIA BELGRANO,San MARTÍN,S/D,S/D,XVIII,S/D,S/D,S/D,S/D,S/D,S/D,S/D,S/D,S/D,Atropello animal,S/D,Colisión,S/D,S/D,S/D,S/D
2020,1327,2020-02-21,Viernes,14:20:00,,0.0,2,"Pickup/Utilitario,Camión",Av. Ovidio Lagos Y Lamadrid,2,1,0,0,1,0,0,"-32.997846440095,-60.675031983696",Avenida,,ROSARIO,Rosario,Asfalto,No existe,II,Dentro,Urbana,Ninguna,No existe,Intersección,Bueno,Buena,Diurna,Buen Tiempo,S/D,S/D,Colisión,Ninguna,Faltante,Cordón divisorio,Sin restricción
2020,1328,2020-02-11,Martes,21:05:00,,0.0,2,"Moto/Ciclomotor,Moto/Ciclomotor",Arteaga 1600,3,2,0,0,1,0,0,"-33.011290, -60.643375",Calle,,ROSARIO,Rosario,Asfalto,No existe,II,Dentro,Urbana,Ninguna,No existe,Intersección,Bueno,Buena,Nocturna,Buen Tiempo,Lateral,S/D,Colisión,Ninguna,Faltante,Ninguna,Sin restricción
2020,1329,2020-02-11,Martes,18:45:00,,0.0,2,"Moto/Ciclomotor,Automóvil",Mr.Ross Y San Martin,3,3,0,0,0,0,0,"-32.988695, -60.646198",Avenida,,ROSARIO,Rosario,Asfalto,No existe,II,Dentro,Urbana,Ninguna,Funciona,Recta,Bueno,Buena,Diurna,Buen Tiempo,De alcance,S/D,Colisión,Ninguna,"Horizontal,Vertical",Ninguna,Sin restricción
2020,1330,2020-02-07,Viernes,04:20:00,,0.0,2,"Automóvil,Vehículo Oficial",Bv. Oroño Y Juan Canals,3,2,0,0,1,0,0,"-32.986699249747,-60.664029273543",Avenida,,ROSARIO,Rosario,Asfalto,No existe,II,Dentro,Urbana,Semáforo,Funciona,Intersección,Bueno,Buena,"Nocturna,Con luz artificial",Buen Tiempo,De alcance,S/D,Colisión,Ninguna,"Horizontal,Vertical",Cordón divisorio,Sin restricción
2020,1331,2020-02-20,Jueves,20:45:00,,0.0,2,"Pickup/Utilitario,Bicicleta",Av. Arijon Y Callao,2,1,0,0,1,0,0,"-33.003650689482,-60.67129413923",Avenida,,ROSARIO,Rosario,Asfalto,No existe,II,Dentro,Urbana,Semáforo,Funciona,Intersección,Bueno,Buena,Nocturna,Buen Tiempo,S/D,Ciclista,Atropello,Ninguna,"Horizontal,Vertical",Línea divisoria pintada,Sin restricción
2020,1332,2020-04-08,Miercoles,19:30:00,Ruta Nacional 8,0.0,2,"Pickup/Utilitario,Moto/Ciclomotor",Leoncio de la Barrera Y Marcos Ciani,2,1,0,0,1,0,0,"-33.73958, -61.98607",Ruta,8,VENADO TUERTO,General LÓPEZ,Asfalto,S/D,VIII,S/D,Urbana,S/D,S/D,Intersección,S/D,S/D,S/D,S/D,S/D,S/D,Colisión,S/D,S/D,S/D,S/D
2020,1333,2020-02-17,Lunes,17:20:00,,0.0,2,"Moto/Ciclomotor,Automóvil",Cabildo Y Melincue,2,1,0,0,1,0,0,"-33.007347, -60.647653",Calle,,ROSARIO,Rosario,Asfalto,No existe,II,Dentro,Urbana,Ninguna,No existe,Intersección,Bueno,Buena,Diurna,Buen Tiempo,Lateral,S/D,Colisión,Ninguna,Faltante,Ninguna,Sin restricción
2020,1334,2020-02-08,Sabado,02:15:00,,0.0,2,"Bicicleta,Moto/Ciclomotor",Bv. Oroño Y Bv. Segui,2,1,0,0,1,0,0,"-32.9764734024,-60.661412628935",Avenida,,ROSARIO,Rosario,Asfalto,No existe,II,Dentro,Urbana,Semáforo,Funciona,Intersección,Bueno,Buena,Nocturna,Buen Tiempo,S/D,Ciclista,Atropello,Ninguna,"Horizontal,Vertical",Cordón divisorio,Sin restricción
2020,1335,2020-02-19,Miercoles,15:00:00,,0.0,1,Bicicleta,Av. Uriburu Y Callao,1,1,0,0,0,0,0,"-32.991395473099,-60.672443307726",Avenida,,ROSARIO,Rosario,Asfalto,No existe,II,Dentro,Urbana,Paso Peatonal,No existe,Intersección,Bueno,Buena,Diurna,Buen Tiempo,S/D,S/D,Cañda ocupante,Ninguna,Horizontal,Línea divisoria pintada,Sin restricción
2020,1336,2020-02-18,Martes,19:45:00,,0.0,2,"Automóvil,Moto/Ciclomotor",Anchorena Y Bv. Oro�o,2,1,0,0,1,0,0,"-32.99824689019,-60.665031147154",Avenida,,ROSARIO,Rosario,Asfalto,No existe,II,Dentro,Urbana,Señal Pare,No existe,Intersección,Bueno,Buena,Atardecer,Buen Tiempo,S/D,S/D,Colisión,Ninguna,"Horizontal,Vertical","Cordón divisorio,Vegetación,Línea divisoria pintada",Sin restricción
2020,1337,2020-02-19,Miercoles,15:40:00,,0.0,2,"Moto/Ciclomotor,Automóvil",Bv. Segui Y Paraguay,2,1,0,0,1,0,0,"-32.978175, -60.651978",Avenida,,ROSARIO,Rosario,Asfalto,No existe,II,Dentro,Urbana,Ninguna,No existe,Intersección,Bueno,Buena,Diurna,Buen Tiempo,Lateral,S/D,Colisión,Ninguna,Faltante,"Cordón divisorio,Vegetación",Sin restricción
2020,1338,2020-04-09,Jueves,,,0.0,2,"Moto/Ciclomotor,Automóvil",Libertad Y Av Juan Domingo Peron,3,1,0,0,0,0,2,"-33.02075, -60.62044",Calle,,VILLA GOBERNADOR GÁLVEZ,Rosario,Asfalto,S/D,II,S/D,Urbana,S/D,S/D,Intersección,S/D,S/D,S/D,S/D,Contra objeto fijo,S/D,Colisión,S/D,S/D,S/D,S/D
2020,1339,2020-02-07,Viernes,22:00:00,,0.0,2,"Moto/Ciclomotor,Automóvil",Lamadrid Y Sarmiento,2,1,0,0,1,0,0,"-32.997099644167,-60.649147523072",Calle,,ROSARIO,Rosario,Asfalto,No existe,II,Dentro,Urbana,Señal Pare,No existe,Intersección,Bueno,Buena,Nocturna,Buen Tiempo,De alcance,S/D,Colisión,Ninguna,Vertical,Ninguna,Sin restricción
2020,1340,2020-02-10,Lunes,19:30:00,,0.0,2,"Moto/Ciclomotor,Automóvil",Av. Corrientes Y Benito Juarez,3,2,0,0,1,0,0,"-32.993048, -60.653635",Calle,,ROSARIO,Rosario,Asfalto,No existe,II,Dentro,Urbana,Ninguna,No existe,Intersección,Bueno,Buena,"Amanecer,Con luz artificial",Buen Tiempo,Lateral,S/D,Colisión,Ninguna,Faltante,Ninguna,Sin restricción
2020,1341,2020-02-18,Martes,15:30:00,,0.0,1,Moto/Ciclomotor,Av. Battle y Ordo�ez Y Dorrego,1,1,0,0,0,0,0,"-33.009231635549,-60.660272922033",Avenida,,ROSARIO,Rosario,Asfalto,No existe,II,Dentro,Urbana,Paso Peatonal,No existe,Recta,Bueno,Buena,Diurna,Buen Tiempo,S/D,S/D,Cañda ocupante,Ninguna,Horizontal,"Cordón divisorio,Línea divisoria pintada",Sin restricción
2020,1342,2020-02-01,Sabado,08:50:00,,0.0,1,Automóvil,Ayolas Y Grandoli,4,2,0,0,2,0,0,"-32.98001524474,-60.627687846489",Avenida,,ROSARIO,Rosario,Asfalto,No existe,II,Dentro,Urbana,Semáforo,Funciona,Intersección,Bueno,Buena,Diurna,Buen Tiempo,Contra objeto fijo,S/D,Colisión,Ninguna,"Horizontal,Vertical",Cordón divisorio,Sin restricción
2020,1343,2020-04-11,Sabado,11:30:00,,0.0,2,"Automóvil,Moto/Ciclomotor",CAlle 37-Bvard. lovato Y Roca Pte,2,1,0,0,1,0,0,"-29.156131568868, -59.645391013157",Calle,,RECONQUISTA,General Obligado,Asfalto,S/D,IX,S/D,Urbana,S/D,S/D,Intersección,S/D,S/D,S/D,S/D,S/D,S/D,Colisión,S/D,S/D,S/D,S/D
2020,1344,2020-02-14,Viernes,10:35:00,,0.0,2,"Peatón,Moto/Ciclomotor",Av. Ntra.Sra.del Rosario Y Bv. Oro�o,3,1,0,0,2,0,0,"-33.000560550609,-60.664925665484",Avenida,,ROSARIO,Rosario,Asfalto,No existe,II,Dentro,Urbana,Semáforo,Funciona,Intersección,Bueno,Buena,Diurna,Buen Tiempo,S/D,Peatón,Atropello,Ninguna,"Horizontal,Vertical",Línea divisoria pintada,Sin restricción
2020,1345,2020-02-05,Miercoles,10:15:00,,0.0,2,"Moto/Ciclomotor,Automóvil",Gaboto Y Necochea,2,1,0,0,1,0,0,"-32.975835972494,-60.630943865809",Calle,,ROSARIO,Rosario,Asfalto,No existe,II,Dentro,Urbana,Ninguna,No existe,Intersección,Bueno,Buena,Diurna,Buen Tiempo,Lateral,S/D,Colisión,Ninguna,Faltante,Ninguna,Sin restricción
2020,1346,2020-02-06,Jueves,16:25:00,,0.0,2,"Moto/Ciclomotor,Automóvil",Av. Uriburu Y Paraguay,3,2,0,0,1,0,0,"-32.991009, -60.655243",Avenida,,ROSARIO,Rosario,Asfalto,No existe,II,Dentro,Urbana,Ninguna,No existe,Intersección,Bueno,Buena,Diurna,Buen Tiempo,Lateral,S/D,Colisión,Ninguna,Faltante,Cordón divisorio,Sin restricción
2020,1347,2020-02-14,Viernes,01:30:00,,0.0,1,Moto/Ciclomotor,9 de Julio Y Javier de la Rosa,1,0,1,0,0,0,0,"-31.59858, -60.69516",Calle,,SANTA FE,La Capital,Asfalto,S/D,I,S/D,Urbana,S/D,S/D,Intersección,S/D,S/D,Nocturna,S/D,S/D,S/D,Cañda ocupante,S/D,S/D,S/D,S/D
2020,1348,2020-02-10,Lunes,11:55:00,,0.0,2,"Peatón,Automóvil",Av. Uriburu 2300,2,1,0,0,1,0,0,"-32.99121177107,-60.666716675833",Avenida,,ROSARIO,Rosario,Asfalto,No existe,II,Dentro,Urbana,Ninguna,No existe,Intersección,Bueno,Buena,Nocturna,Buen Tiempo,S/D,Peatón,Atropello,Ninguna,Faltante,Cordón divisorio,Sin restricción
2020,1349,2020-04-12,Domingo,13:00:00,,0.0,2,"Moto/Ciclomotor,Moto/Ciclomotor",Calle 3 Y Calle 6,2,2,0,0,0,0,0,"-28.41497, -59.25799",Calle,,TACUARENDÍ,General Obligado,Asfalto,S/D,IX,S/D,Urbana,S/D,S/D,Intersección,S/D,S/D,S/D,S/D,S/D,S/D,Colisión,S/D,S/D,S/D,S/D
2020,1350,2020-02-05,Miercoles,15:00:00,,0.0,2,"Moto/Ciclomotor,Automóvil",Estado de Israel Y Pje. Florencia,2,1,0,0,1,0,0,"-32.992124082832,-60.658780591299",Calle,,ROSARIO,Rosario,Asfalto,No existe,II,Dentro,Urbana,Ninguna,No existe,Intersección,Bueno,Buena,Diurna,Buen Tiempo,Lateral,S/D,Colisión,Ninguna,Faltante,Ninguna,Sin restricción
2020,1351,2020-02-19,Miercoles,18:00:00,,0.0,2,"Moto/Ciclomotor,Automóvil",Necochea Y Pte.Quintana,3,2,0,0,1,0,0,"-32.98501231494,-60.633260414237",Calle,,ROSARIO,Rosario,Asfalto,No existe,II,Dentro,Urbana,Ninguna,No existe,Intersección,Bueno,Buena,Diurna,Buen Tiempo,De alcance,S/D,Colisión,Ninguna,Faltante,Ninguna,Sin restricción
2020,1352,2020-02-01,Sabado,17:35:00,,0.0,2,"Camión c / Acoplado,Moto/Ciclomotor",Av. Uriburu Y Paraguay,3,1,0,0,2,0,0,"-32.991019, -60.655243",Avenida,,ROSARIO,Rosario,Asfalto,No existe,II,Dentro,Urbana,Ninguna,No existe,Intersección,Bueno,Buena,Diurna,Buen Tiempo,Lateral,S/D,Colisión,Ninguna,Faltante,Ninguna,Sin restricción
2020,1353,2020-04-15,Miercoles,14:20:00,,0.0,2,"Automóvil,Moto/Ciclomotor",Bartolome Mitre Y Lopez y Planes,2,1,0,0,1,0,0,"-31.45425, -60.93882",Calle,,ESPERANZA,Las Colonias,Asfalto,Pavimento,XI,S/D,Urbana,Ninguna,No existe,Intersección,Bueno,Buena,Diurna,Buen Tiempo,Lateral,S/D,Colisión,Ninguna,S/D,Ninguna,Sin restricción
2020,1354,2020-02-11,Martes,17:00:00,,0.0,3,"Automóvil,Automóvil,Automóvil",Juan Canals Y Mitre,5,1,0,0,3,0,1,"-32.989176, -60.650350",Calle,,ROSARIO,Rosario,Asfalto,No existe,II,Dentro,Urbana,Ninguna,No existe,Intersección,Bueno,Buena,Diurna,Buen Tiempo,Múltiple,S/D,Colisión,Ninguna,Faltante,Ninguna,Sin restricción
2020,1355,2020-02-10,Lunes,06:30:00,,0.0,2,"Bicicleta,Automóvil",Crespo Y Pte.Quintana,2,2,0,0,0,0,0,"-32.977119411112,-60.67734791997",Calle,,ROSARIO,Rosario,Asfalto,No existe,II,Dentro,Urbana,Ninguna,No existe,Intersección,S/D,S/D,Diurna,S/D,S/D,Ciclista,Atropello,S/D,Faltante,Ninguna,S/D
2020,1356,2020-01-24,Viernes,,,0.0,2,"Camión,Moto/Ciclomotor",Juan Lavalle Y Iturraspe,3,2,0,0,1,0,0,"    -33.75255, -61.96624",Calle,,VENADO TUERTO,General LÓPEZ,Asfalto,S/D,VIII,Dentro,Urbana,Ninguna,S/D,Intersección,S/D,S/D,S/D,S/D,S/D,S/D,Colisión,S/D,S/D,S/D,S/D
2020,1357,2020-04-15,Miercoles,13:10:00,,0.0,2,"Moto/Ciclomotor,Automóvil",San Martin Y Islas Malvinas,2,1,0,0,1,0,0,"-31.57956, -60.93647",Calle,,FRANCK,Las Colonias,Asfalto,Pavimento,XI,S/D,Urbana,Ninguna,No existe,Intersección,Bueno,Buena,Diurna,Buen Tiempo,Lateral,S/D,Colisión,Ninguna,Faltante,Ninguna,Sin restricción
2020,1358,2020-05-06,Miercoles,20:30:00,,0.0,2,"Moto/Ciclomotor,Moto/Ciclomotor",Av Italia Y W Muniagurria,4,4,0,0,0,0,0,"-31.23016, -61.47232",Avenida,,RAFAELA,Castellanos,Asfalto,S/D,V,Dentro,Urbana,S/D,No existe,Recta,Bueno,Buena,Nocturna,Buen Tiempo,De alcance,S/D,Colisión,Ninguna,Faltante,Ninguna,Sin restricción
2020,1359,2020-02-10,Lunes,08:30:00,,0.0,2,"Vehículo Oficial,Taxi/Remis",Av. Ovidio Lagos Y Centeno,3,1,0,0,2,0,0,"-32.980674135819,-60.670875976978",Avenida,,ROSARIO,Rosario,Asfalto,No existe,II,Dentro,Urbana,Ninguna,No existe,Recta,Bueno,Buena,Diurna,Buen Tiempo,Frontal,S/D,Colisión,Ninguna,Faltante,Cordón divisorio,Sin restricción
2020,1360,2020-01-24,Viernes,,Autopista Provincial Brigadier E.LÓPEZ,154.0,1,Automóvil, ,1,0,1,0,0,0,0,"-31.66522, -60.79836",Autopista,Brigadier E.LÓPEZ,SANTO TOMÉ,La Capital,Asfalto,Pavimento,I,Dentro,Rural,S/D,No existe,Recta,S/D,S/D,S/D,S/D,Contra objeto fijo,S/D,Colisión,S/D,S/D,S/D,S/D
2020,1361,2020-04-15,Miercoles,07:55:00,,0.0,2,"Moto/Ciclomotor,Tractor",Cordoba Y Calle sin nombre,2,1,0,0,1,0,0,"-32.4219, -61.89527",Camino Rural,,BOUQUET,Belgrano,Tierra,Natural,III,S/D,Rural,Ninguna,No existe,Recta,Otro,Reducida,Diurna,Buen Tiempo,Frontal,S/D,Colisión,Ninguna,Faltante,Ninguna,Sin restricción
2020,1362,2020-01-25,Sabado,18:00:00,,0.0,1,Automóvil,Ascabusi ,2,1,1,0,0,0,0,"    -32.8321, -61.40201",Calle,,CAÑADA DE GÓMEZ,Iriondo,S/D,S/D,X,Dentro,Urbana,Ninguna,No existe,Intersección,S/D,S/D,Atardecer,S/D,Contra objeto fijo,S/D,Colisión,S/D,S/D,S/D,S/D
2020,1363,2020-05-07,Jueves,11:40:00,,0.0,2,"Moto/Ciclomotor,Pickup/Utilitario",San Martin Y Saavedra,2,1,0,0,1,0,0,"-31.58906, -60.9395",Calle,,FRANCK,Las Colonias,Asfalto,No existe,XI,S/D,Urbana,Ninguna,No existe,Intersección,Bueno,Buena,Diurna,Buen Tiempo,Lateral,S/D,Colisión,Ninguna,Vertical,Ninguna,Sin restricción
2020,1364,2020-02-08,Sabado,18:30:00,,0.0,2,"Moto/Ciclomotor,Automóvil",Av. Uriburu Y Suipacha,2,1,0,0,1,0,0,"-32.991519798076,-60.676734528275",Avenida,,ROSARIO,Rosario,Asfalto,No existe,II,Dentro,Urbana,Señal Pare,No existe,Recta,Bueno,S/D,Diurna,Buen Tiempo,Lateral,S/D,Colisión,Ninguna,Vertical,Cordón divisorio,Sin restricción
2020,1365,2020-02-03,Lunes,11:05:00,,0.0,2,"Moto/Ciclomotor,Pickup/Utilitario",Laprida Y Saavedra,3,0,1,0,2,0,0,"-32.978667, -60.642194",Calle,,ROSARIO,Rosario,Asfalto,No existe,II,Dentro,Urbana,Ninguna,No existe,Intersección,Bueno,Buena,Diurna,Buen Tiempo,Lateral,S/D,Colisión,Ninguna,Faltante,Ninguna,Sin restricción
2020,1366,2020-05-07,Jueves,14:30:00,,0.0,2,"Automóvil,Moto/Ciclomotor",Lavalle Y Berutti,2,0,1,0,1,0,0,"-34.25399, -62.70346",Calle,,RUFINO,General LÓPEZ,Tierra,S/D,VIII,S/D,Urbana,Ninguna,No existe,Intersección,Bueno,Buena,Diurna,Buen Tiempo,Frontal,S/D,Colisión,Ninguna,Faltante,Vegetación,Sin restricción
2020,1367,2020-02-08,Sabado,09:45:00,,0.0,2,"Automóvil,Moto/Ciclomotor",BV AVELLANEDA Y JUAN PABLO II,3,2,0,0,1,0,0,"-33.000323, -60.689303",Avenida,,ROSARIO,Rosario,Asfalto,No existe,II,Dentro,Urbana,Señal Pare,No existe,Recta,Bueno,Buena,Diurna,Buen Tiempo,De alcance,S/D,Colisión,Ninguna,Vertical,"Cordón divisorio,Ninguna",Sin restricción
2020,1368,2020-02-28,Viernes,18:50:00,,0.0,2,"Moto/Ciclomotor,Moto/Ciclomotor",Gaboto 4000,3,3,0,0,0,0,0,"-32.966234, -60.684589",Calle,,ROSARIO,Rosario,Asfalto,No existe,II,Dentro,Urbana,Ninguna,No existe,Intersección,Bueno,Buena,Diurna,Buen Tiempo,Lateral,S/D,Colisión,Ninguna,Faltante,Ninguna,Sin restricción
2020,1369,2020-02-04,Martes,13:30:00,,0.0,2,"Moto/Ciclomotor,Moto/Ciclomotor",Av. Francia Y Pje. Boman,3,2,0,0,1,0,0,"-32.998755, -60.677948",Avenida,,ROSARIO,Rosario,Asfalto,No existe,II,Dentro,Urbana,Ninguna,No existe,Recta,Bueno,Buena,Diurna,Buen Tiempo,S/D,S/D,Colisión,Ninguna,Faltante,Ninguna,Sin restricción
2020,1370,2020-05-07,Jueves,18:50:00,,0.0,2,"Moto/Ciclomotor,Camión c / Semirremolque",9 de Julio Y Urquiza,4,1,0,0,3,0,0,"-29.91178, -59.8232",Calle,,ALEJANDRA,San Javier,Tierra,No existe,XIV,S/D,Urbana,Ninguna,S/D,Intersección,Bueno,Reducida,Atardecer,Buen Tiempo,S/D,S/D,S/D,Ninguna,Faltante,Vegetación,S/D
2020,1371,2020-04-15,Miercoles,18:20:00,Ruta Secundaria 25-s,4.0,2,"Automóvil,Moto/Ciclomotor", ,2,1,0,0,1,0,0,"-33.08735, -60.62674",Ruta,25-s,ALVEAR,Rosario,Asfalto,No existe,II,Dentro,Rural,Ninguna,No existe,Intersección,Bueno,Buena,Atardecer,Buen Tiempo,Frontal,S/D,Colisión,Ninguna,Faltante,Ninguna,Sin restricción
2020,1372,2020-05-08,Viernes,15:10:00,,0.0,2,"Moto/Ciclomotor,Automóvil",Av Lopez y Planes Y Pedro Diaz Colodrero,2,1,0,0,1,0,0,"-31.6227, -60.71339",Avenida,,SANTA FE,La Capital,Asfalto,No existe,I,S/D,Urbana,Semáforo,Funciona,Intersección,Bueno,Buena,Diurna,Buen Tiempo,Lateral,S/D,Colisión,Ninguna,Vertical,Línea divisoria pintada,Sin restricción
2020,1373,2020-04-15,Miercoles,07:55:00,,0.0,2,"Moto/Ciclomotor,Moto/Ciclomotor",Iriondo Y Soldado Aguirre,3,1,0,0,2,0,0,"-33.02928, -60.63567",Avenida,,VILLA GOBERNADOR GÁLVEZ,Rosario,Asfalto,No existe,II,S/D,Urbana,S/D,Funciona,Intersección,Bueno,Buena,Amanecer,S/D,S/D,S/D,Colisión,S/D,S/D,Cordón divisorio,Sin restricción
2020,1374,2020-01-25,Sabado,02:30:00,,0.0,1,Moto/Ciclomotor,Martin Miguel de Guemes ,2,2,0,0,0,0,0,"    -32.83921, -60.69767",Calle,,GRANADERO BAIGORRIA,Rosario,S/D,No existe,II,Dentro,Urbana,Policía de tránsito,No existe,Intersección,S/D,S/D,Nocturna,S/D,S/D,S/D,Cañda ocupante,S/D,S/D,S/D,S/D
2020,1375,2020-05-05,Martes,18:15:00,,0.0,2,"Moto/Ciclomotor,Otros",Calle 20 9 de Julio Y Calle 23-Gral lopez,3,1,0,0,2,0,0,"-29.14839, -59.64791",Calle,,RECONQUISTA,General Obligado,Asfalto,No existe,IX,Dentro,Urbana,Ninguna,No existe,Recta,Bueno,Buena,Atardecer,Buen Tiempo,Otro,S/D,Colisión,Ninguna,Faltante,Ninguna,Sin restricción
2020,1376,2020-01-26,Domingo,,,0.0,2,"Moto/Ciclomotor,Moto/Ciclomotor",Almafuerte Y Guillermo Brown,2,2,0,0,0,0,0,"    -33.73776, -61.96598",Calle,,VENADO TUERTO,General LÓPEZ,Asfalto,Ripio,VIII,Dentro,Urbana,Ninguna,No existe,Intersección,S/D,S/D,S/D,S/D,Lateral,S/D,Colisión,S/D,S/D,Ninguna,S/D
2020,1377,2020-04-15,Miercoles,08:20:00,,0.0,2,"Automóvil,Moto/Ciclomotor",San Nicolas Y Virasoro,2,0,1,0,1,0,0,"-32.96378, -60.67826",Calle,,ROSARIO,Rosario,Asfalto,No existe,II,S/D,Urbana,S/D,S/D,Intersección,Bueno,Buena,Diurna,S/D,S/D,S/D,Colisión,S/D,Faltante,S/D,S/D
2020,1378,2020-02-01,Sabado,,,0.0,2,"Pickup/Utilitario,Bicicleta", ,2,1,0,0,1,0,0,"-33.051560, -61.167769",S/D,,CASILDA,Caseros,S/D,S/D,IV,S/D,S/D,S/D,S/D,S/D,S/D,S/D,S/D,S/D,S/D,Ciclista,Atropello,S/D,S/D,S/D,S/D
2020,1379,2020-01-27,Lunes,,,0.0,2,"Moto/Ciclomotor,Moto/Ciclomotor",A Illia Y Yapeyu,3,2,0,0,1,0,0,"    -29.50277, -59.75427",Calle,,ROMANG,San Javier,S/D,S/D,XIV,Dentro,Urbana,Ninguna,S/D,Intersección,S/D,S/D,S/D,S/D,Lateral,S/D,Colisión,S/D,S/D,Ninguna,S/D
2020,1381,2020-02-29,Sabado,10:50:00,,0.0,2,"Moto/Ciclomotor,Moto/Ciclomotor",A Lezama Y Salta,2,2,0,0,0,0,0,"-29.472038, -60.209343",Calle,,VERA,Vera,Asfalto,No existe,XIX,Dentro,Urbana,S/D,S/D,Intersección,Bueno,S/D,Diurna,S/D,Lateral,S/D,Colisión,Ninguna,S/D,S/D,S/D
2020,1382,2020-04-15,Miercoles,08:00:00,,0.0,2,"Moto/Ciclomotor,Automóvil",Pje. J.Marc Y Suipacha,2,1,0,0,1,0,0,"-32.99329, -60.67667",Calle,,ROSARIO,Rosario,Asfalto,No existe,II,S/D,Urbana,Ninguna,No existe,Intersección,Bueno,Buena,Diurna,Buen Tiempo,Otro,S/D,Colisión,Ninguna,Faltante,Ninguna,Sin restricción