anio_acci,nro_acci,fecha,desc_dia,hora_aprox,desc_ruta,km,cant_participantes,desc_participante,calle_avenida_km,total,heridos_leves,heridos_graves,heridos_gravisimos,ilesos,fallecidos,sin_datos,posicion_XY,desc_tipo_via,desc_ruta_ori,desc_loc,desc_dpto,desc_tipo_calzada,desc_tipo_banquina,desc_unidad_regional,desc_lugar_calzada,desc_zona,desc_prioridad,desc_estado_semaforo,desc_lugar_via,desc_estado_via,desc_estado_visibilidad,desc_luminosidad,desc_estado_clima,desc_tipo_colision,desc_tipo_atropello,desc_tipo_hecho,desc_pres_calzada,desc_senializacion,desc_separacion_via,desc_restriccion
2020,1383,2020-05-05,Martes,13:40:00,,0.0,2,"Pickup/Utilitario,Moto/Ciclomotor",Lisandro de la Torre Y Dr Jose Iraci,2,1,0,0,1,0,0,"-32.77659, -61.6054",Calle,,ARMSTRONG,Belgrano,Asfalto,No existe,III,S/D,Urbana,Ninguna,No existe,Intersección,Bueno,Buena,Diurna,Buen Tiempo,De alcance,S/D,Colisión,Ninguna,Faltante,Ninguna,Sin restricción
2020,1384,2020-02-01,Sabado,04:45:00,Ruta Nacional 11,437.0,2,"Moto/Ciclomotor,Pickup/Utilitario", ,3,0,1,0,1,1,0,"-31.85024, -60.8813",Ruta,11,DESVÍO ARIJÓN,San JERÓNIMO,Asfalto,Natural,XV,Dentro,Rural,Ninguna,No existe,Recta,Bueno,Reducida,Nocturna,Buen Tiempo,De alcance,S/D,Colisión,Ninguna,Horizontal,"Ninguna,S/D",Sin restricción
2020,1385,2020-04-15,Miercoles,07:15:00,,0.0,2,"Moto/Ciclomotor,Pickup/Utilitario",Lamadrid Y Av. Ovidio Lagos,2,1,0,0,1,0,0,"-32.99789, -60.67496",Calle,,ROSARIO,Rosario,Asfalto,No existe,II,Dentro,Urbana,Ninguna,No existe,Intersección,Bueno,Buena,Diurna,Buen Tiempo,S/D,S/D,Colisión,Ninguna,Faltante,Ninguna,Sin restricción
2020,1386,2020-05-01,Viernes,03:40:00,,0.0,1,Moto/Ciclomotor,Martinez ,1,1,0,0,0,0,0,"-32.78973, -61.60151",Calle,,ARMSTRONG,Belgrano,Asfalto,No existe,III,S/D,Urbana,Ninguna,No existe,Recta,Deteriorada,Reducida,Nocturna,Buen Tiempo,S/D,S/D,Vuelco,Ninguna,Faltante,Ninguna,Sin restricción
2020,1388,2020-02-29,Sabado,17:45:00,,0.0,2,"Moto/Ciclomotor,Pickup/Utilitario",Belgrano Y Juan de Garay,2,1,0,0,0,0,1,"-29.455877, -60.211151",Calle,,VERA,Vera,Asfalto,S/D,XIX,Dentro,Urbana,S/D,S/D,Intersección,S/D,S/D,Diurna,S/D,Lateral,S/D,Colisión,S/D,S/D,S/D,S/D
2020,1389,2020-05-02,Sabado,15:15:00,,0.0,2,"Moto/Ciclomotor,Otros",Calle 11 Y Calle 26,2,1,0,0,1,0,0,"-32.68266, -61.51241",Calle,,LAS PAREJAS,Belgrano,Asfalto,No existe,III,Dentro,Urbana,Ninguna,No existe,Intersección,Bueno,Buena,Diurna,Buen Tiempo,S/D,S/D,Colisión,Ninguna,Faltante,Ninguna,Sin restricción
2020,1390,2020-04-15,Miercoles,22:00:00,,0.0,1,Moto/Ciclomotor,Av Fray Luis Beltran Y Pte Illia -Ex. Entre Rios,1,1,0,0,0,0,0,"-32.79339, -60.73296",Calle,,FRAY LUIS BELTRÁN,San Lorenzo,S/D,S/D,XVII,S/D,Urbana,S/D,S/D,Intersección,S/D,S/D,Nocturna,S/D,S/D,S/D,Despiste,S/D,S/D,S/D,S/D
2020,1391,2020-02-02,Domingo,,,0.0,2,"Transporte de Pasajeros (H/ 8 asientos),Automóvil", ,2,1,0,0,1,0,0,"-33.05011, -61.16742",S/D,,CASILDA,Caseros,S/D,S/D,IV,S/D,S/D,S/D,S/D,S/D,S/D,S/D,S/D,S/D,S/D,S/D,Colisión,S/D,S/D,S/D,S/D
2020,1392,2020-01-29,Miercoles,21:45:00,,0.0,2,"Automóvil,Moto/Ciclomotor",Uruguay 1000,2,1,0,0,1,0,0,"    -33.75968, -61.96316",Calle,,VENADO TUERTO,General LÓPEZ,S/D,No existe,VIII,Dentro,Urbana,S/D,No existe,Intersección,S/D,S/D,Nocturna,S/D,Lateral,S/D,Colisión,S/D,S/D,S/D,S/D
2020,1393,2020-04-15,Miercoles,11:45:00,Autopista Nacional A012,0.0,2,"Moto/Ciclomotor,Taxi/Remis", ,2,1,0,0,1,0,0,"-32.76856, -60.73121",Autopista,A012,SAN LORENZO,San Lorenzo,S/D,S/D,XVII,S/D,Urbana,S/D,S/D,Recta,S/D,S/D,Diurna,S/D,S/D,S/D,Colisión,S/D,S/D,S/D,S/D
2020,1394,2020-05-08,Viernes,11:35:00,,0.0,2,"Pickup/Utilitario,Moto/Ciclomotor",Guillermo Benitez Y Buenos Aires,2,1,0,0,1,0,0,"-32.47482, -61.57452",Calle,,LAS ROSAS,Belgrano,Asfalto,No existe,III,Dentro,Urbana,Ninguna,No existe,Intersección,Bueno,Buena,Diurna,Buen Tiempo,Lateral,S/D,Colisión,Ninguna,Faltante,Ninguna,Sin restricción
2020,1395,2020-02-29,Sabado,,,0.0,2,"Moto/Ciclomotor,Pickup/Utilitario",TALACASTO Y TOMAS DEL MORO,2,1,0,0,1,0,0,"-32.923012, -60.873191",Calle,,ROLDÁN,San Lorenzo,Asfalto,No existe,XVII,Dentro,Urbana,S/D,S/D,Intersección,S/D,Buena,S/D,S/D,Lateral,S/D,Colisión,S/D,S/D,S/D,Sin restricción
2020,1396,2020-02-02,Domingo,18:00:00,,0.0,2,"Bicicleta,Automóvil",Boulevard Ovidio Lagos Y  Remedios de Escalada de San M,2,1,0,0,1,0,0,"-33.04107, -61.16708",Avenida,,CASILDA,Caseros,Asfalto,No existe,IV,Dentro,Urbana,Ninguna,No existe,Intersección,S/D,S/D,Diurna,S/D,S/D,Ciclista,Atropello,S/D,Faltante,Cordón divisorio,S/D
2020,1397,2020-01-29,Miercoles,,,0.0,1,Moto/Ciclomotor, ,1,1,0,0,0,0,0,"    -31.36839, -61.07758",Camino Rural,,HUMBOLDT,Las Colonias,Tierra,No existe,XI,Dentro,Rural,Ninguna,No existe,Recta,S/D,S/D,S/D,S/D,Atropello animal,S/D,Colisión,S/D,S/D,Ninguna,S/D
2020,1398,2020-05-02,Sabado,13:00:00,,0.0,2,"Moto/Ciclomotor,Pickup/Utilitario",Av L de la Torre Y Santa Fe,2,1,0,0,1,0,0,"-31.30421, -60.65695",Avenida,,LAGUNA PAIVA,La Capital,Asfalto,Natural,I,S/D,Urbana,Ninguna,No existe,Recta,Bueno,Buena,Diurna,Buen Tiempo,Otro,S/D,Colisión,Ninguna,Faltante,Ninguna,Sin restricción
2020,1399,2020-02-02,Domingo,,Ruta Nacional 11,0.0,2,"Moto/Ciclomotor,Automóvil",Mitre Y Ruta Nacional 11,3,2,0,0,1,0,0,"-29.885746, -60.279473",Ruta,11,CALCHAQUÍ,Vera,Asfalto,Ripio,XIX,Dentro,Urbana,Marca Vial,No existe,Intersección,S/D,S/D,S/D,S/D,S/D,S/D,Colisión,S/D,Horizontal,Línea divisoria pintada,S/D
2020,1400,2020-05-04,Lunes,15:15:00,Ruta Provincial 1,16.0,1,Moto/Ciclomotor, ,2,1,0,0,1,0,0,"-31.55453, -60.51558",Ruta,1,ARROYO LEYES,La Capital,Asfalto,S/D,I,Dentro,Urbana,S/D,S/D,Recta,Bueno,S/D,S/D,Buen Tiempo,S/D,S/D,Cañda ocupante,Ninguna,"Horizontal,Vertical",Línea divisoria pintada,Sin restricción
2020,1401,2020-04-16,Jueves,09:25:00,Ruta Provincial 70,38.0,2,"Taxi/Remis,Camión c / Acoplado", ,4,3,0,0,1,0,0,"-31.3857, -61.10861",Ruta,70,HUMBOLDT,Las Colonias,Asfalto,Natural,XI,S/D,Rural,Marca Vial,No existe,Recta,Bueno,Buena,Diurna,Buen Tiempo,Lateral,S/D,Colisión,S/D,Faltante,Línea divisoria pintada,Sin restricción
2020,1402,2020-05-03,Domingo,22:20:00,,0.0,1,Moto/Ciclomotor,Calle 102 ,1,1,0,0,0,0,0,"-31.53342, -60.48984",Calle,,ARROYO LEYES,La Capital,Arena,No existe,I,Dentro,Urbana,Ninguna,No existe,Recta,Bueno,Reducida,"Nocturna,Con luz artificial",Buen Tiempo,S/D,S/D,Cañda ocupante,Ninguna,Faltante,Ninguna,Sin restricción
2020,1403,2020-05-07,Jueves,20:00:00,,0.0,2,"Bicicleta,Moto/Ciclomotor",Juan de Garay 2700,2,2,0,0,0,0,0,"-31.50271, -60.7282",S/D,,RECREO,La Capital,Asfalto,No existe,I,S/D,S/D,Ninguna,No existe,Recta,Otro,Reducida,Nocturna,Otro,S/D,Ciclista,Atropello,Ninguna,Faltante,Ninguna,Sin restricción
2020,1404,2020-01-29,Miercoles,21:15:00,,0.0,2,"Moto/Ciclomotor,Moto/Ciclomotor",Bv. Lopez Y Edison,3,1,0,0,2,0,0,"    -32.82306, -61.39669",Calle,,CAÑADA DE GÓMEZ,Iriondo,Asfalto,S/D,X,Dentro,Urbana,S/D,No existe,Intersección,S/D,Reducida,Nocturna,S/D,Lateral,S/D,Colisión,S/D,S/D,Ninguna,S/D
2020,1405,2020-04-16,Jueves,12:10:00,,0.0,2,"Pickup/Utilitario,Moto/Ciclomotor",Lehmann Y Ntra Sra del Pilar,2,1,0,0,1,0,0,"-31.44089, -61.26042",Avenida,,PILAR,Las Colonias,Asfalto,Pavimento,XI,S/D,Urbana,Ninguna,No existe,Intersección,Bueno,Buena,Diurna,Buen Tiempo,De alcance,S/D,Colisión,Ninguna,Vertical,Barrera de hormigón,Sin restricción
2020,1406,2020-02-02,Domingo,02:00:00,,0.0,1,Automóvil,GOBERNADOR JORGE OBEID  Y GUEMES,1,1,0,0,0,0,0,"-28.672745, -59.848721",Calle,,TARTAGAL,Vera,S/D,No existe,XIX,Dentro,Urbana,S/D,S/D,Intersección,S/D,S/D,Nocturna,S/D,Contra objeto fijo,S/D,Colisión,S/D,S/D,S/D,S/D
2020,1407,2020-01-30,Jueves,,,0.0,2,"Pickup/Utilitario,Automóvil",Uruguay Y Lavalle,2,2,0,0,0,0,0,"    -31.24536, -61.48871",Calle,,RAFAELA,Castellanos,S/D,S/D,III,Dentro,Urbana,Ninguna,S/D,Intersección,S/D,S/D,S/D,S/D,S/D,S/D,Colisión,S/D,S/D,S/D,S/D
2020,1408,2020-04-16,Jueves,15:40:00,,0.0,1,Bicicleta,Mendoza Y Chacabuco,1,0,1,0,0,0,0,"-32.4792, -61.58266",Calle,,LAS ROSAS,Belgrano,Asfalto,No existe,III,Dentro,Urbana,Ninguna,No existe,Recta,Bueno,Buena,Diurna,Buen Tiempo,S/D,S/D,Cañda ocupante,Ninguna,Vertical,Ninguna,Sin restricción
2020,1409,2020-04-16,Jueves,17:00:00,,0.0,2,"Bicicleta,Pickup/Utilitario",Juan B Justo Y R fournier,2,1,0,0,1,0,0,"-33.03007, -60.62815",Calle,,VILLA GOBERNADOR GÁLVEZ,Rosario,Asfalto,No existe,II,S/D,Urbana,S/D,No existe,Intersección,Deteriorada,Buena,Diurna,S/D,S/D,Ciclista,Atropello,Ninguna,Faltante,Ninguna,Sin restricción
2020,1410,2020-04-16,Jueves,15:30:00,,0.0,2,"Moto/Ciclomotor,Pickup/Utilitario",Avenida 21 Y Avenida 18,2,1,0,0,1,0,0,"-32.67903, -61.52028",Avenida,,LAS PAREJAS,Belgrano,Asfalto,No existe,III,Dentro,Urbana,Ninguna,No existe,Recta,Bueno,Buena,Diurna,Buen Tiempo,Lateral,S/D,Colisión,Ninguna,S/D,Ninguna,Sin restricción
2020,1411,2020-02-29,Sabado,10:40:00,,0.0,2,"Moto/Ciclomotor,Automóvil",Bme Mitre Y Bvard 20 de Junio,2,1,0,0,1,0,0,"-32.033745137115,-61.215816258453",Avenida,,GÁLVEZ,San JERÓNIMO,Asfalto,No existe,XV,Dentro,Urbana,Semáforo,Funciona,Intersección,Bueno,Buena,Diurna,Buen Tiempo,Lateral,S/D,Colisión,Ninguna,Vertical,"Cordón divisorio,Vegetación",Sin restricción
2020,1412,2020-04-16,Jueves,06:30:00,Autopista Nacional A008,9.0,2,"Moto/Ciclomotor,Bicicleta", ,2,2,0,0,0,0,0,"-32.94059, -60.72268",Autopista,A008,ROSARIO,Rosario,Asfalto,No existe,II,Dentro,Urbana,S/D,S/D,Intersección,Bueno,Reducida,"Amanecer,Con luz artificial",Buen Tiempo,S/D,Ciclista,Atropello,Ninguna,Vertical,S/D,Sin restricción
2020,1413,2020-04-16,Jueves,09:20:00,,0.0,2,"Moto/Ciclomotor,Automóvil",Av. Corrientes Y Cerrito,2,1,0,0,1,0,0,"-32.96113, -60.64622",Avenida,,ROSARIO,Rosario,Asfalto,S/D,II,Dentro,Urbana,S/D,S/D,Intersección,S/D,S/D,Diurna,S/D,Lateral,S/D,Colisión,S/D,S/D,S/D,S/D
2020,1414,2020-02-28,Viernes,22:00:00,Ruta Provincial 39,216.0,1,Pickup/Utilitario, ,3,3,0,0,0,0,0,"-30.176257230341438,-62.01546829193",Ruta,39,ARRUFÓ,San CRISTÓBAL,Asfalto,Natural,XIII,Dentro,Urbana,Ninguna,No existe,Recta,"Con baches,Deteriorada",Buena,Nocturna,Buen Tiempo,S/D,S/D,Vuelco,Ninguna,Horizontal,Línea divisoria pintada,Sin restricción
2020,1415,2020-04-17,Viernes,15:15:00,,0.0,2,"Pickup/Utilitario,Moto/Ciclomotor",Asamblea Y Antonio Martin,2,0,1,0,1,0,0,"-34.26822, -62.721",Calle,,RUFINO,General LÓPEZ,Ripio,No existe,VIII,S/D,Urbana,Otra Señal,No existe,Intersección,Bueno,Buena,Diurna,Buen Tiempo,Lateral,S/D,Colisión,S/D,S/D,Ninguna,Sin restricción
2020,1416,2020-02-28,Viernes,,,0.0,2,"Pickup/Utilitario,Automóvil", ,4,1,0,0,3,0,0,"-33.04562717037074,-61.163331477170",S/D,,CASILDA,Caseros,S/D,S/D,IV,S/D,S/D,S/D,S/D,S/D,S/D,S/D,S/D,S/D,S/D,S/D,Colisión,S/D,S/D,S/D,S/D
2020,1417,2020-04-17,Viernes,16:00:00,,0.0,2,"Pickup/Utilitario,Automóvil",Tucuman Y Adolfo Alsina,3,3,0,0,0,0,0,"-32.9035, -60.80462",Calle,,FUNES,Rosario,Asfalto,No existe,II,Dentro,Urbana,S/D,S/D,Intersección,Bueno,Buena,Diurna,Buen Tiempo,S/D,S/D,Colisión,Ninguna,S/D,S/D,Sin restricción
2020,1418,2020-02-28,Viernes,,,0.0,2,"Pickup/Utilitario,Bicicleta", ,2,1,0,0,1,0,0,"-33.04562717037074,-61.163331477170",S/D,,CASILDA,Caseros,S/D,S/D,IV,S/D,S/D,S/D,S/D,S/D,S/D,S/D,S/D,S/D,S/D,Ciclista,Atropello,S/D,S/D,S/D,S/D
2020,1419,2020-02-27,Jueves,19:10:00,,0.0,2,"Moto/Ciclomotor,Pickup/Utilitario",Belgrano Y Juan de Garay,2,1,0,0,1,0,0,"-29.455873912153,-60.211100260056",Calle,,VERA,Vera,S/D,No existe,XIX,Dentro,Urbana,S/D,No existe,Intersección,Bueno,Buena,Atardecer,Buen Tiempo,S/D,S/D,Colisión,S/D,S/D,S/D,Sin restricción
2020,1420,2020-02-25,Martes,,,0.0,2,"Automóvil,Moto/Ciclomotor", ,3,1,0,0,2,0,0,"-31.440411827182295,-61.25966996080",S/D,,PILAR,Las Colonias,S/D,S/D,XI,S/D,S/D,S/D,S/D,Intersección,S/D,S/D,S/D,S/D,S/D,S/D,Colisión,S/D,S/D,S/D,S/D
2020,1421,2020-02-25,Martes,,,0.0,2,"Automóvil,Bicicleta", ,2,1,0,0,1,0,0,"-33.04562717037074,-61.163331477170",S/D,,CASILDA,Caseros,S/D,S/D,IV,S/D,S/D,S/D,S/D,S/D,S/D,S/D,S/D,S/D,S/D,Ciclista,Atropello,S/D,S/D,S/D,S/D
2020,1422,2020-04-17,Viernes,15:00:00,,0.0,2,"Moto/Ciclomotor,Pickup/Utilitario",Urquiza Y Rio De Janeiro,2,1,0,0,1,0,0,"-32.93537, -60.67962",Calle,,ROSARIO,Rosario,S/D,No existe,II,Dentro,Urbana,Ninguna,No existe,Intersección,S/D,Buena,Diurna,S/D,Lateral,S/D,Colisión,S/D,Faltante,Ninguna,Sin restricción
2020,1423,2020-02-25,Martes,00:30:00,,0.0,2,"Moto/Ciclomotor,Vehículo Oficial",Bertole Y J.Colombres,3,1,0,0,2,0,0,"-32.965361556441,-60.724785472972",Calle,,ROSARIO,Rosario,Asfalto,No existe,I,Dentro,Urbana,Ninguna,No existe,Intersección,Deteriorada,Buena,"Nocturna,Con luz artificial",Buen Tiempo,Lateral,S/D,Colisión,Ninguna,Faltante,Ninguna,Sin restricción
2020,1424,2020-04-17,Viernes,11:00:00,,0.0,2,"Automóvil,Automóvil",Valparaiso Y Garay,2,0,1,0,1,0,0,"-32.96665, -60.68892",Calle,,ROSARIO,Rosario,Asfalto,Pavimento,II,Dentro,Urbana,Ninguna,No existe,Intersección,S/D,Buena,Diurna,S/D,S/D,S/D,Colisión,Otro,Faltante,Vegetación,Sin restricción
2020,1425,2020-02-24,Lunes,,,0.0,2,"Moto/Ciclomotor,Automóvil", ,2,1,0,0,1,0,0,"-31.44537014297824, -60.92993670564",S/D,,ESPERANZA,Las Colonias,S/D,S/D,XI,S/D,S/D,S/D,S/D,S/D,S/D,S/D,S/D,S/D,S/D,S/D,Colisión,S/D,S/D,S/D,S/D
2020,1426,2020-02-24,Lunes,,,0.0,2,"Moto/Ciclomotor,Automóvil",Boulevard Villada Y Presidente General Julio Argen,4,1,0,0,3,0,0,"-33.037260999751,-61.166934506068",Avenida,,CASILDA,Caseros,Asfalto,No existe,IV,Dentro,Urbana,Ninguna,No existe,Intersección,Bueno,Buena,S/D,Buen Tiempo,Lateral,S/D,Colisión,Ninguna,Faltante,"Cordón divisorio,Vegetación",Sin restricción
2020,1427,2020-04-17,Viernes,22:00:00,Ruta Provincial 2,298.0,1,Vehículo Oficial, ,3,1,0,0,2,0,0,"-29.67843, -61.6638",Ruta,2,ESTEBAN RAMS,9 de Julio,"Asfalto,Tierra",Natural,XII,Fuera,Rural,Señal Pare,No existe,Intersección,Bueno,Reducida,Nocturna,Buen Tiempo,S/D,S/D,Despiste,Ninguna,Vertical,"Cordón divisorio,Línea divisoria pintada",Sin restricción
2020,1428,2020-04-18,Sabado,17:15:00,,0.0,2,"Automóvil,Moto/Ciclomotor",Ituzaingo Y Genral Lopez,2,1,0,0,1,0,0,"-32.4666, -61.58065",Calle,,LAS ROSAS,Belgrano,Asfalto,No existe,III,Dentro,Urbana,Ninguna,No existe,Intersección,Bueno,Buena,Diurna,Buen Tiempo,De alcance,S/D,Colisión,S/D,Vertical,Ninguna,Sin restricción
2020,1429,2020-04-18,Sabado,20:00:00,,0.0,1,Moto/Ciclomotor,Independencia Y A Belotti,1,1,0,0,0,0,0,"-30.79173, -60.57931",Calle,,SAN JUSTO,San Justo,Tierra,S/D,XVI,S/D,Urbana,Ninguna,S/D,Intersección,Bueno,S/D,Nocturna,S/D,S/D,S/D,Cañda ocupante,Ninguna,Faltante,Ninguna,Sin restricción
2020,1430,2020-02-24,Lunes,,,0.0,1,Automóvil,Av Facundo Zuviria Y Estanislao Zeballos,1,0,1,0,0,0,0,"-31.60364445674,-60.703067333182",Avenida,,SANTA FE,La Capital,Asfalto,No existe,I,Dentro,Urbana,Semáforo,Funciona,Intersección,Bueno,Buena,S/D,Buen Tiempo,Contra objeto fijo,S/D,Colisión,Ninguna,Vertical,"Cordón divisorio,Vegetación",Sin restricción
2020,1431,2020-04-18,Sabado,20:00:00,Ruta Provincial 1,229.0,2,"Moto/Ciclomotor,Bicicleta", ,2,1,1,0,0,0,0,"-29.88274, -59.8198",Ruta,1,ALEJANDRA,San Javier,Asfalto,Natural,XIV,Dentro,Rural,Ninguna,No existe,Recta,Bueno,Reducida,Nocturna,Buen Tiempo,S/D,Ciclista,Atropello,Ninguna,Faltante,Línea divisoria pintada,Sin restricción
2020,1432,2020-02-23,Domingo,17:00:00,Ruta Provincial 10,115.0,1,Moto/Ciclomotor, ,2,1,0,0,1,0,0,"-31.9665187597275,-61.2658274173736",Ruta,10,LÓPEZ,San JERÓNIMO,Asfalto,No existe,XV,Dentro,Urbana,Ninguna,No existe,Recta,Bueno,Buena,Diurna,Buen Tiempo,S/D,S/D,Despiste,Ninguna,Horizontal,Línea divisoria pintada,Sin restricción
2020,1433,2020-04-18,Sabado,10:50:00,,0.0,2,"Automóvil,Moto/Ciclomotor",Alberdi Y Pueyrredon,2,1,0,0,1,0,0,"-30.31682, -61.23379",Calle,,SAN CRISTÓBAL,San CRISTÓBAL,Asfalto,No existe,XIII,Dentro,Urbana,Ninguna,No existe,Intersección,Bueno,Buena,Diurna,Buen Tiempo,Lateral,S/D,Colisión,Ninguna,Faltante,Ninguna,Sin restricción
2020,1434,2020-02-23,Domingo,,,0.0,1,Moto/Ciclomotor,A Lezama Y España,1,0,1,0,0,0,0,"-29.458677388416,-60.20680220507",Calle,,VERA,Vera,Asfalto,No existe,XIX,Dentro,Urbana,S/D,S/D,Intersección,Bueno,Buena,S/D,Buen Tiempo,Contra objeto fijo,S/D,Colisión,Ninguna,S/D,S/D,Sin restricción
2020,1435,2020-04-18,Sabado,01:00:00,,0.0,2,"Peatón,Moto/Ciclomotor",Pje. Hutchinson Y Ameghino,2,1,0,0,0,0,1,"-32.98184, -60.67784",Calle,,ROSARIO,Rosario,Asfalto,No existe,II,S/D,Urbana,Ninguna,No existe,Recta,Bueno,Reducida,"Nocturna,Con luz artificial",Buen Tiempo,S/D,Peatón,Atropello,S/D,Faltante,Ninguna,Sin restricción
2020,1436,2020-04-18,Sabado,17:20:00,,0.0,2,"Automóvil,Moto/Ciclomotor",H. Buchanan Y A. Maza,2,1,0,0,1,0,0,"-32.88114, -60.69042",Calle,,ROSARIO,Rosario,Asfalto,No existe,II,S/D,Urbana,Ninguna,No existe,Intersección,Bueno,Buena,Diurna,Buen Tiempo,Lateral,S/D,Colisión,Ninguna,Faltante,Ninguna,Sin restricción
2020,1437,2020-04-18,Sabado,09:20:00,,0.0,2,"Automóvil,Bicicleta",Rivadavia Y San Carlos,2,1,0,0,1,0,0,"-32.7506, -60.73247",Calle,,SAN LORENZO,San Lorenzo,S/D,S/D,XVII,S/D,Urbana,S/D,S/D,Intersección,S/D,S/D,Diurna,S/D,S/D,Ciclista,Atropello,S/D,S/D,S/D,S/D
2020,1438,2020-02-23,Domingo,,,0.0,1,Moto/Ciclomotor, ,1,0,1,0,0,0,0,"-31.398754119873047,-61.10260963439",S/D,,HUMBOLDT,Las Colonias,S/D,S/D,XI,Dentro,Rural,S/D,S/D,S/D,S/D,S/D,S/D,S/D,Atropello animal,S/D,Colisión,S/D,S/D,S/D,S/D
2020,1439,2020-02-23,Domingo,,,0.0,2,"Automóvil,Otros",Mitre Y Urquiza,4,1,0,0,2,0,1,"-33.664537884466,-61.455042130258",Calle,,MELINCUÉ,General LÓPEZ,S/D,S/D,VIII,Dentro,Urbana,S/D,S/D,Intersección,S/D,S/D,S/D,S/D,Otro,S/D,Colisión,S/D,S/D,S/D,S/D
2020,1442,2020-01-17,Viernes,,,0.0,2,"Automóvil,Moto/Ciclomotor",Tarragona Y Pje. Cabanellas,2,0,0,0,1,1,0,"-32.932614, -60.734360",Calle,,ROSARIO,Rosario,Asfalto,No existe,II,Dentro,Urbana,Ninguna,No existe,Intersección,Bueno,S/D,S/D,S/D,S/D,S/D,Colisión,Ninguna,Faltante,Ninguna,Sin restricción
2020,1443,2020-02-23,Domingo,,,0.0,2,"Automóvil,Moto/Ciclomotor",Antonio Podio Y Chacabuco,4,3,0,0,1,0,0,"-31.251291, -61.512289",Avenida,,RAFAELA,Castellanos,Asfalto,No existe,V,Dentro,Urbana,S/D,No existe,Intersección,Bueno,S/D,S/D,S/D,Lateral,S/D,Colisión,Ninguna,Faltante,"Cordón divisorio,Vegetación",S/D
2020,1444,2020-02-22,Sabado,07:20:00,,0.0,1,Moto/Ciclomotor,Belgrano 1500,1,1,0,0,0,0,0,"-32.364786, -61.340927",Avenida,,SAN GENARO,San JERÓNIMO,Asfalto,No existe,XV,Dentro,Urbana,Ninguna,No existe,Recta,Bueno,S/D,Amanecer,S/D,Contra objeto fijo,S/D,Colisión,Ninguna,Faltante,Ninguna,Sin restricción
2020,1445,2020-02-21,Viernes,11:40:00,,0.0,2,"Automóvil,Moto/Ciclomotor",Dorrego Y Eva Peron,2,1,0,0,1,0,0,"-31.895960, -61.855162",Calle,,SAN JORGE,San MARTÍN,Asfalto,No existe,XVIII,Dentro,Urbana,S/D,No existe,Intersección,Bueno,S/D,Diurna,S/D,Lateral,S/D,Colisión,Ninguna,Vertical,Ninguna,S/D
2020,1446,2020-02-21,Viernes,07:10:00,,0.0,2,"Moto/Ciclomotor,Automóvil",Estanislao Lopez Y Urquiza,2,1,0,0,1,0,0,"-32.051544, -61.601966",Calle,,CAÑADA ROSQUÍN,San MARTÍN,Asfalto,No existe,XVIII,Dentro,Urbana,Ninguna,No existe,Intersección,Bueno,Buena,Amanecer,Buen Tiempo,Lateral,S/D,Colisión,Ninguna,Faltante,Ninguna,Sin restricción
2020,1447,2020-02-21,Viernes,,,0.0,1,Pickup/Utilitario,Boulevard America Y Boulevard Ovidio Lagos,2,0,0,0,1,1,0,"-33.030850, -61.175017",Avenida,,CASILDA,Caseros,Ripio,No existe,IV,Dentro,Urbana,Ninguna,No existe,Recta,Bueno,S/D,S/D,S/D,S/D,S/D,S/D,S/D,Faltante,Ninguna,S/D
2020,1448,2020-02-20,Jueves,,,0.0,2,"Moto/Ciclomotor,Pickup/Utilitario",Juan De Garay Y Rivadavia bis,2,1,0,0,1,0,0,"-29.890094, -60.280572",Calle,,CALCHAQUÍ,Vera,Asfalto,S/D,XIX,Dentro,Urbana,S/D,S/D,Intersección,S/D,S/D,S/D,S/D,Lateral,S/D,Colisión,S/D,S/D,S/D,S/D
2020,1449,2020-02-20,Jueves,08:00:00,,0.0,2,"Moto/Ciclomotor,Moto/Ciclomotor",E Bordabehere Y Santiago del Estero,2,1,0,0,1,0,0,"-31.887745, -61.865181",Calle,,SAN JORGE,San MARTÍN,S/D,S/D,XVIII,Dentro,Urbana,S/D,S/D,Intersección,S/D,S/D,Diurna,S/D,Lateral,S/D,Colisión,S/D,S/D,S/D,S/D
2020,1450,2020-02-20,Jueves,,,0.0,2,"Automóvil,Bicicleta",Pedro Ferre Y 9 de Julio,2,1,0,0,1,0,0,"-31.625903, -60.703202",Calle,,SANTA FE,La Capital,Asfalto,No existe,I,Dentro,Urbana,S/D,No existe,Intersección,Bueno,S/D,S/D,S/D,S/D,Ciclista,Atropello,Ninguna,Faltante,S/D,Sin restricción
2020,1451,2020-02-19,Miercoles,,,0.0,2,"Moto/Ciclomotor,Automóvil",Gutenberg Y San Lorenzo,2,1,0,0,1,0,0,"-32.935356, -60.686721",Calle,,ROSARIO,Rosario,Asfalto,No existe,II,Dentro,Urbana,Ninguna,No existe,Intersección,Bueno,S/D,S/D,S/D,Lateral,S/D,Colisión,Ninguna,Faltante,Ninguna,Sin restricción
2020,1452,2020-02-19,Miercoles,,,0.0,2,"Automóvil,Moto/Ciclomotor", ,3,2,0,0,1,0,0,"-33.044973, -61.164967",S/D,,CASILDA,Caseros,S/D,S/D,IV,S/D,S/D,S/D,S/D,S/D,S/D,S/D,S/D,S/D,S/D,S/D,Colisión,S/D,S/D,S/D,S/D
2020,1453,2020-04-12,Domingo,21:45:00,,0.0,2,"Otros,Automóvil",San Juan Y Pueyrredon,2,1,0,0,1,0,0,"-32.94672, -60.65833",Calle,,ROSARIO,Rosario,Asfalto,S/D,II,S/D,Urbana,S/D,S/D,Intersección,S/D,S/D,S/D,S/D,S/D,S/D,Colisión,S/D,S/D,S/D,S/D