anio_acci,nro_acci,fecha,desc_dia,hora_aprox,desc_ruta,km,cant_participantes,desc_participante,calle_avenida_km,total,heridos_leves,heridos_graves,heridos_gravisimos,ilesos,fallecidos,sin_datos,posicion_XY,desc_tipo_via,desc_ruta_ori,desc_loc,desc_dpto,desc_tipo_calzada,desc_tipo_banquina,desc_unidad_regional,desc_lugar_calzada,desc_zona,desc_prioridad,desc_estado_semaforo,desc_lugar_via,desc_estado_via,desc_estado_visibilidad,desc_luminosidad,desc_estado_clima,desc_tipo_colision,desc_tipo_atropello,desc_tipo_hecho,desc_pres_calzada,desc_senializacion,desc_separacion_via,desc_restriccion
2020,1520,2020-02-15,Sabado,19:25:00,,0.0,1,Moto/Ciclomotor,ALFONSINA STORNI  Y AV ANGEL IGORBONE ,2,1,0,0,1,0,0,"-32.364130, -61.362671",Avenida,,SAN GENARO,San JERÓNIMO,"Asfalto,Ripio",No existe,XVII,Dentro,Urbana,Ninguna,No existe,Recta,Bueno,Buena,Atardecer,S/D,S/D,S/D,Cañda ocupante,Ninguna,Faltante,Ninguna,Sin restricción
2020,1521,2020-02-09,Domingo,,,0.0,1,Moto/Ciclomotor,Cristobal Colon Y Zavalia,1,1,0,0,0,0,0,"-31.669034701985,-60.726810537557",Calle,,SANTA FE,La Capital,Asfalto,No existe,I,Dentro,Urbana,Ninguna,No existe,Intersección,Bueno,Buena,Diurna,Buen Tiempo,S/D,S/D,Despiste,Ninguna,Faltante,Ninguna,Sin restricción
2020,1522,2020-02-15,Sabado,21:25:00,,0.0,2,"Moto/Ciclomotor,Automóvil",JUAN LAZARTE  Y PELLEGRINI ,2,1,0,0,1,0,0,"-32.372017, -61.360940",Calle,,SAN GENARO,San JERÓNIMO,Asfalto,No existe,XVII,Dentro,Urbana,Ninguna,No existe,Intersección,Bueno,Buena,"Nocturna,Con luz artificial",S/D,Lateral,S/D,Colisión,Ninguna,Faltante,Ninguna,Sin restricción
2020,1523,2020-02-09,Domingo,,,0.0,2,"Pickup/Utilitario,Moto/Ciclomotor",Boulevard Lisandro de la Torre Y General Bartolome Mitre,2,1,0,0,1,0,0,"-33.046752960907,-61.168574481083",Avenida,,CASILDA,Caseros,Asfalto,No existe,IV,Dentro,Urbana,Paso Peatonal,No existe,Intersección,S/D,S/D,S/D,S/D,S/D,S/D,Colisión,S/D,Horizontal,Cordón divisorio,S/D
2020,1524,2020-02-08,Sabado,,Ruta Nacional 34,0.0,2,"Moto/Ciclomotor,Pickup/Utilitario",M. BRUNO Y RUTA NACIONAL 34,3,0,1,0,2,0,0,"-31.27691611647606,-61.511555984616",Ruta,34,RAFAELA,Castellanos,Asfalto,No existe,V,Dentro,Urbana,Semáforo,Funciona,Intersección,S/D,S/D,S/D,S/D,S/D,S/D,Colisión,S/D,"Horizontal,Vertical",Cordón divisorio,S/D
2020,1525,2020-02-03,Lunes,23:25:00,Ruta Secundaria 40-s,0.0,1,Moto/Ciclomotor, ,1,0,1,0,0,0,0,"-29.05732512474057,-60.430850386619",Ruta,40-s,FORTÍN OLMOS,Vera,Asfalto,S/D,XIX,Dentro,Rural,S/D,S/D,Recta,S/D,S/D,Nocturna,S/D,Atropello animal,S/D,Colisión,S/D,S/D,S/D,S/D
2020,1526,2020-01-31,Viernes,16:00:00,,0.0,2,"Moto/Ciclomotor,Pickup/Utilitario",Mendoza Y Presidente Bernardino Rivadavi,2,1,0,0,1,0,0,"-33.04525792541,-61.156308088969",Calle,,CASILDA,Caseros,Asfalto,No existe,IV,Dentro,Urbana,Ninguna,No existe,Intersección,S/D,S/D,Diurna,S/D,Lateral,S/D,Colisión,S/D,Faltante,Ninguna,S/D
2020,1527,2020-02-09,Domingo,01:10:00,,0.0,2,"Moto/Ciclomotor,Automóvil",Alberdi Juan Bautista Y Falucho,2,0,1,0,1,0,0,"-33.751025315769,-61.957065881766",Avenida,,VENADO TUERTO,General LÓPEZ,Asfalto,No existe,VIII,Dentro,Urbana,Ninguna,No existe,Intersección,S/D,S/D,Nocturna,S/D,S/D,S/D,Colisión,S/D,Faltante,Ninguna,S/D
2020,1528,2020-02-10,Lunes,00:10:00,,0.0,1,Moto/Ciclomotor,Chaco 1325,1,0,1,0,0,0,0,"-33.733271928743,-61.956029318507",Calle,,VENADO TUERTO,General LÓPEZ,S/D,No existe,VIII,Dentro,Urbana,S/D,S/D,Recta,S/D,S/D,Nocturna,S/D,S/D,S/D,Cañda ocupante,S/D,S/D,S/D,S/D
2020,1529,2020-02-10,Lunes,19:20:00,Ruta Nacional 11,0.0,1,Moto/Ciclomotor,Mariano Moreno Y Ruta Nacional 11,2,1,1,0,0,0,0,"-31.86888994585,-60.88696342678",Ruta,11,DESVÍO ARIJÓN,San JERÓNIMO,Asfalto,Ripio,XV,Dentro,Urbana,Señal Pare,No existe,Intersección,Bueno,Buena,Diurna,Buen Tiempo,S/D,S/D,Cañda ocupante,Ninguna,"Horizontal,Vertical",Línea divisoria pintada,Sin restricción
2020,1530,2020-04-19,Domingo,16:55:00,,0.0,2,"Moto/Ciclomotor,Automóvil",San Martin Y Marcos Avellaneda,2,1,0,0,1,0,0,"-31.45402, -60.93191",Calle,,ESPERANZA,Las Colonias,Asfalto,Pavimento,XI,S/D,Urbana,Ninguna,No existe,Intersección,Bueno,Buena,Diurna,Buen Tiempo,Lateral,S/D,Colisión,Ninguna,S/D,Ninguna,Sin restricción
2020,1531,2020-02-11,Martes,10:45:00,,0.0,1,Moto/Ciclomotor,Av. Provincias Unidas Y Mendoza,1,1,0,0,0,0,0,"-32.940500353264,-60.712697077962",Avenida,,ROSARIO,Rosario,Asfalto,No existe,II,Dentro,Urbana,Semáforo,Funciona,Rotonda,Bueno,Buena,Diurna,Buen Tiempo,S/D,S/D,Cañda ocupante,Otro,"Horizontal,Vertical","Cordón divisorio,Vegetación,Línea divisoria pintada",Sin restricción
2020,1532,2020-02-15,Sabado,19:00:00,,0.0,2,"Automóvil,Moto/Ciclomotor",Gral Lamadrid Y Hipolito Irigoyen,3,2,0,0,1,0,0,"-31.89883053302765,-61.851895451545",Calle,,SAN JORGE,San MARTÍN,Asfalto,No existe,XVIII,Dentro,Urbana,Otra Señal,No existe,Intersección,S/D,S/D,Diurna,S/D,S/D,S/D,Colisión,S/D,Vertical,Ninguna,S/D
2020,1533,2020-04-19,Domingo,15:45:00,,0.0,2,"Pickup/Utilitario,Moto/Ciclomotor",C Murrieta Y Gonzalez,2,0,1,0,1,0,0,"-30.315906107425704,-61.22539043426",Calle,,SAN CRISTÓBAL,San CRISTÓBAL,S/D,No existe,XIII,Dentro,Urbana,Ninguna,No existe,Intersección,Resbaladiza,Buena,Diurna,Buen Tiempo,Lateral,S/D,Colisión,Material Suelto,Faltante,Ninguna,Sin restricción
2020,1534,2020-02-11,Martes,12:40:00,,0.0,2,"Bicicleta,Automóvil",Avda 25 de Mayo Y Sarmiento,2,1,0,0,1,0,0,"-32.029439033704,-61.221014864647",Avenida,,GÁLVEZ,San JERÓNIMO,Asfalto,No existe,XV,Dentro,Urbana,Ninguna,No existe,Intersección,Bueno,Buena,Diurna,Buen Tiempo,S/D,Ciclista,Atropello,Ninguna,Faltante,"Cordón divisorio,Vegetación",Sin restricción
2020,1536,2020-02-11,Martes,20:05:00,,0.0,2,"Automóvil,Moto/Ciclomotor",SANTA ROSA Y SANTIAGO DEL ESTERO,2,1,0,0,1,0,0,"-32.371472287851,-61.087112520194",Calle,,ESTACIÓN DÍAZ,San JERÓNIMO,Hormigón,No existe,XV,Dentro,Urbana,Ninguna,No existe,Intersección,Bueno,Buena,Diurna,Buen Tiempo,S/D,S/D,Colisión,Ninguna,Faltante,Ninguna,Sin restricción
2020,1537,2020-04-19,Domingo,20:20:00,,0.0,2,"Moto/Ciclomotor,Moto/Ciclomotor",Bv. 27 De Febrero Y Constitucion,2,0,1,0,0,0,1,"-32.96119, -60.67903",Calle,,ROSARIO,Rosario,Asfalto,S/D,II,S/D,Urbana,Policía de tránsito,S/D,Intersección,S/D,Buena,Nocturna,S/D,S/D,S/D,Colisión,S/D,Faltante,Barrera de hormigón,Sin restricción
2020,1538,2020-04-20,Lunes,13:05:00,,0.0,2,"Automóvil,Automóvil",Pte.Roca Y Garay,4,2,0,0,2,0,0,"-32.97326, -60.65218",Calle,,ROSARIO,Rosario,Asfalto,No existe,II,Dentro,Urbana,Ninguna,No existe,Intersección,Bueno,Buena,Diurna,Buen Tiempo,Lateral,S/D,Colisión,Ninguna,Faltante,Ninguna,Sin restricción
2020,1539,2020-02-12,Miercoles,02:35:00,,0.0,2,"Automóvil,Moto/Ciclomotor",Jose de San Martin Y Rivadavia,2,1,0,0,1,0,0,"-31.973817509086,-60.917963092364",Calle,,CORONDA,San JERÓNIMO,Asfalto,No existe,XV,Dentro,Urbana,Ninguna,No existe,Intersección,Bueno,Buena,Diurna,Buen Tiempo,S/D,S/D,Colisión,Ninguna,Faltante,Ninguna,Sin restricción
2020,1540,2020-02-13,Jueves,,,0.0,2,"Pickup/Utilitario,Bicicleta", ,2,1,0,0,1,0,0,"-33.04562717037074,-61.163331477170",S/D,,CASILDA,Caseros,S/D,S/D,IV,S/D,S/D,S/D,S/D,S/D,S/D,S/D,S/D,S/D,S/D,Ciclista,Atropello,S/D,S/D,S/D,S/D
2020,1541,2020-02-15,Sabado,02:00:00,,0.0,1,Moto/Ciclomotor,Avenida Sarmiento ,1,0,1,0,0,0,0,"-32.229341, -60.973355",Avenida,,BARRANCAS,San JERÓNIMO,S/D,S/D,XV,Dentro,Urbana,S/D,S/D,Recta,S/D,S/D,Nocturna,S/D,S/D,S/D,Cañda ocupante,S/D,S/D,S/D,S/D
2020,1542,2020-02-13,Jueves,07:30:00,Autopista Nacional Rosario -Cordoba,313.0,1,Pickup/Utilitario, ,1,1,0,0,0,0,0,"-32.920817, -60.921291",Autopista,Rosario -Cordoba,ROLDÁN,San Lorenzo,Asfalto,Natural,XVII,Fuera,Rural,Ninguna,No existe,Recta,S/D,Buena,Diurna,Buen Tiempo,S/D,S/D,Vuelco,S/D,Faltante,"Guardarrail,Línea divisoria pintada",Sin restricción
2020,1543,2020-04-20,Lunes,17:15:00,,0.0,1,Moto/Ciclomotor,R Gonzales 3032,1,1,0,0,0,0,0,"-30.79663, -60.59503",Calle,,SAN JUSTO,San Justo,Asfalto,Pavimento,XVI,Dentro,Urbana,Ninguna,No existe,Recta,Bueno,Buena,Atardecer,Buen Tiempo,Contra objeto fijo,S/D,Colisión,S/D,Faltante,Ninguna,Sin restricción
2020,1544,2020-02-14,Viernes,,,0.0,1,Moto/Ciclomotor,Av. Sorrento Y Casiano Casas,1,1,0,0,0,0,0,"-32.907352721218,-60.695685281608",Avenida,,ROSARIO,Rosario,Asfalto,No existe,II,Dentro,Urbana,Semáforo,Funciona,Intersección,Bueno,Buena,Diurna,Buen Tiempo,S/D,S/D,Cañda ocupante,Ninguna,"Horizontal,Vertical","Cordón divisorio,Línea divisoria pintada",Sin restricción
2020,1545,2020-02-14,Viernes,,,0.0,2,"Moto/Ciclomotor,Automóvil",Centenario Y Obispo Gelabert,2,1,0,0,1,0,0,"-31.663723, -60.760297",Calle,,SANTO TOMÉ,La Capital,Asfalto,No existe,I,Dentro,Urbana,Ninguna,No existe,Intersección,Bueno,S/D,S/D,S/D,Lateral,S/D,Colisión,Ninguna,Faltante,Ninguna,Sin restricción
2020,1547,2020-04-21,Martes,06:50:00,Autopista Provincial Brigadier E.LÓPEZ,15.0,2,"Camión Chasis,Moto/Ciclomotor", ,2,1,0,0,1,0,0,"-32.75564, -60.75593",Autopista,Brigadier E.LÓPEZ,SAN LORENZO,San Lorenzo,S/D,S/D,XVII,S/D,Rural,S/D,S/D,Intersección,S/D,S/D,Amanecer,S/D,S/D,S/D,Colisión,S/D,S/D,S/D,S/D
2020,1548,2020-02-15,Sabado,,,0.0,2,"Automóvil,Moto/Ciclomotor",25 de Mayo Y Alberdi J B,3,2,0,0,1,0,0,"-30.944528823902,-61.563117226904",Calle,,SUNCHALES,Castellanos,Asfalto,No existe,V,Dentro,Urbana,Ninguna,No existe,Intersección,S/D,S/D,S/D,S/D,S/D,S/D,Colisión,S/D,Faltante,Ninguna,S/D
2020,1549,2020-02-14,Viernes,20:30:00,,0.0,2,"Moto/Ciclomotor,Automóvil",Bme Mitre 269,2,1,0,0,1,0,0,"-32.032071, -61.217150",Calle,,GÁLVEZ,San JERÓNIMO,Asfalto,No existe,XVII,Dentro,Urbana,Ninguna,No existe,Recta,Bueno,Buena,"Nocturna,Con luz artificial",Buen Tiempo,De alcance,S/D,Colisión,Ninguna,Faltante,Ninguna,Sin restricción
2020,1550,2020-04-21,Martes,19:45:00,,0.0,1,Moto/Ciclomotor,Av Los Talas Y El Zorzal,2,2,0,0,0,0,0,"-32.97466, -60.74045",Avenida,,PEREZ,Rosario,Asfalto,No existe,II,S/D,Urbana,Ninguna,No existe,Intersección,Deteriorada,Buena,Nocturna,Buen Tiempo,Otro,S/D,Cañda ocupante,Ninguna,Faltante,Ninguna,Sin restricción
2020,1551,2020-02-26,Miercoles,12:10:00,,0.0,1,Moto/Ciclomotor,Av Roque Saenz Pe�a Y Reconquista,1,1,0,0,0,0,0,"-31.252799247092,-61.476742293868",Avenida,,RAFAELA,Castellanos,Asfalto,No existe,V,Dentro,Urbana,Marca Vial,No existe,Intersección,S/D,S/D,Diurna,S/D,Contra objeto fijo,S/D,Colisión,S/D,Horizontal,Línea divisoria pintada,S/D
2020,1552,2020-04-21,Martes,09:30:00,,0.0,2,"Moto/Ciclomotor,Automóvil",Avenida 17 1189,2,0,1,0,1,0,0,"-32.68396, -61.52647",Avenida,,LAS PAREJAS,Belgrano,Asfalto,No existe,III,Dentro,Urbana,Ninguna,No existe,Recta,Deteriorada,Buena,Diurna,Buen Tiempo,Lateral,S/D,Colisión,Ninguna,Vertical,Ninguna,Sin restricción
2020,1553,2020-02-01,Sabado,11:40:00,Ruta Provincial Brigadier E.LÓPEZ,143.0,2,"Automóvil,Camión c / Acoplado", ,4,2,0,0,2,0,0,"-31.775198, -60.850183",Ruta,Brigadier E.LÓPEZ,SANTA FE,La Capital,Asfalto,Natural,I,Dentro,Rural,Ninguna,No existe,Recta,Bueno,Buena,Diurna,S/D,De alcance,S/D,Colisión,Ninguna,Faltante,Línea divisoria pintada,Sin restricción
2020,1554,2020-02-10,Lunes,08:25:00,Autopista Nacional A007,12.0,1,Moto/Ciclomotor, ,1,1,0,0,0,0,0,"-31.624033693224195,-60.72920523583",Autopista,A007,SANTA FE,La Capital,Asfalto,Ripio,I,Dentro,Urbana,Ninguna,No existe,Recta,Bueno,Buena,Diurna,Buen Tiempo,S/D,S/D,Despiste,Ninguna,Horizontal,"Guardarrail,Cordón divisorio,Línea divisoria pintada",Sin restricción
2020,1555,2020-02-24,Lunes,,Ruta Nacional 34,248.0,2,"Camión Chasis,Automóvil", ,3,1,1,0,1,0,0,"-31.022793, -61.457874",Ruta,34,ATALIVA,Castellanos,Asfalto,Natural,V,Dentro,Rural,Marca Vial,No existe,Recta,S/D,S/D,S/D,S/D,S/D,S/D,Colisión,S/D,Horizontal,Línea divisoria pintada,S/D
2020,1556,2020-02-08,Sabado,23:00:00,Autopista Nacional A008,7.0,1,Automóvil, ,1,1,0,0,0,0,0,"-32.922513, -60.723594",Autopista,A008,ROSARIO,Rosario,Asfalto,Pavimento,II,Dentro,Urbana,Ninguna,No existe,Recta,Bueno,Buena,"Nocturna,Con luz artificial",Buen Tiempo,S/D,S/D,Despiste,Ninguna,Horizontal,"Guardarrail,Línea divisoria pintada",Sin restricción
2020,1557,2020-02-10,Lunes,,Autopista Nacional A009,284.0,2,"Pickup/Utilitario,Automóvil", ,6,0,1,0,5,0,0,"-32.94925332069399,-60.726703405380",Autopista,A009,ROSARIO,Rosario,Asfalto,No existe,II,Dentro,Urbana,Ninguna,No existe,Recta,Bueno,Buena,S/D,Buen Tiempo,De alcance,S/D,Colisión,Ninguna,Horizontal,"Guardarrail,Cordón divisorio,Línea divisoria pintada",Sin restricción
2020,1558,2020-02-23,Domingo,,Autopista Provincial Brigadier E.LÓPEZ,1.5,1,Automóvil, ,1,1,0,0,0,0,0,"-32.87264, -60.71884",Autopista,Brigadier E.LÓPEZ,ROSARIO,Rosario,Asfalto,Natural,II,Dentro,Urbana,Marca Vial,No existe,Recta,S/D,S/D,Diurna,S/D,S/D,S/D,Despiste,S/D,Horizontal,Vegetación,S/D
2020,1559,2020-04-21,Martes,11:20:00,,0.0,2,"Moto/Ciclomotor,Moto/Ciclomotor",Calle 19-Habegger Y Calle 2-Constituyentes,2,2,0,0,0,0,0,"-29.14741, -59.63651",Calle,,RECONQUISTA,General Obligado,Asfalto,No existe,IX,Dentro,Urbana,Ninguna,No existe,Intersección,Con baches,Buena,Diurna,Buen Tiempo,S/D,S/D,Colisión,Ninguna,Faltante,Ninguna,Sin restricción
2020,1560,2020-02-12,Miercoles,18:15:00,Autopista Nacional A007,0.0,1,Automóvil,Av Circunvalaci�n Y Mendoza,3,1,0,0,2,0,0,"-31.641678989976,-60.740670680505",Autopista,A007,SANTA FE,La Capital,Asfalto,No existe,I,Dentro,Urbana,Ninguna,No existe,Intersección,Bueno,Buena,Diurna,Buen Tiempo,S/D,S/D,Despiste,Ninguna,Horizontal,"Cordón divisorio,Línea divisoria pintada",Sin restricción
2020,1561,2020-02-21,Viernes,20:40:00,Autopista Provincial Brigadier E.LÓPEZ,17.0,1,Automóvil, ,1,1,0,0,0,0,0,"-32.73869, -60.763",Autopista,Brigadier E.LÓPEZ,SAN LORENZO,San Lorenzo,Asfalto,No existe,II,Fuera,Rural,Marca Vial,No existe,Recta,S/D,S/D,Nocturna,S/D,S/D,S/D,Despiste,S/D,Horizontal,Vegetación,S/D
2020,1562,2020-02-12,Miercoles,11:50:00,Autopista Nacional A007,17.1,2,"Camión c / Acoplado,Automóvil", ,2,1,0,0,1,0,0,"-31.592656373977682,-60.74999570846",Autopista,A007,SANTA FE,La Capital,Asfalto,Ripio,I,Dentro,Urbana,Ninguna,No existe,Intersección,Bueno,Buena,Diurna,Buen Tiempo,S/D,S/D,Colisión,Ninguna,Horizontal,"Guardarrail,Línea divisoria pintada",Sin restricción
2020,1563,2020-04-21,Martes,18:00:00,Ruta Nacional 11,254.0,1,Moto/Ciclomotor, ,1,0,1,0,0,0,0,"-30.77881, -60.59282",Ruta,11,SAN JUSTO,San Justo,Asfalto,Natural,XVI,Dentro,Urbana,Semáforo,Funciona,Intersección,Bueno,Reducida,"Atardecer,Con luz artificial",Buen Tiempo,Otro,S/D,Vuelco,Ninguna,Vertical,Línea divisoria pintada,Sin restricción
2020,1564,2020-04-21,Martes,12:50:00,,0.0,2,"Moto/Ciclomotor,Automóvil",9 de Julio Y Fco Angeloni,2,0,1,0,1,0,0,"-30.7894, -60.58803",Calle,,SAN JUSTO,San Justo,Asfalto,No existe,XVI,Dentro,Urbana,Ninguna,No existe,Intersección,Deteriorada,Buena,Diurna,Buen Tiempo,Lateral,S/D,Colisión,Ninguna,Faltante,Ninguna,Sin restricción
2020,1565,2020-02-14,Viernes,19:20:00,Ruta Provincial 1,35.0,1,Automóvil, ,1,0,1,0,0,0,0,"-31.470553, -60.407371",Ruta,1,SANTA ROSA DE CALCHINES,Garay,Asfalto,No existe,VII,Fuera,Rural,Ninguna,No existe,Recta,Bueno,Buena,Atardecer,Buen Tiempo,Contra objeto fijo,S/D,Colisión,Ninguna,Faltante,Línea divisoria pintada,Sin restricción
2020,1566,2020-02-17,Lunes,20:40:00,Autopista Nacional A008,3.0,1,Camión c / Semirremolque, ,1,1,0,0,0,0,0,"-32.89693, -60.72206",Autopista,A008,ROSARIO,Rosario,Asfalto,No existe,II,Dentro,Urbana,Marca Vial,No existe,Recta,S/D,S/D,Nocturna,S/D,S/D,S/D,Despiste,S/D,Horizontal,Barrera de alto impacto,S/D
2020,1567,2020-05-09,Sabado,00:30:00,,0.0,1,Moto/Ciclomotor,Av Freyre Y Bv Pellegrini,1,1,0,0,0,0,0,"-31.63313, -60.715",Avenida,,SANTA FE,La Capital,Hormigón,No existe,I,S/D,Urbana,Ninguna,Funciona,Intersección,Bueno,Reducida,Nocturna,Buen Tiempo,S/D,S/D,Cañda ocupante,Ninguna,Vertical,Cordón divisorio,Sin restricción
2020,1568,2020-05-08,Viernes,20:30:00,,0.0,2,"Moto/Ciclomotor,Automóvil",San Lorenzo Y Juan de Garay,2,1,0,0,1,0,0,"-31.65066, -60.71864",Calle,,SANTA FE,La Capital,Asfalto,No existe,I,S/D,Urbana,Ninguna,No existe,Intersección,Bueno,Buena,Nocturna,Buen Tiempo,Lateral,S/D,Colisión,Ninguna,Faltante,Ninguna,Sin restricción
2020,1569,2020-05-10,Domingo,18:45:00,,0.0,2,"Moto/Ciclomotor,Peatón",Av Facundo Zuviria Y Vieytes,2,2,0,0,0,0,0,"-31.60103, -60.70158",Avenida,,SANTA FE,La Capital,Asfalto,No existe,I,S/D,Urbana,Ninguna,No existe,Intersección,Bueno,S/D,Atardecer,Buen Tiempo,S/D,Peatón,Atropello,Ninguna,S/D,Ninguna,Sin restricción
2020,1570,2020-01-31,Viernes,,,0.0,2,"Automóvil,Pickup/Utilitario",Ituzaingo Y Pte.Roca,3,1,0,0,2,0,0,"    -32.95952, -60.64872",Calle,,ROSARIO,Rosario,Asfalto,S/D,II,Dentro,Urbana,S/D,S/D,Intersección,S/D,S/D,S/D,S/D,Lateral,S/D,Colisión,S/D,S/D,S/D,S/D
2020,1571,2020-05-12,Martes,19:40:00,,0.0,2,"Moto/Ciclomotor,Automóvil",Pedro Alejandro Vittori Y Agustin Delgado,2,1,0,0,1,0,0,"-31.62117, -60.69787",Calle,,SANTA FE,La Capital,Asfalto,No existe,I,Dentro,Urbana,Ninguna,S/D,Intersección,Bueno,Buena,Diurna,Buen Tiempo,Lateral,S/D,Colisión,Ninguna,S/D,Ninguna,Sin restricción
2020,1572,2020-05-08,Viernes,16:05:00,,0.0,2,"Moto/Ciclomotor,Moto/Ciclomotor",San Jose Y Monse�or Zaspe,4,2,0,0,2,0,0,"-31.65339, -60.72516",Calle,,SANTA FE,La Capital,Asfalto,No existe,I,S/D,Urbana,Ninguna,No existe,Intersección,Otro,Buena,Diurna,Buen Tiempo,Lateral,S/D,Colisión,Ninguna,Faltante,Ninguna,Sin restricción
2020,1573,2020-05-14,Jueves,11:45:00,,0.0,2,"Pickup/Utilitario,Moto/Ciclomotor",Pje Parpal Y San Jeronimo,2,1,0,0,1,0,0,"-31.60954, -60.69711",Calle,,SANTA FE,La Capital,Asfalto,No existe,I,Dentro,Urbana,Ninguna,No existe,Intersección,Bueno,Buena,Diurna,Buen Tiempo,Lateral,S/D,Colisión,Ninguna,S/D,Ninguna,Sin restricción
2020,1574,2020-01-31,Viernes,,,0.0,2,"Pickup/Utilitario,Automóvil",J B Justo Y J D Peron,2,1,0,0,1,0,0,"    -30.94433, -61.55307",Calle,,SUNCHALES,Castellanos,S/D,S/D,V,Dentro,Urbana,S/D,S/D,Intersección,S/D,S/D,S/D,S/D,Lateral,S/D,Colisión,S/D,S/D,S/D,S/D
2020,1575,2020-05-04,Lunes,12:15:00,,0.0,2,"Moto/Ciclomotor,Automóvil",Av Freyre 1700,2,1,0,0,1,0,0,"-31.65405, -60.72064",Calle,,SANTA FE,La Capital,Asfalto,No existe,I,Dentro,Urbana,Ninguna,No existe,Recta,Bueno,Buena,Diurna,Buen Tiempo,De alcance,S/D,Colisión,Ninguna,Faltante,Ninguna,Sin restricción
2020,1576,2020-05-15,Viernes,18:40:00,,0.0,2,"Automóvil,Moto/Ciclomotor",Salta Y Pringles,2,1,0,0,1,0,0,"-30.31065, -61.22807",Calle,,SAN CRISTÓBAL,San CRISTÓBAL,Asfalto,No existe,XIII,Dentro,Urbana,S/D,No existe,Intersección,Bueno,Buena,Nocturna,Buen Tiempo,Lateral,S/D,Colisión,Ninguna,Faltante,Ninguna,Sin restricción
2020,1577,2020-05-02,Sabado,12:30:00,,0.0,2,"Automóvil,Moto/Ciclomotor",Amenabar Y Francia,2,1,0,0,1,0,0,"-31.65785, -60.71819",Calle,,SANTA FE,La Capital,Asfalto,No existe,I,S/D,Urbana,S/D,No existe,Intersección,Otro,Buena,Diurna,Buen Tiempo,Lateral,S/D,Colisión,Ninguna,Faltante,Ninguna,Sin restricción
2020,1578,2020-05-16,Sabado,22:30:00,,0.0,1,Automóvil,Av Gral San Martin Y Independencia,1,1,0,0,0,0,0,"-30.36331, -60.40233",Calle,,GOBERNADOR CRESPO,San Justo,Hormigón,No existe,XVI,S/D,Urbana,Ninguna,No existe,Intersección,Bueno,Buena,Con luz artificial,Buen Tiempo,Otro,S/D,S/D,Ninguna,Vertical,Cordón divisorio,Sin restricción
2020,1579,2020-05-13,Miercoles,20:10:00,Ruta Provincial 18,0.0,1,Automóvil, ,1,1,0,0,0,0,0,"-33.094279073146, -60.701421005261",Ruta,18,PIÑERO,Rosario,Asfalto,Natural,II,S/D,Rural,S/D,No existe,Recta,Bueno,Reducida,Nocturna,S/D,Otro,S/D,Despiste,Ninguna,S/D,S/D,S/D
2020,1580,2020-05-12,Martes,15:00:00,,0.0,2,"Peatón,Pickup/Utilitario",San Lorenzo Y Bernardino Rivadavia,2,1,0,0,0,0,1,"-32.8626, -60.70714",Calle,,GRANADERO BAIGORRIA,Rosario,Asfalto,No existe,II,S/D,Urbana,Ninguna,No existe,Recta,Bueno,Buena,Diurna,Buen Tiempo,S/D,Peatón,Atropello,Ninguna,Faltante,Ninguna,Sin restricción
2020,1581,2020-05-02,Sabado,20:10:00,,0.0,1,Moto/Ciclomotor,San Jose ,2,1,0,0,1,0,0,"-31.65104, -60.72429",Calle,,SANTA FE,La Capital,Asfalto,No existe,I,S/D,Urbana,Ninguna,No existe,Intersección,Bueno,Buena,Nocturna,Buen Tiempo,S/D,S/D,S/D,Ninguna,Faltante,Ninguna,S/D
2020,1582,2020-01-31,Viernes,,,0.0,3,"Taxi/Remis,Moto/Ciclomotor,Moto/Ciclomotor",Reg 12 de Infanteria Y Av Blas Parera,3,1,0,0,2,0,0,"    -31.59183, -60.72426",Avenida,,SANTA FE,La Capital,Asfalto,S/D,I,Dentro,Urbana,S/D,S/D,Intersección,S/D,S/D,Diurna,S/D,Múltiple,S/D,Colisión,S/D,S/D,S/D,S/D
2020,1583,2020-01-31,Viernes,,,0.0,2,"Tren,Automóvil",Luciano Molinas Y Saavedra,3,2,0,0,1,0,0,"    -31.62967, -60.71119",Calle,,SANTA FE,La Capital,S/D,S/D,I,Dentro,Urbana,S/D,No existe,Paso a Nivel FFCC,S/D,S/D,Nocturna,S/D,S/D,S/D,Colisión,S/D,S/D,S/D,S/D
2020,1584,2020-05-12,Martes,07:55:00,Ruta Nacional 9,0.0,2,"Moto/Ciclomotor,Pickup/Utilitario",Moreno Y Ruta Nacional 9,2,1,0,0,1,0,0,"-32.92174, -60.80975",Ruta,9,FUNES,Rosario,Asfalto,Pavimento,II,Dentro,Urbana,Ninguna,No existe,Cruce,Bueno,Buena,Diurna,Buen Tiempo,Otro,S/D,Colisión,Ninguna,Faltante,Ninguna,Sin restricción