anio_acci,nro_acci,fecha,desc_dia,hora_aprox,desc_ruta,km,cant_participantes,desc_participante,calle_avenida_km,total,heridos_leves,heridos_graves,heridos_gravisimos,ilesos,fallecidos,sin_datos,posicion_XY,desc_tipo_via,desc_ruta_ori,desc_loc,desc_dpto,desc_tipo_calzada,desc_tipo_banquina,desc_unidad_regional,desc_lugar_calzada,desc_zona,desc_prioridad,desc_estado_semaforo,desc_lugar_via,desc_estado_via,desc_estado_visibilidad,desc_luminosidad,desc_estado_clima,desc_tipo_colision,desc_tipo_atropello,desc_tipo_hecho,desc_pres_calzada,desc_senializacion,desc_separacion_via,desc_restriccion
2020,1585,2020-05-15,Viernes,18:30:00,Ruta Nacional 9,0.0,3,"Automóvil,Pickup/Utilitario,Pickup/Utilitario",Mitre Y Ruta Nacional 9,4,2,0,0,2,0,0,"-32.92289, -60.80049",Ruta,9,FUNES,Rosario,Asfalto,Ripio,II,Dentro,Urbana,Ninguna,S/D,Recta,Bueno,Buena,S/D,Buen Tiempo,Otro,S/D,Colisión,Ninguna,Faltante,Ninguna,Sin restricción
2020,1586,2020-05-05,Martes,11:00:00,,0.0,2,"Moto/Ciclomotor,Pickup/Utilitario",Mendoza Y 25 de Mayo,2,1,0,0,1,0,0,"-31.64935, -60.70645",S/D,,SANTA FE,La Capital,Asfalto,Pavimento,I,S/D,S/D,Semáforo,Funciona,Intersección,Bueno,Buena,Diurna,Buen Tiempo,Lateral,S/D,Colisión,Ninguna,Faltante,Ninguna,Sin restricción
2020,1587,2020-05-16,Sabado,12:30:00,,0.0,2,"Automóvil,Moto/Ciclomotor",San Martin Y Villarino Bv,2,1,0,0,1,0,0,"-33.02014, -60.8792",Avenida,,ZAVALLA,Rosario,Asfalto,No existe,II,S/D,Urbana,Ninguna,No existe,Recta,Bueno,Buena,Diurna,Buen Tiempo,Contra objeto fijo,S/D,Colisión,Ninguna,Faltante,Ninguna,Sin restricción
2020,1588,2020-05-04,Lunes,09:00:00,,0.0,2,"Bicicleta,Automóvil",San Jeronimo Y Eva Peron,2,1,0,0,1,0,0,"-31.64412, -60.70737",Calle,,SANTA FE,La Capital,Asfalto,Pavimento,I,S/D,Urbana,Ninguna,No existe,Intersección,Bueno,Buena,Diurna,Buen Tiempo,S/D,Ciclista,Atropello,Ninguna,Faltante,Ninguna,Sin restricción
2020,1589,2020-04-24,Viernes,10:00:00,,0.0,2,"Moto/Ciclomotor,Automóvil",Rivadavia Y Enrique Senn,2,1,0,0,1,0,0,"    -31.24818, -61.21137",Calle,,FELICIA,Las Colonias,Asfalto,S/D,XI,Dentro,Urbana,S/D,No existe,Intersección,S/D,S/D,Diurna,S/D,S/D,S/D,Colisión,S/D,S/D,S/D,S/D
2020,1590,2020-05-04,Lunes,06:00:00,,0.0,2,"Moto/Ciclomotor,Pickup/Utilitario",Lisandro de la Torre Y Av Urquiza,2,1,0,0,1,0,0,"-31.65018, -60.71441",Calle,,SANTA FE,La Capital,Asfalto,Pavimento,I,Dentro,Urbana,Semáforo,Funciona,Intersección,Bueno,Buena,"Amanecer,Con luz artificial",Buen Tiempo,Lateral,S/D,Colisión,Ninguna,Faltante,S/D,Accidente Previo
2020,1591,2020-05-13,Miercoles,18:00:00,Ruta Provincial 21,0.0,3,"Automóvil,Automóvil,Pickup/Utilitario",Av Gral San Martin Y J F Kennedy,4,1,0,0,3,0,0,"-33.03044, -60.61951",Ruta,21,VILLA GOBERNADOR GÁLVEZ,Rosario,Asfalto,No existe,II,Dentro,Urbana,Ninguna,No existe,Intersección,Bueno,Buena,"Atardecer,Con luz artificial",Buen Tiempo,"Lateral,Múltiple",S/D,Colisión,Ninguna,Faltante,Ninguna,Sin restricción
2020,1592,2020-05-04,Lunes,12:30:00,,0.0,2,"Moto/Ciclomotor,Automóvil",Av Leandro Alem Y Belgrano,2,1,0,0,1,0,0,"-31.64684, -60.70176",Avenida,,SANTA FE,La Capital,S/D,Pavimento,I,Dentro,Urbana,Semáforo,Funciona,S/D,Bueno,Buena,Diurna,Buen Tiempo,Lateral,S/D,Colisión,S/D,Faltante,Ninguna,Sin restricción
2020,1593,2020-04-24,Viernes,01:30:00,,0.0,2,"Tren,Peatón", ,3,0,0,1,2,0,0,"    -31.75982, -61.32321",S/D,,SANTA CLARA DE BUENA VISTA,Las Colonias,S/D,Natural,XI,S/D,S/D,Ninguna,No existe,Paso a Nivel FFCC,Otro,Buena,Nocturna,Buen Tiempo,S/D,Peatón,Atropello,Ninguna,Faltante,Vegetación,Sin restricción
2020,1594,2020-05-06,Miercoles,09:00:00,,0.0,2,"Automóvil,Moto/Ciclomotor",Mendoza Y Dr Zavalla,3,1,0,0,2,0,0,"-31.64595, -60.72007",Calle,,SANTA FE,La Capital,Asfalto,No existe,I,Dentro,Urbana,Ninguna,No existe,Intersección,Con baches,Buena,Diurna,Buen Tiempo,Lateral,S/D,Colisión,Ninguna,Faltante,Ninguna,Sin restricción
2020,1595,2020-05-15,Viernes,15:00:00,,0.0,2,"Moto/Ciclomotor,Automóvil",Piazza Y Av Juan Domingo Peron,2,1,0,0,1,0,0,"-33.01982, -60.61947",Calle,,VILLA GOBERNADOR GÁLVEZ,Rosario,Asfalto,No existe,II,Dentro,Urbana,Ninguna,No existe,Intersección,Bueno,Buena,Diurna,Buen Tiempo,Lateral,S/D,Colisión,Ninguna,Faltante,Ninguna,Sin restricción
2020,1596,2020-05-11,Lunes,19:25:00,,0.0,2,"Moto/Ciclomotor,Automóvil",Magallanes Y Pellegrini,2,1,0,0,1,0,0,"-33.03159, -60.63564",Calle,,VILLA GOBERNADOR GÁLVEZ,Rosario,Asfalto,Ripio,II,S/D,Urbana,Ninguna,No existe,Intersección,Con baches,Reducida,"Nocturna,Con luz artificial",Otro,S/D,S/D,Colisión,Ninguna,Faltante,Ninguna,Sin restricción
2020,1597,2020-05-06,Miercoles,12:25:00,,0.0,2,"Moto/Ciclomotor,Automóvil",E Lopez Y Mantovani J,2,1,0,0,1,0,0,"-30.78444, -60.59396",Calle,,SAN JUSTO,San Justo,Asfalto,Pavimento,XVI,Dentro,Urbana,S/D,No existe,Intersección,Bueno,Buena,Diurna,Buen Tiempo,Lateral,S/D,Colisión,Ninguna,S/D,Ninguna,Sin restricción
2020,1598,2020-05-15,Viernes,14:25:00,Ruta Secundaria 22-s,0.0,2,"Automóvil,Automóvil",Pellegrini Y 25 de Mayo,2,1,0,0,1,0,0,"-33.0323, -60.65568",Ruta,22-s,VILLA GOBERNADOR GÁLVEZ,Rosario,Tierra,No existe,II,S/D,Urbana,Ninguna,No existe,Intersección,Con baches,Buena,Atardecer,Buen Tiempo,Lateral,S/D,Colisión,Material Suelto,Faltante,Ninguna,Sin restricción
2020,1599,2020-04-23,Jueves,12:00:00,,0.0,2,"Pickup/Utilitario,Moto/Ciclomotor",Luis Pasteur Y General Belgrano,2,1,0,0,1,0,0,"    -30.86617, -60.9711",Calle,,LA PELADA,Las Colonias,Ripio,Natural,XI,S/D,Urbana,Ninguna,No existe,Intersección,Resbaladiza,Buena,Diurna,Buen Tiempo,Lateral,S/D,Colisión,S/D,S/D,Ninguna,Sin restricción
2020,1600,2020-05-03,Domingo,04:45:00,,0.0,1,Automóvil,B Giuliani Y 1ro de setiembre,1,1,0,0,0,0,0,"-30.35799, -60.40811",Avenida,,GOBERNADOR CRESPO,San Justo,Asfalto,No existe,XVI,Fuera,Urbana,S/D,No existe,Intersección,Bueno,Buena,Nocturna,Buen Tiempo,S/D,S/D,Despiste,Ninguna,Vertical,Ninguna,Sin restricción
2020,1601,2020-05-13,Miercoles,18:35:00,,0.0,2,"Moto/Ciclomotor,Automóvil",Las Heras Y J P Lopez,2,1,0,0,1,0,0,"-31.60946, -60.68955",Calle,,SANTA FE,La Capital,Asfalto,No existe,I,S/D,Urbana,Ninguna,No existe,Intersección,Bueno,Reducida,Atardecer,Buen Tiempo,Lateral,S/D,Colisión,Ninguna,S/D,Ninguna,Sin restricción
2020,1602,2020-05-05,Martes,17:20:00,,0.0,2,"Automóvil,Bicicleta",España Y Independencia,2,1,0,0,1,0,0,"-30.36649, -60.40294",Calle,,GOBERNADOR CRESPO,San Justo,Asfalto,No existe,XVI,Dentro,Urbana,Ninguna,No existe,Intersección,Bueno,Buena,Diurna,Buen Tiempo,Lateral,Ciclista,Atropello,Ninguna,Vertical,Ninguna,Sin restricción
2020,1603,2020-05-14,Jueves,14:25:00,,0.0,2,"Moto/Ciclomotor,Pickup/Utilitario",Av Galicia Y Belgrano,2,1,0,0,1,0,0,"-31.60617, -60.68973",Avenida,,SANTA FE,La Capital,Asfalto,No existe,I,S/D,Urbana,Ninguna,No existe,Intersección,Bueno,Buena,Diurna,Buen Tiempo,Lateral,S/D,Colisión,Ninguna,S/D,Ninguna,Sin restricción
2020,1604,2020-04-24,Viernes,,,0.0,2,"Automóvil,Moto/Ciclomotor",G Lehmann Y Nicolas Schneider,2,1,0,0,1,0,0,"    -31.45206, -60.92453",Calle,,ESPERANZA,Las Colonias,Asfalto,Pavimento,XI,Dentro,Urbana,Ninguna,No existe,Intersección,Bueno,Buena,Diurna,Buen Tiempo,Lateral,S/D,Colisión,Ninguna,S/D,Ninguna,Sin restricción
2020,1605,2020-05-05,Martes,11:30:00,,0.0,2,"Moto/Ciclomotor,Pickup/Utilitario",Gdor Cabal Y B de Tucuman,2,1,0,0,1,0,0,"-30.78712, -60.59363",Calle,,SAN JUSTO,San Justo,Asfalto,No existe,XVI,Dentro,Urbana,Ninguna,No existe,Intersección,Bueno,Buena,Diurna,Buen Tiempo,De alcance,S/D,Colisión,Ninguna,Vertical,Ninguna,Sin restricción
2020,1606,2020-05-16,Sabado,04:45:00,,0.0,2,"Moto/Ciclomotor,Moto/Ciclomotor",Corrientes Y San Jose,2,2,0,0,0,0,0,"-31.65103, -60.72428",Calle,,SANTA FE,La Capital,Asfalto,No existe,I,S/D,Urbana,Ninguna,No existe,Intersección,Bueno,Buena,Nocturna,Buen Tiempo,Lateral,S/D,Colisión,Ninguna,Faltante,Ninguna,Sin restricción
2020,1607,2020-05-06,Miercoles,17:00:00,Ruta Nacional 9,0.0,2,"Automóvil,Moto/Ciclomotor",Suipacha ,2,1,0,0,1,0,0,"-32.92062, -60.81594",Ruta,9,FUNES,Rosario,Asfalto,Ripio,II,Dentro,Urbana,Ninguna,No existe,Recta,Bueno,Buena,Diurna,Buen Tiempo,Otro,S/D,Colisión,Ninguna,Faltante,Línea divisoria pintada,Sin restricción
2020,1608,2020-04-28,Martes,16:30:00,Ruta Nacional 34,200.0,2,"Camión c / Acoplado,Camión c / Acoplado", ,2,1,0,0,1,0,0,"    -31.55383, -61.53223",Ruta,34,ANGÉLICA,Castellanos,Asfalto,No existe,V,Fuera,Rural,Ninguna,No existe,Recta,Bueno,Buena,Diurna,Buen Tiempo,Lateral,S/D,Colisión,Ninguna,Vertical,S/D,Accidente Previo
2020,1609,2020-05-11,Lunes,20:00:00,,0.0,2,"Moto/Ciclomotor,Automóvil",Uruguay Y Zavalia,2,2,0,0,0,0,0,"-31.65913, -60.72404",Calle,,SANTA FE,La Capital,S/D,No existe,I,S/D,Urbana,Ninguna,No existe,Intersección,Bueno,Buena,Nocturna,Buen Tiempo,Lateral,S/D,Colisión,Ninguna,Faltante,Ninguna,Sin restricción
2020,1610,2020-05-13,Miercoles,15:00:00,,0.0,2,"Automóvil,Moto/Ciclomotor",1ro de Mayo Y J J Paso,2,1,0,0,1,0,0,"-31.66293, -60.71551",Calle,,SANTA FE,La Capital,S/D,Pavimento,I,S/D,Urbana,Ninguna,S/D,Intersección,Bueno,Buena,Diurna,Buen Tiempo,Lateral,S/D,Colisión,Ninguna,Faltante,Ninguna,Sin restricción
2020,1611,2020-04-29,Miercoles,14:00:00,Ruta Provincial 1,81.0,2,"Automóvil,Moto/Ciclomotor", ,2,1,0,0,1,0,0,"    -31.12926, -60.12421",Ruta,1,CAMPO DEL MEDIO,Garay,Asfalto,Natural,VII,S/D,S/D,Otra Señal,No existe,Recta,Bueno,Buena,Diurna,Buen Tiempo,Otro,S/D,Colisión,Ninguna,S/D,Línea divisoria pintada,Sin restricción
2020,1612,2020-05-07,Jueves,08:45:00,,0.0,2,"Moto/Ciclomotor,Automóvil",Gral Jose de San Martin Y Hipolito Irigoyen,2,1,0,0,1,0,0,"-33.15542, -60.51201",Calle,,ARROYO SECO,Rosario,Asfalto,No existe,II,Dentro,Urbana,Ninguna,No existe,Intersección,Bueno,Buena,Diurna,Buen Tiempo,Lateral,S/D,Colisión,Ninguna,Faltante,Ninguna,Sin restricción
2020,1613,2020-02-01,Sabado,21:03:00,,0.0,2,"Automóvil,Automóvil",Guemes ,4,1,0,0,3,0,0,"-33.734563982858,-61.925696689121",Calle,,VENADO TUERTO,General LÓPEZ,S/D,S/D,VIII,Dentro,Urbana,S/D,S/D,Intersección,S/D,S/D,Nocturna,S/D,S/D,S/D,Colisión,S/D,S/D,S/D,S/D
2020,1614,2020-05-10,Domingo,07:30:00,,0.0,2,"Pickup/Utilitario,Moto/Ciclomotor",4 de Enero Y Eva Peron,2,1,0,0,1,0,0,"-31.64355, -60.71111",Calle,,SANTA FE,La Capital,Asfalto,Pavimento,I,Dentro,Urbana,Ninguna,No existe,Intersección,Bueno,Buena,Diurna,Buen Tiempo,Lateral,S/D,Colisión,Ninguna,Faltante,Ninguna,Sin restricción
2020,1615,2020-01-01,Miercoles,20:20:00,,0.0,1,Moto/Ciclomotor,ALBERDI JUAN BAUTISTA Y AV EVA PERON,3,3,0,0,0,0,0,"-33.748967167317,-61.953274900249",Avenida,,VENADO TUERTO,General LÓPEZ,Asfalto,No existe,VIII,Dentro,Urbana,Ninguna,No existe,Intersección,S/D,S/D,Nocturna,S/D,S/D,S/D,Cañda ocupante,S/D,Faltante,Ninguna,S/D
2020,1616,2020-02-01,Sabado,21:40:00,Ruta Secundaria 40-s,0.0,1,Moto/Ciclomotor, ,2,1,0,0,1,0,0,"-29.152229, -59.680950",Ruta,40-s,RECONQUISTA,General Obligado,S/D,S/D,IX,Dentro,Urbana,S/D,S/D,Recta,S/D,S/D,Nocturna,S/D,Contra objeto fijo,S/D,Colisión,S/D,S/D,S/D,S/D
2020,1617,2020-02-01,Sabado,07:00:00,,0.0,2,"Moto/Ciclomotor,Moto/Ciclomotor", ,3,2,0,0,1,0,0,"-29.34829115867616,-59.969314634799",S/D,,MALABRIGO,General Obligado,S/D,S/D,IX,S/D,S/D,S/D,S/D,S/D,S/D,S/D,Diurna,S/D,S/D,S/D,Colisión,S/D,S/D,S/D,S/D
2020,1618,2020-02-01,Sabado,23:43:00,,0.0,2,"Moto/Ciclomotor,Automóvil",Calle 6 Y Calle 13,2,1,0,0,1,0,0,"-29.118185895267,-59.662543708176",Calle,,AVELLANEDA,General Obligado,S/D,No existe,IX,Dentro,Urbana,S/D,S/D,Intersección,S/D,S/D,Nocturna,S/D,Lateral,S/D,Colisión,S/D,S/D,Ninguna,S/D
2020,1619,2020-02-01,Sabado,18:00:00,Ruta Nacional 9,0.0,1,Moto/Ciclomotor, ,1,0,1,0,0,0,0,"-32.749207, -61.749531",Ruta,9,ARMSTRONG,Belgrano,Asfalto,Pavimento,III,Dentro,Rural,Marca Vial,S/D,Recta,Con baches,S/D,Diurna,S/D,S/D,S/D,Cañda ocupante,S/D,Horizontal,Línea divisoria pintada,S/D
2020,1620,2020-02-01,Sabado,15:00:00,,0.0,2,"Automóvil,Moto/Ciclomotor",Chacabuco 200,2,1,0,0,1,0,0,"-32.82101625039,-61.383562172679",Calle,,CAÑADA DE GÓMEZ,Iriondo,Hormigón,No existe,IX,Dentro,Urbana,Otra Señal,No existe,Intersección,S/D,S/D,Diurna,S/D,Lateral,S/D,Colisión,S/D,Vertical,Ninguna,S/D
2020,1621,2020-02-01,Sabado,,,0.0,2,"Moto/Ciclomotor,Moto/Ciclomotor",G.Carrasco Y Liniers,3,1,1,0,1,0,0,"-32.920601157074,-60.699296526536",Calle,,ROSARIO,Rosario,Asfalto,No existe,II,Dentro,Urbana,Ninguna,No existe,Intersección,S/D,S/D,S/D,S/D,S/D,S/D,Colisión,S/D,Faltante,Ninguna,S/D
2020,1622,2020-02-29,Sabado,20:30:00,,0.0,1,Automóvil,Cordoba Y Scalabrini Ortiz,1,1,0,0,0,0,0,"-31.741008, -61.102791",Calle,,SAN CARLOS CENTRO,Las Colonias,S/D,No existe,XI,Dentro,Urbana,S/D,S/D,Recta,S/D,S/D,Nocturna,S/D,Contra objeto fijo,S/D,Colisión,S/D,S/D,S/D,Sin restricción
2020,1623,2020-02-29,Sabado,01:00:00,,0.0,2,"Automóvil,Moto/Ciclomotor",FERNANDO FADER Y SAN LORENZO ,3,1,0,0,2,0,0,"-31.263870, -61.490515",Avenida,,RAFAELA,Castellanos,Asfalto,No existe,V,Dentro,Urbana,Ninguna,No existe,Intersección,Bueno,S/D,"Nocturna,Con luz artificial",S/D,Lateral,S/D,Colisión,Ninguna,Faltante,"Cordón divisorio,Vegetación",Sin restricción
2020,1624,2020-02-28,Viernes,07:20:00,Ruta Nacional 11,0.0,1,Moto/Ciclomotor,Ruta Nacional 11 Y Calle 25 - Pietropaolo,1,1,0,0,0,0,0,"-29.148822, -59.656810",Ruta,11,RECONQUISTA,General Obligado,Asfalto,No existe,IX,Dentro,Urbana,Semáforo,Funciona,Recta,Bueno,S/D,Amanecer,S/D,S/D,S/D,Cañda ocupante,Ninguna,"Horizontal,Vertical","Cordón divisorio,Vegetación",Sin restricción
2020,1625,2020-02-28,Viernes,,,0.0,2,"Bicicleta,Automóvil",Alfonsina Storni Y Remedios de Escalada,2,1,0,0,1,0,0,"-31.262851, -61.489070",Calle,,RAFAELA,Castellanos,Asfalto,No existe,XI,Dentro,Urbana,Señal Pare,No existe,Intersección,Bueno,S/D,Diurna,S/D,S/D,Ciclista,Atropello,Ninguna,Vertical,Ninguna,Sin restricción
2020,1626,2020-02-28,Viernes,17:50:00,,0.0,2,"Pickup/Utilitario,Moto/Ciclomotor",Domingo Faustino Sarmiento Y Juan B Justo,2,1,0,0,1,0,0,"-33.754257, -61.958191",Calle,,VENADO TUERTO,General LÓPEZ,Asfalto,No existe,VIII,Dentro,Urbana,Ninguna,No existe,Intersección,Bueno,Buena,Diurna,Buen Tiempo,Lateral,S/D,Colisión,Ninguna,Faltante,Ninguna,Sin restricción
2020,1627,2020-05-16,Sabado,11:10:00,,0.0,2,"Automóvil,Peatón",Av Gral Lopez Y Av Freyre,2,1,0,0,1,0,0,"-31.65509, -60.72146",Calle,,SANTA FE,La Capital,Asfalto,No existe,I,S/D,Urbana,Ninguna,No existe,Intersección,Otro,Buena,Diurna,Buen Tiempo,S/D,Peatón,Atropello,Ninguna,Faltante,Ninguna,Sin restricción
2020,1628,2020-02-28,Viernes,10:10:00,Ruta Nacional 8,0.0,1,Moto/Ciclomotor,Marcos Ciani 3000,1,1,0,0,0,0,0,"-33.731780, -61.992238",Ruta,8,VENADO TUERTO,General LÓPEZ,Asfalto,Natural,VIII,Dentro,Urbana,Ninguna,No existe,Recta,Bueno,Buena,Diurna,Buen Tiempo,S/D,S/D,Cañda ocupante,Ninguna,Faltante,Línea divisoria pintada,Sin restricción
2020,1629,2020-05-16,Sabado,18:25:00,,0.0,2,"Pickup/Utilitario,Moto/Ciclomotor",Av. Francia Y Amenabar,3,1,0,0,2,0,0,"-32.96725, -60.6721",Calle,,ROSARIO,Rosario,Asfalto,No existe,II,S/D,Urbana,Ninguna,No existe,Recta,Bueno,Buena,Atardecer,Buen Tiempo,Otro,S/D,Colisión,Ninguna,Faltante,Ninguna,Sin restricción
2020,1630,2020-02-28,Viernes,09:00:00,,0.0,2,"Automóvil,Automóvil",Av. Corrientes Y Av. Pellegrini,2,1,0,0,1,0,0,"-32.956569, -60.645015",Avenida,,ROSARIO,Rosario,Asfalto,No existe,II,Dentro,Urbana,Semáforo,Funciona,Recta,Bueno,Buena,Diurna,Buen Tiempo,"Contra objeto fijo,De alcance",S/D,"Colisión,Vuelco",Ninguna,"Horizontal,Vertical",Cordón divisorio,Sin restricción
2020,1631,2020-02-13,Jueves,09:25:00,,0.0,2,"Pickup/Utilitario,Moto/Ciclomotor",Belgrano Y Fray Luis Beltran,2,1,0,0,1,0,0,"-28.487272241752,-59.355459165765",Calle,,VILLA OCAMPO,General Obligado,Asfalto,No existe,IX,Dentro,Urbana,S/D,S/D,Intersección,Bueno,Buena,Diurna,Buen Tiempo,S/D,S/D,Colisión,Ninguna,S/D,Ninguna,Sin restricción
2020,1632,2020-05-14,Jueves,09:10:00,,0.0,2,"Moto/Ciclomotor,Automóvil",Mr.Ross Y Pte.Roca,3,1,1,0,1,0,0,"-32.98701, -60.65565",Calle,,ROSARIO,Rosario,Asfalto,No existe,II,S/D,Urbana,Ninguna,No existe,Intersección,S/D,Buena,Diurna,Buen Tiempo,Lateral,S/D,Colisión,Ninguna,Faltante,Ninguna,Sin restricción
2020,1633,2020-05-12,Martes,23:40:00,,0.0,2,"Moto/Ciclomotor,Vehículo Oficial",Ayacucho Y Garay,3,1,0,0,2,0,0,"-32.97654, -60.63392",Calle,,ROSARIO,Rosario,Asfalto,No existe,II,Dentro,Urbana,Ninguna,No existe,Intersección,Bueno,Buena,Nocturna,Buen Tiempo,Lateral,S/D,Colisión,Ninguna,Faltante,Ninguna,Sin restricción
2020,1634,2020-02-02,Domingo,16:50:00,Ruta Nacional 8,0.0,2,"Automóvil,Moto/Ciclomotor",Chacabuco Y Ruta Nac 8,2,1,0,0,1,0,0,"-33.752947, -61.975622",Ruta,8,VENADO TUERTO,General LÓPEZ,Asfalto,No existe,VIII,Dentro,Urbana,Semáforo,Funciona,Intersección,S/D,S/D,Diurna,S/D,S/D,S/D,Colisión,S/D,"Horizontal,Vertical",Línea divisoria pintada,S/D
2020,1635,2020-05-12,Martes,10:20:00,,0.0,2,"Automóvil,Peatón",Esteban de Luca Y Cucha Cucha,2,1,0,0,1,0,0,"-32.9944, -60.63074",Calle,,ROSARIO,Rosario,Asfalto,No existe,II,Dentro,Urbana,Ninguna,No existe,Intersección,Bueno,Buena,Diurna,Buen Tiempo,S/D,Peatón,Atropello,Ninguna,Faltante,Ninguna,Sin restricción
2020,1636,2020-02-28,Viernes,,,0.0,2,"Automóvil,Automóvil",Candido Pujato Y 1ro de Mayo,2,2,0,0,0,0,0,"-31.633413, -60.706598",Calle,,SANTA FE,La Capital,Asfalto,No existe,I,Dentro,Urbana,Ninguna,No existe,Intersección,Bueno,Buena,Diurna,Buen Tiempo,Lateral,S/D,Colisión,Ninguna,Faltante,Ninguna,Sin restricción
2020,1637,2020-02-14,Viernes,,,0.0,2,"Moto/Ciclomotor,Automóvil",Av Italia Y Gabriel Maggi,2,1,0,0,1,0,0,"-31.236321405101,-61.473788623972",Avenida,,RAFAELA,Castellanos,Tierra,No existe,V,Dentro,Urbana,Ninguna,No existe,Intersección,Bueno,Buena,Diurna,Buen Tiempo,S/D,S/D,Colisión,Ninguna,Faltante,Ninguna,Sin restricción
2020,1638,2020-02-02,Domingo,11:50:00,,0.0,1,Moto/Ciclomotor,AV EVA PERON  Y SALVADORES,2,2,0,0,0,0,0,"-33.756423, -61.947435",Avenida,,VENADO TUERTO,General LÓPEZ,Hormigón,No existe,VIII,Dentro,Urbana,Ninguna,No existe,Intersección,S/D,S/D,Diurna,S/D,S/D,S/D,Cañda ocupante,S/D,Faltante,Ninguna,S/D
2020,1639,2020-02-14,Viernes,,,0.0,2,"Transporte de Pasajeros (H/ 8 asientos),Moto/Ciclomotor",Brigadier Estanislao Lopez Y Pbro A Zurbriggen,2,1,0,0,1,0,0,"-31.228950031415,-61.474902017751",Calle,,RAFAELA,Castellanos,"Hormigón,Ripio",No existe,V,Dentro,Urbana,Ninguna,No existe,Intersección,Bueno,Buena,S/D,Buen Tiempo,S/D,S/D,Colisión,Ninguna,Faltante,Ninguna,Sin restricción
2020,1640,2020-02-27,Jueves,,,0.0,1,Moto/Ciclomotor,Moreno ,1,0,0,1,0,0,0,"-28.041251, -59.221189",Calle,,FLORENCIA,General Obligado,Asfalto,S/D,IX,Dentro,Urbana,S/D,S/D,Recta,S/D,S/D,S/D,S/D,Atropello animal,S/D,Colisión,S/D,S/D,S/D,S/D
2020,1641,2020-05-16,Sabado,17:30:00,,0.0,2,"Bicicleta,Automóvil",Garay Y San Martin,2,1,0,0,1,0,0,"-32.97477, -60.6437",Calle,,ROSARIO,Rosario,Asfalto,No existe,II,Dentro,Urbana,Ninguna,No existe,Intersección,Bueno,Buena,Diurna,Buen Tiempo,S/D,Ciclista,Atropello,Ninguna,Faltante,Ninguna,Sin restricción
2020,1642,2020-02-14,Viernes,,Ruta Provincial 70,0.0,2,"Moto/Ciclomotor,Moto/Ciclomotor",Bv Santa Fe Y Constitucion,2,0,2,0,0,0,0,"-31.253807774856,-61.485087377087",Ruta,70,RAFAELA,Castellanos,Asfalto,Natural,V,Dentro,Urbana,Semáforo,Funciona,Intersección,Bueno,Buena,Diurna,Buen Tiempo,S/D,S/D,Colisión,Ninguna,"Horizontal,Vertical","Cordón divisorio,Vegetación,Línea divisoria pintada",Sin restricción
2020,1643,2020-05-11,Lunes,12:30:00,,0.0,2,"Moto/Ciclomotor,Automóvil",Pavon Y Av. Uriburu,2,1,0,0,1,0,0,"-32.99033, -60.63456",Calle,,ROSARIO,Rosario,Asfalto,No existe,II,Dentro,Urbana,Ninguna,No existe,Intersección,Bueno,Buena,Diurna,Buen Tiempo,Lateral,S/D,Colisión,Ninguna,Faltante,Ninguna,Sin restricción
2020,1644,2020-05-13,Miercoles,18:20:00,,0.0,2,"Moto/Ciclomotor,Pickup/Utilitario",Dean Funes Y Chacabuco,3,1,1,0,1,0,0,"-32.97841, -60.63011",Calle,,ROSARIO,Rosario,Asfalto,No existe,II,Dentro,Urbana,Ninguna,No existe,Intersección,Bueno,Buena,Diurna,Buen Tiempo,Lateral,S/D,Colisión,Ninguna,Faltante,Guardarrail,Sin restricción
2020,1645,2020-02-02,Domingo,17:00:00,,0.0,2,"Moto/Ciclomotor,Moto/Ciclomotor",España Y Nora Wade de Basualdo,2,2,0,0,0,0,0,"-33.730659476685,-61.972887602181",Calle,,VENADO TUERTO,General LÓPEZ,S/D,No existe,VIII,Dentro,Urbana,S/D,S/D,Intersección,S/D,S/D,Diurna,S/D,S/D,S/D,Colisión,S/D,S/D,Ninguna,S/D
2020,1646,2020-02-26,Miercoles,,Ruta Secundaria 89-s,0.0,1,Pickup/Utilitario,San martin ,1,1,0,0,0,0,0,"-28.034760, -59.256143",Ruta,89-s,FLORENCIA,General Obligado,S/D,S/D,IX,Fuera,Rural,S/D,S/D,Recta,S/D,S/D,Diurna,S/D,S/D,S/D,Vuelco,S/D,S/D,S/D,S/D
2020,1647,2020-05-14,Jueves,15:30:00,,0.0,2,"Bicicleta,Automóvil",Entre Rios Y Juan Canals,2,1,0,0,1,0,0,"-32.98892, -60.65174",Calle,,ROSARIO,Rosario,S/D,No existe,II,Dentro,Urbana,Ninguna,No existe,Intersección,Bueno,Buena,Diurna,Buen Tiempo,S/D,Ciclista,Atropello,Ninguna,Faltante,Ninguna,Sin restricción
2020,1648,2020-02-14,Viernes,06:20:00,,0.0,1,Moto/Ciclomotor,Av. Provincias Unidas Y Rio Negro,1,0,1,0,0,0,0,"-32.946111889555,-60.712430591862",Avenida,,ROSARIO,Rosario,Asfalto,No existe,II,Dentro,Urbana,Paso Peatonal,No existe,Intersección,Bueno,Buena,Diurna,Buen Tiempo,S/D,S/D,Cañda ocupante,Ninguna,Horizontal,"Cordón divisorio,Vegetación,Línea divisoria pintada",Sin restricción