anio_acci,nro_acci,fecha,desc_dia,hora_aprox,desc_ruta,km,cant_participantes,desc_participante,calle_avenida_km,total,heridos_leves,heridos_graves,heridos_gravisimos,ilesos,fallecidos,sin_datos,posicion_XY,desc_tipo_via,desc_ruta_ori,desc_loc,desc_dpto,desc_tipo_calzada,desc_tipo_banquina,desc_unidad_regional,desc_lugar_calzada,desc_zona,desc_prioridad,desc_estado_semaforo,desc_lugar_via,desc_estado_via,desc_estado_visibilidad,desc_luminosidad,desc_estado_clima,desc_tipo_colision,desc_tipo_atropello,desc_tipo_hecho,desc_pres_calzada,desc_senializacion,desc_separacion_via,desc_restriccion
2020,1908,2020-03-06,Viernes,,,0.0,2,"Automóvil,Moto/Ciclomotor",Salta Y Sargento Cabral,3,2,0,0,1,0,0,"-32.90372130741,-60.91253690258",Calle,,SAN LORENZO,San Lorenzo,Asfalto,No existe,XVII,Dentro,Urbana,Ninguna,No existe,Intersección,Bueno,Buena,"Nocturna,Con luz artificial",Buen Tiempo,Lateral,S/D,Colisión,Ninguna,Faltante,Ninguna,Sin restricción
2020,1909,2020-03-14,Sabado,22:10:00,,0.0,2,"Automóvil,Moto/Ciclomotor",Mariano Comas Y San Jeronimo,2,1,0,0,1,0,0,"-31.632669, -60.703905",Calle,,SANTA FE,La Capital,Asfalto,No existe,I,Dentro,Urbana,Ninguna,No existe,Intersección,Bueno,Buena,Nocturna,Buen Tiempo,Lateral,S/D,Colisión,Ninguna,Faltante,Ninguna,Sin restricción
2020,1910,2020-03-09,Lunes,10:55:00,,0.0,2,"Moto/Ciclomotor,Automóvil",Calle 16 Gral Obligado Y Calle 25-Rivadavia,2,1,0,0,1,0,0,"-29.149716496467594,-59.64566588401",Calle,,RECONQUISTA,General Obligado,Asfalto,No existe,IX,Dentro,Urbana,Ninguna,No existe,Intersección,Bueno,Buena,Diurna,Buen Tiempo,Otro,S/D,Colisión,Ninguna,Faltante,Ninguna,Sin restricción
2020,1911,2020-03-08,Domingo,06:00:00,Ruta Nacional 9,0.0,2,"Automóvil,Moto/Ciclomotor",Andes Y Ruta Nacional 9,4,0,1,0,3,0,0,"-32.909346905128,-60.887582169291",Ruta,9,ROLDÁN,San Lorenzo,Asfalto,No existe,XVII,Dentro,Urbana,Otra Señal,No existe,Intersección,Bueno,Buena,"Amanecer,Con luz artificial",Buen Tiempo,De alcance,S/D,Colisión,Ninguna,"Horizontal,Vertical",Línea divisoria pintada,Sin restricción
2020,1912,2020-05-10,Domingo,,,0.0,1,Moto/Ciclomotor, ,1,1,0,0,0,0,0,"-28.57315, -59.37621",Calle,,VILLA OCAMPO,General Obligado,S/D,S/D,IX,S/D,Rural,S/D,S/D,S/D,S/D,S/D,S/D,S/D,S/D,S/D,Cañda ocupante,S/D,S/D,S/D,S/D
2020,1913,2020-05-12,Martes,21:30:00,,0.0,2,"Automóvil,Moto/Ciclomotor",Magallanes Y Pellegrini,2,1,0,0,1,0,0,"-33.03158, -60.63565",Calle,,VILLA GOBERNADOR GÁLVEZ,Rosario,Asfalto,S/D,II,S/D,Urbana,S/D,S/D,Intersección,S/D,S/D,S/D,S/D,S/D,S/D,Colisión,S/D,S/D,S/D,S/D
2020,1914,2020-03-15,Domingo,06:40:00,Ruta Nacional 11,0.0,2,"Automóvil,Otros",Calle 11-Alvear Y Ruta Nacional 11,2,0,1,0,1,0,0,"-29.140996, -59.655799",Ruta,11,RECONQUISTA,General Obligado,Hormigón,No existe,IX,Dentro,Urbana,Paso Peatonal,No existe,Recta,Bueno,S/D,Diurna,Buen Tiempo,S/D,S/D,Colisión,Ninguna,Horizontal,Ninguna,Sin restricción
2020,1915,2020-03-09,Lunes,16:30:00,Ruta Nacional 9,0.0,3,"Camión Chasis,Automóvil,Automóvil",Buenos Aires Y Ruta Nacional 9,4,2,0,0,2,0,0,"-32.906922945454,-60.900614345114",Ruta,9,ROLDÁN,San Lorenzo,Asfalto,No existe,XVII,Dentro,Urbana,Ninguna,No existe,Intersección,Bueno,Buena,Diurna,Buen Tiempo,"De alcance,Múltiple",S/D,Colisión,Ninguna,Horizontal,Línea divisoria pintada,Sin restricción
2020,1916,2020-05-13,Miercoles,08:00:00,,0.0,2,"Pickup/Utilitario,Pickup/Utilitario",Junin Y Carlos Pellegrini,2,1,0,0,1,0,0,"-33.75292, -61.9689",Calle,,VENADO TUERTO,General LÓPEZ,Asfalto,S/D,VIII,S/D,Urbana,S/D,S/D,Intersección,S/D,S/D,S/D,S/D,S/D,S/D,Colisión,S/D,S/D,S/D,S/D
2020,1917,2020-03-04,Miercoles,07:35:00,,0.0,2,"Moto/Ciclomotor,Moto/Ciclomotor",Bv Pellegrini Y San Jeronimo,2,1,0,0,1,0,0,"-31.635350, -60.704694",Avenida,,SANTA FE,La Capital,Asfalto,No existe,I,Dentro,Urbana,Semáforo,Funciona,Intersección,Bueno,Buena,Amanecer,Buen Tiempo,Lateral,S/D,Colisión,Ninguna,"Horizontal,Vertical",Ninguna,Sin restricción
2020,1918,2020-03-07,Sabado,21:00:00,,0.0,2,"Moto/Ciclomotor,Automóvil",Calle 21-Gdor. iriondo Y Calle 22- 25 de Mayo,2,1,0,0,1,0,0,"-29.147146940231337,-59.64904010295",Calle,,RECONQUISTA,General Obligado,Asfalto,No existe,IX,Dentro,Urbana,Ninguna,No existe,Intersección,Bueno,Buena,"Nocturna,Con luz artificial",Buen Tiempo,Otro,S/D,Colisión,Ninguna,Faltante,Ninguna,Sin restricción
2020,1919,2020-05-13,Miercoles,08:00:00,,0.0,2,"Moto/Ciclomotor,Automóvil",España Y Carlos Pellegrini,4,2,0,0,2,0,0,"-33.74783, -61.95951",Calle,,VENADO TUERTO,General LÓPEZ,Asfalto,S/D,VIII,S/D,Urbana,S/D,S/D,Intersección,S/D,S/D,S/D,S/D,S/D,S/D,Colisión,S/D,S/D,S/D,S/D
2020,1920,2020-05-13,Miercoles,17:15:00,,0.0,2,"Moto/Ciclomotor,Pickup/Utilitario",2 de Abril Y Cabral,2,1,0,0,1,0,0,"-33.75494, -61.95579",Calle,,VENADO TUERTO,General LÓPEZ,Asfalto,S/D,VIII,S/D,Urbana,S/D,S/D,Intersección,S/D,S/D,S/D,S/D,S/D,S/D,Colisión,S/D,S/D,S/D,S/D
2020,1921,2020-03-19,Jueves,12:20:00,Autopista Nacional A012,0.0,2,"Moto/Ciclomotor,Pickup/Utilitario",Rio Parana ,2,1,0,0,1,0,0,"-32.902028314258,-60.89340123925",Autopista,A012,ROLDÁN,San Lorenzo,Asfalto,Ripio,XVII,Dentro,Urbana,Otra Señal,No existe,Intersección,Bueno,Buena,Diurna,Buen Tiempo,Lateral,S/D,Colisión,Ninguna,"Horizontal,Vertical","Guardarrail,Línea divisoria pintada",Sin restricción
2020,1922,2020-03-07,Sabado,23:10:00,,0.0,2,"Automóvil,Moto/Ciclomotor",Calle 24 - Olessio Y Calle 35-España,3,2,0,0,1,0,0,"-29.154592806486,-59.651293616469",Calle,,RECONQUISTA,General Obligado,Tierra,No existe,IX,Dentro,Urbana,Ninguna,No existe,Intersección,Bueno,Buena,Nocturna,Buen Tiempo,Otro,S/D,Colisión,Ninguna,Faltante,Ninguna,Sin restricción
2020,1923,2020-05-13,Miercoles,11:45:00,,0.0,2,"Moto/Ciclomotor,Pickup/Utilitario",Belgrano Manuel Y San Luis,2,1,0,0,1,0,0,"-31.74724, -61.09652",Calle,,SAN CARLOS CENTRO,Las Colonias,Asfalto,S/D,XI,S/D,Urbana,S/D,S/D,Intersección,S/D,S/D,S/D,S/D,S/D,S/D,Colisión,S/D,S/D,S/D,S/D
2020,1924,2020-03-31,Martes,11:00:00,,0.0,2,"Pickup/Utilitario,Moto/Ciclomotor",Jose Hernandez Y Leandro N Alem,2,1,0,0,1,0,0,"-31.338091171129,-61.820846095038",Calle,,SANTA CLARA DE SAGUIER,Castellanos,Asfalto,No existe,V,Dentro,Urbana,Ninguna,No existe,Intersección,Bueno,Buena,Diurna,Buen Tiempo,De alcance,S/D,Colisión,Ninguna,Faltante,Ninguna,Sin restricción
2020,1925,2020-03-01,Domingo,20:20:00,Ruta Secundaria 293-s,0.0,1,Moto/Ciclomotor, ,1,0,1,0,0,0,0,"-28.32789301872255,-61.473269462585",Ruta,293-s,SANTA MARGARITA,9 de Julio,Asfalto,No existe,XII,Dentro,Rural,Señal Pare,No existe,Intersección,Bueno,Buena,Nocturna,Buen Tiempo,Atropello animal,S/D,Colisión,Ninguna,"Horizontal,Vertical",Línea divisoria pintada,Sin restricción
2020,1926,2020-05-13,Miercoles,18:20:00,,0.0,2,"Moto/Ciclomotor,Pickup/Utilitario",Doctor Farran Y Bartolome Mitre,2,0,1,0,1,0,0,"-28.48509, -59.35049",Calle,,VILLA OCAMPO,General Obligado,Asfalto,S/D,IX,S/D,Urbana,S/D,S/D,Intersección,S/D,S/D,S/D,S/D,S/D,S/D,Colisión,S/D,S/D,S/D,S/D
2020,1927,2020-03-06,Viernes,23:55:00,Ruta Secundaria 91-s,0.0,2,"Moto/Ciclomotor,Automóvil", ,4,1,2,0,1,0,0,"-28.326251506805388,-61.54877901077",Ruta,91-s,SANTA MARGARITA,9 de Julio,Tierra,No existe,XII,Dentro,Rural,Ninguna,No existe,Recta,Otro,Reducida polvo,"Nocturna,Con luz artificial",Otro,Lateral,S/D,Colisión,Ninguna,Faltante,Ninguna,Sin restricción
2020,1928,2020-05-13,Miercoles,18:45:00,,0.0,2,"Automóvil,Moto/Ciclomotor",Buenos Aires Y Sarmiento,2,1,0,0,1,0,0,"-29.34513, -59.96864",Calle,,MALABRIGO,General Obligado,Asfalto,S/D,IX,S/D,Urbana,S/D,S/D,Intersección,S/D,S/D,S/D,S/D,S/D,S/D,Colisión,S/D,S/D,S/D,S/D
2020,1929,2020-03-22,Domingo,14:30:00,,0.0,2,"Moto/Ciclomotor,Moto/Ciclomotor",Bv H Irigoyen Y Chacabuco,2,2,0,0,0,0,0,"-31.254440067784,-61.492392739347",Avenida,,RAFAELA,Castellanos,Asfalto,No existe,V,Dentro,Urbana,Paso Peatonal,No existe,Intersección,Bueno,Buena,Diurna,Buen Tiempo,Lateral,S/D,Colisión,Ninguna,Horizontal,"Cordón divisorio,Ninguna",Sin restricción
2020,1930,2020-05-14,Jueves,12:40:00,,0.0,2,"Moto/Ciclomotor,Camión Chasis",Brett S Y Leandro N Alem,2,1,0,0,1,0,0,"-33.76171, -61.95605",Calle,,VENADO TUERTO,General LÓPEZ,Asfalto,S/D,VIII,S/D,Urbana,S/D,S/D,Intersección,S/D,S/D,S/D,S/D,S/D,S/D,Colisión,S/D,S/D,S/D,S/D
2020,1931,2020-03-04,Miercoles,19:10:00,Ruta Secundaria 292-s,0.0,2,"Automóvil,Moto/Ciclomotor",Av Eduardo Minetti Y Domingo Faustino Sarmiento,2,1,0,0,1,0,0,"-28.622383376627,-61.626054265088",Ruta,292-s,VILLA MINETTI,9 de Julio,Asfalto,No existe,XII,Dentro,Urbana,Ninguna,No existe,Intersección,Bueno,Buena,Diurna,Buen Tiempo,Lateral,S/D,Colisión,Ninguna,Faltante,Cordón divisorio,Sin restricción
2020,1932,2020-03-07,Sabado,12:30:00,,0.0,2,"Peatón,Pickup/Utilitario", ,2,1,0,0,0,0,1,"-31.643215, -60.700586",Calle,,SANTA FE,La Capital,Asfalto,No existe,I,Dentro,Urbana,Semáforo,Funciona,Recta,Bueno,Buena,Diurna,Buen Tiempo,S/D,Peatón,Atropello,Ninguna,"Horizontal,Vertical",Ninguna,Sin restricción
2020,1933,2020-05-15,Viernes,12:25:00,,0.0,2,"Moto/Ciclomotor,Automóvil",Junin Y Guillermo Brown,3,0,1,0,2,0,0,"-33.74337, -61.97636",Calle,,VENADO TUERTO,General LÓPEZ,Asfalto,S/D,VIII,S/D,Urbana,S/D,S/D,Intersección,S/D,S/D,S/D,S/D,S/D,S/D,Colisión,S/D,S/D,S/D,S/D
2020,1934,2020-03-04,Miercoles,08:35:00,,0.0,2,"Transporte de Pasajeros Urbano (> 8 asientos),Automóvil",Av Gral Lopez Y 4 de Enero,2,1,0,0,1,0,0,"-31.656185, -60.714890",Avenida,,SANTA FE,La Capital,Asfalto,No existe,I,Dentro,Urbana,Ninguna,No existe,Intersección,Bueno,Buena,Diurna,Buen Tiempo,Lateral,S/D,Colisión,Ninguna,Faltante,Ninguna,Sin restricción
2020,1935,2020-03-16,Lunes,14:00:00,,0.0,2,"Pickup/Utilitario,Moto/Ciclomotor",Bv H Irigoyen Y Chacabuco,2,1,0,0,1,0,0,"-31.254440067784,-61.492392739347",Avenida,,RAFAELA,Castellanos,Asfalto,No existe,V,Dentro,Urbana,Paso Peatonal,No existe,Intersección,Bueno,Buena,Diurna,Buen Tiempo,Lateral,S/D,Colisión,Ninguna,Horizontal,Cordón divisorio,Sin restricción
2020,1936,2020-05-15,Viernes,15:15:00,,0.0,2,"Automóvil,Pickup/Utilitario",Santiago Y San Luis,3,1,0,0,2,0,0,"-32.94584, -60.65666",Calle,,ROSARIO,Rosario,Asfalto,S/D,II,S/D,Urbana,S/D,S/D,Intersección,S/D,S/D,S/D,S/D,S/D,S/D,Colisión,S/D,S/D,S/D,S/D
2020,1937,2020-03-02,Lunes,12:40:00,Ruta Provincial 1,0.0,2,"Automóvil,Moto/Ciclomotor",Santa Fe ,2,1,0,0,1,0,0,"-31.106727840432,-60.095825110476",Ruta,1,HELVECIA,Garay,Asfalto,Ripio,VII,Dentro,Urbana,Marca Vial,No existe,Intersección,Bueno,Buena,Diurna,Buen Tiempo,Lateral,S/D,Colisión,Ninguna,Horizontal,Línea divisoria pintada,Sin restricción
2020,1938,2020-03-05,Jueves,06:50:00,Ruta Provincial 1,90.0,2,"Moto/Ciclomotor,Moto/Ciclomotor", ,2,1,1,0,0,0,0,"-31.06913745403292,-60.093396306037",Ruta,1,HELVECIA,Garay,Asfalto,Ripio,VII,Dentro,Rural,Ninguna,No existe,Recta,Bueno,Buena,Amanecer,Buen Tiempo,Frontal,S/D,Colisión,Ninguna,Horizontal,Línea divisoria pintada,Sin restricción
2020,1939,2020-03-04,Miercoles,11:30:00,,0.0,2,"Pickup/Utilitario,Moto/Ciclomotor",Santiago del Estero Y 9 de Julio,2,1,0,0,1,0,0,"-31.637294, -60.706552",Calle,,SANTA FE,La Capital,Asfalto,No existe,I,Dentro,Urbana,Ninguna,No existe,Intersección,Bueno,Buena,Diurna,Buen Tiempo,Lateral,S/D,Colisión,Ninguna,"Horizontal,Vertical",Ninguna,Sin restricción
2020,1940,2020-05-15,Viernes,17:15:00,,0.0,2,"Automóvil,Moto/Ciclomotor",Av. Provincias Unidas Y Ocampo,3,1,1,0,1,0,0,"-32.95803, -60.71181",Calle,,ROSARIO,Rosario,Asfalto,S/D,II,S/D,Urbana,S/D,S/D,Intersección,S/D,S/D,S/D,S/D,S/D,S/D,Colisión,S/D,S/D,S/D,S/D
2020,1941,2020-03-03,Martes,12:00:00,,0.0,2,"Moto/Ciclomotor,Bicicleta",Chicco Y Viamonte,2,2,0,0,0,0,0,"-31.258960735097,-61.496809866664",Calle,,RAFAELA,Castellanos,Asfalto,No existe,V,Dentro,Urbana,Otra Señal,No existe,Intersección,Bueno,Buena,Diurna,Buen Tiempo,S/D,Ciclista,Atropello,Ninguna,Vertical,Ninguna,Sin restricción
2020,1942,2020-03-14,Sabado,20:15:00,,0.0,2,"Automóvil,Automóvil",Moreno Y 4 de Enero,2,1,0,0,1,0,0,"-31.653943, -60.714174",Calle,,SANTA FE,La Capital,Asfalto,No existe,I,Dentro,Urbana,Ninguna,No existe,Intersección,Bueno,Buena,"Nocturna,Con luz artificial",Buen Tiempo,Lateral,S/D,Colisión,Ninguna,Faltante,Ninguna,Sin restricción
2020,1943,2020-05-12,Martes,,,0.0,4,"Moto/Ciclomotor,Moto/Ciclomotor,Moto/Ciclomotor,Moto/Ciclomotor", ,5,5,0,0,0,0,0,"-32.917016140651, -60.897575146648",S/D,,ROLDÁN,San Lorenzo,S/D,S/D,XVII,S/D,Rural,S/D,S/D,S/D,S/D,S/D,S/D,S/D,Múltiple,S/D,Colisión,S/D,S/D,S/D,S/D
2020,1944,2020-03-01,Domingo,05:30:00,Ruta Provincial 10,8.7,2,"Moto/Ciclomotor,Pickup/Utilitario", ,3,0,0,1,2,0,0,"-32.69763, -60.82693",Ruta,10,ALDAO,San Lorenzo,Hormigón,Natural,XVII,Dentro,Rural,Marca Vial,No existe,Recta,Bueno,Reducida,Nocturna,Buen Tiempo,Lateral,S/D,Colisión,Ninguna,Horizontal,Línea divisoria pintada,S/D
2020,1945,2020-03-13,Viernes,10:24:00,,0.0,1,Moto/Ciclomotor,Av Gral Lopez Y 9 de Julio,1,1,0,0,0,0,0,"-31.656620, -60.712264",Avenida,,SANTA FE,La Capital,Asfalto,No existe,I,Dentro,Urbana,Semáforo,Funciona,Recta,Bueno,Buena,Diurna,Buen Tiempo,Contra objeto fijo,S/D,Colisión,Agua,"Horizontal,Vertical","Línea divisoria pintada,Ninguna",Sin restricción
2020,1946,2020-03-05,Jueves,11:50:00,,0.0,2,"Moto/Ciclomotor,Automóvil",Irigoyen Freyre Y 25 de Mayo,2,1,0,0,0,0,1,"-31.643521, -60.704901",Avenida,,SANTA FE,La Capital,Asfalto,No existe,I,Dentro,Urbana,Ninguna,No existe,Intersección,Bueno,Buena,Diurna,Buen Tiempo,Lateral,S/D,Colisión,Ninguna,Faltante,Ninguna,Sin restricción
2020,1947,2020-03-26,Jueves,18:15:00,,0.0,2,"Moto/Ciclomotor,Moto/Ciclomotor",General Paz Y Las Heras,3,3,0,0,0,0,0,"-31.459214851965,-60.936525349397",Calle,,ESPERANZA,Las Colonias,Asfalto,No existe,XI,Dentro,Urbana,Ninguna,No existe,Intersección,Bueno,Buena,Diurna,Buen Tiempo,De alcance,S/D,Colisión,Ninguna,Faltante,Ninguna,Sin restricción
2020,1948,2020-03-09,Lunes,12:37:00,,0.0,2,"Bicicleta,Pickup/Utilitario",Belgrano Y Suipacha,2,1,0,0,1,0,0,"-31.641129, -60.700117",Calle,,SANTA FE,La Capital,Asfalto,No existe,I,Dentro,Urbana,Semáforo,Funciona,Intersección,Bueno,Buena,Diurna,S/D,S/D,Ciclista,Atropello,Ninguna,"Horizontal,Vertical",Ninguna,Sin restricción
2020,1949,2020-03-08,Domingo,18:45:00,,0.0,2,"Moto/Ciclomotor,Camión Chasis", ,2,1,0,0,1,0,0,"-31.550128860399127,-61.09142641536",Camino Rural,,SAN JERÓNIMO NORTE,Las Colonias,Tierra,No existe,XI,Dentro,Rural,Ninguna,No existe,Recta,Bueno,Buena,Diurna,Buen Tiempo,Otro,S/D,Colisión,Ninguna,Faltante,Ninguna,Sin restricción
2020,1950,2020-03-01,Domingo,19:35:00,,0.0,1,Moto/Ciclomotor,R P A Janssen Y Berutti,1,0,0,0,0,1,0,"-31.4447, -60.93683",Calle,,ESPERANZA,Las Colonias,Asfalto,No existe,XI,Dentro,Urbana,Ninguna,No existe,Intersección,Bueno,Buena,Nocturna,Buen Tiempo,S/D,S/D,Cañda ocupante,Ninguna,Horizontal,Ninguna,Sin restricción
2020,1951,2020-03-12,Jueves,10:57:00,,0.0,2,"Bicicleta,Automóvil",Irigoyen Freyre Y Rivadavia,2,1,0,0,1,0,0,"-31.643791, -60.703484",Avenida,,SANTA FE,La Capital,Asfalto,No existe,I,Dentro,Urbana,Semáforo,Funciona,Intersección,Bueno,Buena,Diurna,Buen Tiempo,S/D,Ciclista,Atropello,Ninguna,"Horizontal,Vertical",Ninguna,Sin restricción
2020,1952,2020-03-08,Domingo,02:40:00,,0.0,2,"Automóvil,Automóvil",Av Cordoba Y Bartolome Mitre,5,1,0,0,4,0,0,"-31.447358492753,-60.936749267215",Avenida,,ESPERANZA,Las Colonias,Asfalto,No existe,XI,Dentro,Urbana,Ninguna,No existe,Intersección,Bueno,Buena,Nocturna,Buen Tiempo,S/D,S/D,Colisión,Ninguna,Faltante,Ninguna,Sin restricción
2020,1953,2020-03-09,Lunes,13:40:00,,0.0,2,"Bicicleta,Automóvil",Mendoza Y San Jeronimo,2,1,0,0,1,0,0," -31.648828, -60.708678",Calle,,SANTA FE,La Capital,Asfalto,No existe,I,Dentro,Urbana,Ninguna,No existe,Intersección,Bueno,Buena,Diurna,Buen Tiempo,S/D,Ciclista,Atropello,Ninguna,Faltante,Ninguna,Sin restricción
2020,1954,2020-03-15,Domingo,16:25:00,Ruta Provincial 10,43.0,3,"Camión c / Acoplado,Camión c / Acoplado,Camión c / Acoplado", ,3,1,0,0,2,0,0,"-32.497542500495925,-61.03702962398",Ruta,10,CARRIZALES,Iriondo,Asfalto,Natural,X,Dentro,Rural,Ninguna,No existe,Recta,Bueno,Buena,Diurna,Buen Tiempo,De alcance,S/D,Colisión,Ninguna,Horizontal,Línea divisoria pintada,Sin restricción
2020,1955,2020-03-01,Domingo,02:10:00,Ruta Provincial 6,0.0,2,"Moto/Ciclomotor,Pickup/Utilitario", ,3,2,0,0,1,0,0,"-31.68775409460068,-61.082691550254",Ruta,6,SAN CARLOS CENTRO,Las Colonias,Hormigón,Natural,XI,Dentro,Rural,Marca Vial,No existe,Recta,Bueno,Reducida,"Nocturna,Con luz artificial",Buen Tiempo,Otro,S/D,Colisión,Ninguna,Horizontal,Línea divisoria pintada,Sin restricción
2020,1956,2020-03-02,Lunes,18:15:00,,0.0,2,"Automóvil,Moto/Ciclomotor",Suchon Y T Lubary,2,1,0,0,1,0,0,"-31.728856844421,-61.086362232622",Calle,,SAN CARLOS CENTRO,Las Colonias,Asfalto,No existe,XI,Dentro,Urbana,Ninguna,No existe,Intersección,Bueno,S/D,Diurna,Buen Tiempo,De alcance,S/D,Colisión,Ninguna,Faltante,Ninguna,Sin restricción
2020,1957,2020-03-14,Sabado,11:20:00,,0.0,2,"Bicicleta,Automóvil",Manuel Belgrano 900,2,1,0,0,1,0,0,"-31.730761355001,-61.092488325706",Calle,,SAN CARLOS CENTRO,Las Colonias,Asfalto,No existe,XI,Dentro,Urbana,Ninguna,No existe,Recta,Bueno,Buena,Diurna,Buen Tiempo,Contra objeto fijo,S/D,Colisión,Ninguna,Faltante,Ninguna,Sin restricción
2020,1958,2020-03-03,Martes,16:50:00,,0.0,2,"Pickup/Utilitario,Moto/Ciclomotor",Grandoli Y Paunero,3,2,0,0,1,0,0,"-32.886921798596,-60.725644988798",Calle,,ROSARIO,Rosario,Asfalto,No existe,II,Dentro,Urbana,Señal Pare,No existe,Intersección,Bueno,Buena,Diurna,Buen Tiempo,Lateral,S/D,Colisión,Ninguna,Vertical,Ninguna,Sin restricción
2020,1959,2020-03-06,Viernes,14:50:00,,0.0,2,"Bicicleta,Automóvil",Grandoli Y Paunero,2,1,0,0,1,0,0,"-32.886921798596,-60.725644988798",Calle,,ROSARIO,Rosario,Asfalto,No existe,II,Dentro,Urbana,Señal Pare,No existe,Intersección,Bueno,Buena,Diurna,Buen Tiempo,S/D,Ciclista,Atropello,Ninguna,Vertical,Barrera de hormigón,Sin restricción
2020,1960,2020-03-15,Domingo,20:30:00,,0.0,2,"Moto/Ciclomotor,Automóvil",Cullen Y Ugarte 2905,3,0,2,0,1,0,0,"-32.877715903358,-60.724652595826",Calle,,ROSARIO,Rosario,Asfalto,No existe,II,Dentro,Urbana,Ninguna,No existe,Recta,Bueno,Buena,Atardecer,Buen Tiempo,Lateral,S/D,Colisión,Ninguna,Faltante,Ninguna,Sin restricción
2020,1961,2020-03-08,Domingo,02:30:00,Autopista Nacional A012,12.5,2,"Camión c / Acoplado,Camión c / Semirremolque", ,2,0,2,0,0,0,0,"-33.08977, -60.70349",Autopista,A012,PIÑERO,Rosario,Asfalto,Natural,II,Dentro,Rural,Marca Vial,No existe,Curva,Bueno,Reducida,Nocturna,S/D,Frontal,S/D,Colisión,S/D,Horizontal,Línea divisoria pintada,Sin restricción
2020,1962,2020-04-18,Sabado,05:20:00,,0.0,2,"Moto/Ciclomotor,Vehículo Oficial",3 de Febrero Y Juan Diaz de Solis,3,1,0,0,2,0,0,"-31.65487, -60.72963",Calle,,SANTA FE,La Capital,S/D,S/D,II,S/D,Urbana,S/D,S/D,Intersección,S/D,S/D,Nocturna,S/D,S/D,S/D,Colisión,S/D,S/D,S/D,S/D
2020,1963,2020-03-18,Miercoles,17:30:00,Ruta Nacional 34,0.0,2,"Camión Chasis,Automóvil",Bv. J.Granel 3900,3,2,0,0,1,0,0,"-32.881307028602,-60.740173079765",Ruta,34,ROSARIO,Rosario,Asfalto,Ripio,II,Dentro,Urbana,Semáforo,Funciona,Intersección,Bueno,Buena,Diurna,Buen Tiempo,Lateral,S/D,Colisión,Ninguna,"Horizontal,Vertical","Guardarrail,Línea divisoria pintada",Sin restricción
2020,1964,2020-03-01,Domingo,13:30:00,Autopista Nacional A012,0.0,2,"Moto/Ciclomotor,Automóvil", ,3,0,1,0,2,0,0,"-33.09192, -60.79091",Autopista,A012,PIÑERO,Rosario,Asfalto,Natural,II,Dentro,S/D,Señal Pare,No existe,Cruce,Bueno,Buena,Diurna,Buen Tiempo,S/D,S/D,Colisión,S/D,"Horizontal,Vertical",Línea divisoria pintada,Sin restricción
2020,1965,2020-03-11,Miercoles,09:25:00,Ruta Nacional 34,0.0,2,"Pickup/Utilitario,Moto/Ciclomotor",Bv. J.Granel 2800,2,1,0,0,1,0,0,"-32.889083765111,-60.726770088347",Ruta,34,ROSARIO,Rosario,Asfalto,Pavimento,II,Dentro,Urbana,Semáforo,Funciona,Recta,Bueno,Buena,Diurna,Buen Tiempo,Frontal,S/D,Colisión,Ninguna,"Horizontal,Vertical","Cordón divisorio,Línea divisoria pintada",Sin restricción
2020,1966,2020-03-27,Viernes,20:35:00,Autopista Nacional A012,0.0,2,"Automóvil,Camión c / Acoplado", ,2,0,1,0,1,0,0,"-33.00821363925934,-60.676894783973",Autopista,A012,PIÑERO,Rosario,Asfalto,Ripio,II,Dentro,Rural,Señal Pare,Intermitente,Cruce,S/D,Reducida,"Nocturna,Con luz artificial",Buen Tiempo,Lateral,S/D,Colisión,Ninguna,"Horizontal,Vertical",Línea divisoria pintada,Sin restricción
2020,1967,2020-03-05,Jueves,19:30:00,,0.0,2,"Bicicleta,Automóvil",Bv. Rondeau 3600,2,1,0,0,1,0,0,"-32.88148462772371,-60.696619749069",Avenida,,ROSARIO,Rosario,Asfalto,No existe,II,Dentro,Urbana,Semáforo,Funciona,Recta,Bueno,Buena,Diurna,Buen Tiempo,S/D,Ciclista,Atropello,Ninguna,"Horizontal,Vertical","Cordón divisorio,Línea divisoria pintada",Sin restricción
2020,1968,2020-04-19,Domingo,18:10:00,Autopista Provincial Brigadier E.LÓPEZ,150.0,1,Automóvil, ,1,1,0,0,0,0,0," -31.63454, -60.77892",Autopista,Brigadier E.LÓPEZ,SANTA FE,La Capital,S/D,S/D,I,S/D,Urbana,S/D,S/D,Recta,S/D,S/D,Atardecer,S/D,S/D,S/D,Vuelco,S/D,S/D,S/D,S/D