anio_acci,nro_acci,fecha,desc_dia,hora_aprox,desc_ruta,km,cant_participantes,desc_participante,calle_avenida_km,total,heridos_leves,heridos_graves,heridos_gravisimos,ilesos,fallecidos,sin_datos,posicion_XY,desc_tipo_via,desc_ruta_ori,desc_loc,desc_dpto,desc_tipo_calzada,desc_tipo_banquina,desc_unidad_regional,desc_lugar_calzada,desc_zona,desc_prioridad,desc_estado_semaforo,desc_lugar_via,desc_estado_via,desc_estado_visibilidad,desc_luminosidad,desc_estado_clima,desc_tipo_colision,desc_tipo_atropello,desc_tipo_hecho,desc_pres_calzada,desc_senializacion,desc_separacion_via,desc_restriccion
2020,2029,2020-03-20,Viernes,10:10:00,,0.0,2,"Moto/Ciclomotor,Automóvil",Av. Provincias Unidas Y Bv. 27 De Febrero,3,1,1,0,1,0,0,"-32.95938938856125,-60.711797028779",Avenida,,ROSARIO,Rosario,Asfalto,No existe,II,Dentro,Urbana,Semáforo,Funciona,Intersección,S/D,Buena,Diurna,S/D,Lateral,S/D,Colisión,S/D,"Horizontal,Vertical",Cordón divisorio,S/D
2020,2030,2020-03-08,Domingo,07:50:00,,0.0,2,"Automóvil,Moto/Ciclomotor",Av. Pte.Peron Y Fraga,2,1,0,0,1,0,0,"-32.966712466585,-60.70919451827",Avenida,,ROSARIO,Rosario,Asfalto,No existe,II,Dentro,Urbana,Paso Peatonal,No existe,Intersección,Bueno,S/D,Diurna,Otro,Otro,S/D,Colisión,Otro,Horizontal,Cordón divisorio,Sin restricción
2020,2031,2020-03-16,Lunes,11:05:00,,0.0,2,"Pickup/Utilitario,Moto/Ciclomotor",Av. Provincias Unidas Y Bv. 27 De Febrero,2,0,1,0,1,0,0,"-32.959348242415,-60.711899030022",Avenida,,ROSARIO,Rosario,Asfalto,No existe,II,Dentro,Urbana,Semáforo,Funciona,Intersección,Otro,Buena,Diurna,Buen Tiempo,Otro,S/D,Colisión,Otro,"Horizontal,Vertical",Cordón divisorio,Sin restricción
2020,2032,2020-03-10,Martes,10:22:00,,0.0,2,"Automóvil,Moto/Ciclomotor",Riobamba Y Valparaiso,2,1,0,0,1,0,0,"-32.955175157727,-60.686026483992",Calle,,ROSARIO,Rosario,Asfalto,No existe,II,Dentro,Urbana,Ninguna,No existe,Intersección,Bueno,Buena,Diurna,Otro,S/D,S/D,Colisión,Otro,Faltante,Ninguna,Sin restricción
2020,2033,2020-03-09,Lunes,19:30:00,,0.0,2,"Automóvil,Moto/Ciclomotor",Ocampo Y Valparaiso,2,1,0,0,1,0,0,"-32.958624164586,-60.686897950126",Calle,,ROSARIO,Rosario,Asfalto,No existe,II,Dentro,Urbana,Ninguna,No existe,Intersección,Bueno,Reducida,Nocturna,Otro,Otro,S/D,Colisión,Otro,Faltante,Ninguna,Sin restricción
2020,2034,2020-08-26,Miercoles,13:00:00,,0.0,2,"Automóvil,Moto/Ciclomotor",Solis Y Viamonte,2,1,0,0,1,0,0,"-32.956632832415,-60.70270823976",Calle,,ROSARIO,Rosario,Asfalto,No existe,II,Dentro,Urbana,Ninguna,No existe,Intersección,Bueno,Buena,Diurna,Buen Tiempo,Otro,S/D,Colisión,Ninguna,Faltante,Ninguna,Sin restricción
2020,2035,2020-03-06,Viernes,17:45:00,,0.0,2,"Moto/Ciclomotor,Moto/Ciclomotor",Av. Pellegrini Y Cullen,2,2,0,0,0,0,0,"-32.948410510835,-60.708795109082",Avenida,,ROSARIO,Rosario,Asfalto,No existe,II,Dentro,Urbana,Semáforo,Funciona,Intersección,Bueno,Buena,Diurna,Buen Tiempo,Otro,S/D,Colisión,Ninguna,"Horizontal,Vertical",Cordón divisorio,Sin restricción
2020,2036,2020-03-05,Jueves,17:40:00,,0.0,2,"Moto/Ciclomotor,Peatón",F.More Y Pasco,3,2,0,0,1,0,0,"-32.950432945466,-60.693350271988",Calle,,ROSARIO,Rosario,Asfalto,No existe,II,Dentro,Urbana,Ninguna,No existe,Intersección,Otro,Buena,Diurna,Buen Tiempo,S/D,Peatón,Atropello,Ninguna,Faltante,Ninguna,Sin restricción
2020,2037,2020-05-16,Sabado,10:40:00,,0.0,2,"Pickup/Utilitario,Moto/Ciclomotor",Gral Manuel Belgrano Y 25 de Mayo,2,1,0,0,1,0,0,"-33.74577, -61.96704",Calle,,VENADO TUERTO,General LÓPEZ,Asfalto,S/D,VIII,S/D,Urbana,S/D,S/D,Intersección,S/D,S/D,S/D,S/D,S/D,S/D,Colisión,S/D,S/D,S/D,S/D
2020,2038,2020-05-16,Sabado,11:50:00,,0.0,2,"Moto/Ciclomotor,Moto/Ciclomotor",Vuelta de Obligado Y Falucho,3,1,0,0,2,0,0,"-33.75977, -61.95024",Calle,,VENADO TUERTO,General LÓPEZ,Asfalto,S/D,VIII,S/D,Urbana,S/D,S/D,Intersección,S/D,S/D,S/D,S/D,S/D,S/D,Colisión,S/D,S/D,S/D,S/D
2020,2039,2020-05-16,Sabado,12:20:00,,0.0,1,Automóvil,Dr Angel Re 500,1,1,0,0,0,0,0,"-33.73538, -61.95588",Calle,,VENADO TUERTO,General LÓPEZ,Asfalto,S/D,VIII,S/D,Urbana,S/D,S/D,Recta,S/D,S/D,S/D,S/D,S/D,S/D,Vuelco,S/D,S/D,S/D,S/D
2020,2040,2020-05-16,Sabado,10:20:00,,0.0,2,"Pickup/Utilitario,Moto/Ciclomotor", ,3,2,0,0,1,0,0,"-29.146, -59.64385",S/D,,RECONQUISTA,General Obligado,S/D,S/D,IX,S/D,S/D,S/D,S/D,S/D,S/D,S/D,S/D,S/D,S/D,S/D,Colisión,S/D,S/D,S/D,S/D
2020,2041,2020-05-16,Sabado,16:10:00,,0.0,1,Camión,Calle 44-27 de Abril ,2,2,0,0,0,0,0,"-29.13415, -59.66111",Calle,,RECONQUISTA,General Obligado,Asfalto,S/D,IX,S/D,Urbana,S/D,S/D,S/D,S/D,S/D,S/D,S/D,S/D,S/D,Vuelco,S/D,S/D,S/D,S/D
2020,2042,2020-05-01,Viernes,15:50:00,,0.0,2,"Automóvil,Moto/Ciclomotor",Viamonte Y Laprida,2,0,1,0,1,0,0,"-32.96607, -60.639",S/D,,ROSARIO,Rosario,S/D,S/D,II,S/D,S/D,S/D,S/D,S/D,S/D,S/D,S/D,S/D,S/D,S/D,S/D,S/D,S/D,S/D,S/D
2020,2043,2020-05-16,Sabado,20:40:00,,0.0,2,"Moto/Ciclomotor,Moto/Ciclomotor",Presbitero Sponton Y Belgrano,4,4,0,0,0,0,0,"-29.35027, -59.97092",Calle,,MALABRIGO,General Obligado,Asfalto,S/D,IX,S/D,Urbana,S/D,S/D,Intersección,S/D,S/D,S/D,S/D,S/D,S/D,Colisión,S/D,S/D,S/D,S/D
2020,2044,2020-05-02,Sabado,11:30:00,,0.0,2,"Automóvil,Moto/Ciclomotor",6 de Caballeria Y Gobernador Crespo,2,1,0,0,1,0,0,"-29.23813, -61.76745",S/D,,TOSTADO,9 de Julio,S/D,S/D,XII,S/D,S/D,S/D,S/D,S/D,S/D,S/D,S/D,S/D,S/D,S/D,S/D,S/D,S/D,S/D,S/D
2020,2045,2020-05-16,Sabado,,,0.0,2,"Moto/Ciclomotor,Automóvil",Sarmiento ,2,1,0,0,1,0,0,"-30.95304, -61.55923",Calle,,SUNCHALES,Castellanos,Asfalto,S/D,V,S/D,Urbana,S/D,S/D,S/D,S/D,S/D,S/D,S/D,S/D,S/D,Colisión,S/D,S/D,S/D,S/D
2020,2046,2020-05-15,Viernes,,Ruta Nacional 11,480.0,1,Moto/Ciclomotor,Ruta Nacional 11 ,1,1,0,0,0,0,0,"-31.53123, -60.72235",Ruta,11,RECREO,La Capital,Asfalto,S/D,I,S/D,Urbana,S/D,S/D,Recta,S/D,S/D,S/D,S/D,S/D,S/D,Cañda ocupante,S/D,S/D,S/D,S/D
2020,2047,2020-05-03,Domingo,17:30:00,,0.0,2,"Automóvil,Bicicleta", ,2,0,1,0,1,0,0,"-33.45866, -61.48564",S/D,,FIRMAT,General LÓPEZ,S/D,S/D,VIII,S/D,S/D,S/D,S/D,S/D,S/D,S/D,S/D,S/D,S/D,Ciclista,Atropello,S/D,S/D,S/D,S/D
2020,2048,2020-03-13,Viernes,22:20:00,,0.0,2,"Automóvil,Automóvil",Morelli 1086,3,2,0,0,1,0,0,"-32.99865942012,-60.773654558581",Calle,,PEREZ,Rosario,Asfalto,No existe,II,Dentro,Urbana,Semáforo,Funciona,Recta,Bueno,Buena,"Nocturna,Con luz artificial",Buen Tiempo,S/D,S/D,Colisión,Ninguna,Vertical,Ninguna,Sin restricción
2020,2049,2020-05-16,Sabado,19:30:00,Ruta Provincial 1,146.0,2,"Automóvil,Automóvil",Ruta N� 1 ,2,2,0,0,0,0,0,"-30.58569, -59.94163",Ruta,1,SAN JAVIER,San Javier,Asfalto,S/D,XIV,S/D,Urbana,S/D,S/D,Recta,S/D,S/D,S/D,S/D,S/D,S/D,Colisión,S/D,S/D,S/D,S/D
2020,2050,2020-04-24,Viernes,16:20:00,Ruta Nacional 11,632.5,2,"Camión,Automóvil", ,2,1,0,0,1,0,0,"    -30.21087, -60.35937",Ruta,11,LA CRIOLLA,San Justo,Hormigón,Natural,XVI,Dentro,Rural,Ninguna,No existe,Recta,Bueno,Reducida humo,Diurna,Buen Tiempo,De alcance,S/D,Colisión,Otro,S/D,Línea divisoria pintada,Sin restricción
2020,2051,2020-03-13,Viernes,21:30:00,,0.0,2,"Automóvil,Moto/Ciclomotor",D F Sarmiento Y Urquiza,3,2,0,0,1,0,0,"-32.996645898411,-60.77701810255",Calle,,PEREZ,Rosario,Asfalto,No existe,II,Dentro,Urbana,Ninguna,No existe,Intersección,Bueno,Buena,"Nocturna,Con luz artificial",Buen Tiempo,Lateral,S/D,Colisión,Ninguna,Faltante,Ninguna,Sin restricción
2020,2052,2020-03-09,Lunes,21:00:00,Ruta Nacional 33,0.0,2,"Automóvil,Bicicleta",Av San Martin Y Estanislao Lopez,2,1,0,0,1,0,0,"-32.995704592597,-60.765192115946",Ruta,33,PEREZ,Rosario,Asfalto,No existe,II,Dentro,Urbana,Ninguna,No existe,Intersección,Bueno,Buena,"Nocturna,Con luz artificial",Buen Tiempo,S/D,Ciclista,Atropello,Ninguna,Vertical,Ninguna,Sin restricción
2020,2053,2020-05-03,Domingo,07:50:00,Ruta Nacional 33,0.0,1,Moto/Ciclomotor,RUTA PROV 94 ,1,0,1,0,0,0,0,"-33.64097, -61.83952",Ruta,33,MURPHY,General LÓPEZ,S/D,S/D,VIII,S/D,S/D,S/D,S/D,S/D,S/D,S/D,S/D,S/D,S/D,S/D,"Vuelco,Despiste",S/D,S/D,S/D,S/D
2020,2054,2020-03-08,Domingo,21:15:00,Ruta Secundaria 34-s,0.0,3,"Pickup/Utilitario,Peatón,Peatón",20 de junio Y Av del Rosario,3,1,1,0,1,0,0,"-32.992216425529,-60.774502418536",Ruta,34-s,PEREZ,Rosario,Asfalto,Natural,II,Dentro,Urbana,Ninguna,No existe,Intersección,Bueno,Reducida,Nocturna,Buen Tiempo,S/D,Peatón,Atropello,Ninguna,Faltante,Ninguna,Sin restricción
2020,2055,2020-03-04,Miercoles,18:05:00,,0.0,2,"Moto/Ciclomotor,Moto/Ciclomotor",Av 9 de Julio Y Juan XXIII,4,2,0,0,2,0,0,"-33.002304201412,-60.766731096352",Avenida,,PEREZ,Rosario,Asfalto,No existe,II,Dentro,Urbana,Ninguna,No existe,Intersección,Bueno,Buena,Diurna,Buen Tiempo,S/D,S/D,Colisión,Ninguna,Faltante,Ninguna,Sin restricción
2020,2056,2020-05-03,Domingo,18:40:00,Ruta Provincial 64,0.0,2,"Moto/Ciclomotor,Moto/Ciclomotor", ,2,1,1,0,0,0,0,"-31.86515, -61.58498",Ruta,64,SAN MARTIN DE LAS ESCOBAS,San MARTÍN,S/D,S/D,XVIII,S/D,S/D,S/D,S/D,S/D,S/D,S/D,S/D,S/D,S/D,S/D,S/D,S/D,S/D,S/D,S/D
2020,2057,2020-03-01,Domingo,19:30:00,,0.0,2,"Bicicleta,Automóvil",Buenos Aires Y Tucuman,2,1,0,0,1,0,0,"-32.913394696097,-60.805103983014",Calle,,FUNES,Rosario,Asfalto,No existe,II,Dentro,Urbana,Ninguna,No existe,Intersección,Bueno,Buena,Diurna,Buen Tiempo,S/D,Peatón,Atropello,Ninguna,Faltante,Ninguna,Sin restricción
2020,2058,2020-04-27,Lunes,14:15:00,,0.0,2,"Automóvil,Moto/Ciclomotor",Bv. Segui 4100,4,1,0,0,3,0,0,"    -32.97185, -60.68719",Avenida,,ROSARIO,Rosario,Asfalto,Pavimento,II,S/D,Urbana,Otra Señal,Funciona,Otro,Bueno,Buena,Diurna,Buen Tiempo,Otro,S/D,Colisión,Ninguna,Vertical,Ninguna,Sin restricción
2020,2059,2020-03-03,Martes,13:05:00,Ruta Nacional 9,0.0,2,"Automóvil,Moto/Ciclomotor",Moreno Y Ruta Nacional 9,2,1,0,0,1,0,0,"-32.921749840764,-60.809781971635",Ruta,9,FUNES,Rosario,Asfalto,Ripio,II,Dentro,Urbana,Paso Peatonal,No existe,Intersección,Bueno,Buena,Diurna,Buen Tiempo,S/D,S/D,Colisión,Ninguna,Horizontal,Ninguna,Sin restricción
2020,2060,2020-03-04,Miercoles,18:00:00,Ruta Nacional 9,0.0,2,"Pickup/Utilitario,Moto/Ciclomotor",Almafuerte Y Ruta Nacional 9,3,1,1,0,1,0,0,"-32.917286011129,-60.837252346664",Ruta,9,FUNES,Rosario,Asfalto,Ripio,II,Dentro,Urbana,Ninguna,No existe,Intersección,Bueno,Buena,Diurna,Buen Tiempo,S/D,S/D,Colisión,Ninguna,Horizontal,Línea divisoria pintada,Sin restricción
2020,2061,2020-05-04,Lunes,11:10:00,,0.0,2,"Moto/Ciclomotor,Automóvil",Alem Y Firmat,2,2,0,0,0,0,0,"-32.23574, -60.98369",S/D,,BARRANCAS,San JERÓNIMO,S/D,S/D,XV,S/D,S/D,S/D,S/D,S/D,S/D,S/D,S/D,S/D,S/D,S/D,S/D,S/D,S/D,S/D,S/D
2020,2062,2020-03-04,Miercoles,21:00:00,Ruta Nacional 9,0.0,2,"Moto/Ciclomotor,Automóvil",Las Nueces Y Ruta Nacional 9,2,1,0,0,1,0,0,"-32.9194094438,-60.822990007303",Ruta,9,FUNES,Rosario,Asfalto,Ripio,II,Dentro,Urbana,Ninguna,No existe,Intersección,Bueno,Buena,"Nocturna,Con luz artificial",Buen Tiempo,S/D,S/D,Colisión,Ninguna,Horizontal,Línea divisoria pintada,Sin restricción
2020,2063,2020-05-05,Martes,03:25:00,,0.0,2,"Ambulancia,Moto/Ciclomotor",Junin Y Iguazu,2,0,1,0,1,0,0,"-32.92685, -60.68583",S/D,,ROSARIO,Rosario,S/D,S/D,II,S/D,S/D,S/D,S/D,S/D,S/D,S/D,S/D,S/D,S/D,S/D,S/D,S/D,S/D,S/D,S/D
2020,2064,2020-03-07,Sabado,17:00:00,Ruta Nacional 9,0.0,3,"Automóvil,Automóvil,Automóvil",Los Tizones Y Ruta Nacional 9,4,1,0,0,3,0,0,"-32.9156130552292,-60.8488270640373",Ruta,9,FUNES,Rosario,Asfalto,Ripio,II,Dentro,Urbana,Semáforo,Funciona,Recta,Bueno,Buena,Diurna,Buen Tiempo,"De alcance,Múltiple",S/D,Colisión,Ninguna,"Horizontal,Vertical",Línea divisoria pintada,Sin restricción
2020,2065,2020-04-25,Sabado,19:30:00,,0.0,2,"Moto/Ciclomotor,Automóvil",Bv. Segui 5100,2,1,0,0,1,0,0,"    -32.97058, -60.69257",Avenida,,ROSARIO,Rosario,Asfalto,Pavimento,II,S/D,Urbana,Semáforo,Funciona,S/D,Bueno,Buena,Atardecer,Buen Tiempo,Otro,S/D,Colisión,Ninguna,S/D,Ninguna,Sin restricción
2020,2066,2020-03-13,Viernes,14:45:00,Ruta Nacional 9,0.0,2,"Moto/Ciclomotor,Pickup/Utilitario",Araucarias Y Ruta Nacional 9,2,2,0,0,0,0,0,"-32.923617968079,-60.789074659788",Ruta,9,FUNES,Rosario,Asfalto,Ripio,II,Dentro,Urbana,Ninguna,No existe,Intersección,Bueno,Buena,Diurna,Buen Tiempo,S/D,S/D,Colisión,Ninguna,Horizontal,Línea divisoria pintada,Sin restricción
2020,2068,2020-05-05,Martes,13:00:00,,0.0,2,"Moto/Ciclomotor,Pickup/Utilitario",Urquiza Y Sarmiento,2,1,0,0,1,0,0,"-29.88413, -60.28318",S/D,,CALCHAQUÍ,Vera,S/D,S/D,XIX,S/D,S/D,S/D,S/D,S/D,S/D,S/D,S/D,S/D,S/D,S/D,S/D,S/D,S/D,S/D,S/D
2020,2069,2020-03-14,Sabado,17:50:00,Autopista Nacional A012,29.0,1,Automóvil, ,1,1,0,0,0,0,0,"-33.05374124893692, -60.86804842679",Autopista,A012,ZAVALLA,Rosario,Asfalto,Natural,II,Dentro,Urbana,Ninguna,No existe,Intersección,Bueno,Buena,Atardecer,Buen Tiempo,S/D,S/D,Vuelco,Ninguna,Horizontal,Línea divisoria pintada,Sin restricción
2020,2070,2020-07-10,Viernes,,,0.0,1,Automóvil, ,1,1,0,0,0,0,0,"-31.13098, -61.04113",Camino Rural,,HIPATIA,Las Colonias,Tierra,Natural,XI,Dentro,Rural,Ninguna,No existe,Recta,S/D,Buena,Nocturna,Buen Tiempo,S/D,S/D,"Vuelco,Despiste",S/D,Faltante,Ninguna,Sin restricción
2020,2071,2020-05-05,Martes,20:30:00,,0.0,2,"Moto/Ciclomotor,Peatón",BOULEVARD ,2,1,0,0,1,0,0,"-28.6706, -59.8474",S/D,,TARTAGAL,Vera,S/D,S/D,XIX,S/D,S/D,S/D,S/D,S/D,S/D,S/D,S/D,S/D,S/D,Peatón,Atropello,S/D,S/D,S/D,S/D
2020,2072,2020-04-30,Jueves,14:00:00,,0.0,2,"Moto/Ciclomotor,Moto/Ciclomotor",Madre Cabrini Y Dorrego,3,3,0,0,0,0,0,"    -33.00536, -60.66042",Calle,,ROSARIO,Rosario,Asfalto,No existe,II,Dentro,Urbana,Ninguna,No existe,Recta,Bueno,Buena,Diurna,Otro,Otro,S/D,Otro,Ninguna,Faltante,Ninguna,Sin restricción
2020,2073,2020-07-15,Miercoles,19:20:00,,0.0,2,"Moto/Ciclomotor,Automóvil",Enrique Senn 300,3,2,0,0,1,0,0,"-31.24382,-61.21031",Avenida,,FELICIA,Las Colonias,Asfalto,S/D,XI,S/D,Urbana,Ninguna,S/D,Recta,Bueno,S/D,S/D,Buen Tiempo,Lateral,S/D,Colisión,Ninguna,S/D,Cordón divisorio,Sin restricción
2020,2074,2020-05-08,Viernes,,,0.0,2,"Automóvil,Moto/Ciclomotor",San Lorenzo Y J P Lopez,3,1,0,0,2,0,0,"-31.606, -60.70575",S/D,,SANTA FE,La Capital,S/D,S/D,I,S/D,S/D,S/D,S/D,S/D,S/D,S/D,S/D,S/D,S/D,S/D,S/D,S/D,S/D,S/D,S/D
2020,2075,2020-05-05,Martes,14:20:00,Ruta Nacional 11,0.0,2,"Moto/Ciclomotor,Camión c / Acoplado", ,2,1,0,0,1,0,0,"-31.99546, -60.93077",Ruta,11,CORONDA,San JERÓNIMO,S/D,S/D,XV,S/D,S/D,S/D,S/D,S/D,S/D,S/D,S/D,S/D,S/D,S/D,S/D,S/D,S/D,S/D,S/D
2020,2076,2020-07-11,Sabado,21:45:00,,0.0,2,"Moto/Ciclomotor,Automóvil",Rivadavia Y Gregorio Donnet,2,0,1,0,1,0,0,"-31.44509, -60.92708",Calle,,ESPERANZA,Las Colonias,Asfalto,No existe,XI,S/D,Urbana,Otra Señal,No existe,Intersección,Bueno,Buena,Nocturna,Buen Tiempo,Otro,S/D,Colisión,Ninguna,Faltante,Cordón divisorio,Sin restricción
2020,2077,2020-05-06,Miercoles,,,0.0,1,Moto/Ciclomotor, ,2,2,0,0,0,0,0,"-33.04509, -61.16543",S/D,,CASILDA,Caseros,S/D,S/D,IV,S/D,S/D,S/D,S/D,S/D,S/D,S/D,S/D,S/D,S/D,S/D,S/D,S/D,S/D,S/D,S/D
2020,2078,2020-05-06,Miercoles,11:30:00,,0.0,2,"Automóvil,Moto/Ciclomotor",Capitan Bermudez Y Bme Mitre,3,2,0,0,1,0,0,"-32.02376, -61.22332",S/D,,GÁLVEZ,San JERÓNIMO,S/D,S/D,XV,S/D,S/D,S/D,S/D,S/D,S/D,S/D,S/D,S/D,S/D,S/D,S/D,S/D,S/D,S/D,S/D
2020,2079,2020-05-07,Jueves,,,0.0,2,"Moto/Ciclomotor,Peatón",Buenos Aires Y Garibaldi,2,1,1,0,0,0,0,"-33.05054, -61.17742",S/D,,CASILDA,Caseros,S/D,S/D,IV,S/D,S/D,S/D,S/D,S/D,S/D,S/D,S/D,S/D,S/D,Peatón,Atropello,S/D,S/D,S/D,S/D
2020,2080,2020-05-07,Jueves,16:00:00,,0.0,2,"Moto/Ciclomotor,Peatón",Colon 1676,2,0,1,0,0,0,1,"-31.89009, -61.8578",S/D,,SAN JORGE,San MARTÍN,S/D,S/D,XVIII,S/D,S/D,S/D,S/D,S/D,S/D,S/D,S/D,S/D,S/D,Peatón,Atropello,S/D,S/D,S/D,S/D
2020,2081,2020-05-07,Jueves,16:40:00,,0.0,2,"Moto/Ciclomotor,Automóvil",Alvear Y Estanislao Lopez,3,2,0,0,1,0,0,"-29.46566, -60.21931",S/D,,VERA,Vera,S/D,S/D,XIX,S/D,S/D,S/D,S/D,S/D,S/D,S/D,S/D,S/D,S/D,S/D,S/D,S/D,S/D,S/D,S/D
2020,2082,2020-03-30,Lunes,13:55:00,,0.0,2,"Automóvil,Moto/Ciclomotor",Mendoza Y San Jeronimo,2,1,0,0,1,0,0,"-31.648795603288,-60.708704542161",Calle,,SANTA FE,La Capital,Asfalto,No existe,I,Dentro,Urbana,Ninguna,No existe,Intersección,Bueno,Buena,Diurna,Buen Tiempo,Lateral,S/D,Colisión,Ninguna,Faltante,Ninguna,Sin restricción
2020,2083,2020-03-26,Jueves,10:20:00,,0.0,2,"Automóvil,Moto/Ciclomotor",Hipolito Yrigoyen Y 9 de Julio,2,1,0,0,1,0,0,"-31.641738970534,-60.707844575004",Calle,,SANTA FE,La Capital,Asfalto,No existe,I,Dentro,Urbana,Ninguna,No existe,Intersección,Bueno,Buena,Diurna,Buen Tiempo,Lateral,S/D,Colisión,Ninguna,Faltante,Ninguna,Sin restricción
2020,2084,2020-03-17,Martes,,,0.0,2,"Moto/Ciclomotor,Automóvil",Las Heras Y Maipu,2,1,0,0,1,0,0,"-31.634854181595,-60.697051289062",Calle,,SANTA FE,La Capital,Asfalto,No existe,I,Dentro,Urbana,S/D,No existe,Intersección,Bueno,S/D,S/D,S/D,Lateral,S/D,Colisión,Ninguna,Faltante,Ninguna,S/D
2020,2085,2020-03-13,Viernes,05:55:00,,0.0,2,"Moto/Ciclomotor,Automóvil",Sargento Cabral Y Sarmiento,2,1,0,0,1,0,0,"-31.641393303903,-60.694427773485",Avenida,,SANTA FE,La Capital,Asfalto,No existe,I,Dentro,Urbana,Ninguna,No existe,Intersección,Bueno,Buena,"Nocturna,Con luz artificial",Buen Tiempo,Lateral,S/D,Colisión,Ninguna,Faltante,Ninguna,Sin restricción
2020,2086,2020-03-09,Lunes,,,0.0,2,"Bicicleta,Automóvil",Ituzaingo Y Las Heras,2,1,0,0,1,0,0,"-31.638658346345,-60.698170689319",Calle,,SANTA FE,La Capital,Asfalto,No existe,I,Dentro,Urbana,Otra Señal,No existe,Intersección,Bueno,S/D,S/D,Buen Tiempo,S/D,Ciclista,Atropello,Ninguna,Vertical,Ninguna,Sin restricción
2020,2087,2020-03-09,Lunes,,,0.0,2,"Moto/Ciclomotor,Automóvil",Maipu Y Republica de Siria,2,1,0,0,1,0,0,"-31.63439620354,-60.699166576242",Calle,,SANTA FE,La Capital,Asfalto,No existe,I,Dentro,Urbana,Ninguna,No existe,Intersección,Bueno,S/D,S/D,Buen Tiempo,Lateral,S/D,Colisión,Ninguna,Faltante,Ninguna,Sin restricción
2020,2088,2020-03-03,Martes,10:10:00,,0.0,3,"Automóvil,Bicicleta,Bicicleta",Pasco 7000,3,2,0,0,1,0,0,"-32.95103198658,-60.715643270451",Calle,,ROSARIO,Rosario,Asfalto,No existe,II,Dentro,Urbana,Ninguna,No existe,Recta,Otro,Buena,Diurna,Otro,S/D,Ciclista,Atropello,Otro,Faltante,Ninguna,Sin restricción
2020,2089,2020-02-03,Lunes,20:10:00,,0.0,2,"Peatón,Moto/Ciclomotor",Av. Pellegrini Y Roullon,3,0,1,0,2,0,0,"-32.94830918312075,-60.701927840709",Avenida,,ROSARIO,Rosario,Asfalto,No existe,II,Dentro,Urbana,Semáforo,Funciona,Intersección,"Bueno,Otro",Reducida,"Nocturna,Con luz artificial",Otro,S/D,Peatón,Atropello,Otro,"Horizontal,Vertical",Cordón divisorio,Sin restricción
2020,2090,2020-03-02,Lunes,12:55:00,,0.0,2,"Camión c / Acoplado,Moto/Ciclomotor",Bv. 27 De Febrero Y Crespo,3,2,0,0,1,0,0,"-32.962133616541,-60.673564614927",Avenida,,ROSARIO,Rosario,Asfalto,No existe,II,Dentro,Urbana,Semáforo,Funciona,Intersección,Deteriorada,Buena,Diurna,Otro,Otro,S/D,Colisión,Otro,Vertical,Cordón divisorio,Reparación de Va
2020,2091,2020-02-23,Domingo,20:00:00,,0.0,2,"Peatón,Moto/Ciclomotor",Av. De Las Palmeras Y Irurtia,2,1,0,0,1,0,0,"-32.96730995178224,-60.733239948749",Avenida,,ROSARIO,Rosario,Asfalto,No existe,II,Dentro,Urbana,Ninguna,No existe,Intersección,Otro,Buena,Nocturna,Buen Tiempo,S/D,Peatón,Atropello,Ninguna,Faltante,Ninguna,Sin restricción
2020,2092,2020-03-13,Viernes,12:35:00,,0.0,2,"Moto/Ciclomotor,Bicicleta",Fraga Y Garay,3,1,1,0,1,0,0,"-32.966212928565,-60.709214272163",Calle,,ROSARIO,Rosario,Asfalto,No existe,II,Dentro,Urbana,Ninguna,No existe,Intersección,Otro,Buena,Diurna,Otro,S/D,Ciclista,Atropello,Otro,Faltante,Ninguna,Sin restricción
2020,2093,2020-03-01,Domingo,02:30:00,,0.0,2,"Moto/Ciclomotor,Automóvil",Av 7 Jefes Y Cordoba,2,1,0,0,1,0,0,"-31.632948591878,-60.679992833615",Avenida,,SANTA FE,La Capital,Asfalto,No existe,I,Dentro,Urbana,Ninguna,No existe,Intersección,Bueno,Buena,"Nocturna,Con luz artificial",Buen Tiempo,Lateral,S/D,Colisión,Ninguna,Faltante,"Cordón divisorio,Vegetación",Sin restricción
2020,2094,2020-03-10,Martes,17:20:00,,0.0,2,"Moto/Ciclomotor,Taxi/Remis",Av Las Palmeras Y El Zorzal,2,0,1,0,1,0,0,"-32.974474132061005,-60.73477014899",Avenida,,PEREZ,Rosario,Asfalto,No existe,II,Dentro,Urbana,Ninguna,No existe,Intersección,Otro,Reducida,Diurna,Otro,Otro,S/D,Colisión,Otro,Faltante,Cordón divisorio,Sin restricción
2020,2095,2020-03-10,Martes,,,0.0,2,"Moto/Ciclomotor,Automóvil",Alberdi Y Calchines,2,1,0,0,1,0,0,"-31.642533933628,-60.693635079659",Calle,,SANTA FE,La Capital,Asfalto,No existe,I,Dentro,Urbana,Ninguna,No existe,Intersección,Bueno,Buena,Diurna,Buen Tiempo,Lateral,S/D,Colisión,Ninguna,Faltante,Ninguna,Sin restricción
2020,2096,2020-03-07,Sabado,17:20:00,,0.0,2,"Moto/Ciclomotor,Automóvil",Calchines Y Gdor Candioti,2,1,0,0,1,0,0,"-31.641844694284,-60.696824083907",Avenida,,SANTA FE,La Capital,Asfalto,No existe,I,Dentro,Urbana,Semáforo,Funciona,Intersección,Bueno,Buena,Diurna,Buen Tiempo,Lateral,S/D,Colisión,Ninguna,"Horizontal,Vertical",Cordón divisorio,Sin restricción
2020,2097,2020-03-19,Jueves,08:20:00,,0.0,2,"Moto/Ciclomotor,Automóvil",Alvear Y R de Castro,2,1,0,0,1,0,0,"-31.64250477238,-60.698157264547",Calle,,SANTA FE,La Capital,Asfalto,No existe,I,Dentro,Urbana,Ninguna,No existe,Intersección,Bueno,Buena,Diurna,Buen Tiempo,Lateral,S/D,Colisión,Ninguna,Faltante,Ninguna,Sin restricción