anio_acci,nro_acci,fecha,desc_dia,hora_aprox,desc_ruta,km,cant_participantes,desc_participante,calle_avenida_km,total,heridos_leves,heridos_graves,heridos_gravisimos,ilesos,fallecidos,sin_datos,posicion_XY,desc_tipo_via,desc_ruta_ori,desc_loc,desc_dpto,desc_tipo_calzada,desc_tipo_banquina,desc_unidad_regional,desc_lugar_calzada,desc_zona,desc_prioridad,desc_estado_semaforo,desc_lugar_via,desc_estado_via,desc_estado_visibilidad,desc_luminosidad,desc_estado_clima,desc_tipo_colision,desc_tipo_atropello,desc_tipo_hecho,desc_pres_calzada,desc_senializacion,desc_separacion_via,desc_restriccion
2020,2098,2020-03-12,Jueves,17:00:00,,0.0,2,"Automóvil,Moto/Ciclomotor",Jose De San Martin Y 25 de mayo,2,1,0,0,1,0,0,"-31.664285, -60.762560",Calle,,SANTO TOMÉ,La Capital,Asfalto,No existe,I,Dentro,Urbana,Ninguna,Funciona,Intersección,Bueno,Buena,Diurna,Buen Tiempo,Lateral,S/D,Colisión,Ninguna,"Horizontal,Vertical",Ninguna,Sin restricción
2020,2099,2020-03-12,Jueves,11:50:00,,0.0,2,"Automóvil,Moto/Ciclomotor",Obispo Gelabert Y 25 de Mayo,2,1,0,0,1,0,0,"-31.636954962496,-60.702901456437",Calle,,SANTA FE,La Capital,Asfalto,No existe,I,Dentro,Urbana,Semáforo,Funciona,Intersección,Bueno,Buena,Diurna,Buen Tiempo,Lateral,S/D,Colisión,Ninguna,"Horizontal,Vertical",Ninguna,Sin restricción
2020,2100,2020-03-16,Lunes,19:15:00,,0.0,2,"Pickup/Utilitario,Moto/Ciclomotor",Av Gral Lopez Y Belgrano,2,1,0,0,1,0,0,"-31.671656, -60.762534",Avenida,,SANTA FE,La Capital,Asfalto,No existe,I,Dentro,Urbana,Ninguna,No existe,Intersección,Bueno,Buena,"Atardecer,Con luz artificial",Buen Tiempo,Lateral,S/D,Colisión,Ninguna,Faltante,Línea divisoria pintada,Sin restricción
2020,2101,2020-03-02,Lunes,18:10:00,,0.0,2,"Transporte de Pasajeros Urbano (> 8 asientos),Moto/Ciclomotor",Mejico Y Pje. Ghandi,2,0,1,0,1,0,0,"-32.92558014392854,-60.719091296196",Calle,,ROSARIO,Rosario,Asfalto,No existe,II,Dentro,Urbana,Ninguna,No existe,Recta,Bueno,Buena,Diurna,Otro,Lateral,S/D,Colisión,Otro,Faltante,Ninguna,Sin restricción
2020,2102,2020-07-11,Sabado,11:50:00,,0.0,2,"Moto/Ciclomotor,Automóvil",Gobernador Crespo Y Soler,2,1,0,0,1,0,0,"-31.45969, -60.93859",Calle,,ESPERANZA,Las Colonias,Asfalto,No existe,XI,S/D,Urbana,Ninguna,No existe,Intersección,Bueno,Buena,Diurna,Buen Tiempo,Lateral,S/D,Colisión,Ninguna,Faltante,Cordón divisorio,Sin restricción
2020,2103,2020-03-30,Lunes,13:50:00,,0.0,2,"Peatón,Pickup/Utilitario",Ayacucho Y Mu�oz,2,1,0,0,1,0,0,"-33.007962481115,-60.635747179067",Calle,,ROSARIO,Rosario,Asfalto,No existe,II,Dentro,Urbana,Semáforo,No existe,Intersección,Bueno,Buena,Diurna,Buen Tiempo,S/D,Peatón,Atropello,Ninguna,"Horizontal,Vertical",Ninguna,Sin restricción
2020,2104,2020-07-12,Domingo,14:15:00,,0.0,2,"Automóvil,Moto/Ciclomotor",Alvear ,3,2,0,0,1,0,0,"-30.58149, -59.92868",Calle,,SAN JAVIER,San Javier,Tierra,Natural,XIV,Dentro,Urbana,Ninguna,No existe,Recta,Bueno,Buena,Diurna,Buen Tiempo,De alcance,S/D,Colisión,Ninguna,S/D,Ninguna,Sin restricción
2020,2105,2020-03-03,Martes,08:00:00,Ruta Nacional 9,0.0,2,"Bicicleta,Automóvil",Av. Eva Peron Y Donado,2,0,1,0,1,0,0,"-32.93043781901,-60.727366906678",Ruta,9,ROSARIO,Rosario,Asfalto,No existe,II,Dentro,Urbana,Semáforo,Funciona,Recta,Bueno,Buena,Diurna,Buen Tiempo,S/D,Ciclista,Atropello,Otro,"Horizontal,Vertical",Cordón divisorio,Sin restricción
2020,2106,2020-03-30,Lunes,19:00:00,,0.0,2,"Moto/Ciclomotor,Pickup/Utilitario",Dean Funes Y Sarmiento,2,1,0,0,1,0,0,"-32.975632630122,-60.645503303342",Calle,,ROSARIO,Rosario,Asfalto,No existe,II,Dentro,Urbana,Ninguna,No existe,Intersección,Bueno,Buena,Atardecer,Buen Tiempo,Lateral,S/D,Colisión,Ninguna,Faltante,Ninguna,Sin restricción
2020,2107,2020-07-13,Lunes,13:50:00,Ruta Provincial 1,0.0,1,Moto/Ciclomotor,Ruta N� 1 ,2,1,0,0,1,0,0,"-30.58256, -59.94044",Ruta,1,SAN JAVIER,San Javier,Asfalto,Natural,XIV,Dentro,Rural,Ninguna,No existe,Recta,Bueno,Buena,Diurna,Buen Tiempo,Otro,S/D,Cañda ocupante,Ninguna,S/D,Ninguna,Sin restricción
2020,2108,2020-03-05,Jueves,21:20:00,,0.0,2,"Automóvil,Moto/Ciclomotor",Pje. Ghandi 6898,3,1,1,0,1,0,0,"-32.925504538681,-60.715632153465",Calle,,ROSARIO,Rosario,Asfalto,No existe,II,Dentro,Urbana,Ninguna,No existe,Recta,Bueno,Buena,Nocturna,Otro,Lateral,S/D,Colisión,Ninguna,Faltante,Ninguna,Sin restricción
2020,2109,2020-03-09,Lunes,01:30:00,,0.0,2,"Automóvil,Automóvil",Bv. 27 De Febrero Y Entre Rios,4,2,0,0,2,0,0,"-32.967166291262,-60.646296462401",Avenida,,ROSARIO,Rosario,Asfalto,No existe,II,Dentro,Urbana,Semáforo,Funciona,Intersección,Bueno,Buena,"Nocturna,Con luz artificial",Buen Tiempo,Lateral,S/D,Colisión,Ninguna,"Horizontal,Vertical","Cordón divisorio,Vegetación,Línea divisoria pintada",Sin restricción
2020,2110,2020-03-07,Sabado,16:15:00,,0.0,2,"Pickup/Utilitario,Moto/Ciclomotor",Av. Corrientes Y Ituzaingo,2,0,1,0,1,0,0,"-32.959969804256,-60.645945558074",Avenida,,ROSARIO,Rosario,Asfalto,No existe,II,Dentro,Urbana,Semáforo,Funciona,Intersección,Bueno,Buena,Diurna,Buen Tiempo,Lateral,S/D,Colisión,Ninguna,"Horizontal,Vertical",Línea divisoria pintada,Sin restricción
2020,2111,2020-03-30,Lunes,19:05:00,,0.0,2,"Moto/Ciclomotor,Automóvil",Juan Canals Y Trento,2,1,0,0,1,0,0,"-32.987077, -60.662092",Calle,,ROSARIO,Rosario,Asfalto,No existe,II,Dentro,Urbana,Ninguna,No existe,Intersección,Bueno,Buena,Atardecer,Buen Tiempo,Lateral,S/D,Colisión,Ninguna,Faltante,Ninguna,Sin restricción
2020,2112,2020-03-07,Sabado,23:45:00,,0.0,2,"Automóvil,Peatón",Cordoba Y Rodriguez,2,1,0,0,1,0,0,"-32.94273820751,-60.658718879668",Calle,,ROSARIO,Rosario,Hormigón,No existe,II,Dentro,Urbana,Semáforo,Funciona,Intersección,Bueno,Buena,"Nocturna,Con luz artificial",Buen Tiempo,S/D,Peatón,Atropello,Ninguna,"Horizontal,Vertical",Línea divisoria pintada,Sin restricción
2020,2113,2020-03-01,Domingo,13:20:00,,0.0,2,"Transporte de Pasajeros Urbano (> 8 asientos),Automóvil",J.Colombres Y Mendoza,2,0,1,0,1,0,0,"-32.940640143199,-60.729348221593",Calle,,ROSARIO,Rosario,Asfalto,No existe,II,Dentro,Urbana,Semáforo,Funciona,Recta,Bueno,Buena,Diurna,Buen Tiempo,De alcance,S/D,Colisión,Ninguna,Vertical,Cordón divisorio,Sin restricción
2020,2114,2020-03-06,Viernes,09:25:00,,0.0,2,"Pickup/Utilitario,Peatón",9 De Julio 1663,2,1,0,0,1,0,0,"-32.952421692028,-60.647856712673",Calle,,ROSARIO,Rosario,Hormigón,No existe,II,Dentro,Urbana,Ninguna,No existe,Recta,Bueno,Buena,Diurna,Buen Tiempo,S/D,Peatón,Atropello,Ninguna,Horizontal,Línea divisoria pintada,Sin restricción
2020,2115,2020-07-14,Martes,15:20:00,,0.0,1,Moto/Ciclomotor,Gral Lavalle ,2,2,0,0,0,0,0,"-30.57985, -59.93495",Calle,,SAN JAVIER,San Javier,Tierra,Natural,XIV,Dentro,Urbana,Ninguna,No existe,Intersección,Resbaladiza,Buena,Diurna,Buen Tiempo,S/D,S/D,Cañda ocupante,Agua,S/D,Ninguna,Sin restricción
2020,2116,2020-03-03,Martes,12:00:00,,0.0,2,"Automóvil,Automóvil",Amenabar Y Paraguay,2,2,0,0,0,0,0,"-32.971190589792,-60.650218757783",Calle,,ROSARIO,Rosario,Asfalto,No existe,II,Dentro,Urbana,Ninguna,No existe,Intersección,Bueno,Buena,Diurna,Buen Tiempo,"Contra objeto fijo,Lateral",S/D,Colisión,Ninguna,Faltante,Ninguna,Sin restricción
2020,2117,2020-02-25,Martes,08:05:00,Autopista Nacional Gral. Juan Jose Valle,281.5,1,Automóvil, ,1,0,0,0,0,1,0,"-33.0614, -60.65124",Autopista,Gral. Juan Jose Valle,ALVEAR,Rosario,Asfalto,Natural,II,Dentro,Rural,Ninguna,No existe,Recta,Bueno,Buena,Diurna,Buen Tiempo,S/D,S/D,Vuelco,Ninguna,Faltante,Ninguna,Sin restricción
2020,2118,2020-02-26,Miercoles,12:10:00,,0.0,2,"Moto/Ciclomotor,Automóvil",Avenida Italia Y Independencia,3,0,1,0,1,1,0,"-29.88372, -61.94901",Calle,,CERES,San CRISTÓBAL,Asfalto,No existe,XIII,Dentro,Urbana,Ninguna,No existe,Intersección,Bueno,Buena,Diurna,Buen Tiempo,Lateral,S/D,Colisión,Ninguna,Horizontal,Vegetación,Sin restricción
2020,2119,2020-07-09,Jueves,03:10:00,,0.0,1,Moto/Ciclomotor,AV. PRESIDENTE PERON ,2,2,0,0,0,0,0,"-30.573850954110, -59.938717018493",Calle,,SAN JAVIER,San Javier,Tierra,Natural,XIV,Dentro,Urbana,Ninguna,No existe,Intersección,Bueno,Buena,Nocturna,Buen Tiempo,Otro,S/D,Cañda ocupante,Ninguna,S/D,Ninguna,Sin restricción
2020,2120,2020-07-08,Miercoles,10:20:00,,0.0,2,"Automóvil,Bicicleta",Rivadavia Y Av Gral Lopez,2,1,0,0,1,0,0,"-30.58023, -59.93168",Calle,,SAN JAVIER,San Javier,Hormigón,Pavimento,XIV,Dentro,Urbana,Ninguna,No existe,Intersección,Bueno,Buena,Diurna,Buen Tiempo,S/D,Ciclista,Atropello,Ninguna,S/D,Ninguna,Sin restricción
2020,2121,2020-03-06,Viernes,08:55:00,,0.0,2,"Moto/Ciclomotor,Automóvil",Pueyrredon Y San Lorenzo,2,1,0,0,1,0,0,"-32.940709303994,-60.656780681371",Calle,,ROSARIO,Rosario,Asfalto,No existe,II,Dentro,Urbana,Señal Pare,No existe,Intersección,Bueno,Buena,Diurna,Buen Tiempo,Lateral,S/D,Colisión,Ninguna,Vertical,Ninguna,Sin restricción
2020,2122,2020-03-29,Domingo,20:30:00,,0.0,2,"Moto/Ciclomotor,Automóvil",Donado Y Montevideo,2,1,0,0,1,0,0,"-32.947530685906,-60.7267013905",Calle,,ROSARIO,Rosario,Asfalto,No existe,II,Dentro,Urbana,Ninguna,No existe,Recta,Bueno,Buena,"Nocturna,Con luz artificial",S/D,Otro,S/D,Colisión,Ninguna,Faltante,Ninguna,Sin restricción
2020,2123,2020-01-31,Viernes,21:50:00,Ruta Secundaria 26-s,41.0,1,Pickup/Utilitario, ,3,1,1,0,0,1,0,"-33.06374, -61.1494",Ruta,26-s,CASILDA,Caseros,Asfalto,Natural,IV,Dentro,Urbana,Ninguna,No existe,Recta,Bueno,S/D,Nocturna,S/D,S/D,S/D,Vuelco,Ninguna,Faltante,Ninguna,Sin restricción
2020,2124,2020-03-05,Jueves,12:20:00,,0.0,2,"Moto/Ciclomotor,Automóvil",Rueda 1579,2,1,0,0,1,0,0,"-32.969843873277,-60.651035599803",Calle,,ROSARIO,Rosario,Asfalto,No existe,II,Dentro,Urbana,Ninguna,No existe,Recta,Bueno,Buena,Diurna,Buen Tiempo,Lateral,S/D,Colisión,Ninguna,Faltante,Ninguna,Sin restricción
2020,2125,2020-03-05,Jueves,20:10:00,,0.0,2,"Automóvil,Peatón",Mitre 1781,2,1,0,0,1,0,0,"-32.95798141397,-60.642515930399",Calle,,ROSARIO,Rosario,Asfalto,No existe,II,Dentro,Urbana,Paso Peatonal,No existe,Recta,Bueno,Buena,"Nocturna,Con luz artificial",Buen Tiempo,S/D,Peatón,Atropello,Ninguna,Horizontal,Ninguna,Sin restricción
2020,2127,2020-03-04,Miercoles,07:30:00,,0.0,2,"Automóvil,Moto/Ciclomotor",Av. Corrientes Y Lamadrid,2,1,0,0,1,0,0,"-32.997222691865,-60.653473653833",Calle,,ROSARIO,Rosario,Asfalto,No existe,II,Dentro,Urbana,Ninguna,No existe,Intersección,Bueno,Buena,Diurna,Buen Tiempo,Lateral,S/D,Colisión,Ninguna,Faltante,Ninguna,Sin restricción
2020,2128,2020-03-10,Martes,06:50:00,,0.0,2,"Moto/Ciclomotor,Automóvil",Bv. Wilde Y Filiberto,2,1,0,0,1,0,0,"-32.93734292155,-60.738673569847",Avenida,,ROSARIO,Rosario,Asfalto,No existe,II,Dentro,Urbana,Paso Peatonal,No existe,Recta,Bueno,Buena,Diurna,Buen Tiempo,Lateral,S/D,Colisión,Ninguna,Horizontal,Cordón divisorio,Sin restricción
2020,2129,2020-03-04,Miercoles,13:00:00,,0.0,2,"Automóvil,Bicicleta",Marcos Paz Y Vera Mujica,2,1,0,0,1,0,0,"-32.945707464283,-60.667991805352",Calle,,ROSARIO,Rosario,Asfalto,No existe,II,Dentro,Urbana,Ninguna,No existe,Intersección,Bueno,Buena,Diurna,Buen Tiempo,S/D,S/D,Colisión,Ninguna,Faltante,Ninguna,Sin restricción
2020,2130,2020-03-11,Miercoles,11:00:00,,0.0,2,"Bicicleta,Automóvil",Brasil Y Mendoza,2,1,0,0,1,0,0,"-32.940484235898,-60.719552567005",Avenida,,ROSARIO,Rosario,Asfalto,No existe,II,Dentro,Urbana,Semáforo,Funciona,Recta,Bueno,Buena,Diurna,Buen Tiempo,S/D,Ciclista,Atropello,Ninguna,"Horizontal,Vertical",Cordón divisorio,Sin restricción
2020,2131,2020-03-04,Miercoles,18:15:00,,0.0,2,"Moto/Ciclomotor,Automóvil",Gutenberg Y Marcos Paz,3,2,0,0,1,0,0,"-32.942043627335,-60.688397446131",Calle,,ROSARIO,Rosario,Hormigón,No existe,II,Dentro,Urbana,Ninguna,No existe,Intersección,Bueno,Buena,Diurna,Buen Tiempo,Lateral,S/D,Colisión,Ninguna,Faltante,Ninguna,Sin restricción
2020,2132,2020-07-12,Domingo,12:15:00,,0.0,2,"Moto/Ciclomotor,Automóvil",Italia Y J Hernandez,3,0,2,0,1,0,0,"-34.26597, -62.69357",Calle,,RUFINO,General LÓPEZ,Tierra,Natural,VIII,Dentro,Urbana,Ninguna,No existe,Recta,Otro,Buena,Diurna,Buen Tiempo,Lateral,S/D,Colisión,Ninguna,Faltante,Ninguna,Sin restricción
2020,2133,2020-03-03,Martes,11:30:00,,0.0,2,"Moto/Ciclomotor,Automóvil",Catamarca 1824,2,1,0,0,1,0,0,"-32.938807806205,-60.646740791929",Calle,,ROSARIO,Rosario,Asfalto,No existe,II,Dentro,Urbana,Ninguna,No existe,Intersección,Bueno,Buena,Diurna,Buen Tiempo,Lateral,S/D,Colisión,Ninguna,Horizontal,Línea divisoria pintada,Obra en Construcción
2020,2134,2020-07-11,Sabado,14:35:00,,0.0,2,"Moto/Ciclomotor,Automóvil",Ecuador Y Santa Fe,2,0,1,0,1,0,0,"-32.79029, -61.60588",Calle,,ARMSTRONG,Belgrano,Asfalto,S/D,III,Dentro,Urbana,Ninguna,No existe,Intersección,Bueno,Buena,Diurna,Buen Tiempo,De alcance,S/D,Colisión,Ninguna,Vertical,Cordón divisorio,Sin restricción
2020,2135,2020-03-04,Miercoles,08:30:00,,0.0,2,"Pickup/Utilitario,Taxi/Remis",Ayolas Y San Martin,2,1,0,0,1,0,0,"-32.97705220995,-60.644243945969",Avenida,,ROSARIO,Rosario,Asfalto,No existe,II,Dentro,Urbana,Semáforo,Funciona,Recta,Bueno,Buena,Diurna,Buen Tiempo,De alcance,S/D,Colisión,Ninguna,"Horizontal,Vertical",Línea divisoria pintada,Sin restricción
2020,2136,2020-03-01,Domingo,17:45:00,,0.0,2,"Peatón,Automóvil",Dorrego Y Montevideo,2,1,0,0,1,0,0,"-32.954159761486,-60.651678339075",Calle,,ROSARIO,Rosario,Asfalto,No existe,II,Dentro,Urbana,Señal Pare,No existe,Intersección,Bueno,Buena,Diurna,Buen Tiempo,S/D,Peatón,Atropello,Ninguna,"Horizontal,Vertical",Línea divisoria pintada,Sin restricción
2020,2137,2020-03-01,Domingo,10:00:00,,0.0,2,"Automóvil,Peatón",Alvear Y Brown,2,1,0,0,1,0,0,"-32.934159702805,-60.652291643977",Calle,,ROSARIO,Rosario,Asfalto,No existe,II,Dentro,Urbana,Señal Pare,No existe,Intersección,Bueno,Buena,Diurna,Buen Tiempo,S/D,Peatón,Atropello,Ninguna,"Horizontal,Vertical",Ninguna,Sin restricción
2020,2138,2020-07-14,Martes,13:00:00,,0.0,2,"Moto/Ciclomotor,Moto/Ciclomotor",Avenida 21 Y Avenida 18,2,1,0,0,1,0,0,"-32.67914, -61.52021",Avenida,,LAS PAREJAS,Belgrano,Asfalto,No existe,III,S/D,Urbana,Policía de tránsito,No existe,Rotonda,Bueno,Buena,Diurna,Buen Tiempo,Lateral,S/D,Colisión,Ninguna,S/D,Ninguna,Desvío Provisorio
2020,2139,2020-02-01,Sabado,22:30:00,,0.0,1,Moto/Ciclomotor,Juan F. Segui Y Corrientes,2,1,0,0,0,1,0,"-32.20837, -61.70388",Calle,,EL TRÉBOL,San MARTÍN,"Asfalto,Tierra",No existe,XVIII,Dentro,Urbana,Ninguna,No existe,Intersección,Bueno,S/D,Nocturna,S/D,S/D,S/D,Cañda ocupante,Ninguna,Horizontal,Ninguna,Sin restricción
2020,2140,2020-03-01,Domingo,06:30:00,,0.0,2,"Automóvil,Automóvil",Cordoba Y Pje. Sanchez de Triana,2,1,0,0,1,0,0,"-32.93993078731,-60.674356042674",Calle,,ROSARIO,Rosario,Asfalto,No existe,II,Dentro,Urbana,Paso Peatonal,No existe,Intersección,Bueno,Buena,Amanecer,Buen Tiempo,Lateral,S/D,Colisión,Ninguna,Horizontal,Línea divisoria pintada,Sin restricción
2020,2141,2020-03-12,Jueves,10:05:00,,0.0,2,"Moto/Ciclomotor,Automóvil",Av. Genova Y Av. Provincias Unidas,2,2,0,0,0,0,0,"-32.9159751534462,-60.7137778401374",Avenida,,ROSARIO,Rosario,Hormigón,No existe,II,Dentro,Urbana,Semáforo,Funciona,Intersección,Bueno,S/D,Diurna,S/D,Lateral,S/D,Colisión,S/D,"Horizontal,Vertical",Cordón divisorio,Sin restricción
2020,2142,2020-07-10,Viernes,14:50:00,,0.0,1,Moto/Ciclomotor,Avenida 17 ,1,0,1,0,0,0,0,"-32.68453, -61.53289",Camino Rural,,LAS PAREJAS,Belgrano,Tierra,No existe,III,S/D,Rural,Ninguna,No existe,Recta,Bueno,Buena,Diurna,Buen Tiempo,S/D,S/D,Despiste,Ninguna,Faltante,Ninguna,Sin restricción
2020,2143,2020-03-01,Domingo,14:40:00,,0.0,2,"Taxi/Remis,Automóvil",San Juan Y Sarmiento,4,2,0,0,2,0,0,"-32.950147041192,-60.63912357151",Calle,,ROSARIO,Rosario,Asfalto,No existe,II,Dentro,Urbana,Paso Peatonal,No existe,Intersección,Bueno,Buena,Diurna,Buen Tiempo,Lateral,S/D,Colisión,Ninguna,Horizontal,Ninguna,Sin restricción
2020,2144,2020-02-01,Sabado,09:50:00,,0.0,2,"Moto/Ciclomotor,Automóvil",Dr Daniel Cantoia Y Roque Vitola,2,0,0,0,1,1,0,"-32.748498, -60.753433",Calle,,SAN LORENZO,San Lorenzo,Asfalto,No existe,XVIII,Dentro,Urbana,Ninguna,No existe,Intersección,Bueno,S/D,Diurna,S/D,S/D,S/D,Colisión,Ninguna,Faltante,Ninguna,Sin restricción
2020,2145,2020-03-03,Martes,10:20:00,,0.0,2,"Peatón,Moto/Ciclomotor",Reg.11 de Infanteria Y San Martin,2,1,0,0,0,0,1,"-32.998777122322,-60.648358689359",Avenida,,ROSARIO,Rosario,Asfalto,No existe,II,Dentro,Urbana,Semáforo,Funciona,Intersección,Bueno,Buena,Diurna,Buen Tiempo,S/D,Peatón,Atropello,Ninguna,"Horizontal,Vertical",Cordón divisorio,Sin restricción
2020,2146,2020-07-12,Domingo,19:00:00,,0.0,1,Moto/Ciclomotor, ,1,0,1,0,0,0,0,"-32.6399, -61.5261",Camino Rural,,LAS ROSAS,Belgrano,Tierra,Natural,III,Fuera,Rural,Ninguna,S/D,Curva,Resbaladiza,Reducida polvo,Nocturna,Buen Tiempo,Contra objeto fijo,S/D,Colisión,Material Suelto,Faltante,Ninguna,Sin restricción
2020,2147,2020-03-03,Martes,15:20:00,,0.0,2,"Automóvil,Taxi/Remis",Mitre Y Virasoro,3,1,0,0,2,0,0,"-32.969644037506,-60.645444016857",Calle,,ROSARIO,Rosario,Asfalto,No existe,II,Dentro,Urbana,Paso Peatonal,No existe,Intersección,Bueno,Buena,Diurna,Buen Tiempo,Lateral,S/D,Colisión,Ninguna,Horizontal,Ninguna,Sin restricción
2020,2148,2020-03-13,Viernes,17:30:00,,0.0,2,"Moto/Ciclomotor,Taxi/Remis",J.J.Paso Y Tte.Agneta,3,3,0,0,0,0,0,"-32.9198294878006,-60.7006189227104",Calle,,ROSARIO,Rosario,Hormigón,No existe,II,Dentro,Urbana,Semáforo,Funciona,Intersección,Bueno,Buena,Diurna,Buen Tiempo,Lateral,S/D,Colisión,S/D,Vertical,Ninguna,Sin restricción
2020,2149,2020-07-10,Viernes,18:30:00,,0.0,2,"Automóvil,Moto/Ciclomotor",Urquiza Y Av Gral Lopez,2,0,1,0,1,0,0,"-32.81288, -60.71908",Calle,,CAPITÁN BERMÚDEZ,San Lorenzo,Asfalto,Pavimento,XVII,Dentro,Urbana,S/D,No existe,Cruce,Bueno,Buena,Atardecer,S/D,S/D,S/D,Colisión,Ninguna,Faltante,S/D,S/D
2020,2150,2020-03-02,Lunes,15:15:00,,0.0,2,"Taxi/Remis,Taxi/Remis",Buenos Aires Y Mendoza,2,1,0,0,1,0,0,"-32.952473569195,-60.633997204012",Calle,,ROSARIO,Rosario,Asfalto,No existe,II,Dentro,Urbana,Paso Peatonal,No existe,Intersección,Bueno,Buena,Diurna,Buen Tiempo,Lateral,S/D,Colisión,Ninguna,Horizontal,Línea divisoria pintada,Sin restricción
2020,2151,2020-07-12,Domingo,05:40:00,,0.0,1,Moto/Ciclomotor,Av San Martin Y Granadero Baigorria,1,1,0,0,0,0,0,"-32.73441, -60.7339",Avenida,,SAN LORENZO,San Lorenzo,S/D,S/D,XVII,S/D,Urbana,S/D,S/D,Intersección,S/D,S/D,S/D,S/D,Contra objeto fijo,S/D,Colisión,S/D,S/D,S/D,S/D
2020,2152,2020-03-03,Martes,15:20:00,,0.0,2,"Automóvil,Automóvil",Av. Ntra.Sra.del Rosario Y San Martin,3,1,0,0,2,0,0,"-32.999874, -60.648815",Avenida,,ROSARIO,Rosario,Asfalto,No existe,II,Dentro,Urbana,Semáforo,Funciona,Intersección,Bueno,Buena,Diurna,Buen Tiempo,De alcance,S/D,Colisión,Ninguna,"Horizontal,Vertical",Cordón divisorio,Sin restricción
2020,2153,2020-03-12,Jueves,16:00:00,,0.0,2,"Automóvil,Moto/Ciclomotor",Av. Genova Y F.Flynn Bis,3,2,0,0,1,0,0,"-32.91546197305,-60.695269157581",Avenida,,ROSARIO,Rosario,Asfalto,No existe,II,Dentro,Urbana,Ninguna,No existe,Intersección,S/D,Buena,Diurna,Buen Tiempo,Lateral,S/D,Colisión,S/D,Faltante,Ninguna,Sin restricción
2020,2154,2020-07-18,Sabado,01:10:00,,0.0,2,"Automóvil,Bicicleta",Dorrego Y Urquiza,2,1,0,0,1,0,0,"-32.95883, -60.693",Calle,,ROSARIO,Rosario,Asfalto,S/D,II,S/D,Urbana,S/D,S/D,Intersección,S/D,S/D,S/D,S/D,S/D,Ciclista,Atropello,S/D,S/D,S/D,S/D
2020,2155,2020-03-07,Sabado,09:20:00,,0.0,2,"Automóvil,Moto/Ciclomotor",Gaboto Y Maipu,2,1,0,0,1,0,0,"-32.973825415908,-60.642184642997",Calle,,ROSARIO,Rosario,Asfalto,No existe,II,Dentro,Urbana,Ninguna,No existe,Intersección,Bueno,Buena,Diurna,Buen Tiempo,Lateral,S/D,Colisión,Ninguna,Faltante,Ninguna,Sin restricción
2020,2156,2020-03-14,Sabado,11:35:00,,0.0,1,Moto/Ciclomotor,Fraga Bis Y J.J.Paso,3,2,0,0,1,0,0,"-32.920232621041,-60.711428418239",Calle,,ROSARIO,Rosario,Asfalto,No existe,II,Dentro,Urbana,Señal Pare,No existe,Intersección,Deteriorada,S/D,Diurna,S/D,S/D,S/D,Despiste,Material Suelto,Vertical,Ninguna,Sin restricción
2020,2157,2020-07-13,Lunes,12:00:00,,0.0,2,"Moto/Ciclomotor,Moto/Ciclomotor",Martin Zapata Y Pres Domingo Faustino Sarmient,2,1,0,0,0,0,1,"-31.65682, -60.79193",Calle,,SANTO TOMÉ,La Capital,Ripio,No existe,I,S/D,Urbana,Ninguna,No existe,Intersección,Deteriorada,Buena,Diurna,Buen Tiempo,Lateral,S/D,Colisión,Ninguna,Faltante,Ninguna,Sin restricción
2020,2158,2020-03-07,Sabado,20:25:00,,0.0,2,"Automóvil,Automóvil",Garibaldi Y San Nicolas,6,5,0,0,1,0,0,"-32.979830985868,-60.682294638846",Calle,,ROSARIO,Rosario,Asfalto,No existe,II,Dentro,Urbana,Ninguna,No existe,Intersección,Bueno,Buena,Diurna,Buen Tiempo,S/D,S/D,Colisión,Ninguna,Faltante,Ninguna,Sin restricción
2020,2159,2020-03-08,Domingo,20:00:00,,0.0,2,"Peatón,Moto/Ciclomotor",Av. Corrientes Y Av. Uriburu,2,1,0,0,0,0,1,"-32.990813568663,-60.653712406228",Avenida,,ROSARIO,Rosario,Asfalto,No existe,II,Dentro,Urbana,Semáforo,Funciona,Intersección,Bueno,Buena,"Nocturna,Con luz artificial",Buen Tiempo,S/D,Peatón,Atropello,Ninguna,"Horizontal,Vertical",Cordón divisorio,Sin restricción