anio_acci,nro_acci,fecha,desc_dia,hora_aprox,desc_ruta,km,cant_participantes,desc_participante,calle_avenida_km,total,heridos_leves,heridos_graves,heridos_gravisimos,ilesos,fallecidos,sin_datos,posicion_XY,desc_tipo_via,desc_ruta_ori,desc_loc,desc_dpto,desc_tipo_calzada,desc_tipo_banquina,desc_unidad_regional,desc_lugar_calzada,desc_zona,desc_prioridad,desc_estado_semaforo,desc_lugar_via,desc_estado_via,desc_estado_visibilidad,desc_luminosidad,desc_estado_clima,desc_tipo_colision,desc_tipo_atropello,desc_tipo_hecho,desc_pres_calzada,desc_senializacion,desc_separacion_via,desc_restriccion
2020,2160,2020-03-09,Lunes,15:21:00,,0.0,2,"Bicicleta,Automóvil",Bv. Segui Y Italia,2,1,0,0,1,0,0,"-32.977226007351,-60.656063711218",Avenida,,ROSARIO,Rosario,Asfalto,No existe,II,Dentro,Urbana,Ninguna,No existe,Intersección,Bueno,Buena,Diurna,Buen Tiempo,S/D,Ciclista,Atropello,Ninguna,Faltante,"Cordón divisorio,Vegetación",Sin restricción
2020,2161,2020-07-12,Domingo,14:00:00,,0.0,2,"Moto/Ciclomotor,Moto/Ciclomotor",Pres Domingo Faustino Sarmient Y Juan Jose Paso,3,2,0,0,1,0,0,"-31.65963, -60.77454",Calle,,SANTO TOMÉ,La Capital,Asfalto,No existe,I,S/D,Urbana,Ninguna,No existe,Intersección,Bueno,Buena,Diurna,Buen Tiempo,Lateral,S/D,Colisión,Ninguna,Faltante,Ninguna,Sin restricción
2020,2162,2020-03-09,Lunes,02:20:00,,0.0,2,"Moto/Ciclomotor,Automóvil",Bv. Oroño 5046,3,0,1,0,2,0,0,"-32.995891196282,-60.665407174303",Avenida,,ROSARIO,Rosario,Asfalto,No existe,II,Dentro,Urbana,Ninguna,No existe,Recta,Bueno,Buena,"Nocturna,Con luz artificial",Buen Tiempo,S/D,S/D,Colisión,Ninguna,Horizontal,"Cordón divisorio,Vegetación,Línea divisoria pintada",Sin restricción
2020,2163,2020-03-24,Martes,20:55:00,,0.0,2,"Moto/Ciclomotor,Automóvil",Laprida Y Mr.Ross,2,1,0,0,1,0,0,"-32.988951961534,-60.644774708387",Calle,,ROSARIO,Rosario,Asfalto,No existe,II,Dentro,Urbana,Ninguna,No existe,Intersección,Bueno,Buena,"Nocturna,Con luz artificial",Buen Tiempo,De alcance,S/D,Colisión,Ninguna,Faltante,Ninguna,Sin restricción
2020,2164,2020-03-07,Sabado,23:00:00,,0.0,2,"Automóvil,Peatón",Colon Y Dean Funes,2,1,0,0,1,0,0,"-32.977885381561,-60.632880051453",Calle,,ROSARIO,Rosario,Asfalto,No existe,II,Dentro,Urbana,Señal Pare,No existe,Recta,Bueno,Buena,"Nocturna,Con luz artificial",Buen Tiempo,S/D,Peatón,Atropello,Ninguna,Vertical,Ninguna,Sin restricción
2020,2165,2020-03-18,Miercoles,17:35:00,,0.0,2,"Moto/Ciclomotor,Pickup/Utilitario",Bv. Segui Y Castellanos,3,2,0,0,1,0,0,"-32.972542212297,-60.683297262965",Avenida,,ROSARIO,Rosario,Asfalto,No existe,II,Dentro,Urbana,Ninguna,No existe,Intersección,Bueno,Buena,Diurna,Buen Tiempo,S/D,S/D,Colisión,Ninguna,Horizontal,Línea divisoria pintada,Sin restricción
2020,2166,2020-03-23,Lunes,13:40:00,,0.0,2,"Automóvil,Moto/Ciclomotor",Bv. Segui Y Sarmiento,3,2,0,0,1,0,0,"-32.978962429421,-60.646343767061",Avenida,,ROSARIO,Rosario,Asfalto,No existe,II,Dentro,Urbana,Señal Pare,No existe,Intersección,Bueno,Buena,Diurna,Buen Tiempo,Lateral,S/D,Colisión,Ninguna,"Horizontal,Vertical",Cordón divisorio,Sin restricción
2020,2168,2020-03-09,Lunes,16:50:00,,0.0,2,"Vehículo Oficial,Automóvil",Bv. Oroño Y Bv. Segui,2,1,0,0,1,0,0,"-32.9764734024,-60.661412628935",Avenida,,ROSARIO,Rosario,Asfalto,No existe,II,Dentro,Urbana,Semáforo,Funciona,Intersección,Bueno,Buena,Diurna,Buen Tiempo,Lateral,S/D,Colisión,Ninguna,"Horizontal,Vertical","Cordón divisorio,Vegetación",Sin restricción
2020,2169,2020-07-09,Jueves,11:15:00,,0.0,2,"Moto/Ciclomotor,Bicicleta",Roverano Y Juan Jose Paso,2,1,0,0,1,0,0,"-31.69226, -60.78301",Calle,,SANTO TOMÉ,La Capital,Asfalto,Natural,I,S/D,Urbana,Ninguna,No existe,Intersección,Bueno,Buena,Diurna,Buen Tiempo,S/D,Ciclista,Atropello,Ninguna,Faltante,Línea divisoria pintada,Sin restricción
2020,2170,2020-03-19,Jueves,21:40:00,,0.0,2,"Moto/Ciclomotor,Automóvil",Av. Ovidio Lagos Y Saavedra,2,1,0,0,1,0,0,"-32.973818864024,-60.6690251055",Avenida,,ROSARIO,Rosario,Asfalto,No existe,II,Dentro,Urbana,Paso Peatonal,No existe,Intersección,Bueno,Buena,"Nocturna,Con luz artificial",Buen Tiempo,S/D,S/D,Colisión,Ninguna,Horizontal,"Cordón divisorio,Línea divisoria pintada",Sin restricción
2020,2171,2020-03-11,Miercoles,12:15:00,,0.0,2,"Bicicleta,Automóvil",F.Frias Y Leiva,2,1,0,0,1,0,0,"-33.011628288906,-60.637540862443",Calle,,ROSARIO,Rosario,Asfalto,No existe,II,Dentro,Urbana,Ninguna,No existe,Intersección,Bueno,Reducida,Diurna,Lluvia,S/D,Ciclista,Atropello,Agua,Faltante,Ninguna,Sin restricción
2020,2172,2020-03-11,Miercoles,22:50:00,,0.0,2,"Moto/Ciclomotor,Moto/Ciclomotor",Centeno Y Laprida,2,1,0,0,1,0,0,"-32.985505905869,-60.643904686172",Calle,,ROSARIO,Rosario,Asfalto,No existe,II,Dentro,Urbana,Ninguna,No existe,Intersección,Bueno,Buena,"Nocturna,Con luz artificial",Buen Tiempo,Lateral,S/D,Colisión,Ninguna,Faltante,Ninguna,Sin restricción
2020,2173,2020-07-09,Jueves,18:45:00,Ruta Nacional 11,0.0,1,Moto/Ciclomotor,Ruta Nac 11 Y Ruta 18 S,2,1,0,0,1,0,0,"-32.71302, -60.75719",Ruta,11,PUERTO SAN MARTÍN,San Lorenzo,Asfalto,Natural,XVII,Dentro,Urbana,Ninguna,No existe,Intersección,Bueno,Buena,Atardecer,Buen Tiempo,Otro,S/D,Cañda ocupante,Ninguna,Faltante,Ninguna,Sin restricción
2020,2174,2020-03-03,Martes,16:17:00,,0.0,2,"Moto/Ciclomotor,Automóvil",Bv. Segui Y Dorrego,2,1,0,0,1,0,0,"-32.977189566136,-60.657472302606",Avenida,,ROSARIO,Rosario,Asfalto,No existe,II,Dentro,Urbana,Ninguna,No existe,Intersección,Bueno,Buena,Diurna,Buen Tiempo,Lateral,S/D,Colisión,Ninguna,Faltante,Cordón divisorio,Sin restricción
2020,2175,2020-03-13,Viernes,08:15:00,,0.0,2,"Automóvil,Automóvil",Bv. Segui Y Dorrego,2,1,0,0,1,0,0,"-32.976983547866,-60.657419000097",Avenida,,ROSARIO,Rosario,Asfalto,No existe,II,Dentro,Urbana,Ninguna,No existe,Intersección,Bueno,Buena,Diurna,Buen Tiempo,Lateral,S/D,Colisión,Ninguna,Faltante,"Cordón divisorio,Vegetación",Sin restricción
2020,2176,2020-03-16,Lunes,17:15:00,,0.0,2,"Moto/Ciclomotor,Automóvil",Bv. Segui Y Italia,2,1,0,0,1,0,0,"-32.977226007351,-60.656063711218",Avenida,,ROSARIO,Rosario,Asfalto,No existe,II,Dentro,Urbana,Ninguna,No existe,Intersección,Bueno,Buena,Diurna,Buen Tiempo,Lateral,S/D,Colisión,Ninguna,Faltante,Ninguna,Sin restricción
2020,2177,2020-04-19,Domingo,17:50:00,Autopista Provincial Brigadier E.LÓPEZ,151.0,1,Automóvil, ,1,1,0,0,0,0,0,"-31.63365, -60.77798",Autopista,Brigadier E.LÓPEZ,SANTA FE,La Capital,S/D,S/D,I,S/D,Urbana,S/D,S/D,Recta,S/D,S/D,Diurna,S/D,S/D,S/D,Vuelco,S/D,S/D,S/D,S/D
2020,2178,2020-04-24,Viernes,18:20:00,,0.0,2,"Moto/Ciclomotor,Automóvil",Av. Battle y Ordo�ez Y España,2,1,0,0,1,0,0,"    -33.00918, -60.65729",Calle,,ROSARIO,Rosario,Asfalto,No existe,II,Dentro,Urbana,Ninguna,No existe,Recta,S/D,Buena,Atardecer,Buen Tiempo,Otro,S/D,Colisión,Ninguna,Faltante,Ninguna,Sin restricción
2020,2179,2020-04-19,Domingo,09:25:00,,0.0,3,"Moto/Ciclomotor,Pickup/Utilitario,Pickup/Utilitario",Avenida San Martin Y Padre Tibaldo,4,2,0,0,2,0,0,"-28.48839, -59.35417",Calle,,VILLA OCAMPO,General Obligado,S/D,S/D,IX,S/D,Urbana,S/D,S/D,Intersección,S/D,S/D,Diurna,S/D,Múltiple,S/D,Colisión,S/D,S/D,S/D,S/D
2020,2180,2020-04-28,Martes,14:00:00,,0.0,2,"Moto/Ciclomotor,Automóvil",Reg.11 de Infanteria Y Av. Corrientes,2,1,0,0,1,0,0,"    -32.99896, -60.65345",Avenida,,ROSARIO,Rosario,Asfalto,No existe,II,Dentro,Urbana,Ninguna,No existe,Intersección,Bueno,Buena,Diurna,Buen Tiempo,Lateral,S/D,Colisión,Ninguna,S/D,S/D,Sin restricción
2020,2181,2020-04-20,Lunes,09:21:00,Ruta Provincial 14,154.0,1,Camión c / Acoplado, ,1,1,0,0,0,0,0,"-33.96255, -61.87939",Ruta,14,MARÍA TERESA,General LÓPEZ,S/D,S/D,VIII,S/D,Rural,S/D,S/D,Recta,S/D,S/D,Diurna,S/D,S/D,S/D,Vuelco,S/D,S/D,S/D,S/D
2020,2182,2020-04-26,Domingo,12:20:00,,0.0,2,"Automóvil,Automóvil",San Martin 5400,2,1,0,0,1,0,0,"    -32.9999, -60.64872",Calle,,ROSARIO,Rosario,Asfalto,No existe,II,Dentro,Urbana,Semáforo,Funciona,Recta,Bueno,Buena,Diurna,Buen Tiempo,Lateral,S/D,Colisión,S/D,Vertical,Cordón divisorio,Sin restricción
2020,2183,2020-05-02,Sabado,12:30:00,,0.0,2,"Pickup/Utilitario,Moto/Ciclomotor",Calle 4 Y Calle 5,3,2,0,0,1,0,0,"-28.41654, -59.25926",S/D,,TACUARENDÍ,General Obligado,S/D,S/D,IX,S/D,S/D,S/D,S/D,S/D,S/D,S/D,S/D,S/D,S/D,S/D,S/D,S/D,S/D,S/D,S/D
2020,2184,2020-04-21,Martes,12:00:00,,0.0,2,"Moto/Ciclomotor,Otros",Matheu ,2,0,1,0,1,0,0,"-33.74965, -61.9422",Calle,,VENADO TUERTO,General LÓPEZ,S/D,S/D,VIII,S/D,Urbana,S/D,S/D,Intersección,S/D,S/D,Diurna,S/D,S/D,S/D,Colisión,S/D,S/D,S/D,S/D
2020,2185,2020-03-09,Lunes,23:30:00,,0.0,1,Moto/Ciclomotor,Bv. Segui Y Suipacha,1,1,0,0,0,0,0,"-32.974324412172,-60.672384825041",Avenida,,ROSARIO,Rosario,Asfalto,No existe,II,Dentro,Urbana,Paso Peatonal,No existe,Intersección,Bueno,Buena,Nocturna,Buen Tiempo,Contra objeto fijo,S/D,Colisión,Ninguna,Horizontal,"Cordón divisorio,Línea divisoria pintada",Sin restricción
2020,2186,2020-04-22,Miercoles,,,0.0,2,"Tractor,Tren",Buenos Aires Y P Gozzarelli,2,1,0,0,1,0,0,"-31.51768, -60.67514",Calle,,MONTE VERA,La Capital,S/D,S/D,I,S/D,Urbana,S/D,S/D,Intersección,S/D,S/D,Diurna,S/D,S/D,S/D,Colisión,S/D,S/D,S/D,S/D
2020,2187,2020-04-24,Viernes,07:50:00,,0.0,2,"Automóvil,Moto/Ciclomotor",Biedma Y Pte.Roca,2,1,0,0,1,0,0,"    -32.98013, -60.65391",Calle,,ROSARIO,Rosario,Asfalto,No existe,II,Dentro,Urbana,Señal Pare,No existe,Intersección,Bueno,Buena,"Diurna,Con luz artificial",Buen Tiempo,Lateral,S/D,Colisión,Ninguna,Vertical,Ninguna,Sin restricción
2020,2188,2020-05-04,Lunes,17:00:00,,0.0,2,"Moto/Ciclomotor,Automóvil",Calle 12 Y Calle 19,2,1,0,0,1,0,0,"-29.12187, -59.65931",S/D,,AVELLANEDA,General Obligado,S/D,S/D,IX,S/D,S/D,S/D,S/D,S/D,S/D,S/D,S/D,S/D,S/D,S/D,S/D,S/D,S/D,S/D,S/D
2020,2189,2020-03-10,Martes,19:05:00,,0.0,1,Moto/Ciclomotor,Bv. Avellaneda 2750,1,1,0,0,0,0,0,"-32.961984182574,-60.685010391079",Avenida,,ROSARIO,Rosario,Asfalto,No existe,II,Dentro,Urbana,Otra Señal,No existe,Paso a Nivel FFCC,Bueno,Buena,Diurna,Buen Tiempo,Atropello animal,S/D,Colisión,Ninguna,Vertical,Ninguna,Sin restricción
2020,2190,2020-04-22,Miercoles,,,0.0,1,Automóvil,Sarmiento Y Silvestre Begnis,3,3,0,0,0,0,0,"-30.79538, -60.58391",Calle,,SAN JUSTO,San Justo,S/D,S/D,XVI,S/D,Urbana,S/D,S/D,Intersección,S/D,S/D,Diurna,S/D,S/D,S/D,Vuelco,S/D,S/D,S/D,S/D
2020,2191,2020-03-10,Martes,07:20:00,,0.0,2,"Moto/Ciclomotor,Moto/Ciclomotor",Amenabar Y Av. Francia,2,2,0,0,0,0,0,"-32.967268923628,-60.672139583778",Avenida,,ROSARIO,Rosario,Asfalto,No existe,II,Dentro,Urbana,Ninguna,No existe,Intersección,Bueno,Buena,Diurna,Buen Tiempo,S/D,S/D,Colisión,Ninguna,Faltante,"Cordón divisorio,Vegetación",Sin restricción
2020,2192,2020-04-26,Domingo,18:45:00,,0.0,2,"Automóvil,Moto/Ciclomotor",Mendoza Y Santiago,2,1,0,0,1,0,0,"    -32.94837, -60.65724",Calle,,ROSARIO,Rosario,Asfalto,S/D,II,Dentro,Urbana,Semáforo,Funciona,Intersección,S/D,S/D,Diurna,S/D,Lateral,S/D,Colisión,S/D,S/D,S/D,S/D
2020,2193,2020-03-10,Martes,11:55:00,,0.0,2,"Automóvil,Moto/Ciclomotor",Av. Francia Y Calle 1209,2,1,0,0,1,0,0,"-32.996584608987,-60.678386506992",Avenida,,ROSARIO,Rosario,Asfalto,No existe,II,Dentro,Urbana,Ninguna,No existe,Intersección,Bueno,Buena,Diurna,Buen Tiempo,S/D,S/D,Colisión,Ninguna,Faltante,"Cordón divisorio,Vegetación",Sin restricción
2020,2194,2020-03-11,Miercoles,17:30:00,,0.0,2,"Moto/Ciclomotor,Automóvil",Av. Jorge Cura Y Pueyrredon,2,1,0,0,1,0,0,"-32.970552227138,-60.664317572568",Avenida,,ROSARIO,Rosario,Asfalto,No existe,II,Dentro,Urbana,Señal Pare,No existe,Intersección,Bueno,Buena,Diurna,Buen Tiempo,S/D,S/D,Colisión,Ninguna,Vertical,Ninguna,Sin restricción
2020,2195,2020-03-13,Viernes,17:10:00,,0.0,2,"Moto/Ciclomotor,Moto/Ciclomotor",Biedma Y Crespo,2,1,0,0,1,0,0,"-32.975976234175,-60.677059564027",Calle,,ROSARIO,Rosario,Asfalto,No existe,II,Dentro,Urbana,Ninguna,No existe,Intersección,Bueno,Buena,Diurna,Buen Tiempo,S/D,S/D,Colisión,Ninguna,Faltante,Ninguna,Sin restricción
2020,2196,2020-04-24,Viernes,08:05:00,,0.0,2,"Moto/Ciclomotor,Pickup/Utilitario",Balcarce Y Urquiza,2,1,0,0,1,0,0,"    -32.94049, -60.65108",Calle,,ROSARIO,Rosario,Asfalto,S/D,II,Dentro,Urbana,Señal Pare,S/D,Intersección,S/D,Buena,Diurna,S/D,Lateral,S/D,Colisión,S/D,Vertical,S/D,S/D
2020,2197,2020-03-16,Lunes,07:30:00,,0.0,2,"Automóvil,Moto/Ciclomotor",Av. Uriburu Y Bv. Oro�o,2,1,0,0,1,0,0,"-32.991608686629,-60.665126116591",Avenida,,ROSARIO,Rosario,Asfalto,No existe,II,Dentro,Urbana,Semáforo,Funciona,Rotonda,Bueno,Buena,Diurna,Buen Tiempo,S/D,S/D,Colisión,Ninguna,"Horizontal,Vertical","Cordón divisorio,Vegetación,Línea divisoria pintada",Sin restricción
2020,2198,2020-04-23,Jueves,10:00:00,,0.0,2,"Moto/Ciclomotor,Pickup/Utilitario",3 De Febrero Y Paraguay,2,1,0,0,1,0,0,"    -32.95179, -60.64531",Calle,,ROSARIO,Rosario,Asfalto,S/D,II,Dentro,Urbana,Señal Pare,S/D,Intersección,S/D,Buena,Diurna,S/D,Lateral,S/D,Colisión,S/D,Vertical,S/D,S/D
2020,2199,2020-05-04,Lunes,18:40:00,,0.0,2,"Moto/Ciclomotor,Moto/Ciclomotor",Calle 17-Bartolome Mitre Y Calle 12 San Martin,2,1,0,0,1,0,0,"-29.14568, -59.64257",S/D,,RECONQUISTA,General Obligado,S/D,S/D,IX,S/D,S/D,S/D,S/D,S/D,S/D,S/D,S/D,S/D,S/D,S/D,S/D,S/D,S/D,S/D,S/D
2020,2200,2020-04-24,Viernes,17:20:00,,0.0,2,"Automóvil,Moto/Ciclomotor",Paraguay Y San Luis,2,1,0,0,1,0,0,"    -32.94804, -60.6444",Calle,,ROSARIO,Rosario,Asfalto,S/D,II,Dentro,Urbana,S/D,S/D,Intersección,Bueno,S/D,Diurna,S/D,Lateral,S/D,Colisión,S/D,S/D,S/D,S/D
2020,2201,2020-05-05,Martes,,,0.0,2,"Transporte de Pasajeros Urbano (> 8 asientos),Moto/Ciclomotor",Echague Y Larrea,3,2,0,0,1,0,0,"-31.60051, -60.66905",S/D,,SANTA FE,La Capital,S/D,S/D,I,S/D,S/D,S/D,S/D,S/D,S/D,S/D,S/D,S/D,S/D,S/D,S/D,S/D,S/D,S/D,S/D
2020,2202,2020-04-23,Jueves,14:30:00,,0.0,2,"Moto/Ciclomotor,Automóvil",Av. Francia Y Riobamba,2,1,0,0,1,0,0,"    -32.95818, -60.66958",Avenida,,ROSARIO,Rosario,Asfalto,No existe,II,Dentro,Urbana,S/D,No existe,Intersección,Bueno,Buena,Diurna,Buen Tiempo,Lateral,S/D,Colisión,S/D,S/D,Cordón divisorio,Sin restricción
2020,2203,2020-05-05,Martes,12:00:00,,0.0,2,"Automóvil,Moto/Ciclomotor",Calle 19 Y Calle 20,2,1,0,0,1,0,0,"-29.12244, -59.65428",S/D,,AVELLANEDA,General Obligado,S/D,S/D,IX,S/D,S/D,S/D,S/D,S/D,S/D,S/D,S/D,S/D,S/D,S/D,S/D,S/D,S/D,S/D,S/D
2020,2204,2020-04-25,Sabado,12:15:00,,0.0,2,"Pickup/Utilitario,Moto/Ciclomotor",Comandante Razzetti Y Tucuman,2,1,0,0,1,0,0,"    -29.23128, -61.76333",Calle,,TOSTADO,9 de Julio,Ripio,No existe,XII,Dentro,Urbana,Ninguna,No existe,Intersección,Bueno,Buena,Diurna,Buen Tiempo,Lateral,S/D,Colisión,Ninguna,Faltante,Ninguna,Sin restricción
2020,2205,2020-05-05,Martes,17:15:00,,0.0,2,"Automóvil,Moto/Ciclomotor",San Martin Y Salta,2,1,0,0,1,0,0,"-31.73539, -61.09501",S/D,,SAN CARLOS CENTRO,Las Colonias,S/D,S/D,XI,S/D,S/D,S/D,S/D,S/D,S/D,S/D,S/D,S/D,S/D,S/D,S/D,S/D,S/D,S/D,S/D
2020,2206,2020-04-28,Martes,14:30:00,,0.0,2,"Bicicleta,Automóvil",Belgrano Y Buenos Aires,2,1,0,0,1,0,0,"    -32.71226, -60.73406",Calle,,PUERTO SAN MARTÍN,San Lorenzo,Asfalto,No existe,XVII,Dentro,Urbana,Ninguna,No existe,Intersección,Bueno,Buena,Diurna,Buen Tiempo,Lateral,Ciclista,Atropello,Ninguna,S/D,Ninguna,Sin restricción
2020,2207,2020-04-23,Jueves,10:50:00,,0.0,1,Moto/Ciclomotor,25 de Mayo 900,2,2,0,0,0,0,0,"    -32.71086, -60.7308",Calle,,PUERTO SAN MARTÍN,San Lorenzo,Asfalto,No existe,XVII,Dentro,Urbana,Ninguna,No existe,Recta,Bueno,Buena,Diurna,Buen Tiempo,S/D,S/D,Cañda ocupante,Ninguna,Faltante,Ninguna,Sin restricción
2020,2208,2020-04-29,Miercoles,,,0.0,2,"Bicicleta,Automóvil",Venezuela Y Puerto Argentino,2,1,0,0,1,0,0,"    -32.82081, -60.71259",Calle,,CAPITÁN BERMÚDEZ,San Lorenzo,Asfalto,Pavimento,XVII,Dentro,Urbana,Ninguna,S/D,Intersección,Bueno,S/D,S/D,Buen Tiempo,S/D,S/D,Colisión,Ninguna,S/D,Ninguna,Sin restricción
2020,2209,2020-05-17,Domingo,01:55:00,Autopista Nacional A008,4.0,2,"Moto/Ciclomotor,Otros", ,2,0,1,0,0,0,1,"-32.89454, -60.72081",Autopista,A008,ROSARIO,Rosario,Hormigón,Natural,II,S/D,Urbana,Ninguna,No existe,Curva,Bueno,Reducida,Nocturna,Buen Tiempo,Contra objeto fijo,S/D,Colisión,Ninguna,Horizontal,Ninguna,Sin restricción
2020,2210,2020-05-06,Miercoles,13:30:00,Ruta Secundaria 89-s,0.0,1,Automóvil, ,2,2,0,0,0,0,0,"-28.03877, -59.22918",Ruta,89-s,FLORENCIA,General Obligado,S/D,S/D,IX,S/D,S/D,S/D,S/D,S/D,S/D,S/D,S/D,S/D,S/D,S/D,Vuelco,S/D,S/D,S/D,S/D
2020,2211,2020-05-06,Miercoles,,,0.0,2,"Camión,Moto/Ciclomotor",Bv. Lopez Y Bolivia,2,1,0,0,1,0,0,"-32.82179, -61.40421",S/D,,CAÑADA DE GÓMEZ,Iriondo,S/D,S/D,X,S/D,S/D,S/D,S/D,S/D,S/D,S/D,S/D,S/D,S/D,S/D,S/D,S/D,S/D,S/D,S/D
2020,2212,2020-03-12,Jueves,00:30:00,,0.0,2,"Automóvil,Moto/Ciclomotor",San Martin Y 1ro de Mayo,2,1,0,0,1,0,0,"-31.265134, -60.765046",Avenida,,NELSON,La Capital,Asfalto,No existe,I,Dentro,Urbana,Ninguna,S/D,Intersección,Bueno,S/D,Nocturna,Buen Tiempo,Lateral,S/D,Colisión,Ninguna,Horizontal,Ninguna,Sin restricción
2020,2213,2020-04-27,Lunes,,Autopista Provincial Brigadier E.LÓPEZ,45.0,2,"Camión c / Acoplado,Vehículo Oficial", ,3,2,0,0,1,0,0,"    -32.82164, -60.74074",Autopista,Brigadier E.LÓPEZ,CAPITÁN BERMÚDEZ,San Lorenzo,Asfalto,S/D,XVII,Dentro,Rural,S/D,No existe,Recta,Bueno,Buena,S/D,Buen Tiempo,S/D,S/D,Colisión,Ninguna,S/D,S/D,Sin restricción
2020,2214,2020-05-07,Jueves,20:50:00,,0.0,1,Automóvil, ,1,1,0,0,0,0,0,"-34.00534, -61.90061",S/D,,MARÍA TERESA,General LÓPEZ,S/D,S/D,VIII,S/D,S/D,S/D,S/D,S/D,S/D,S/D,S/D,S/D,S/D,S/D,"Vuelco,Despiste",S/D,S/D,S/D,S/D
2020,2215,2020-05-07,Jueves,16:40:00,,0.0,3,"Pickup/Utilitario,Pickup/Utilitario,Moto/Ciclomotor",Calle 4 Y Calle 5,4,2,0,0,2,0,0,"-28.41658, -59.25927",S/D,,TACUARENDÍ,General Obligado,S/D,S/D,IX,S/D,S/D,S/D,S/D,S/D,S/D,S/D,S/D,S/D,S/D,S/D,S/D,S/D,S/D,S/D,S/D
2020,2216,2020-03-09,Lunes,17:15:00,Ruta Nacional 11,484.0,2,"Automóvil,Moto/Ciclomotor",Juan de Garay Y Lehman,2,0,0,0,1,1,0,"-31.490088636673,-60.731832653946",Ruta,11,RECREO,La Capital,"Asfalto,Tierra",No existe,I,Dentro,Urbana,Ninguna,No existe,Intersección,Con baches,Buena,Diurna,S/D,Lateral,S/D,Colisión,Ninguna,Faltante,Ninguna,Sin restricción
2020,2217,2020-05-17,Domingo,20:30:00,,0.0,2,"Automóvil,Moto/Ciclomotor",Balcarce Y General Paz,3,1,0,0,2,0,0,"-31.45755, -60.93603",Calle,,ESPERANZA,Las Colonias,Asfalto,Pavimento,XI,S/D,Urbana,Ninguna,No existe,Intersección,Bueno,Buena,Nocturna,Buen Tiempo,Lateral,S/D,Colisión,Ninguna,S/D,S/D,Sin restricción
2020,2218,2020-04-24,Viernes,13:45:00,Ruta Nacional A012,0.0,2,"Peatón,Pickup/Utilitario",Suipacha Y Gdor Saavedra - Ruta 12,2,1,0,0,1,0,0,"    -32.76797, -60.73428",Ruta,A012,SAN LORENZO,San Lorenzo,Asfalto,S/D,XVII,Dentro,Rural,S/D,No existe,Intersección,S/D,S/D,Diurna,S/D,S/D,Peatón,Atropello,S/D,S/D,S/D,S/D
2020,2219,2020-05-08,Viernes,16:00:00,Ruta Provincial 1,1.0,1,Moto/Ciclomotor, ,1,0,1,0,0,0,0,"-30.37283, -59.96588",Ruta,1,SANTA FE,La Capital,S/D,S/D,I,S/D,S/D,S/D,S/D,S/D,S/D,S/D,S/D,S/D,S/D,S/D,"Vuelco,Despiste",S/D,S/D,S/D,S/D
2020,2220,2020-05-08,Viernes,19:55:00,,0.0,2,"Moto/Ciclomotor,Automóvil",Calle 12 San Martin Y Calle 63-Gral Urquiza,2,1,0,0,1,0,0,"-29.16827, -59.64575",S/D,,RECONQUISTA,General Obligado,S/D,S/D,IX,S/D,S/D,S/D,S/D,S/D,S/D,S/D,S/D,S/D,S/D,S/D,S/D,S/D,S/D,S/D,S/D
2020,2221,2020-03-16,Lunes,17:00:00,,0.0,1,Moto/Ciclomotor,AV ISIDORO REINARES Y GRAL LAS HERAS,1,1,0,0,0,0,0,"-31.184979, -60.749141",Avenida,,LLAMBI CAMPBELL,La Capital,Asfalto,No existe,I,Dentro,Urbana,Ninguna,No existe,Intersección,Bueno,Buena,Diurna,Buen Tiempo,S/D,S/D,Cañda ocupante,Ninguna,Vertical,Ninguna,Sin restricción
2020,2222,2020-05-17,Domingo,19:45:00,,0.0,1,Moto/Ciclomotor,Moreno Y Cordoba,2,2,0,0,0,0,0,"-32.47081, -61.58322",Calle,,LAS ROSAS,Belgrano,Asfalto,No existe,III,Dentro,Urbana,Ninguna,No existe,Intersección,Bueno,Reducida,Nocturna,Buen Tiempo,S/D,S/D,Cañda ocupante,Ninguna,Faltante,Ninguna,Sin restricción
2020,2223,2020-05-08,Viernes,19:30:00,,0.0,2,"Bicicleta,Automóvil",Brigadier Lopez Y Brigadier Lopez,2,1,0,0,1,0,0,"-29.69081, -60.25025",S/D,,MARGARITA,Vera,S/D,S/D,XIX,S/D,S/D,S/D,S/D,S/D,S/D,S/D,S/D,S/D,S/D,S/D,Atropello,S/D,S/D,S/D,S/D
2020,2224,2020-05-08,Viernes,,,0.0,2,"Automóvil,Peatón",Pje Rio Negro Y Av Santa Fe,2,1,0,0,1,0,0,"-31.57131, -60.74202",S/D,,SANTA FE,La Capital,S/D,S/D,I,S/D,S/D,S/D,S/D,S/D,S/D,S/D,S/D,S/D,S/D,Peatón,Atropello,S/D,S/D,S/D,S/D
2020,2225,2020-03-09,Lunes,,Ruta Provincial 70,0.0,2,"Automóvil,Camión c / Acoplado",Av de Circunvalacion Y Ruta Prov 70,2,1,0,0,0,0,1,"-31.497594, -60.752274",Ruta,70,RECREO,La Capital,Asfalto,Natural,I,Dentro,Rural,Policía de tránsito,No existe,Curva,Bueno,Reducida polvo,Nocturna,Viento Fuerte,De alcance,S/D,Colisión,Ninguna,Faltante,Barrera de alto impacto,Sin restricción
2020,2226,2020-05-17,Domingo,11:30:00,,0.0,2,"Moto/Ciclomotor,Taxi/Remis",Av Santa Fe Y Pje Chubut,5,2,1,0,2,0,0,"-31.5688, -60.7414",Avenida,,SANTA FE,La Capital,Asfalto,No existe,I,S/D,Urbana,Ninguna,No existe,Intersección,Bueno,Buena,Diurna,Buen Tiempo,De alcance,S/D,Colisión,Ninguna,Faltante,Ninguna,Sin restricción