anio_acci,nro_acci,fecha,desc_dia,hora_aprox,desc_ruta,km,cant_participantes,desc_participante,calle_avenida_km,total,heridos_leves,heridos_graves,heridos_gravisimos,ilesos,fallecidos,sin_datos,posicion_XY,desc_tipo_via,desc_ruta_ori,desc_loc,desc_dpto,desc_tipo_calzada,desc_tipo_banquina,desc_unidad_regional,desc_lugar_calzada,desc_zona,desc_prioridad,desc_estado_semaforo,desc_lugar_via,desc_estado_via,desc_estado_visibilidad,desc_luminosidad,desc_estado_clima,desc_tipo_colision,desc_tipo_atropello,desc_tipo_hecho,desc_pres_calzada,desc_senializacion,desc_separacion_via,desc_restriccion
2020,2290,2020-03-12,Jueves,07:10:00,Autopista Nacional A007,0.0,2,"Bicicleta,Automóvil",Av Circunvalaci�n Y Iturraspe,2,1,0,0,1,0,0,"-31.625652288157,-60.718757928978",Autopista,A007,SANTA FE,La Capital,Asfalto,No existe,I,Dentro,Urbana,Ninguna,No existe,Intersección,Bueno,Buena,Diurna,Buen Tiempo,S/D,Ciclista,Atropello,Ninguna,"Horizontal,Vertical","Cordón divisorio,Vegetación",Sin restricción
2020,2291,2020-03-07,Sabado,17:45:00,,0.0,2,"Moto/Ciclomotor,Automóvil",Andreu Y Libertad,3,1,0,0,2,0,0,"-33.020525750705,-60.613588655753",Calle,,VILLA GOBERNADOR GÁLVEZ,Rosario,Asfalto,No existe,II,Dentro,Urbana,Ninguna,No existe,Intersección,Con baches,Buena,Diurna,Buen Tiempo,Lateral,S/D,Colisión,Agua,Faltante,Ninguna,Sin restricción
2020,2292,2020-02-07,Viernes,18:30:00,,0.0,1,Automóvil, ,1,0,0,0,0,1,0,"-30.87007, -61.33476",Camino Rural,,HUMBERTO 1°,Castellanos,S/D,S/D,V,Dentro,Rural,S/D,S/D,Recta,S/D,S/D,Diurna,S/D,S/D,S/D,Despiste,S/D,S/D,S/D,S/D
2020,2293,2020-03-20,Viernes,09:35:00,,0.0,2,"Automóvil,Automóvil",Ameghino Y Pte.Roca,2,1,0,0,1,0,0,"-32.985859160235,-60.655363047213",Calle,,ROSARIO,Rosario,Asfalto,No existe,II,Dentro,Urbana,Ninguna,No existe,Intersección,Bueno,Buena,Diurna,Buen Tiempo,Lateral,S/D,Colisión,Ninguna,Faltante,Ninguna,Sin restricción
2020,2294,2020-03-17,Martes,13:30:00,,0.0,2,"Automóvil,Moto/Ciclomotor",CARLOS CHAPERAUGE Y CERVERA,3,1,1,0,1,0,0,"-31.695332, -60.757368",Calle,,SANTO TOMÉ,La Capital,Ripio,No existe,I,Dentro,Urbana,Ninguna,No existe,Intersección,Deteriorada,Buena,Diurna,Buen Tiempo,Lateral,S/D,Colisión,Agua,Faltante,Ninguna,Sin restricción
2020,2295,2020-03-08,Domingo,00:20:00,,0.0,2,"Moto/Ciclomotor,Automóvil",Av Juan Domingo Peron Y Garay,2,1,0,0,1,0,0,"-33.022421632485,-60.622206997856",Avenida,,VILLA GOBERNADOR GÁLVEZ,Rosario,Asfalto,No existe,II,Dentro,Urbana,Ninguna,No existe,Intersección,Bueno,Buena,"Nocturna,Con luz artificial",Buen Tiempo,Lateral,S/D,Colisión,Ninguna,Faltante,Cordón divisorio,Sin restricción
2020,2296,2020-05-18,Lunes,11:15:00,,0.0,2,"Moto/Ciclomotor,Automóvil",Juan de Garay Y Saavedra,2,1,0,0,1,0,0,"-31.6509, -60.71738",Calle,,SANTA FE,La Capital,Asfalto,No existe,I,S/D,Urbana,Ninguna,No existe,Intersección,Bueno,Buena,Diurna,Buen Tiempo,Lateral,S/D,Colisión,Ninguna,Faltante,Ninguna,Sin restricción
2020,2297,2020-03-13,Viernes,19:15:00,Ruta Nacional 11,0.0,2,"Automóvil,Moto/Ciclomotor", Saavedra Miguel de Cervantes Y Ruta 11 Avenida Richieri,2,1,0,0,1,0,0,"-31.687670, -60.771970",Ruta,11,SANTO TOMÉ,La Capital,Ripio,No existe,I,Dentro,Urbana,Ninguna,No existe,Intersección,"Con baches,Deteriorada",Buena,Atardecer,Buen Tiempo,Lateral,S/D,Colisión,Ninguna,Faltante,Ninguna,Sin restricción
2020,2298,2020-03-13,Viernes,05:30:00,,0.0,1,Automóvil,Domingo Gonzalez Y Velez Sarfield,1,0,1,0,0,0,0,"-33.015635311603546,-60.62069177627",Calle,,VILLA GOBERNADOR GÁLVEZ,Rosario,Asfalto,No existe,II,Dentro,Urbana,Ninguna,No existe,Recta,Bueno,Buena,Nocturna,Buen Tiempo,Contra objeto fijo,S/D,Colisión,Ninguna,Faltante,Ninguna,Sin restricción
2020,2299,2020-05-18,Lunes,22:35:00,,0.0,2,"Moto/Ciclomotor,Automóvil",Avellaneda Y Pedro Diaz Colodrero,2,1,0,0,1,0,0,"-31.62879, -60.68508",Calle,,SANTA FE,La Capital,Asfalto,No existe,I,Dentro,Urbana,S/D,No existe,Intersección,Bueno,S/D,Nocturna,S/D,Lateral,S/D,Colisión,S/D,S/D,S/D,S/D
2020,2300,2020-02-09,Domingo,14:50:00,,0.0,1,Moto/Ciclomotor,Av Juan Domingo Peron 1100,2,1,0,0,0,1,0,"-33.014394, -60.615639",Calle,,VILLA GOBERNADOR GÁLVEZ,Rosario,Asfalto,No existe,II,Dentro,Urbana,Ninguna,No existe,Recta,Bueno,S/D,Diurna,S/D,S/D,S/D,Cañda ocupante,Ninguna,Faltante,Ninguna,Sin restricción
2020,2301,2020-03-08,Domingo,15:00:00,,0.0,2,"Bicicleta,Automóvil",JUAN PABLO II ,2,1,0,0,1,0,0,"-33.014896, -60.621828",Calle,,VILLA GOBERNADOR GÁLVEZ,Rosario,Asfalto,No existe,II,Dentro,Urbana,Ninguna,No existe,Cruce,Bueno,Buena,Diurna,Buen Tiempo,S/D,Ciclista,Atropello,Ninguna,Faltante,Ninguna,Sin restricción
2020,2302,2020-03-09,Lunes,12:00:00,,0.0,2,"Automóvil,Moto/Ciclomotor",Balcarce Y Belgrano,3,0,1,0,2,0,0,"-31.677672708383,-60.763365765548",Calle,,SANTA FE,La Capital,Asfalto,No existe,I,Dentro,Urbana,Ninguna,No existe,Intersección,Bueno,Buena,Diurna,Buen Tiempo,Lateral,S/D,Colisión,Ninguna,Faltante,Ninguna,Sin restricción
2020,2303,2020-05-18,Lunes,23:20:00,,0.0,2,"Camión,Moto/Ciclomotor",9 de Julio Y La Rioja,2,1,0,0,1,0,0,"-31.64511, -60.70882",Calle,,SANTA FE,La Capital,Asfalto,Pavimento,I,Dentro,Urbana,Ninguna,No existe,Intersección,S/D,Buena,"Nocturna,Con luz artificial",S/D,Lateral,S/D,Colisión,Ninguna,Faltante,Ninguna,Sin restricción
2020,2304,2020-03-12,Jueves,16:45:00,Ruta Provincial 2,49.0,1,Automóvil, ,1,1,0,0,0,0,0,"-31.17057, -60.61977",Ruta,2,LAGUNA PAIVA,La Capital,Asfalto,No existe,I,Dentro,Rural,Marca Vial,No existe,Recta,Bueno,Buena,Diurna,Buen Tiempo,S/D,S/D,Despiste,Ninguna,Horizontal,Línea divisoria pintada,Sin restricción
2020,2305,2020-03-03,Martes,,,0.0,2,"Automóvil,Bicicleta",Juan Bautista Alberdi Y Salta,2,1,0,0,1,0,0,"-31.682577834271,-60.760484610866",Calle,,SANTO TOMÉ,La Capital,Asfalto,No existe,I,Dentro,Urbana,Ninguna,No existe,Intersección,Bueno,Buena,Diurna,Buen Tiempo,S/D,Ciclista,Atropello,Ninguna,Faltante,Ninguna,Sin restricción
2020,2306,2020-05-18,Lunes,12:00:00,,0.0,2,"Moto/Ciclomotor,Automóvil",Dorrego Y Pje. Patria,3,2,0,0,1,0,0,"-32.99979, -60.66067",Calle,,ROSARIO,Rosario,Asfalto,No existe,II,Dentro,Urbana,Señal Pare,No existe,Intersección,Bueno,Buena,Diurna,Buen Tiempo,S/D,S/D,Colisión,Ninguna,Faltante,Ninguna,Sin restricción
2020,2307,2020-03-03,Martes,19:30:00,,0.0,2,"Automóvil,Peatón",JUAN PABLO II Y ANGEL GALLARDO,2,1,0,0,1,0,0,"-31.553757, -60.677446",Calle,,ANGEL GALLARDO,La Capital,Ripio,No existe,I,Dentro,Urbana,Ninguna,No existe,Intersección,Bueno,Buena,Diurna,Buen Tiempo,S/D,Peatón,Atropello,Ninguna,Faltante,Ninguna,Sin restricción
2020,2308,2020-05-18,Lunes,12:25:00,,0.0,2,"Taxi/Remis,Automóvil",Bv. Oroño 4300,3,1,0,0,1,0,1,"-32.98421, -60.66342",Avenida,,ROSARIO,Rosario,Asfalto,No existe,II,Dentro,Urbana,Ninguna,No existe,Recta,Bueno,Buena,Diurna,Buen Tiempo,Lateral,S/D,Colisión,Ninguna,Faltante,Cordón divisorio,Sin restricción
2020,2309,2020-03-07,Sabado,23:00:00,,0.0,2,"Moto/Ciclomotor,Automóvil",Baldaccini Y Entre Rios,2,1,0,0,1,0,0,"-31.51685914571,-60.676318736089",Calle,,MONTE VERA,La Capital,Asfalto,No existe,I,Dentro,Urbana,Ninguna,No existe,Intersección,Bueno,Buena,"Nocturna,Con luz artificial",Buen Tiempo,Lateral,S/D,Colisión,Ninguna,Faltante,Ninguna,Sin restricción
2020,2310,2020-05-18,Lunes,11:05:00,,0.0,2,"Moto/Ciclomotor,Taxi/Remis",Mitre Y Ocampo,3,1,0,0,2,0,0,"-32.9662, -60.64459",Calle,,ROSARIO,Rosario,Asfalto,No existe,II,Dentro,Urbana,Señal Pare,No existe,Intersección,Bueno,Buena,Diurna,Buen Tiempo,Lateral,S/D,Colisión,Ninguna,Vertical,S/D,Sin restricción
2020,2311,2020-03-02,Lunes,,Ruta Provincial 4,0.0,2,"Moto/Ciclomotor,Bicicleta", ,2,2,0,0,0,0,0,"-31.297127, -60.683708",Ruta,4,LAGUNA PAIVA,La Capital,Asfalto,Natural,I,Dentro,Rural,Ninguna,No existe,Recta,Bueno,Reducida,Nocturna,Buen Tiempo,S/D,Ciclista,Atropello,Ninguna,Horizontal,Línea divisoria pintada,Sin restricción
2020,2312,2020-05-18,Lunes,15:30:00,,0.0,2,"Moto/Ciclomotor,Automóvil",Ituzaingo Y Paraguay,2,1,0,0,1,0,0,"-32.95976, -60.64731",Calle,,ROSARIO,Rosario,Asfalto,No existe,II,Dentro,Urbana,Ninguna,No existe,Intersección,Bueno,Buena,Diurna,Buen Tiempo,Lateral,S/D,Colisión,Ninguna,Faltante,Ninguna,Sin restricción
2020,2313,2020-05-18,Lunes,19:20:00,,0.0,1,Moto/Ciclomotor,Cordoba Y Pte Hipolito Irigoyen,2,1,0,0,1,0,0,"-32.71441, -60.74905",Calle,,PUERTO SAN MARTÍN,San Lorenzo,Asfalto,No existe,XVII,Dentro,Urbana,Ninguna,No existe,Intersección,Bueno,Buena,Nocturna,Buen Tiempo,S/D,S/D,Cañda ocupante,Ninguna,Faltante,Ninguna,Sin restricción
2020,2314,2020-03-07,Sabado,,,0.0,2,"Bicicleta,Automóvil",Boulevard Lisandro de la Torre Y Chile,2,1,0,0,1,0,0,"-33.050616725517,-61.175723426799",Avenida,,CASILDA,Caseros,Asfalto,No existe,IV,Dentro,Urbana,Ninguna,No existe,Intersección,Bueno,Buena,Diurna,Buen Tiempo,S/D,Ciclista,Atropello,Ninguna,Faltante,"Cordón divisorio,Vegetación",Sin restricción
2020,2315,2020-03-07,Sabado,18:30:00,,0.0,2,"Moto/Ciclomotor,Bicicleta",Jujuy Y pbro d Balbiano,2,1,0,0,1,0,0,"-32.035336883368,-61.225629142836",Avenida,,ESTACIÓN,San JERÓNIMO,Asfalto,No existe,XV,Dentro,Urbana,Ninguna,No existe,Intersección,Bueno,Buena,Diurna,Buen Tiempo,S/D,Ciclista,Atropello,Ninguna,Faltante,"Cordón divisorio,Vegetación",Sin restricción
2020,2316,2020-03-07,Sabado,22:30:00,,0.0,1,Moto/Ciclomotor,Bvard Argentino 391,1,1,0,0,0,0,0,"-32.040902437888,-61.214799824624",Avenida,,GÁLVEZ,San JERÓNIMO,Asfalto,No existe,XV,Dentro,Urbana,Ninguna,No existe,Recta,Bueno,Buena,"Nocturna,Con luz artificial",Buen Tiempo,S/D,S/D,Cañda ocupante,Ninguna,Faltante,Ninguna,Sin restricción
2020,2317,2020-03-07,Sabado,,,0.0,2,"Camión Chasis,Automóvil",CAMINO RURAL ,3,2,0,0,1,0,0,"-31.898117065429688,-61.90233707427",Camino Rural,,SAN JORGE,San MARTÍN,Tierra,No existe,XVIII,Dentro,Rural,Ninguna,No existe,S/D,S/D,S/D,S/D,Buen Tiempo,S/D,S/D,Colisión,S/D,Faltante,Ninguna,Sin restricción
2020,2318,2020-03-07,Sabado,08:15:00,,0.0,2,"Pickup/Utilitario,Moto/Ciclomotor",Juan XXIII Y Santa Fe,2,1,0,0,1,0,0,"-32.202142115913,-61.705051233844",Calle,,EL TRÉBOL,San MARTÍN,Asfalto,No existe,XVIII,Dentro,Urbana,Ninguna,No existe,Intersección,Bueno,Buena,Diurna,Buen Tiempo,Lateral,S/D,Colisión,Ninguna,Faltante,Ninguna,Sin restricción
2020,2319,2020-03-08,Domingo,,,0.0,2,"Pickup/Utilitario,Moto/Ciclomotor",Batalla de chacabuco Y Presidente Bernardino Rivadavi,3,2,0,0,1,0,0,"-31.657910570702,-60.762360679885",Calle,,SANTO TOMÉ,La Capital,Asfalto,No existe,I,Dentro,Urbana,Ninguna,No existe,Intersección,Bueno,Buena,Diurna,Buen Tiempo,Lateral,S/D,Colisión,Ninguna,Faltante,Ninguna,Sin restricción
2020,2320,2020-03-09,Lunes,05:00:00,Ruta Provincial 70,15.0,2,"Automóvil,Camión", ,2,1,0,0,1,0,0,"-31.45616622947032, -60.87920868173",Ruta,70,ESPERANZA,Las Colonias,Asfalto,Natural,XI,Fuera,Urbana,Ninguna,No existe,Recta,Bueno,Buena,Nocturna,Buen Tiempo,Contra objeto fijo,S/D,Colisión,Ninguna,Horizontal,Ninguna,Sin restricción
2020,2321,2020-03-10,Martes,19:50:00,,0.0,2,"Peatón,Moto/Ciclomotor",Bv. Avellaneda Y Pte.Quintana,3,3,0,0,0,0,0,"-32.975189972941,-60.688115683409",Avenida,,ROSARIO,Rosario,Asfalto,No existe,II,Dentro,Urbana,Ninguna,No existe,Intersección,Bueno,Buena,Diurna,Buen Tiempo,S/D,Peatón,Atropello,Ninguna,Faltante,Cordón divisorio,Sin restricción
2020,2322,2020-03-11,Miercoles,20:30:00,,0.0,2,"Bicicleta,Automóvil",Bv San Martin 500,2,1,0,0,1,0,0,"-32.231141072609,-60.981722112809",Avenida,,BARRANCAS,San JERÓNIMO,Asfalto,No existe,XV,Dentro,Urbana,Otra Señal,No existe,Intersección,Bueno,Buena,"Nocturna,Con luz artificial",Buen Tiempo,S/D,Ciclista,Atropello,Ninguna,Vertical,"Cordón divisorio,Vegetación",Sin restricción
2020,2323,2020-03-12,Jueves,02:30:00,,0.0,2,"Transporte de Pasajeros Urbano (> 8 asientos),Moto/Ciclomotor",Av. Eva Peron Y Av. Provincias Unidas,3,1,1,0,1,0,0,"-32.932922877526,-60.713067088929",Avenida,,ROSARIO,Rosario,Asfalto,No existe,II,Dentro,Urbana,Semáforo,Funciona,Intersección,Bueno,Buena,"Nocturna,Con luz artificial",Buen Tiempo,Lateral,S/D,Colisión,Ninguna,"Horizontal,Vertical","Cordón divisorio,Línea divisoria pintada",Sin restricción
2020,2324,2020-03-12,Jueves,,,0.0,2,"Moto/Ciclomotor,Camión c / Acoplado", ,2,1,0,0,1,0,0,"-31.40084351707876,-61.082358189520",S/D,,HUMBOLDT,Las Colonias,S/D,S/D,XI,S/D,S/D,S/D,S/D,S/D,Otro,S/D,S/D,S/D,S/D,S/D,Colisión,S/D,S/D,S/D,S/D
2020,2325,2020-03-31,Martes,17:20:00,,0.0,2,"Moto/Ciclomotor,Moto/Ciclomotor",Av Republica Y Rinaldi,2,1,0,0,1,0,0,"-32.038367643791,-61.213341971534",Avenida,,GÁLVEZ,San JERÓNIMO,Asfalto,No existe,XV,Dentro,Urbana,Ninguna,No existe,Intersección,Bueno,Buena,Atardecer,Buen Tiempo,Frontal,S/D,Colisión,Ninguna,Faltante,Ninguna,Sin restricción
2020,2326,2020-03-30,Lunes,11:25:00,Ruta Nacional 11,0.0,2,"Bicicleta,Moto/Ciclomotor",Av L de la Torre-Ruta Nac 11 Y Pte. Roca,3,1,0,0,2,0,0,"-31.973639292455,-60.926974750725",Ruta,11,CORONDA,San JERÓNIMO,"Asfalto,Ripio",Pavimento,XV,Dentro,Urbana,Marca Vial,No existe,Intersección,S/D,S/D,Diurna,S/D,S/D,Ciclista,Atropello,S/D,Horizontal,"Cordón divisorio,Línea divisoria pintada",S/D
2020,2327,2020-03-30,Lunes,,,0.0,2,"Bicicleta,Pickup/Utilitario",Av J J Paso Y Francia,2,1,0,0,1,0,0,"-31.662179680575,-60.719840350785",Avenida,,SANTA FE,La Capital,Asfalto,No existe,I,Dentro,Urbana,Ninguna,No existe,Intersección,S/D,S/D,S/D,S/D,S/D,Ciclista,Atropello,S/D,Faltante,Cordón divisorio,Sin restricción
2020,2328,2020-03-30,Lunes,,,0.0,2,"Moto/Ciclomotor,Automóvil",Martin Zapata Y Saavedra,2,1,0,0,1,0,0,"-31.61807935485,-60.707807707658",Calle,,SANTA FE,La Capital,Asfalto,No existe,I,Dentro,Urbana,Ninguna,No existe,Intersección,S/D,S/D,S/D,S/D,S/D,S/D,Colisión,S/D,Faltante,Ninguna,S/D
2020,2329,2020-03-29,Domingo,05:20:00,,0.0,2,"Moto/Ciclomotor,Camión",Avda. Jorge Newbery Y Primera Junta,2,1,0,0,1,0,0,"-32.035844593349,-61.214568409527",Avenida,,GÁLVEZ,San JERÓNIMO,Asfalto,No existe,XV,Dentro,Urbana,Semáforo,Intermitente,Intersección,Bueno,Buena,"Nocturna,Con luz artificial",Buen Tiempo,Frontal,S/D,Colisión,Ninguna,Vertical,"Cordón divisorio,S/D",Sin restricción
2020,2330,2020-03-29,Domingo,21:20:00,,0.0,2,"Automóvil,Vehículo Oficial",Av. Francia Y Mendoza,2,2,0,0,0,0,0,"-32.946634422525,-60.666918701653",Avenida,,ROSARIO,Rosario,Asfalto,No existe,II,Dentro,Urbana,Semáforo,Funciona,Intersección,S/D,S/D,Nocturna,S/D,S/D,S/D,Colisión,S/D,"Horizontal,Vertical",Cordón divisorio,S/D
2020,2331,2020-02-24,Lunes,18:30:00,,0.0,2,"Vehículo Oficial,Vehículo Oficial",Bv. Libertad 235,2,1,0,0,1,0,0,"-32.192838203902,-61.701582085908",Avenida,,EL TRÉBOL,San MARTÍN,Hormigón,No existe,XVIII,Dentro,Urbana,Ninguna,No existe,Recta,S/D,S/D,Diurna,S/D,De alcance,S/D,Colisión,S/D,Faltante,Ninguna,S/D
2020,2332,2020-03-25,Miercoles,,,0.0,2,"Pickup/Utilitario,Moto/Ciclomotor", ,2,0,1,0,1,0,0,"-34.18873965740206,-61.529915034770",S/D,,TEODELINA,General LÓPEZ,S/D,S/D,VIII,Dentro,Urbana,S/D,S/D,S/D,S/D,S/D,S/D,S/D,S/D,S/D,Colisión,S/D,S/D,S/D,S/D
2020,2333,2020-03-21,Sabado,10:00:00,Ruta Nacional 34,113.0,1,Moto/Ciclomotor, ,2,0,2,0,0,0,0,"-32.1757, -61.50772",Ruta,34,CASAS,San MARTÍN,Asfalto,Natural,XVIII,Dentro,Rural,Marca Vial,No existe,Recta,S/D,S/D,Diurna,S/D,S/D,S/D,Cañda ocupante,S/D,Horizontal,Línea divisoria pintada,Sin restricción
2020,2334,2020-03-24,Martes,17:10:00,,0.0,2,"Automóvil,Moto/Ciclomotor",Brown Y Urquiza,2,1,0,0,1,0,0,"-32.747510363801,-60.74163796675",Avenida,,SAN LORENZO,San Lorenzo,Asfalto,No existe,XVII,Dentro,Urbana,Ninguna,No existe,Intersección,S/D,S/D,Diurna,S/D,Lateral,S/D,Colisión,S/D,Faltante,Cordón divisorio,S/D
2020,2335,2020-03-20,Viernes,20:20:00,Ruta Provincial 10,0.0,2,"Moto/Ciclomotor,Moto/Ciclomotor",AVENIDA BUENOS AIRES  Y JOSE BAULIES,2,2,0,0,0,0,0,"-32.36775040626528,-61.090601384639",Ruta,10,ESTACIÓN DÍAZ,San JERÓNIMO,Asfalto,Natural,XV,Dentro,Urbana,Otra Señal,No existe,Recta,S/D,S/D,Nocturna,S/D,S/D,S/D,Colisión,S/D,Vertical,Ninguna,S/D
2020,2336,2020-03-01,Domingo,08:20:00,,0.0,2,"Automóvil,Bicicleta",Bv. Rondeau Y Martin Fierro,2,1,0,0,1,0,0,"-32.878041, -60.697304",Avenida,,ROSARIO,Rosario,Asfalto,No existe,II,Dentro,Urbana,Semáforo,Funciona,Intersección,Bueno,Buena,Diurna,Buen Tiempo,S/D,Peatón,Atropello,Ninguna,"Horizontal,Vertical","Cordón divisorio,Vegetación",Sin restricción
2020,2337,2020-03-01,Domingo,10:00:00,,0.0,2,"Automóvil,Automóvil",Bv. Avellaneda Y Ocampo,3,2,0,0,1,0,0,"-32.95909411361,-60.684284768591",Avenida,,ROSARIO,Rosario,Asfalto,No existe,II,Dentro,Urbana,Ninguna,No existe,Intersección,Bueno,Buena,Diurna,Buen Tiempo,Lateral,S/D,Colisión,Ninguna,Faltante,Cordón divisorio,Sin restricción
2020,2338,2020-03-01,Domingo,,,0.0,2,"Otros,Otros",Bv. Am�rica Y Entre Rios,3,1,0,0,2,0,0,"-32.20512893579,-61.701522669577",Avenida,,EL TRÉBOL,San MARTÍN,Asfalto,No existe,XVIII,Dentro,Urbana,Ninguna,No existe,Intersección,Bueno,S/D,S/D,S/D,Lateral,S/D,Colisión,Ninguna,Faltante,Ninguna,Sin restricción
2020,2339,2020-03-01,Domingo,19:00:00,,0.0,1,Moto/Ciclomotor,Hernandarias Y Saavedra,3,2,0,0,1,0,0,"-31.605320496492,-60.704138948685",Calle,,SANTA FE,La Capital,Asfalto,No existe,I,Dentro,Urbana,Ninguna,No existe,Recta,Bueno,Buena,Atardecer,Buen Tiempo,S/D,S/D,Cañda ocupante,Ninguna,Faltante,Ninguna,Sin restricción
2020,2340,2020-03-01,Domingo,06:30:00,,0.0,2,"Pickup/Utilitario,Moto/Ciclomotor",Moreno Y San Juan,2,1,0,0,0,0,1,"-31.898504570861,-61.862543565407",Calle,,SAN JORGE,San MARTÍN,Asfalto,No existe,XVIII,Dentro,Urbana,Ninguna,No existe,Intersección,Bueno,Buena,Amanecer,Buen Tiempo,Lateral,S/D,Colisión,Ninguna,Faltante,Ninguna,Sin restricción
2020,2341,2020-03-02,Lunes,08:00:00,,0.0,2,"Moto/Ciclomotor,Moto/Ciclomotor",Brigadier Lopez Y Leiva,2,2,0,0,0,0,0,"-29.69081262744,-60.25026830181",Calle,,MARGARITA,Vera,Asfalto,S/D,XIX,Dentro,Urbana,S/D,S/D,Intersección,S/D,S/D,Diurna,S/D,Lateral,S/D,Colisión,S/D,S/D,S/D,S/D
2020,2342,2020-03-02,Lunes,17:00:00,,0.0,2,"Moto/Ciclomotor,Automóvil", ,4,3,0,0,1,0,0,"-29.888770126179615,-60.28446920965",S/D,,CALCHAQUÍ,Vera,S/D,S/D,XIX,S/D,S/D,S/D,S/D,Intersección,S/D,S/D,Diurna,S/D,Lateral,S/D,Colisión,S/D,S/D,S/D,Sin restricción
2020,2343,2020-03-02,Lunes,20:10:00,,0.0,1,Otros, ,1,0,1,0,0,0,0,"-29.052389443872347,-60.41439930508",S/D,,FORTÍN OLMOS,Vera,S/D,S/D,XIX,S/D,S/D,S/D,S/D,S/D,S/D,S/D,Nocturna,S/D,S/D,S/D,S/D,S/D,S/D,S/D,S/D
2020,2344,2020-03-04,Miercoles,21:45:00,,0.0,2,"Moto/Ciclomotor,Pickup/Utilitario",Juan Martin de Pueyrredon Y  Remedios de Escalada de San M,3,2,0,0,1,0,0,"-33.055385217427,-61.192911541917",Calle,,CASILDA,Caseros,S/D,S/D,IV,Dentro,Urbana,S/D,S/D,Intersección,S/D,S/D,Nocturna,S/D,Lateral,S/D,Colisión,S/D,S/D,S/D,S/D
2020,2345,2020-03-04,Miercoles,,,0.0,1,Bicicleta, ,1,1,0,0,0,0,0,"-31.448825188884307,-60.93028956909",S/D,,ESPERANZA,Las Colonias,S/D,S/D,XI,S/D,S/D,S/D,S/D,S/D,S/D,S/D,S/D,S/D,S/D,S/D,Cañda ocupante,S/D,S/D,S/D,S/D
2020,2346,2020-03-04,Miercoles,15:00:00,,0.0,1,Moto/Ciclomotor,Falucho 845,1,1,0,0,0,0,0,"-32.024884619224,-61.218786522526",Calle,,GÁLVEZ,San JERÓNIMO,Asfalto,No existe,XV,Dentro,Urbana,Ninguna,No existe,Recta,Bueno,Buena,Diurna,Buen Tiempo,S/D,S/D,Cañda ocupante,Ninguna,Faltante,"Ninguna,S/D",Sin restricción
2020,2347,2020-03-04,Miercoles,12:30:00,,0.0,2,"Pickup/Utilitario,Moto/Ciclomotor",Bartolome Mitre Y Eva Peron,3,2,0,0,1,0,0,"-31.894971066095,-61.860638804866",Calle,,SAN JORGE,San MARTÍN,Asfalto,No existe,XVIII,Dentro,Urbana,Ninguna,No existe,Intersección,Bueno,Buena,Diurna,Buen Tiempo,Lateral,S/D,Colisión,Ninguna,Faltante,Ninguna,Sin restricción
2020,2348,2020-03-05,Jueves,19:15:00,,0.0,2,"Pickup/Utilitario,Moto/Ciclomotor",Av Facundo Zuviria Y Vieytes,3,1,0,0,2,0,0,"-31.600982054899,-60.701782884905",Avenida,,SANTA FE,La Capital,Asfalto,No existe,I,Dentro,Urbana,Ninguna,No existe,Intersección,Bueno,Buena,Atardecer,Buen Tiempo,Lateral,S/D,Colisión,Ninguna,Faltante,Cordón divisorio,Sin restricción
2020,2349,2020-07-13,Lunes,14:00:00,,0.0,1,Moto/Ciclomotor,Pautaso P Y Pje Teresa de Calcuta,2,1,1,0,0,0,0,"-31.184335648578, -60.750334914493",Calle,,LLAMBI CAMPBELL,La Capital,Asfalto,No existe,I,Fuera,Urbana,Ninguna,No existe,Intersección,Bueno,Buena,Diurna,Buen Tiempo,Otro,S/D,Vuelco,Ninguna,"Horizontal,Vertical",Ninguna,S/D
2020,2350,2020-07-10,Viernes,22:50:00,,0.0,2,"Moto/Ciclomotor,Pickup/Utilitario",Pje Venialvo Y Llerena,2,1,0,0,1,0,0,"-31.61403, -60.69528",Calle,,SANTA FE,La Capital,Asfalto,No existe,I,Dentro,Urbana,Ninguna,No existe,Intersección,Bueno,Reducida,Nocturna,Buen Tiempo,Lateral,S/D,Colisión,Ninguna,S/D,Ninguna,Sin restricción
2020,2351,2020-07-13,Lunes,14:15:00,,0.0,2,"Peatón,Moto/Ciclomotor",Av A del Valle Y Lavaisse,3,1,1,0,1,0,0,"-31.61294, -60.69574",Avenida,,SANTA FE,La Capital,Asfalto,No existe,I,Dentro,Urbana,Ninguna,No existe,Intersección,Bueno,Buena,Diurna,Buen Tiempo,S/D,Peatón,Atropello,Ninguna,S/D,Ninguna,Sin restricción