anio_acci,nro_acci,fecha,desc_dia,hora_aprox,desc_ruta,km,cant_participantes,desc_participante,calle_avenida_km,total,heridos_leves,heridos_graves,heridos_gravisimos,ilesos,fallecidos,sin_datos,posicion_XY,desc_tipo_via,desc_ruta_ori,desc_loc,desc_dpto,desc_tipo_calzada,desc_tipo_banquina,desc_unidad_regional,desc_lugar_calzada,desc_zona,desc_prioridad,desc_estado_semaforo,desc_lugar_via,desc_estado_via,desc_estado_visibilidad,desc_luminosidad,desc_estado_clima,desc_tipo_colision,desc_tipo_atropello,desc_tipo_hecho,desc_pres_calzada,desc_senializacion,desc_separacion_via,desc_restriccion
2020,2420,2020-06-06,Sabado,18:35:00,,0.0,1,Moto/Ciclomotor,1ro de Mayo 2217,1,1,0,0,0,0,0,"-30.784753631841,-60.587240548596",Calle,,SAN JUSTO,San Justo,Asfalto,No existe,XVI,Dentro,Urbana,Marca Vial,No existe,Intersección,Bueno,Buena,Nocturna,Buen Tiempo,Atropello animal,S/D,Colisión,Ninguna,"Horizontal,Vertical",Línea divisoria pintada,Sin restricción
2020,2421,2020-07-06,Lunes,17:10:00,,0.0,2,"Moto/Ciclomotor,Automóvil",Mariano Moreno Y Las Heras,3,1,0,0,2,0,0,"-31.45947, -60.93561",Calle,,ESPERANZA,Las Colonias,Asfalto,No existe,XI,Dentro,Urbana,Ninguna,No existe,Intersección,Bueno,Buena,Diurna,Buen Tiempo,Frontal,S/D,Colisión,Ninguna,Faltante,Ninguna,Sin restricción
2020,2422,2020-07-10,Viernes,12:40:00,,0.0,2,"Moto/Ciclomotor,Automóvil",Sarmiento Y Saavedra,2,1,0,0,1,0,0,"-30.30741, -61.23903",Calle,,SAN CRISTÓBAL,San CRISTÓBAL,Asfalto,No existe,XIII,Dentro,Urbana,Ninguna,No existe,Intersección,Bueno,Buena,Diurna,Buen Tiempo,Lateral,S/D,Colisión,Ninguna,Vertical,Ninguna,Sin restricción
2020,2423,2020-02-19,Miercoles,18:15:00,Ruta Nacional 11,501.0,2,"Automóvil,Camión c / Semirremolque", ,2,1,0,0,0,1,0,"-31.34422, -60.75234",Ruta,11,IRIONDO,La Capital,Asfalto,Natural,I,Dentro,Rural,Ninguna,No existe,Recta,Bueno,S/D,Diurna,S/D,S/D,S/D,Colisión,Ninguna,Faltante,Ninguna,Sin restricción
2020,2424,2020-07-14,Martes,18:25:00,,0.0,2,"Automóvil,Camión c / Acoplado",A F Temporelli Y Richieri,2,1,0,0,1,0,0,"-33.03664, -60.65285",Calle,,VILLA GOBERNADOR GÁLVEZ,Rosario,Hormigón,No existe,II,S/D,Urbana,Ninguna,No existe,Intersección,Bueno,Buena,Atardecer,Buen Tiempo,Lateral,S/D,Colisión,Material Suelto,Faltante,Línea divisoria pintada,Sin restricción
2020,2425,2020-07-06,Lunes,14:20:00,,0.0,1,Moto/Ciclomotor,Av Cordoba Y Gobernador Crespo,1,0,1,0,0,0,0,"-31.44788, -60.93499",Calle,,ESPERANZA,Las Colonias,S/D,S/D,XI,Dentro,Urbana,S/D,S/D,S/D,S/D,S/D,S/D,S/D,S/D,S/D,Cañda ocupante,S/D,S/D,S/D,S/D
2020,2426,2020-07-01,Miercoles,09:00:00,,0.0,2,"Pickup/Utilitario,Moto/Ciclomotor",1 de Mayo Y Pringles,2,1,0,0,1,0,0,"-31.46074, -60.92602",S/D,,ESPERANZA,Las Colonias,Asfalto,No existe,XI,S/D,S/D,Ninguna,No existe,Intersección,Bueno,Buena,Diurna,Buen Tiempo,Frontal,S/D,Colisión,Ninguna,Faltante,Ninguna,Sin restricción
2020,2427,2020-06-09,Martes,19:20:00,Ruta Nacional 11,0.0,2,"Pickup/Utilitario,Moto/Ciclomotor",R E De San Martin Y Ruta Nacional 11,2,1,0,0,1,0,0,"-30.78474657995,-60.599275272046",Ruta,11,SAN JUSTO,San Justo,Asfalto,Pavimento,XVI,Dentro,Urbana,Marca Vial,No existe,Intersección,Bueno,Buena,"Nocturna,Con luz artificial",Buen Tiempo,S/D,S/D,Colisión,Ninguna,Horizontal,Línea divisoria pintada,Sin restricción
2020,2429,2020-06-16,Martes,,,0.0,2,"Automóvil,Moto/Ciclomotor",Bv H Irigoyen Y Jose Hernandez,2,0,1,0,1,0,0,"-31.246265172958374,-61.49586170911",Avenida,,RAFAELA,Castellanos,Asfalto,No existe,V,Dentro,Urbana,Ninguna,No existe,Intersección,Bueno,Buena,Diurna,Buen Tiempo,Lateral,S/D,Colisión,S/D,Faltante,Ninguna,Sin restricción
2020,2430,2020-06-26,Viernes,16:30:00,,0.0,2,"Automóvil,Moto/Ciclomotor",Rivadavia 2748,2,1,0,0,1,0,0,"-31.644328283992,-60.703629674598",Calle,,SANTA FE,La Capital,Asfalto,Pavimento,I,Dentro,Urbana,Ninguna,No existe,Recta,Bueno,Buena,Diurna,Buen Tiempo,Lateral,S/D,Colisión,Agua,Faltante,Ninguna,Sin restricción
2020,2431,2020-07-16,Jueves,05:50:00,,0.0,2,"Moto/Ciclomotor,Automóvil",Garay Y Eva Peron,2,1,0,0,1,0,0,"-33.02365, -60.62022",Calle,,VILLA GOBERNADOR GÁLVEZ,Rosario,Asfalto,No existe,II,Dentro,Urbana,Ninguna,No existe,Intersección,Bueno,Buena,"Nocturna,Con luz artificial",Buen Tiempo,De alcance,S/D,Colisión,Ninguna,Faltante,Ninguna,Sin restricción
2020,2432,2020-06-28,Domingo,18:50:00,Ruta Nacional 11,0.0,2,"Automóvil,Automóvil",Gdor Cabal Y Ruta Nacional 11,4,3,0,0,1,0,0,"-30.77797445224,-60.591053802715",Ruta,11,SAN JUSTO,San Justo,Asfalto,Pavimento,XVI,Dentro,Urbana,Marca Vial,No existe,Intersección,Bueno,Buena,"Nocturna,Con luz artificial",Buen Tiempo,Frontal,S/D,Colisión,Ninguna,Horizontal,Línea divisoria pintada,Sin restricción
2020,2433,2020-07-12,Domingo,19:50:00,,0.0,2,"Moto/Ciclomotor,Automóvil",Francia Y Av Gral Lopez,3,2,0,0,1,0,0,"-31.65571, -60.71755",Calle,,SANTA FE,La Capital,Asfalto,No existe,I,Dentro,Urbana,Ninguna,No existe,Intersección,Bueno,Buena,Atardecer,Buen Tiempo,Lateral,S/D,Colisión,Ninguna,Faltante,Ninguna,Sin restricción
2020,2434,2020-06-08,Lunes,12:20:00,,0.0,2,"Moto/Ciclomotor,Automóvil",9 de Julio Y Moreno,2,1,0,0,1,0,0,"-29.500749108239,-59.750597455474",Calle,,ROMANG,San Javier,Asfalto,No existe,XIV,Dentro,Urbana,Ninguna,No existe,Intersección,Bueno,Buena,Diurna,Buen Tiempo,S/D,S/D,Colisión,Ninguna,Faltante,Ninguna,S/D
2020,2435,2020-06-25,Jueves,16:10:00,Ruta Nacional 11,0.0,2,"Camión c / Semirremolque,Automóvil",Ruta Nacional 11 Y S Martin,2,1,0,0,1,0,0,"-30.78474657995,-60.599275272046",Ruta,11,SAN JUSTO,San Justo,Asfalto,No existe,XVI,Dentro,Urbana,Marca Vial,No existe,Intersección,Bueno,Buena,Diurna,Buen Tiempo,De alcance,S/D,Colisión,Ninguna,Vertical,Línea divisoria pintada,Sin restricción
2020,2436,2020-06-26,Viernes,09:00:00,,0.0,2,"Automóvil,Moto/Ciclomotor",Primera Junta Y San Jeronimo,2,1,0,0,1,0,0,"-31.647606951946,-60.70838452599",Calle,,SANTA FE,La Capital,Asfalto,No existe,I,Dentro,Urbana,Ninguna,No existe,Intersección,Bueno,Buena,Diurna,Buen Tiempo,Lateral,S/D,Colisión,Ninguna,Faltante,Ninguna,Sin restricción
2020,2437,2020-07-02,Jueves,,Ruta Provincial 38,0.0,1,Moto/Ciclomotor, ,2,2,0,0,0,0,0,"-29.90885, -59.82742",Ruta,38,ALEJANDRA,San Javier,S/D,S/D,XIV,S/D,S/D,S/D,S/D,S/D,S/D,S/D,S/D,S/D,S/D,S/D,S/D,S/D,S/D,S/D,S/D
2020,2438,2020-07-19,Domingo,20:30:00,,0.0,3,"Bicicleta,Bicicleta,Pickup/Utilitario",Juan de Garay Y Saavedra,3,2,0,0,1,0,0,"-31.6509, -60.71739",Calle,,ROSARIO,Rosario,Asfalto,No existe,II,Dentro,Urbana,Ninguna,No existe,Intersección,Bueno,Buena,Nocturna,Buen Tiempo,Lateral,Ciclista,Atropello,Ninguna,Faltante,Ninguna,Sin restricción
2020,2439,2020-06-04,Jueves,11:50:00,Ruta Provincial 1,0.0,2,"Moto/Ciclomotor,Pickup/Utilitario", ,3,2,0,0,1,0,0,"-30.251662507653236,-59.97015751898",Ruta,1,SAN JAVIER,San Javier,Asfalto,Natural,XIV,Dentro,Rural,Ninguna,No existe,Recta,Bueno,Buena,Diurna,Buen Tiempo,Lateral,S/D,Colisión,Ninguna,Faltante,Ninguna,Sin restricción
2020,2440,2020-06-22,Lunes,19:00:00,,0.0,2,"Automóvil,Moto/Ciclomotor",Junin Y Rivadavia,2,1,0,0,1,0,0,"-31.639398750101,-60.702118695143",Calle,,SANTA FE,La Capital,Asfalto,No existe,I,Dentro,Urbana,Ninguna,No existe,Recta,Bueno,Buena,Atardecer,Buen Tiempo,Lateral,S/D,Colisión,Ninguna,Faltante,Ninguna,Sin restricción
2020,2441,2020-07-02,Jueves,19:00:00,Ruta Provincial 1,149.0,2,"Automóvil,Bicicleta", ,2,1,0,0,1,0,0,"-30.59658, -59.94568",Ruta,1,SAN JAVIER,San Javier,Asfalto,Natural,XIV,S/D,S/D,Ninguna,No existe,Recta,Bueno,Buena,"Nocturna,Con luz artificial",Buen Tiempo,Lateral,Ciclista,Atropello,Ninguna,S/D,Ninguna,Sin restricción
2020,2442,2020-07-14,Martes,15:50:00,,0.0,2,"Moto/Ciclomotor,Automóvil",Av Mosconi Y Corrientes,3,1,0,0,2,0,0,"-31.64995, -60.73048",Calle,,SANTA FE,La Capital,Asfalto,No existe,I,Dentro,Urbana,Ninguna,No existe,Intersección,Bueno,Buena,Diurna,Buen Tiempo,Lateral,S/D,Colisión,Ninguna,Faltante,Ninguna,Sin restricción
2020,2443,2020-06-17,Miercoles,09:50:00,,0.0,2,"Automóvil,Bicicleta",Av Iriondo 2364,2,1,0,0,1,0,0,"-30.788166731231,-60.592334632588",Avenida,,SAN JUSTO,San Justo,Asfalto,No existe,XVI,Dentro,Urbana,Ninguna,No existe,Recta,Bueno,Buena,Diurna,Buen Tiempo,S/D,Ciclista,Atropello,Ninguna,Faltante,Ninguna,Sin restricción
2020,2444,2020-07-03,Viernes,10:30:00,Ruta Nacional 34,0.0,2,"Moto/Ciclomotor,Pickup/Utilitario",Bv Pte Roca Y Ruta Nac 34 Gral Guemes,3,0,1,0,2,0,0,"-31.2505, -61.50605",Ruta,34,RAFAELA,Castellanos,Asfalto,No existe,V,S/D,Urbana,Semáforo,Funciona,Intersección,Bueno,S/D,Diurna,S/D,S/D,S/D,Colisión,S/D,"Horizontal,Vertical","Cordón divisorio,S/D",S/D
2020,2445,2020-06-04,Jueves,08:00:00,,0.0,2,"Bicicleta,Automóvil",25 de Mayo 3400,2,1,0,0,1,0,0,"-31.636954962496,-60.702901456437",Calle,,SANTA FE,La Capital,Asfalto,No existe,I,Dentro,Urbana,Semáforo,Funciona,Recta,Bueno,Buena,Diurna,Buen Tiempo,S/D,Ciclista,Atropello,Ninguna,"Horizontal,Vertical",Ninguna,Sin restricción
2020,2446,2020-07-16,Jueves,18:00:00,,0.0,2,"Moto/Ciclomotor,Automóvil",Balcarce Y Las Heras,2,1,0,0,1,0,0,"-31.63776, -60.69793",Calle,,SANTA FE,La Capital,Asfalto,No existe,I,Dentro,Urbana,S/D,No existe,Intersección,Bueno,S/D,Atardecer,S/D,Lateral,S/D,Colisión,S/D,S/D,S/D,S/D
2020,2447,2020-06-19,Viernes,,Ruta Provincial 1,192.0,1,Camión, ,1,1,0,0,0,0,0,"-30.30161, -59.97904",Ruta,1,COLONIA TERESA,San Javier,Asfalto,Natural,XIV,Dentro,Rural,Ninguna,No existe,Recta,Bueno,Reducida,Nocturna,Niebla,S/D,S/D,Vuelco,Ninguna,Horizontal,Línea divisoria pintada,Sin restricción
2020,2448,2020-06-23,Martes,22:00:00,,0.0,2,"Automóvil,Moto/Ciclomotor",Hipolito Yrigoyen Y 9 de Julio,2,2,0,0,0,0,0,"-31.641738970534,-60.707844575004",Calle,,SANTA FE,La Capital,Asfalto,No existe,I,Dentro,Urbana,Ninguna,No existe,Intersección,Bueno,Buena,Nocturna,Buen Tiempo,Frontal,S/D,Colisión,Ninguna,Faltante,Ninguna,Sin restricción
2020,2449,2020-06-04,Jueves,15:00:00,,0.0,2,"Peatón,Moto/Ciclomotor",Lamadrid 252,2,1,0,0,1,0,0,"-32.470205858176,-61.573973310607",Calle,,LAS ROSAS,Belgrano,Tierra,No existe,III,Dentro,Urbana,Ninguna,No existe,Recta,Bueno,Buena,Diurna,Buen Tiempo,S/D,Peatón,Atropello,Ninguna,Faltante,Ninguna,Sin restricción
2020,2450,2020-07-02,Jueves,12:00:00,Ruta Nacional 34,217.0,3,"Camión,Camión Chasis,Camión Chasis", ,3,0,1,0,2,0,0,"-31.24949, -61.50609",Ruta,34,RAFAELA,Castellanos,Asfalto,Ripio,V,S/D,S/D,S/D,S/D,Recta,Bueno,S/D,S/D,S/D,S/D,S/D,S/D,S/D,S/D,S/D,S/D
2020,2451,2020-07-15,Miercoles,17:00:00,,0.0,2,"Taxi/Remis,Pickup/Utilitario",4 de Enero Y Eva Peron,3,1,0,0,2,0,0,"-31.64356, -60.71109",Calle,,SANTA FE,La Capital,Asfalto,Pavimento,I,Dentro,Urbana,Paso Peatonal,No existe,Intersección,Bueno,Buena,Atardecer,Buen Tiempo,Lateral,S/D,Colisión,Ninguna,Faltante,Ninguna,Sin restricción
2020,2452,2020-06-26,Viernes,20:55:00,,0.0,2,"Moto/Ciclomotor,Moto/Ciclomotor",Chacabuco Y Moreno,3,0,1,0,2,0,0,"-32.471353323406,-61.580538509178",Calle,,LAS ROSAS,Belgrano,Asfalto,No existe,III,Dentro,Urbana,Otra Señal,No existe,Intersección,Bueno,Buena,Nocturna,Buen Tiempo,De alcance,S/D,Colisión,Ninguna,Vertical,Ninguna,Sin restricción
2020,2453,2020-06-24,Miercoles,,Ruta Provincial 1,170.0,1,Moto/Ciclomotor, ,1,1,0,0,0,0,0,"-30.17194, -59.91752",Ruta,1,COLONIA TERESA,San Javier,Asfalto,Natural,XIV,Dentro,Urbana,Marca Vial,No existe,Recta,Bueno,Reducida,Diurna,Niebla,S/D,S/D,Cañda ocupante,Ninguna,Horizontal,Línea divisoria pintada,Sin restricción
2020,2455,2020-06-18,Jueves,13:15:00,,0.0,2,"Moto/Ciclomotor,Automóvil",Bv Galvez Y Rivadavia,2,1,0,0,1,0,0,"-31.636112552683,-60.701113690979",Avenida,,SANTA FE,La Capital,Asfalto,No existe,I,Dentro,Urbana,Ninguna,Funciona,Intersección,Bueno,Buena,Diurna,Buen Tiempo,Lateral,S/D,Colisión,Ninguna,Vertical,Ninguna,Sin restricción
2020,2456,2020-07-04,Sabado,21:10:00,,0.0,2,"Automóvil,Moto/Ciclomotor",Saavedra Y Bolivar,2,0,1,0,1,0,0,"-28.31016, -61.54939",Calle,,SANTA MARGARITA,9 de Julio,Tierra,Natural,XII,S/D,Urbana,Ninguna,No existe,Intersección,Bueno,Buena,Nocturna,Buen Tiempo,Lateral,S/D,Colisión,Ninguna,Faltante,Ninguna,Sin restricción
2020,2457,2020-06-09,Martes,10:45:00,,0.0,2,"Moto/Ciclomotor,Peatón",San Martin 2000,3,2,0,0,1,0,0,"-30.579819044109,-59.929274735475",Calle,,SAN JAVIER,San Javier,Hormigón,Pavimento,XIV,Dentro,Urbana,Policía de tránsito,No existe,Recta,Bueno,Buena,Diurna,Buen Tiempo,S/D,Peatón,Atropello,Ninguna,Faltante,Ninguna,Sin restricción
2020,2458,2020-07-16,Jueves,17:55:00,,0.0,2,"Automóvil,Moto/Ciclomotor",Av Leandro Alem Y La Rioja,3,1,0,0,2,0,0,"-31.64687, -60.70208",Calle,,SANTA FE,La Capital,Asfalto,Pavimento,I,Dentro,Urbana,Semáforo,Funciona,Intersección,Bueno,Buena,Atardecer,Buen Tiempo,Lateral,S/D,Colisión,Ninguna,Faltante,Ninguna,Sin restricción
2020,2459,2020-06-21,Domingo,08:40:00,Autopista Nacional 178,195.0,1,Pickup/Utilitario, ,1,1,0,0,0,0,0,"-32.5366179878715, -61.551216693164",Autopista,178,LAS ROSAS,Belgrano,Asfalto,Natural,III,Dentro,Urbana,Ninguna,No existe,Intersección,Bueno,Buena,Diurna,Buen Tiempo,S/D,S/D,Despiste,Ninguna,Horizontal,Línea divisoria pintada,Sin restricción
2020,2460,2020-07-04,Sabado,21:05:00,,0.0,2,"Automóvil,Moto/Ciclomotor",Dr Ricardo Fischer Y Brasil,3,1,0,0,2,0,0,"-32.78749, -61.60665",S/D,,ARMSTRONG,Belgrano,Asfalto,No existe,III,S/D,S/D,Ninguna,No existe,Intersección,Bueno,Buena,"Nocturna,Con luz artificial",Buen Tiempo,De alcance,S/D,Colisión,Ninguna,Vertical,Ninguna,Sin restricción
2020,2461,2020-06-10,Miercoles,23:05:00,,0.0,2,"Moto/Ciclomotor,Bicicleta",Bv Pellegrini Y 25 de Mayo,2,2,0,0,0,0,0,"-31.635802538923,-60.702550206979",Avenida,,SANTA FE,La Capital,Asfalto,No existe,I,Dentro,Urbana,Semáforo,Funciona,Intersección,Bueno,Buena,"Nocturna,Con luz artificial",Buen Tiempo,Lateral,S/D,Colisión,Ninguna,Vertical,Cordón divisorio,Sin restricción
2020,2462,2020-06-20,Sabado,17:05:00,,0.0,1,Moto/Ciclomotor,Cerrito Y Maipu,1,1,0,0,0,0,0,"-32.480856403569,-61.580167451207",Calle,,LAS ROSAS,Belgrano,Asfalto,No existe,III,Dentro,Urbana,Ninguna,No existe,Recta,Bueno,Buena,Diurna,Buen Tiempo,S/D,S/D,Cañda ocupante,Ninguna,Faltante,Ninguna,Sin restricción
2020,2463,2020-06-05,Viernes,10:10:00,Ruta Provincial 1,143.0,1,Automóvil, ,3,3,0,0,0,0,0,"-30.60965, -59.95343",Ruta,1,SAN JAVIER,San Javier,Asfalto,Natural,XIV,Dentro,Rural,Ninguna,No existe,Curva,Bueno,Reducida,Diurna,Lluvia,S/D,S/D,Despiste,Agua,Horizontal,Línea divisoria pintada,Sin restricción
2020,2464,2020-06-09,Martes,15:20:00,,0.0,2,"Pickup/Utilitario,Moto/Ciclomotor",Buenos Aires Y Lavalle,2,1,0,0,1,0,0,"-32.478211508717,-61.575387921432",Calle,,LAS ROSAS,Belgrano,Asfalto,No existe,III,Dentro,Urbana,Ninguna,No existe,Intersección,Bueno,Buena,Diurna,Buen Tiempo,Lateral,S/D,Colisión,Ninguna,Faltante,Ninguna,Sin restricción
2020,2465,2020-07-02,Jueves,12:50:00,,0.0,1,Automóvil,Cortada 17 bis ,1,1,0,0,0,0,0,"-32.68437, -61.52964",Camino Rural,,LAS PAREJAS,Belgrano,Tierra,No existe,III,S/D,Rural,Ninguna,No existe,Recta,Bueno,Buena,Diurna,Buen Tiempo,S/D,S/D,Despiste,Ninguna,Faltante,Ninguna,Sin restricción
2020,2466,2020-07-01,Miercoles,15:55:00,,0.0,2,"Moto/Ciclomotor,Pickup/Utilitario",Avenida 17 Y Calle 4,2,1,0,0,1,0,0,"-32.68474, -61.53034",Calle,,LAS PAREJAS,Belgrano,"Tierra,Ripio",No existe,III,Dentro,Urbana,Ninguna,No existe,Intersección,Bueno,Buena,Diurna,Buen Tiempo,Lateral,S/D,Colisión,Ninguna,Faltante,Ninguna,Sin restricción
2020,2467,2020-06-27,Sabado,18:30:00,Ruta Provincial 1,0.0,2,"Pickup/Utilitario,Moto/Ciclomotor",Av Gral Lopez Y Ruta N� 1,2,1,0,0,1,0,0,"-30.578368306159973,-59.93887156248",Ruta,1,SAN JAVIER,San Javier,Asfalto,Natural,XIV,Dentro,Urbana,Semáforo,Funciona,Intersección,Bueno,Buena,Diurna,Buen Tiempo,Lateral,S/D,Colisión,Ninguna,"Horizontal,Vertical",Línea divisoria pintada,Sin restricción
2020,2468,2020-06-11,Jueves,10:30:00,,0.0,2,"Automóvil,Peatón",San Martin Y San Martin,2,1,0,0,1,0,0,"-31.640061338434,-60.704621996461",Calle,,SANTA FE,La Capital,Asfalto,No existe,I,Dentro,Urbana,Semáforo,Funciona,Recta,Bueno,Buena,Diurna,Buen Tiempo,S/D,Peatón,Atropello,Ninguna,Vertical,Ninguna,Sin restricción
2020,2469,2020-07-05,Domingo,21:15:00,Ruta Provincial 65,0.0,1,Automóvil, ,5,4,1,0,0,0,0,"-32.47774, -61.54867",Ruta,65,LAS ROSAS,Belgrano,Asfalto,Natural,III,Fuera,Rural,Ninguna,No existe,Recta,Bueno,Buena,Nocturna,Buen Tiempo,Otro,S/D,Despiste,Ninguna,Horizontal,Línea divisoria pintada,Sin restricción
2020,2470,2020-06-23,Martes,18:40:00,,0.0,2,"Moto/Ciclomotor,Moto/Ciclomotor",Salta Y Simon de Iriondo,3,3,0,0,0,0,0,"-32.480750179588,-61.587175331398",Calle,,LAS ROSAS,Belgrano,Asfalto,No existe,III,Dentro,Urbana,Ninguna,No existe,Intersección,Bueno,Buena,Diurna,Buen Tiempo,Lateral,S/D,Colisión,Ninguna,Faltante,Ninguna,Sin restricción
2020,2471,2020-07-14,Martes,07:50:00,,0.0,2,"Moto/Ciclomotor,Automóvil",Moreno Y San Jeronimo,2,1,0,0,1,0,0,"-31.65456, -60.71029",Calle,,SANTA FE,La Capital,Asfalto,No existe,I,Dentro,Urbana,S/D,No existe,Intersección,Bueno,Buena,Diurna,Buen Tiempo,Lateral,S/D,Colisión,Ninguna,Faltante,Ninguna,Sin restricción
2020,2472,2020-06-22,Lunes,18:30:00,,0.0,2,"Automóvil,Peatón",25 de Mayo 2100,2,1,0,0,1,0,0,"-31.651669022965,-60.706886635737",Calle,,SANTA FE,La Capital,Asfalto,No existe,I,Dentro,Urbana,Ninguna,No existe,Recta,Bueno,Buena,Diurna,Buen Tiempo,S/D,Peatón,Atropello,Ninguna,Faltante,Ninguna,Sin restricción
2020,2473,2020-06-12,Viernes,21:40:00,Ruta Secundaria 36-s,0.0,1,Moto/Ciclomotor, ,1,1,0,0,0,0,0,"-29.47653293609616,-60.059251785278",Ruta,36-s,COSTA DEL TOBA,San Javier,Tierra,Natural,XIV,Dentro,Rural,Ninguna,No existe,Recta,Ahuellamiento,Reducida,Nocturna,Buen Tiempo,S/D,S/D,Cañda ocupante,Agua,Faltante,Ninguna,Sin restricción
2020,2474,2020-06-28,Domingo,22:30:00,,0.0,1,Moto/Ciclomotor,CAMINO RURAL ,2,2,0,0,0,0,0,"-32.472109794616664,-61.59845352172",Camino Rural,,LAS PAREJAS,Belgrano,Tierra,No existe,III,Dentro,Urbana,Ninguna,No existe,Recta,Bueno,Buena,Nocturna,Buen Tiempo,S/D,S/D,Cañda ocupante,Ninguna,Faltante,Ninguna,Sin restricción
2020,2475,2020-06-22,Lunes,08:00:00,,0.0,2,"Pickup/Utilitario,Moto/Ciclomotor",Avenida 17 Y Calle 20,2,1,0,0,1,0,0,"-32.680822840945,-61.517924750336",Avenida,,LAS PAREJAS,Belgrano,Hormigón,No existe,III,Dentro,Urbana,Ninguna,No existe,Intersección,Bueno,Buena,Diurna,Buen Tiempo,Lateral,S/D,Colisión,Ninguna,Faltante,Ninguna,Sin restricción
2020,2476,2020-07-01,Miercoles,15:24:00,,0.0,2,"Automóvil,Moto/Ciclomotor",Av San Lorenzo Y Jose Hernandez,2,1,0,0,1,0,0,"-32.80405, -60.71998",Calle,,CAPITÁN BERMÚDEZ,San Lorenzo,Asfalto,Pavimento,XVII,Dentro,Urbana,S/D,No existe,Cruce,Bueno,Buena,Atardecer,S/D,S/D,S/D,S/D,Ninguna,Faltante,S/D,S/D
2020,2477,2020-05-29,Viernes,18:20:00,,0.0,2,"Moto/Ciclomotor,Automóvil",General Lavalle Y Mariano Moreno,4,1,0,0,3,0,0,"    -31.5513, -61.54042",Calle,,ANGÉLICA,Castellanos,Ripio,No existe,V,Dentro,Urbana,Ninguna,No existe,Intersección,S/D,Buena,Atardecer,Buen Tiempo,Lateral,S/D,Colisión,Ninguna,Faltante,Ninguna,Sin restricción
2020,2478,2020-07-01,Miercoles,20:00:00,,0.0,2,"Automóvil,Moto/Ciclomotor",Rioja Y Rivadavia Bernardino,3,0,1,0,2,0,0,"-32.82522, -60.71927",Calle,,CAPITÁN BERMÚDEZ,San Lorenzo,Asfalto,Pavimento,XVII,Dentro,Urbana,S/D,S/D,Cruce,Bueno,S/D,Nocturna,S/D,S/D,S/D,S/D,Ninguna,Faltante,S/D,S/D
2020,2479,2020-07-07,Martes,14:00:00,,0.0,2,"Automóvil,Moto/Ciclomotor",Chubut Y Colon,2,1,0,0,1,0,0,"-32.81156, -60.72119",Calle,,CAPITÁN BERMÚDEZ,San Lorenzo,Asfalto,Pavimento,XVII,Dentro,Urbana,S/D,No existe,Cruce,Bueno,Buena,Atardecer,S/D,S/D,S/D,S/D,Ninguna,Faltante,S/D,S/D
2020,2480,2020-05-31,Domingo,05:00:00,Ruta Provincial 70,42.2,1,Automóvil,Ruta Nac nro. 70 42.2,1,1,0,0,0,0,0,"    -31.38442, -61.11513",Ruta,70,HUMBOLDT,Las Colonias,Asfalto,Natural,XI,Fuera,Rural,Ninguna,No existe,Recta,Bueno,Reducida,Nocturna,Buen Tiempo,Otro,S/D,Despiste,Ninguna,Faltante,Línea divisoria pintada,Sin restricción
2020,2481,2020-07-01,Miercoles,17:10:00,,0.0,2,"Automóvil,Moto/Ciclomotor",La Pampa Y Maciel,2,1,0,0,1,0,0,"-32.89586, -60.9006",Calle,,ROLDÁN,San Lorenzo,Tierra,Natural,XVII,Dentro,Urbana,Ninguna,No existe,Intersección,Ahuellamiento,Buena,Diurna,Buen Tiempo,Lateral,S/D,Colisión,Ninguna,Faltante,Ninguna,Sin restricción
2020,2482,2020-07-06,Lunes,00:45:00,,0.0,2,"Automóvil,Camión Chasis", ,2,1,0,0,1,0,0,"-32.90078, -60.91026",S/D,,ROLDÁN,San Lorenzo,Asfalto,Natural,XVII,S/D,S/D,Ninguna,No existe,Recta,Bueno,Reducida,Nocturna,Buen Tiempo,Otro,S/D,Colisión,Ninguna,Faltante,Ninguna,Sin restricción
2020,2483,2020-05-28,Jueves,12:15:00,,0.0,2,"Pickup/Utilitario,Moto/Ciclomotor",25 de Mayo Y San Martin,4,3,0,0,1,0,0,"    -31.43891, -61.2592",Calle,,PILAR,Las Colonias,Asfalto,Pavimento,XI,Dentro,Urbana,Ninguna,No existe,Intersección,Bueno,Buena,Diurna,Buen Tiempo,Lateral,S/D,Colisión,Ninguna,S/D,Ninguna,Sin restricción