anio_acci,nro_acci,fecha,desc_dia,hora_aprox,desc_ruta,km,cant_participantes,desc_participante,calle_avenida_km,total,heridos_leves,heridos_graves,heridos_gravisimos,ilesos,fallecidos,sin_datos,posicion_XY,desc_tipo_via,desc_ruta_ori,desc_loc,desc_dpto,desc_tipo_calzada,desc_tipo_banquina,desc_unidad_regional,desc_lugar_calzada,desc_zona,desc_prioridad,desc_estado_semaforo,desc_lugar_via,desc_estado_via,desc_estado_visibilidad,desc_luminosidad,desc_estado_clima,desc_tipo_colision,desc_tipo_atropello,desc_tipo_hecho,desc_pres_calzada,desc_senializacion,desc_separacion_via,desc_restriccion
2020,2484,2020-07-02,Jueves,18:45:00,,0.0,2,"Automóvil,Moto/Ciclomotor",Bv Pellegrini 500,2,1,0,0,1,0,0,"-32.8995, -60.90437",Calle,,ROLDÁN,San Lorenzo,Asfalto,Pavimento,XVII,S/D,Urbana,Ninguna,No existe,Recta,Bueno,Buena,"Atardecer,Con luz artificial",Buen Tiempo,Lateral,S/D,Colisión,Ninguna,Faltante,Ninguna,Sin restricción
2020,2485,2020-05-31,Domingo,12:25:00,,0.0,2,"Moto/Ciclomotor,Automóvil",Mariano Moreno Y Las Heras,3,0,1,0,2,0,0,"    -31.45943, -60.93562",Calle,,ESPERANZA,Las Colonias,Asfalto,No existe,XI,Dentro,Urbana,Ninguna,No existe,Intersección,Bueno,Buena,Diurna,Buen Tiempo,De alcance,S/D,Colisión,S/D,Faltante,Ninguna,Sin restricción
2020,2486,2020-07-08,Miercoles,16:00:00,,0.0,2,"Pickup/Utilitario,Moto/Ciclomotor", ,4,2,0,0,2,0,0,"-32.70472, -60.8129",S/D,,ALDAO,San Lorenzo,Ripio,Natural,XVII,S/D,S/D,Ninguna,No existe,Cruce,Bueno,Buena,S/D,Buen Tiempo,Otro,S/D,Colisión,Ninguna,Faltante,Ninguna,Sin restricción
2020,2487,2020-07-04,Sabado,,,0.0,2,"Moto/Ciclomotor,Moto/Ciclomotor",Av San Martin Y Mendoza,3,1,0,0,2,0,0,"-32.71661, -60.731",Avenida,,PUERTO SAN MARTÍN,San Lorenzo,Asfalto,No existe,XVII,Dentro,Urbana,Ninguna,No existe,Intersección,Bueno,Buena,Nocturna,Buen Tiempo,Lateral,S/D,Colisión,Ninguna,Horizontal,Ninguna,Sin restricción
2020,2488,2020-07-05,Domingo,03:45:00,,0.0,1,Automóvil, ,3,3,0,0,0,0,0,"-32.71637, -60.73275",Camino Rural,,PUERTO SAN MARTÍN,San Lorenzo,Tierra,No existe,XVII,S/D,Rural,Ninguna,No existe,Otro,Otro,Reducida,Nocturna,Buen Tiempo,S/D,S/D,Vuelco,Ninguna,S/D,Ninguna,Sin restricción
2020,2489,2020-07-07,Martes,,,0.0,2,"Pickup/Utilitario,Moto/Ciclomotor",Urquiza Y Irigoyen,2,1,0,0,1,0,0,"-32.74788, -60.73641",S/D,,SAN LORENZO,San Lorenzo,S/D,S/D,XVII,S/D,Urbana,S/D,S/D,Intersección,S/D,S/D,S/D,S/D,S/D,S/D,S/D,S/D,S/D,S/D,S/D
2020,2490,2020-05-26,Martes,10:30:00,,0.0,2,"Bicicleta,Automóvil",Juan de Garay 323,2,0,1,0,1,0,0,"    -31.55479, -61.08076",Calle,,SAN JERÓNIMO NORTE,Las Colonias,Hormigón,Pavimento,XI,Dentro,Urbana,Ninguna,No existe,Recta,Bueno,Buena,Diurna,Buen Tiempo,S/D,Ciclista,Atropello,Ninguna,Faltante,S/D,S/D
2020,2491,2020-07-06,Lunes,06:40:00,,0.0,2,"Pickup/Utilitario,Moto/Ciclomotor",Av San Martin Y L N Alem,2,1,0,0,1,0,0,"-32.73931, -60.73387",Avenida,,SAN LORENZO,San Lorenzo,Asfalto,Pavimento,XVII,S/D,Urbana,S/D,S/D,Intersección,Bueno,S/D,S/D,S/D,S/D,S/D,S/D,S/D,S/D,S/D,S/D
2020,2492,2020-03-18,Miercoles,,Ruta Provincial 26,0.0,2,"Moto/Ciclomotor,Moto/Ciclomotor",Boulevard Lisandro de la Torre ,2,1,0,0,1,0,0,"-33.042307, -61.160049",Ruta,26,CASILDA,Caseros,Asfalto,No existe,IV,Dentro,Urbana,S/D,S/D,Intersección,S/D,S/D,S/D,S/D,De alcance,S/D,Colisión,S/D,S/D,Cordón divisorio,S/D
2020,2493,2020-05-29,Viernes,22:10:00,,0.0,1,Moto/Ciclomotor,25 de Mayo Y Italia,1,0,0,0,0,1,0,"-31.44559, -60.941",Calle,,ESPERANZA,Las Colonias,Asfalto,No existe,XI,S/D,Urbana,Ninguna,No existe,Intersección,Bueno,Buena,"Nocturna,Con luz artificial",Buen Tiempo,S/D,S/D,Cañda ocupante,Ninguna,Faltante,Ninguna,Sin restricción
2020,2494,2020-03-17,Martes,11:20:00,,0.0,2,"Automóvil,Bicicleta",Belgrano Y Sarmiento,2,0,1,0,1,0,0,"-32.031514136822,-61.219491648749",Calle,,GÁLVEZ,San JERÓNIMO,Hormigón,Pavimento,XV,Dentro,Urbana,Ninguna,No existe,Intersección,Bueno,Buena,Nocturna,Buen Tiempo,S/D,Ciclista,Atropello,Ninguna,Faltante,"Ninguna,S/D",Sin restricción
2020,2495,2020-07-01,Miercoles,07:10:00,Ruta Nacional A012,0.0,2,"Moto/Ciclomotor,Automóvil",C Pelegrini ,2,1,0,0,1,0,0,"-32.76542, -60.735",Ruta,A012,SAN LORENZO,San Lorenzo,Asfalto,S/D,XVII,S/D,Urbana,S/D,S/D,Intersección,Bueno,S/D,S/D,S/D,S/D,S/D,S/D,S/D,S/D,S/D,S/D
2020,2496,2020-03-17,Martes,05:20:00,,0.0,1,Moto/Ciclomotor,Luis Borghi ,1,1,0,0,0,0,0,"-32.75496940571,-60.738986740801",Calle,,SAN LORENZO,San Lorenzo,Asfalto,S/D,XVII,Dentro,Urbana,S/D,S/D,Recta,S/D,S/D,Nocturna,S/D,Atropello animal,S/D,Colisión,S/D,S/D,Ninguna,S/D
2020,2497,2020-03-16,Lunes,,Ruta Nacional 33,0.0,1,Automóvil,Boulevard Cristobal Colon 4370,2,1,0,0,1,0,0,"-33.066881, -61.182361",Ruta,33,CASILDA,Caseros,Asfalto,Pavimento,IV,Dentro,Urbana,Marca Vial,No existe,Recta,S/D,S/D,S/D,S/D,Contra objeto fijo,S/D,Colisión,S/D,Horizontal,Línea divisoria pintada,S/D
2020,2498,2020-07-02,Jueves,14:15:00,,0.0,2,"Automóvil,Moto/Ciclomotor",Juan B Alberdi Y Casique Guascar,3,2,0,0,1,0,0,"-31.18223, -60.39438",Calle,,LAGUNA PAIVA,La Capital,Tierra,No existe,I,Dentro,Urbana,Ninguna,No existe,Intersección,Con baches,Buena,Diurna,Buen Tiempo,Lateral,S/D,Colisión,Ninguna,Faltante,Ninguna,Sin restricción
2020,2499,2020-07-05,Domingo,12:20:00,,0.0,2,"Moto/Ciclomotor,Moto/Ciclomotor",ZORZALES Y COLIBRI,3,3,0,0,0,0,0,"-31.51817, -60.67827",Calle,,MONTE VERA,La Capital,Tierra,Ripio,I,S/D,Urbana,Ninguna,No existe,Intersección,S/D,Buena,Diurna,Buen Tiempo,Frontal,S/D,Colisión,Ninguna,Horizontal,Ninguna,Sin restricción
2020,2500,2020-03-15,Domingo,,,0.0,2,"Moto/Ciclomotor,Automóvil",Bvard Pasteur 500,2,1,0,0,1,0,0,"-32.031060510051,-61.22398967656",Avenida,,GÁLVEZ,San JERÓNIMO,Asfalto,No existe,XV,Dentro,Urbana,Ninguna,No existe,Recta,S/D,S/D,Diurna,S/D,De alcance,S/D,Colisión,S/D,Faltante,Cordón divisorio,S/D
2020,2501,2020-03-14,Sabado,02:10:00,,0.0,2,"Moto/Ciclomotor,Automóvil",1ro de Mayo Y Corrientes,2,1,0,0,1,0,0,"-29.466067285961,-60.208971859826",Calle,,VERA,Vera,S/D,No existe,XIX,Dentro,Urbana,S/D,S/D,Intersección,S/D,S/D,Nocturna,S/D,S/D,S/D,Colisión,S/D,S/D,Ninguna,S/D
2020,2502,2020-03-14,Sabado,,,0.0,2,"Pickup/Utilitario,Moto/Ciclomotor", ,2,2,0,0,0,0,0,"-31.45250558853146,-60.934526324272",S/D,,ESPERANZA,Las Colonias,S/D,S/D,XI,Dentro,S/D,S/D,S/D,S/D,S/D,S/D,S/D,S/D,S/D,S/D,Colisión,S/D,S/D,S/D,S/D
2020,2503,2020-03-13,Viernes,,,0.0,2,"Taxi/Remis,Moto/Ciclomotor", ,2,1,0,0,1,0,0,"-31.45314395427706,-60.931680500507",S/D,,ESPERANZA,Las Colonias,S/D,S/D,XI,S/D,S/D,S/D,S/D,S/D,S/D,S/D,S/D,S/D,S/D,S/D,Colisión,S/D,S/D,S/D,S/D
2020,2504,2020-03-04,Miercoles,12:20:00,Ruta Provincial 70,19.0,2,"Camión,Bicicleta",A Aufranc 1400,2,0,0,0,1,1,0,"-31.44315, -60.92753",Ruta,70,ESPERANZA,Las Colonias,Asfalto,No existe,XI,Dentro,Urbana,Semáforo,Funciona,Intersección,Bueno,S/D,Diurna,S/D,S/D,Ciclista,Atropello,S/D,Vertical,"Ninguna,S/D",Sin restricción
2020,2505,2020-03-05,Jueves,,Autovía Nacional 19,0.0,2,"Moto/Ciclomotor,Automóvil", ,3,1,0,0,2,0,0,"-31.671888828277556,-60.77411949634",Autovía,19,SANTO TOMÉ,La Capital,Asfalto,No existe,I,Dentro,Urbana,Semáforo,No existe,Intersección,Bueno,S/D,S/D,S/D,Lateral,S/D,Colisión,Ninguna,Vertical,Cordón divisorio,Sin restricción
2020,2506,2020-03-06,Viernes,,,0.0,2,"Automóvil,Moto/Ciclomotor",Bv Estanislao Lopez Y Independencia,3,2,0,0,1,0,0,"-32.897677376355,-60.906740986531",Avenida,,ROLDÁN,San Lorenzo,Asfalto,No existe,XVII,Dentro,Urbana,Ninguna,No existe,Intersección,Bueno,S/D,S/D,S/D,Lateral,S/D,Colisión,Ninguna,Faltante,Ninguna,Sin restricción
2020,2507,2020-03-12,Jueves,,,0.0,2,"Automóvil,Moto/Ciclomotor",Av Gral Mitre Y Sarmiento,3,1,1,0,1,0,0,"-31.769390030622,-61.829334133491",Avenida,,SASTRE,San MARTÍN,Asfalto,No existe,XVIII,Dentro,Urbana,Ninguna,S/D,Intersección,Bueno,S/D,S/D,S/D,Lateral,S/D,Colisión,Ninguna,S/D,S/D,Sin restricción
2020,2508,2020-03-12,Jueves,13:00:00,,0.0,2,"Moto/Ciclomotor,Automóvil",A Lezama Y Pte Peron,2,1,0,0,1,0,0,"-29.469369426416,-60.208844603994",Avenida,,VERA,Vera,Asfalto,No existe,XIX,Dentro,Urbana,Ninguna,No existe,Intersección,Bueno,Buena,Diurna,Buen Tiempo,Lateral,S/D,Colisión,S/D,Faltante,Ninguna,Sin restricción
2020,2509,2020-03-12,Jueves,17:10:00,,0.0,2,"Automóvil,Pickup/Utilitario",Boulevard Lisandro de la Torre Y General Bartolome Mitre,4,2,0,0,2,0,0,"-33.046930003325,-61.168443003168",Avenida,,CASILDA,Caseros,Asfalto,No existe,IV,Dentro,Urbana,Ninguna,No existe,Intersección,Bueno,Buena,Diurna,Buen Tiempo,Lateral,S/D,Colisión,Ninguna,Faltante,Ninguna,Sin restricción
2020,2510,2020-03-05,Jueves,,,0.0,2,"Moto/Ciclomotor,Automóvil",Galvez Y Sarmiento,2,1,0,0,1,0,0,"-32.968748855594,-60.643769922977",Calle,,ROSARIO,Rosario,Asfalto,No existe,II,Dentro,Urbana,Señal Pare,No existe,Intersección,Bueno,S/D,S/D,S/D,Lateral,S/D,Colisión,Ninguna,Vertical,Ninguna,Sin restricción
2020,2511,2020-03-03,Martes,23:20:00,Ruta Provincial 10,0.0,2,"Camión c / Acoplado,Camión Chasis", ,2,1,0,0,1,0,0,"-31.63648, -61.28928",Ruta,10,SAN MARIANO,Las Colonias,Asfalto,Pavimento,I,Dentro,Rural,Ninguna,No existe,Intersección,Bueno,Buena,Nocturna,Buen Tiempo,Lateral,S/D,Colisión,Ninguna,Faltante,Línea divisoria pintada,Sin restricción
2020,2512,2020-06-22,Lunes,12:00:00,,0.0,2,"Automóvil,Moto/Ciclomotor",9 de Julio Y Gral Belgrano,4,2,0,0,2,0,0,"-29.911049993197,-59.826912039607",Calle,,ALEJANDRA,San Javier,Tierra,No existe,XIV,Dentro,Urbana,Ninguna,No existe,Intersección,Bueno,Buena,Diurna,Buen Tiempo,Lateral,S/D,Colisión,Ninguna,Faltante,Ninguna,Sin restricción
2020,2513,2020-06-10,Miercoles,07:55:00,,0.0,2,"Automóvil,Moto/Ciclomotor",Av Urquiza Y Santiago del Estero,2,1,0,0,1,0,0,"-31.636403463592,-60.710481578375",Avenida,,SANTA FE,La Capital,Asfalto,No existe,I,Dentro,Urbana,Semáforo,Funciona,Recta,Bueno,Buena,Diurna,Buen Tiempo,Lateral,S/D,Colisión,Ninguna,"Horizontal,Vertical",Ninguna,Sin restricción
2020,2514,2020-06-22,Lunes,17:40:00,,0.0,2,"Automóvil,Moto/Ciclomotor",Calle 12 Y Calle 27,2,1,0,0,1,0,0,"-32.677623992308,-61.525951183889",Calle,,LAS PAREJAS,Belgrano,Hormigón,No existe,II,Dentro,Urbana,Ninguna,No existe,Intersección,Bueno,Buena,Diurna,Buen Tiempo,Lateral,S/D,Colisión,Ninguna,Faltante,Ninguna,Sin restricción
2020,2515,2020-06-04,Jueves,05:30:00,Autopista Nacional A008,0.0,2,"Moto/Ciclomotor,Bicicleta",Av. Circunvalacion Y Mendoza,2,2,0,0,0,0,0,"-32.94043421745297,-60.722401142120",Autopista,A008,ROSARIO,Rosario,Asfalto,No existe,II,Dentro,Urbana,Ninguna,No existe,Recta,Deteriorada,Buena,"Nocturna,Con luz artificial",Buen Tiempo,S/D,Ciclista,Atropello,Ninguna,Faltante,Guardarrail,Sin restricción
2020,2516,2020-06-25,Jueves,18:10:00,Ruta Nacional 178,0.0,2,"Moto/Ciclomotor,Pickup/Utilitario",Avenida 17 Y Ruta 178,2,1,0,0,1,0,0,"-32.6838786247,-61.525741681851",Ruta,178,LAS PAREJAS,Belgrano,Asfalto,Ripio,III,Dentro,Urbana,Ninguna,No existe,Intersección,Bueno,Buena,"Nocturna,Con luz artificial",Buen Tiempo,Lateral,S/D,Colisión,Ninguna,Horizontal,Línea divisoria pintada,Sin restricción
2020,2517,2020-06-16,Martes,13:20:00,,0.0,2,"Bicicleta,Automóvil",Junin Y San Jeronimo,2,1,0,0,1,0,0,"-31.638594420258,-60.705696686168",Calle,,SANTA FE,La Capital,Asfalto,No existe,I,Dentro,Urbana,Ninguna,No existe,Intersección,Bueno,Buena,Diurna,Buen Tiempo,S/D,Ciclista,Atropello,Ninguna,Faltante,Ninguna,Sin restricción
2020,2518,2020-06-09,Martes,09:20:00,,0.0,2,"Automóvil,Moto/Ciclomotor",Buenos Aires Y Bv Bell Ville,2,0,1,0,1,0,0,"-32.788691051897,-61.611146545755",Avenida,,ARMSTRONG,Belgrano,Asfalto,Pavimento,III,Dentro,Urbana,Ninguna,No existe,Intersección,Deteriorada,Buena,Diurna,Buen Tiempo,Lateral,S/D,Colisión,Agua,Vertical,Ninguna,Sin restricción
2020,2519,2020-06-08,Lunes,17:30:00,Autopista Nacional A008,0.0,2,"Automóvil,Moto/Ciclomotor",Av. Circunvalacion Y Bv. 27 De Febrero,3,1,1,0,1,0,0,"-32.959660291671774,-60.72077572345",Autopista,A008,ROSARIO,Rosario,Asfalto,Pavimento,II,Dentro,Urbana,Marca Vial,No existe,Intersección,Bueno,Buena,Diurna,Otro,Otro,S/D,Colisión,Otro,Horizontal,Barrera de alto impacto,Sin restricción
2020,2520,2020-08-04,Martes,11:00:00,,0.0,2,"Automóvil,Automóvil",Salta Y 4 de Enero,2,1,0,0,1,0,0,"-31.649215150859,-60.712719135495",Calle,,SANTA FE,La Capital,Asfalto,No existe,I,Dentro,Urbana,Ninguna,No existe,Intersección,Bueno,Buena,Diurna,Buen Tiempo,Lateral,S/D,Colisión,Ninguna,Faltante,Ninguna,Sin restricción
2020,2521,2020-06-19,Viernes,11:20:00,Ruta Nacional 178,172.0,1,Automóvil, ,1,1,0,0,0,0,0,"-32.749699244845445, -61.5376758061",Ruta,178,ARMSTRONG,Belgrano,Hormigón,Natural,III,Dentro,Urbana,Ninguna,No existe,Recta,Bueno,Buena,Diurna,Buen Tiempo,S/D,S/D,Vuelco,Ninguna,Horizontal,Línea divisoria pintada,Reparación de Va
2020,2522,2020-06-27,Sabado,14:40:00,,0.0,1,Automóvil,CAMINO RURAL ,3,2,0,0,1,0,0,"-32.54965782165524,-61.762304306030",Camino Rural,,MONTES DE OCA,Belgrano,"Asfalto,Tierra",Natural,III,Dentro,Rural,Ninguna,No existe,Intersección,Deteriorada,Buena,Diurna,Buen Tiempo,S/D,S/D,Vuelco,Ninguna,Faltante,Ninguna,Sin restricción
2020,2523,2020-02-16,Domingo,00:50:00,Ruta Provincial 10,168.0,2,"Moto/Ciclomotor,Automóvil", ,2,0,0,0,1,1,0,"-31.50903, -61.26183",Ruta,10,SA PEREIRA,Las Colonias,Asfalto,Natural,XI,Dentro,Rural,Ninguna,No existe,Recta,Bueno,S/D,Nocturna,S/D,Frontal,S/D,Colisión,Ninguna,Faltante,Ninguna,Sin restricción
2020,2524,2020-06-17,Miercoles,16:00:00,,0.0,2,"Automóvil,Peatón",Monse�or Zaspe Y San Martin,3,2,0,0,1,0,0,"-31.655821946908,-60.709332469025",Calle,,SANTA FE,La Capital,Asfalto,No existe,I,Dentro,Urbana,Ninguna,No existe,Intersección,Bueno,Buena,Diurna,Buen Tiempo,S/D,Peatón,Atropello,Ninguna,Faltante,Ninguna,Sin restricción
2020,2525,2020-06-14,Domingo,17:35:00,,0.0,2,"Automóvil,Automóvil",13 de Marzo Y Villaguay,4,0,2,0,2,0,0,"-32.815995642375,-60.713994937057",Calle,,CAPITÁN BERMÚDEZ,San Lorenzo,Asfalto,Pavimento,XVII,Dentro,Urbana,Ninguna,No existe,Intersección,Bueno,Buena,Atardecer,Buen Tiempo,S/D,S/D,Colisión,Ninguna,Faltante,Ninguna,Sin restricción
2020,2526,2020-02-17,Lunes,21:55:00,Autovía Nacional 19,51.5,1,Pickup/Utilitario, ,5,3,1,0,0,1,0,"-31.58753, -61.29953",Autovía,19,SA PEREIRA,Las Colonias,Asfalto,Pavimento,XI,Dentro,Rural,Ninguna,No existe,Recta,Bueno,Reducida,Nocturna,Lluvia,S/D,S/D,Despiste,Agua,Faltante,Ninguna,Sin restricción
2020,2527,2020-06-17,Miercoles,21:35:00,,0.0,2,"Automóvil,Moto/Ciclomotor",Santiago del Estero Y 4 de Enero,2,1,0,0,1,0,0,"-31.636699248903,-60.709187276949",Calle,,SANTA FE,La Capital,Asfalto,No existe,I,Dentro,Urbana,Señal Pare,Funciona,Intersección,Bueno,Buena,"Nocturna,Con luz artificial",Buen Tiempo,Lateral,S/D,Colisión,Ninguna,"Horizontal,Vertical",Ninguna,Sin restricción
2020,2528,2020-06-16,Martes,10:00:00,Autopista Nacional A008,0.0,2,"Camión Chasis,Moto/Ciclomotor",Av. Circunvalacion Y Bv. Avellaneda,2,1,0,0,1,0,0,"-33.00070881843568,-60.689259767532",Autopista,A008,ROSARIO,Rosario,Asfalto,No existe,II,Dentro,Urbana,Marca Vial,No existe,Recta,Bueno,Buena,Diurna,Buen Tiempo,De alcance,S/D,Colisión,Ninguna,Horizontal,Guardarrail,Sin restricción
2020,2529,2020-06-23,Martes,10:00:00,,0.0,2,"Moto/Ciclomotor,Automóvil",C Colon Y Paraguay,2,0,1,0,1,0,0,"-32.816669325882,-60.720738246677",Calle,,CAPITÁN BERMÚDEZ,San Lorenzo,Asfalto,No existe,XVII,Dentro,Urbana,Ninguna,No existe,Intersección,Bueno,Buena,Diurna,Buen Tiempo,S/D,S/D,Colisión,Ninguna,Faltante,Ninguna,Sin restricción
2020,2530,2020-06-03,Miercoles,21:30:00,Ruta Secundaria 71-s,0.0,1,Moto/Ciclomotor, ,2,1,0,0,1,0,0,"-30.39604514837265,-61.664626300334",Ruta,71-s,CURUPAITY,San CRISTÓBAL,Ripio,Natural,XIII,Dentro,Rural,Ninguna,No existe,Recta,Bueno,Reducida polvo,Nocturna,Buen Tiempo,S/D,S/D,Cañda ocupante,Ninguna,Faltante,Ninguna,Sin restricción
2020,2531,2020-06-22,Lunes,19:50:00,,0.0,2,"Moto/Ciclomotor,Moto/Ciclomotor",Chacabuco Y J J Passo,4,2,2,0,0,0,0,"-32.80884309908,-60.726147146405",Calle,,CAPITÁN BERMÚDEZ,San Lorenzo,Asfalto,Pavimento,XVII,Dentro,Urbana,Ninguna,No existe,Intersección,Bueno,Buena,Nocturna,Buen Tiempo,S/D,S/D,Colisión,Ninguna,Faltante,Ninguna,Sin restricción
2020,2532,2020-06-05,Viernes,13:00:00,,0.0,2,"Pickup/Utilitario,Pickup/Utilitario",9 de Julio 2900,2,1,0,0,1,0,0,"-31.641738970534,-60.707844575004",Calle,,SANTA FE,La Capital,Asfalto,No existe,I,Dentro,Urbana,Ninguna,No existe,Intersección,Bueno,Buena,Diurna,Buen Tiempo,Lateral,S/D,Colisión,Ninguna,Faltante,Ninguna,Sin restricción
2020,2533,2020-02-05,Miercoles,20:30:00,Ruta Secundaria 280-s,21.0,1,Moto/Ciclomotor, ,1,0,0,0,0,1,0,"-30.97716, -61.7349",Ruta,280-s,COLONIA ALDAO,Castellanos,S/D,S/D,V,Dentro,Urbana,S/D,S/D,Recta,S/D,S/D,Nocturna,S/D,S/D,S/D,Cañda ocupante,S/D,S/D,S/D,S/D
2020,2534,2020-02-08,Sabado,00:30:00,Ruta Nacional 34,36.5,1,Moto/Ciclomotor, ,1,0,0,0,0,1,0,"-32.70794, -61.03028",Ruta,34,LUCIO V. LÓPEZ,Iriondo,Asfalto,Natural,X,Dentro,Rural,Ninguna,No existe,Recta,Bueno,S/D,Nocturna,S/D,Contra objeto fijo,S/D,Colisión,Ninguna,Faltante,Línea divisoria pintada,Sin restricción
2020,2535,2020-06-29,Lunes,18:15:00,Ruta Nacional 11,0.0,2,"Moto/Ciclomotor,Moto/Ciclomotor",Ruta 18 S Y Ruta Nac 11,3,1,0,0,2,0,0,"-32.713087165105,-60.756962334003",Ruta,11,PUERTO SAN MARTÍN,San Lorenzo,Asfalto,Natural,XVII,Dentro,Rural,Ninguna,No existe,Intersección,Ahuellamiento,Buena,Atardecer,Buen Tiempo,Lateral,S/D,Colisión,Ninguna,Horizontal,"Cordón divisorio,Línea divisoria pintada",Sin restricción
2020,2536,2020-06-04,Jueves,20:55:00,Ruta Nacional 34,387.1,2,"Camión c / Acoplado,Pickup/Utilitario", ,2,1,0,0,1,0,0,"-29.94721, -61.88545",Ruta,34,CERES,San CRISTÓBAL,Asfalto,Ripio,XIII,Dentro,Urbana,Ninguna,No existe,Recta,Bueno,S/D,Nocturna,Lluvia,De alcance,S/D,Colisión,Agua,Faltante,Línea divisoria pintada,Sin restricción
2020,2538,2020-06-12,Viernes,14:50:00,,0.0,1,Moto/Ciclomotor,9 de Julio Y Gral Belgrano,1,0,1,0,0,0,0,"-30.307104576924,-61.234126853828",Calle,,SAN CRISTÓBAL,San CRISTÓBAL,Hormigón,No existe,XIII,Dentro,Urbana,Ninguna,No existe,Recta,Bueno,Buena,Diurna,Buen Tiempo,S/D,S/D,Cañda ocupante,Ninguna,Faltante,Ninguna,Sin restricción
2020,2539,2020-06-16,Martes,08:15:00,Ruta Nacional 11,0.0,2,"Moto/Ciclomotor,Automóvil",Maipu Y Ruta Nac 11,2,1,0,0,1,0,0,"-32.707500457763686,-60.76139509677",Ruta,11,PUERTO SAN MARTÍN,San Lorenzo,Asfalto,No existe,XVII,Dentro,Urbana,Otra Señal,No existe,Intersección,Bueno,Buena,Amanecer,Buen Tiempo,Lateral,S/D,Colisión,Ninguna,Horizontal,Ninguna,Sin restricción
2020,2540,2020-06-13,Sabado,22:30:00,,0.0,2,"Automóvil,Moto/Ciclomotor",Gral Belgrano Y Pringles,2,1,0,0,1,0,0,"-30.309394679418,-61.234696108508",Calle,,SAN CRISTÓBAL,San CRISTÓBAL,Asfalto,No existe,XIII,Dentro,Urbana,Ninguna,No existe,Intersección,Bueno,Reducida,Nocturna,Buen Tiempo,De alcance,S/D,Colisión,S/D,Faltante,Ninguna,S/D
2020,2541,2020-06-16,Martes,05:15:00,,0.0,1,Moto/Ciclomotor,Belgrano 661,1,1,0,0,0,0,0,"-32.712624894162,-60.734151673481",Calle,,PUERTO SAN MARTÍN,San Lorenzo,Asfalto,No existe,XVII,Dentro,Urbana,Ninguna,No existe,Intersección,Bueno,Buena,Nocturna,Buen Tiempo,Contra objeto fijo,S/D,Colisión,Ninguna,Faltante,Ninguna,Sin restricción
2020,2542,2020-06-14,Domingo,20:10:00,,0.0,2,"Moto/Ciclomotor,Automóvil",Azcuenaga Y Gral Belgrano,2,1,0,0,1,0,0,"-30.302506225035,-61.232998597187",Calle,,SAN CRISTÓBAL,San CRISTÓBAL,Asfalto,No existe,XIII,Dentro,Urbana,Ninguna,No existe,Intersección,Bueno,Buena,Nocturna,Buen Tiempo,Lateral,S/D,Colisión,Ninguna,Faltante,Ninguna,Sin restricción
2020,2543,2020-06-19,Viernes,10:10:00,,0.0,2,"Pickup/Utilitario,Bicicleta",Ituzaingo Y Las Heras,2,1,0,0,1,0,0,"-31.638658346345,-60.698170689319",Calle,,SANTA FE,La Capital,Asfalto,No existe,I,Dentro,Urbana,Ninguna,No existe,Intersección,Bueno,Buena,Diurna,Buen Tiempo,S/D,Ciclista,Atropello,Ninguna,Faltante,Ninguna,Sin restricción
2020,2544,2020-06-19,Viernes,10:15:00,,0.0,2,"Bicicleta,Automóvil",Ituzaingo Y Sarmiento,2,1,0,0,1,0,0,"-31.639578917902,-60.693908301583",Calle,,SANTA FE,La Capital,Asfalto,No existe,I,Dentro,Urbana,Ninguna,No existe,Intersección,Bueno,Buena,Diurna,Buen Tiempo,S/D,Ciclista,Atropello,Ninguna,Faltante,Ninguna,Sin restricción
2020,2545,2020-06-15,Lunes,18:10:00,,0.0,2,"Bicicleta,Pickup/Utilitario",Bv Rivadavia Y Saavedra,2,1,0,0,1,0,0,"-30.307388071671,-61.238964155524",Avenida,,SAN CRISTÓBAL,San CRISTÓBAL,Asfalto,No existe,XIII,Dentro,Urbana,Ninguna,No existe,Intersección,Bueno,Buena,Diurna,Buen Tiempo,S/D,Ciclista,Atropello,Ninguna,Faltante,Ninguna,Sin restricción
2020,2546,2020-06-07,Domingo,19:50:00,,0.0,2,"Automóvil,Moto/Ciclomotor",Clemente Albelo Y Ledesma,2,1,0,0,1,0,0,"-32.727378777138,-60.739595825851",Calle,,SAN LORENZO,San Lorenzo,Asfalto,No existe,XVII,Dentro,Urbana,Ninguna,No existe,Intersección,Bueno,Buena,Diurna,Buen Tiempo,Lateral,S/D,Colisión,Ninguna,Faltante,Ninguna,Sin restricción
2020,2547,2020-06-19,Viernes,18:00:00,,0.0,2,"Automóvil,Automóvil",Genaro Roldan Y Peru,3,0,1,0,2,0,0,"-32.732238903463,-60.73806569087",Calle,,SAN LORENZO,San Lorenzo,Asfalto,No existe,XVII,Dentro,Urbana,Otra Señal,No existe,Intersección,Bueno,Buena,Atardecer,Buen Tiempo,Lateral,S/D,Colisión,Ninguna,Vertical,Ninguna,Sin restricción