anio_acci,nro_acci,fecha,desc_dia,hora_aprox,desc_ruta,km,cant_participantes,desc_participante,calle_avenida_km,total,heridos_leves,heridos_graves,heridos_gravisimos,ilesos,fallecidos,sin_datos,posicion_XY,desc_tipo_via,desc_ruta_ori,desc_loc,desc_dpto,desc_tipo_calzada,desc_tipo_banquina,desc_unidad_regional,desc_lugar_calzada,desc_zona,desc_prioridad,desc_estado_semaforo,desc_lugar_via,desc_estado_via,desc_estado_visibilidad,desc_luminosidad,desc_estado_clima,desc_tipo_colision,desc_tipo_atropello,desc_tipo_hecho,desc_pres_calzada,desc_senializacion,desc_separacion_via,desc_restriccion
2020,2613,2020-05-27,Miercoles,18:55:00,,0.0,1,Moto/Ciclomotor,9 de Julio Y Cordoba,1,1,0,0,0,0,0,"    -33.64725, -61.85926",Calle,,MURPHY,General LÓPEZ,Asfalto,No existe,VIII,Dentro,Urbana,Ninguna,No existe,Cruce,Con baches,Buena,Diurna,Buen Tiempo,Otro,S/D,Vuelco,Ninguna,Faltante,Ninguna,Sin restricción
2020,2614,2020-07-11,Sabado,08:10:00,,0.0,2,"Moto/Ciclomotor,Pickup/Utilitario",Av. Genova Y Olmos Bis,3,2,0,0,1,0,0,"-32.91687, -60.74436",Calle,,ROSARIO,Rosario,Asfalto,No existe,II,Dentro,Urbana,Ninguna,No existe,Intersección,Bueno,Buena,Diurna,Buen Tiempo,Lateral,S/D,Colisión,Ninguna,Faltante,Ninguna,Sin restricción
2020,2615,2020-07-03,Viernes,15:35:00,,0.0,2,"Moto/Ciclomotor,Automóvil",Av Blas Parera Y French,2,1,0,0,1,0,0,"-31.58584, -60.72579",S/D,,SANTA FE,La Capital,Asfalto,Pavimento,I,S/D,Urbana,Semáforo,Funciona,Cruce,Bueno,Buena,Diurna,Buen Tiempo,Lateral,S/D,Colisión,Ninguna,"Horizontal,Vertical",Cordón divisorio,S/D
2020,2616,2020-05-29,Viernes,18:00:00,,0.0,2,"Bicicleta,Automóvil",Av Lopez y Planes 4552,2,1,0,0,1,0,0,"    -31.62331, -60.71341",Avenida,,SANTA FE,La Capital,Asfalto,S/D,I,S/D,Urbana,Semáforo,S/D,Recta,S/D,Buena,Atardecer,Buen Tiempo,S/D,Ciclista,Atropello,Ninguna,Vertical,Línea divisoria pintada,Sin restricción
2020,2617,2020-07-06,Lunes,15:30:00,,0.0,3,"Moto/Ciclomotor,Pickup/Utilitario,Automóvil",Av Blas Parera Y Matheu,4,2,0,0,2,0,0,"-31.58642, -60.72556",S/D,,SANTA FE,La Capital,Asfalto,Pavimento,I,S/D,Urbana,Semáforo,Funciona,Intersección,Bueno,Buena,Diurna,Buen Tiempo,Frontal,S/D,Colisión,Ninguna,"Horizontal,Vertical",Cordón divisorio,S/D
2020,2618,2020-07-12,Domingo,23:50:00,,0.0,2,"Moto/Ciclomotor,Moto/Ciclomotor",Junin Y Larrea,3,2,1,0,0,0,0,"-32.9272, -60.6978",Calle,,ROSARIO,Rosario,S/D,No existe,II,S/D,Urbana,Ninguna,No existe,Intersección,S/D,Reducida,Nocturna,S/D,Lateral,S/D,Colisión,S/D,S/D,Ninguna,Sin restricción
2020,2619,2020-05-31,Domingo,10:00:00,,0.0,2,"Moto/Ciclomotor,Automóvil",Av Blas Parera Y Gorostiaga,2,1,0,0,1,0,0,"    -31.60699, -60.71991",Avenida,,SANTA FE,La Capital,Asfalto,Ripio,I,Dentro,Urbana,S/D,Funciona,Intersección,Bueno,Buena,Diurna,Buen Tiempo,Lateral,S/D,Colisión,S/D,Faltante,Ninguna,Sin restricción
2020,2620,2020-07-10,Viernes,19:10:00,,0.0,2,"Automóvil,Moto/Ciclomotor",Gorriti Y Barra,3,2,0,0,1,0,0,"-32.92423, -60.70749",Calle,,ROSARIO,Rosario,Asfalto,No existe,II,S/D,Urbana,Ninguna,No existe,Intersección,Bueno,Buena,Atardecer,S/D,Lateral,S/D,Colisión,S/D,Faltante,Ninguna,Sin restricción
2020,2621,2020-07-04,Sabado,19:30:00,,0.0,1,Moto/Ciclomotor,Av Blas Parera Y Boneo,1,1,0,0,0,0,0,"-31.59866, -60.72208",Avenida,,SANTA FE,La Capital,Asfalto,No existe,I,S/D,Urbana,Ninguna,Funciona,Intersección,Con baches,Buena,Nocturna,Buen Tiempo,S/D,S/D,Despiste,S/D,S/D,S/D,Sin restricción
2020,2622,2020-07-13,Lunes,03:15:00,Autopista Nacional A008,0.0,1,Automóvil,Av. Circunvalacion Y Av. Jorge Newbery,1,0,1,0,0,0,0,"-32.9083, -60.72404",Autopista,A008,ROSARIO,Rosario,Asfalto,Pavimento,II,S/D,Urbana,Ninguna,No existe,Recta,Bueno,Buena,Nocturna,S/D,S/D,S/D,Vuelco,S/D,Faltante,Barrera de hormigón,Sin restricción
2020,2623,2020-07-01,Miercoles,19:30:00,,0.0,2,"Bicicleta,Automóvil",Av A del Valle Y Gorriti,2,1,0,0,1,0,0,"-31.59072, -60.69218",S/D,,SANTA FE,La Capital,Asfalto,Pavimento,I,S/D,S/D,Ninguna,Funciona,Recta,S/D,Buena,Diurna,Buen Tiempo,S/D,Ciclista,Atropello,Ninguna,Vertical,Ninguna,Sin restricción
2020,2624,2020-07-16,Jueves,16:00:00,,0.0,2,"Automóvil,Moto/Ciclomotor",Larrea Y Tucuman,2,1,0,0,1,0,0,"-32.93218, -60.69757",Calle,,ROSARIO,Rosario,Asfalto,No existe,II,Dentro,Urbana,Ninguna,No existe,Recta,S/D,S/D,Diurna,S/D,De alcance,S/D,Colisión,S/D,Faltante,Ninguna,Sin restricción
2020,2625,2020-02-21,Viernes,,,0.0,2,"Moto/Ciclomotor,Pickup/Utilitario",Gdor Rodolfo Lehman Y French,2,1,0,0,0,1,0,"-31.585241513447684, -60.7287333340",Calle,,SANTA FE,La Capital,Asfalto,No existe,I,Dentro,Urbana,Ninguna,No existe,Intersección,Bueno,S/D,Diurna,S/D,S/D,S/D,Colisión,Ninguna,Faltante,Ninguna,Sin restricción
2020,2626,2020-07-03,Viernes,19:20:00,,0.0,2,"Pickup/Utilitario,Pickup/Utilitario",4 de Enero Y Padre Genesio,3,1,0,0,2,0,0,"-31.59887, -60.69824",S/D,,SANTA FE,La Capital,Asfalto,Pavimento,I,S/D,Urbana,Ninguna,No existe,Recta,Bueno,Buena,Diurna,Buen Tiempo,Lateral,S/D,Colisión,Ninguna,Vertical,Ninguna,Sin restricción
2020,2627,2020-07-16,Jueves,14:45:00,,0.0,2,"Moto/Ciclomotor,Automóvil",Av. Provincias Unidas Y French,4,1,2,0,1,0,0,"-32.92181, -60.7135",Calle,,ROSARIO,Rosario,Asfalto,No existe,II,S/D,Urbana,Ninguna,No existe,Intersección,Bueno,Buena,Diurna,S/D,Lateral,S/D,Colisión,S/D,Faltante,Guardarrail,Sin restricción
2020,2628,2020-05-26,Martes,11:10:00,,0.0,2,"Bicicleta,Automóvil",Calle 30-Lucas Funes Y Calle 27-Gdor Freyre,2,1,0,0,1,0,0,"    -29.14987, -59.65428",Calle,,RECONQUISTA,General Obligado,Asfalto,No existe,IX,Dentro,Urbana,Ninguna,No existe,Intersección,Bueno,Buena,Diurna,Buen Tiempo,Otro,S/D,Colisión,Ninguna,Faltante,Ninguna,Sin restricción
2020,2630,2020-02-28,Viernes,22:40:00,Ruta Provincial 21,245.0,2,"Moto/Ciclomotor,Automóvil", ,2,0,0,0,1,1,0,"-33.24, -60.31766",Ruta,21,VILLA CONSTITUCIÓN,Constitución,Asfalto,No existe,VI,Dentro,Rural,Ninguna,No existe,Recta,Bueno,S/D,Nocturna,S/D,S/D,S/D,Colisión,Ninguna,Faltante,Ninguna,Sin restricción
2020,2631,2020-07-01,Miercoles,19:45:00,,0.0,2,"Moto/Ciclomotor,Automóvil",Av Gral Paz Y Lavaisse,2,1,0,0,1,0,0," -31.61573, -60.68245",Calle,,SANTA FE,La Capital,Asfalto,No existe,I,S/D,Urbana,Ninguna,No existe,Intersección,Bueno,Reducida,Nocturna,Buen Tiempo,Lateral,S/D,Colisión,Ninguna,S/D,Ninguna,Sin restricción
2020,2632,2020-05-26,Martes,18:00:00,,0.0,2,"Bicicleta,Automóvil",Calle 22- 25 de Mayo Y Calle 13-Iturraspe,2,1,0,0,1,0,0,"    -29.14287, -59.64839",Calle,,RECONQUISTA,General Obligado,Asfalto,No existe,IX,Dentro,Urbana,Ninguna,No existe,Intersección,Bueno,Buena,Diurna,Buen Tiempo,Otro,S/D,Colisión,S/D,Horizontal,Ninguna,Sin restricción
2020,2633,2020-07-12,Domingo,16:20:00,,0.0,2,"Moto/Ciclomotor,Automóvil",Av. Provincias Unidas Y J.J.Paso,4,3,0,0,0,0,1,"-32.92052, -60.71355",Avenida,,ROSARIO,Rosario,Asfalto,No existe,II,Dentro,Urbana,Ninguna,No existe,Rotonda,Bueno,Buena,Diurna,Buen Tiempo,Otro,S/D,Colisión,Ninguna,S/D,Ninguna,Sin restricción
2020,2634,2020-03-04,Miercoles,23:00:00,Autopista Provincial Brigadier E.LÓPEZ,110.0,2,"Camión Chasis,Camión Chasis", ,2,2,0,0,0,0,0,"-31.996184, -60.986454",Autopista,Brigadier E.LÓPEZ,CORONDA,San JERÓNIMO,Asfalto,Natural,I,Dentro,Rural,Ninguna,No existe,Recta,Bueno,Buena,Nocturna,Buen Tiempo,De alcance,S/D,Colisión,Ninguna,Faltante,"Vegetación,Línea divisoria pintada",Sin restricción
2020,2635,2020-01-08,Miercoles,04:15:00,Ruta Nacional 11,916.5,2,"Moto/Ciclomotor,Transporte de Pasajeros", ,2,0,0,0,1,1,0,"-28.14593, -59.26395",Ruta,11,FLORENCIA,General Obligado,Asfalto,Pavimento,IX,Dentro,Rural,Ninguna,No existe,Recta,Bueno,S/D,Nocturna,S/D,Frontal,S/D,Colisión,Ninguna,Faltante,Línea divisoria pintada,Sin restricción
2020,2636,2020-07-05,Domingo,00:30:00,,0.0,2,"Moto/Ciclomotor,Automóvil",Las Heras Y J Castelli,5,3,0,0,2,0,0,"-31.60768, -60.68898",Calle,,SANTA FE,La Capital,Asfalto,No existe,I,S/D,Urbana,Ninguna,No existe,Intersección,Bueno,Reducida,Nocturna,Buen Tiempo,Lateral,S/D,Colisión,Ninguna,S/D,Ninguna,Sin restricción
2020,2637,2020-07-11,Sabado,12:00:00,,0.0,2,"Bicicleta,Automóvil",Bv. Wilde 800,2,0,1,0,1,0,0,"-32.93766, -60.73866",Calle,,ROSARIO,Rosario,Asfalto,No existe,II,Dentro,Urbana,S/D,No existe,Recta,Bueno,Buena,Diurna,Buen Tiempo,S/D,Ciclista,Atropello,Ninguna,S/D,S/D,Sin restricción
2020,2638,2020-07-05,Domingo,22:10:00,,0.0,2,"Automóvil,Automóvil",Angel Cassanello Y Echague,4,1,0,0,3,0,0,"-31.61404, -60.67277",Calle,,SANTA FE,La Capital,Asfalto,No existe,I,S/D,Urbana,Ninguna,No existe,Intersección,Bueno,Reducida,Nocturna,Buen Tiempo,S/D,S/D,Colisión,Ninguna,S/D,Ninguna,Sin restricción
2020,2639,2020-07-10,Viernes,19:40:00,,0.0,2,"Automóvil,Moto/Ciclomotor",Ituzaingo Y San Nicolas,2,0,1,0,1,0,0,"-32.95461, -60.67595",Calle,,ROSARIO,Rosario,S/D,Pavimento,II,Dentro,Urbana,Señal Pare,No existe,Otro,Bueno,S/D,Con luz artificial,Buen Tiempo,Otro,S/D,Colisión,S/D,"Horizontal,Vertical",Ninguna,Sin restricción
2020,2640,2020-03-10,Martes,15:15:00,Ruta Nacional 11,0.0,2,"Moto/Ciclomotor,Automóvil",Av L de la Torre-Ruta Nac 11 Y 25 de Mayo,2,1,0,0,1,0,0,"-31.971852534091,-60.926528345208",Ruta,11,CORONDA,San JERÓNIMO,Asfalto,Pavimento,XV,Dentro,Urbana,Ninguna,No existe,Recta,Bueno,Buena,Diurna,Buen Tiempo,De alcance,S/D,Colisión,Ninguna,Faltante,Cordón divisorio,Sin restricción
2020,2641,2020-07-07,Martes,16:40:00,,0.0,2,"Automóvil,Automóvil",Salvador del Carril Y Dorrego,2,1,0,0,1,0,0,"-31.62132, -60.68176",Avenida,,SANTA FE,La Capital,Asfalto,No existe,I,S/D,Urbana,Ninguna,No existe,Intersección,Bueno,Buena,Diurna,Buen Tiempo,Lateral,S/D,Colisión,Ninguna,S/D,Ninguna,Sin restricción
2020,2642,2020-07-07,Martes,20:00:00,,0.0,2,"Automóvil,Moto/Ciclomotor",Salvador del Carril Y Rivadavia,2,1,0,0,1,0,0,"-31.61875, -60.69599",Avenida,,SANTA FE,La Capital,Asfalto,No existe,I,S/D,Urbana,Ninguna,No existe,Intersección,Bueno,Reducida,Nocturna,Buen Tiempo,Lateral,S/D,Colisión,Ninguna,S/D,Ninguna,Sin restricción
2020,2643,2020-03-14,Sabado,09:00:00,Ruta Nacional A008,0.0,1,Automóvil, ,1,1,0,0,0,0,0,"-33.015041, -60.620638",Ruta,A008,ROSARIO,Rosario,Asfalto,No existe,II,Fuera,Urbana,Otra Señal,No existe,Recta,Bueno,Buena,Diurna,Buen Tiempo,Contra objeto fijo,S/D,"Colisión,Despiste",Ninguna,"Horizontal,Vertical",Guardarrail,Sin restricción
2020,2644,2020-03-18,Miercoles,00:15:00,Ruta Nacional 11,0.0,1,Camión c / Acoplado, ,2,2,0,0,0,0,0,"-32.639941, -60.813509",Ruta,11,ANDINO,Iriondo,Asfalto,Natural,X,Dentro,Rural,Ninguna,No existe,Recta,Bueno,Buena,Nocturna,Buen Tiempo,S/D,S/D,Vuelco,Ninguna,Faltante,Guardarrail,Sin restricción
2020,2645,2020-03-31,Martes,13:40:00,Ruta Nacional 11,0.0,1,Moto/Ciclomotor, ,2,2,0,0,0,0,0,"-31.667584, -60.751894",Ruta,11,SANTA FE,La Capital,Asfalto,No existe,I,Dentro,Urbana,Ninguna,No existe,Puente,Bueno,Buena,Diurna,Buen Tiempo,S/D,S/D,Cañda ocupante,Ninguna,Faltante,Línea divisoria pintada,Sin restricción
2020,2646,2020-06-14,Domingo,11:50:00,,0.0,2,"Automóvil,Moto/Ciclomotor",Av Freyre Y Av Gral Lopez,2,1,0,0,1,0,0,"-31.655120214559,-60.721098545978",Avenida,,SANTA FE,La Capital,Asfalto,No existe,I,Dentro,Urbana,Ninguna,No existe,Intersección,Bueno,Buena,Diurna,Buen Tiempo,Lateral,S/D,Colisión,Ninguna,Faltante,Ninguna,Sin restricción
2020,2647,2020-07-13,Lunes,17:15:00,,0.0,2,"Moto/Ciclomotor,Automóvil",Bv. 27 De Febrero Y Barra,2,0,1,0,1,0,0,"-32.95915, -60.70604",Calle,,ROSARIO,Rosario,Asfalto,Pavimento,II,Dentro,Urbana,Semáforo,Funciona,Intersección,Otro,Reducida,Atardecer,Otro,Otro,S/D,Colisión,Otro,Horizontal,"Cordón divisorio,Vegetación,Línea divisoria pintada",Sin restricción
2020,2648,2020-07-13,Lunes,18:50:00,,0.0,2,"Automóvil,Moto/Ciclomotor",Matienzo Y Garay,3,2,1,0,0,0,0,"-32.9658, -60.6937",Calle,,ROSARIO,Rosario,Asfalto,Pavimento,II,Dentro,Urbana,Ninguna,No existe,Intersección,Otro,Reducida,Atardecer,Otro,Otro,S/D,Colisión,Otro,Faltante,"Cordón divisorio,Vegetación",Sin restricción
2020,2649,2020-06-21,Domingo,19:30:00,,0.0,2,"Automóvil,Moto/Ciclomotor",Av J J Paso Y Dr Zavalla,4,2,0,0,2,0,0,"-31.661606, -60.723243",Avenida,,SANTA FE,La Capital,Asfalto,No existe,I,Dentro,Urbana,Ninguna,No existe,Intersección,Bueno,Buena,Atardecer,Buen Tiempo,Lateral,S/D,Colisión,Ninguna,Faltante,Ninguna,Sin restricción
2020,2650,2020-07-14,Martes,12:00:00,,0.0,2,"Moto/Ciclomotor,Automóvil",Rio De Janeiro Y Av. Pte.Peron,4,3,0,0,1,0,0,"-32.95784, -60.68533",Avenida,,ROSARIO,Rosario,Asfalto,Pavimento,II,Dentro,Urbana,Ninguna,No existe,Intersección,Bueno,Buena,Diurna,Otro,Otro,S/D,Colisión,Otro,Faltante,"Cordón divisorio,Vegetación,Línea divisoria pintada",Sin restricción
2020,2651,2020-06-04,Jueves,,,0.0,2,"Taxi/Remis,Moto/Ciclomotor",Neuquen Y Santa Cruz,4,2,0,0,2,0,0,"-32.758064626676,-60.735504167391",Calle,,SAN LORENZO,San Lorenzo,Asfalto,No existe,XVII,Dentro,Urbana,Otra Señal,No existe,Intersección,Bueno,Buena,Diurna,Buen Tiempo,S/D,S/D,Colisión,Ninguna,Vertical,Ninguna,Sin restricción
2020,2652,2020-06-22,Lunes,19:10:00,Ruta Nacional 11,0.0,2,"Moto/Ciclomotor,Moto/Ciclomotor", ,2,2,0,0,0,0,0,"-31.666897, -60.747834",Ruta,11,SANTA FE,La Capital,Asfalto,No existe,I,Dentro,Rural,Ninguna,No existe,Puente,Bueno,Buena,Atardecer,Buen Tiempo,Lateral,S/D,Colisión,Ninguna,Faltante,Línea divisoria pintada,Sin restricción
2020,2653,2020-07-14,Martes,17:00:00,,0.0,1,Moto/Ciclomotor,Av. Pte.Peron Y Valparaiso,2,2,0,0,0,0,0,"-32.95802, -60.68678",Avenida,,ROSARIO,Rosario,Asfalto,Pavimento,II,Dentro,Urbana,Ninguna,No existe,Recta,Bueno,Buena,Diurna,Otro,Otro,S/D,Cañda ocupante,Otro,Faltante,"Cordón divisorio,Línea divisoria pintada",Sin restricción
2020,2654,2020-07-15,Miercoles,20:30:00,,0.0,2,"Peatón,Moto/Ciclomotor",Pje. Principe De Gales Y Virasoro,3,1,0,0,0,0,2,"-32.96483, -60.67238",Calle,,ROSARIO,Rosario,Asfalto,Pavimento,II,S/D,Urbana,Ninguna,No existe,Intersección,Otro,Buena,Diurna,Otro,S/D,Peatón,Atropello,Otro,Faltante,"Cordón divisorio,Vegetación",Sin restricción
2020,2655,2020-07-13,Lunes,17:30:00,,0.0,2,"Moto/Ciclomotor,Automóvil",Camilo Aldao Y Godoy Cruz,2,1,0,0,1,0,0,"-32.95896, -60.69526",Avenida,,ROSARIO,Rosario,Asfalto,Pavimento,II,Dentro,Urbana,Ninguna,No existe,Intersección,Otro,Buena,Atardecer,Otro,Otro,S/D,Colisión,Otro,Faltante,"Cordón divisorio,Vegetación",Sin restricción
2020,2656,2020-06-06,Sabado,10:30:00,,0.0,2,"Moto/Ciclomotor,Automóvil",Av Pte Peron 4000,2,1,0,0,1,0,0,"-31.62758253064,-60.718704259515",Avenida,,SANTA FE,La Capital,Asfalto,No existe,I,Dentro,Urbana,Ninguna,No existe,Recta,Bueno,Buena,Diurna,Buen Tiempo,De alcance,S/D,Colisión,Ninguna,Faltante,Ninguna,Sin restricción
2020,2657,2020-06-06,Sabado,22:00:00,Ruta Nacional 11,0.0,2,"Moto/Ciclomotor,Pickup/Utilitario",Av San Martin Y Luis Borghi,2,1,0,0,1,0,0,"-32.753504714278,-60.734292919167",Ruta,11,SAN LORENZO,San Lorenzo,Asfalto,No existe,XVII,Dentro,Urbana,Paso Peatonal,No existe,Intersección,Bueno,Buena,Diurna,Buen Tiempo,S/D,S/D,Colisión,Ninguna,Horizontal,Cordón divisorio,Sin restricción
2020,2658,2020-07-12,Domingo,15:15:00,,0.0,2,"Moto/Ciclomotor,Taxi/Remis",Av. Arijon Y Callao,4,2,0,0,2,0,0,"-33.00371, -60.6713",Calle,,ROSARIO,Rosario,Asfalto,No existe,II,Dentro,Urbana,Ninguna,No existe,Recta,Bueno,Buena,Diurna,Buen Tiempo,Otro,S/D,Colisión,Ninguna,Faltante,Ninguna,Sin restricción
2020,2659,2020-06-07,Domingo,12:30:00,,0.0,2,"Moto/Ciclomotor,Automóvil",Curupaiti Y M de Iriondo,2,0,1,0,1,0,0,"-32.75341969991552, -60.74341568267",Calle,,SAN LORENZO,San Lorenzo,Asfalto,No existe,XVII,Dentro,Urbana,Ninguna,No existe,Intersección,Bueno,Buena,Diurna,Buen Tiempo,S/D,S/D,Colisión,Ninguna,Faltante,Ninguna,Sin restricción
2020,2660,2020-06-03,Miercoles,18:15:00,,0.0,2,"Moto/Ciclomotor,Automóvil",Av Lopez y Planes 4300,2,1,0,0,1,0,0,"-31.625640671317,-60.713593335222",Avenida,,SANTA FE,La Capital,Asfalto,No existe,I,Dentro,Urbana,Ninguna,Funciona,Recta,Bueno,Buena,Diurna,Buen Tiempo,Lateral,S/D,Colisión,Ninguna,"Horizontal,Vertical",Ninguna,Sin restricción
2020,2661,2020-06-10,Miercoles,12:50:00,,0.0,2,"Moto/Ciclomotor,Pickup/Utilitario",Perdriel Y Zeballos,2,1,0,0,1,0,0,"-32.757352415695,-60.743885761976",Calle,,SAN LORENZO,San Lorenzo,Asfalto,No existe,XVII,Dentro,Urbana,Ninguna,No existe,Intersección,Bueno,Buena,Diurna,Buen Tiempo,S/D,S/D,Colisión,Ninguna,Horizontal,Ninguna,Sin restricción
2020,2662,2020-07-16,Jueves,18:30:00,,0.0,2,"Automóvil,Moto/Ciclomotor",Av. Uriburu Y Santiago,2,1,0,0,0,0,1,"-32.99142, -60.66826",Calle,,ROSARIO,Rosario,Asfalto,No existe,II,Dentro,Urbana,Ninguna,No existe,Recta,Bueno,Buena,Atardecer,Buen Tiempo,S/D,S/D,Colisión,Ninguna,Faltante,Ninguna,Sin restricción
2020,2663,2020-06-05,Viernes,15:50:00,,0.0,2,"Moto/Ciclomotor,Moto/Ciclomotor",Artigas Y Av Pte Peron,2,1,0,0,1,0,0,"-31.620580892913,-60.718497620478",Avenida,,SANTA FE,La Capital,Asfalto,No existe,I,Dentro,Urbana,Ninguna,Funciona,Intersección,Bueno,Buena,Atardecer,Buen Tiempo,Lateral,S/D,Colisión,Ninguna,"Horizontal,Vertical",Cordón divisorio,Sin restricción
2020,2664,2020-07-12,Domingo,17:00:00,,0.0,2,"Moto/Ciclomotor,Automóvil",Bv. Oroño Y J.M.Gutierrez,3,1,1,0,1,0,0,"-32.99453, -60.66548",Calle,,ROSARIO,Rosario,Asfalto,No existe,II,Dentro,Urbana,Ninguna,No existe,Recta,Bueno,Buena,Atardecer,Buen Tiempo,Otro,S/D,Colisión,Ninguna,Faltante,Cordón divisorio,Sin restricción
2020,2665,2020-06-10,Miercoles,17:50:00,Ruta Nacional 11,0.0,2,"Pickup/Utilitario,Moto/Ciclomotor",Brown Y Bv Oro�o,2,1,0,0,1,0,0,"-32.73389093465536, -60.74249404607",Ruta,11,SAN LORENZO,San Lorenzo,Asfalto,No existe,XVII,Dentro,Urbana,Señal Pare,No existe,Recta,Bueno,Buena,Diurna,Buen Tiempo,S/D,S/D,Colisión,Ninguna,"Horizontal,Vertical",Línea divisoria pintada,Sin restricción
2020,2666,2020-06-02,Martes,,,0.0,2,"Automóvil,Bicicleta",Av Pte Peron ,2,1,0,0,1,0,0,"-31.583883, -60.740727",Avenida,,SANTA FE,La Capital,Asfalto,No existe,I,Dentro,Urbana,Semáforo,Funciona,Intersección,Bueno,Buena,Atardecer,Buen Tiempo,S/D,Ciclista,Atropello,Ninguna,Vertical,Línea divisoria pintada,Sin restricción
2020,2667,2020-06-11,Jueves,10:15:00,Ruta Nacional 11,0.0,2,"Bicicleta,Automóvil",Av San Martin 1950,2,1,0,0,1,0,0,"-32.742638795909,-60.734014317914",Ruta,11,SAN LORENZO,San Lorenzo,Asfalto,No existe,XVII,Dentro,Urbana,Ninguna,No existe,Intersección,Bueno,Buena,Diurna,Buen Tiempo,S/D,Ciclista,Atropello,Ninguna,Horizontal,Cordón divisorio,Sin restricción
2020,2668,2020-07-16,Jueves,19:45:00,,0.0,2,"Peatón,Automóvil",Mitre Y Rioja,3,1,0,0,2,0,0,"-32.9474, -60.63984",Calle,,ROSARIO,Rosario,Asfalto,S/D,II,S/D,Urbana,S/D,S/D,Intersección,S/D,S/D,Diurna,S/D,S/D,Peatón,Atropello,S/D,S/D,S/D,S/D
2020,2669,2020-06-05,Viernes,18:40:00,,0.0,2,"Bicicleta,Automóvil",Francia Y Juan Del Campillo,2,1,0,0,1,0,0,"-31.628304923982,-60.709671671306",Calle,,SANTA FE,La Capital,Asfalto,No existe,I,Dentro,Urbana,Ninguna,No existe,Intersección,Bueno,Buena,Atardecer,Buen Tiempo,S/D,Ciclista,Atropello,Ninguna,Faltante,Ninguna,Sin restricción
2020,2670,2020-06-14,Domingo,11:30:00,,0.0,2,"Taxi/Remis,Moto/Ciclomotor",Urquiza 1700,2,1,0,0,1,0,0,"-32.747477544309,-60.745649567288",Calle,,SAN LORENZO,San Lorenzo,Asfalto,No existe,XVII,Dentro,Urbana,Ninguna,No existe,Intersección,Bueno,Buena,Diurna,Buen Tiempo,S/D,S/D,Colisión,Ninguna,Faltante,Cordón divisorio,Sin restricción
2020,2671,2020-07-13,Lunes,10:50:00,,0.0,2,"Automóvil,Moto/Ciclomotor",España Y Santa Fe,2,1,0,0,1,0,0,"-32.9436, -60.64616",Calle,,ROSARIO,Rosario,S/D,S/D,II,S/D,Urbana,Semáforo,S/D,Intersección,S/D,S/D,Diurna,S/D,S/D,S/D,Colisión,S/D,S/D,S/D,S/D
2020,2672,2020-06-10,Miercoles,,,0.0,2,"Peatón,Automóvil",Av Pte Peron Y Iturraspe,2,1,0,0,1,0,0,"-31.625458459958,-60.718745899026",Avenida,,SANTA FE,La Capital,Asfalto,No existe,I,Dentro,Urbana,Ninguna,Funciona,Intersección,Bueno,Buena,Diurna,Buen Tiempo,S/D,Peatón,Atropello,Ninguna,"Horizontal,Vertical",Ninguna,Sin restricción
2020,2673,2020-06-14,Domingo,18:00:00,,0.0,2,"Automóvil,Moto/Ciclomotor", ,3,2,0,0,1,0,0,"-32.74440905393891,-60.737784965745",S/D,,SAN LORENZO,San Lorenzo,S/D,S/D,XVII,S/D,S/D,S/D,S/D,S/D,S/D,S/D,Diurna,S/D,S/D,S/D,Colisión,S/D,S/D,S/D,S/D
2020,2674,2020-07-15,Miercoles,09:00:00,,0.0,2,"Moto/Ciclomotor,Automóvil",9 De Julio Y Lavalle,2,1,0,0,1,0,0,"-32.94675, -60.67965",Calle,,ROSARIO,Rosario,Asfalto,S/D,II,S/D,Urbana,S/D,S/D,Intersección,S/D,Buena,Diurna,Buen Tiempo,S/D,S/D,Colisión,S/D,S/D,S/D,S/D
2020,2675,2020-06-11,Jueves,,,0.0,2,"Moto/Ciclomotor,Automóvil",Av Pte Peron Y Pedro Centeno,2,1,0,0,1,0,0,"-31.623872, -60.718716",Avenida,,SANTA FE,La Capital,Asfalto,No existe,I,Dentro,Urbana,Ninguna,Funciona,Intersección,Bueno,Buena,Atardecer,Buen Tiempo,Lateral,S/D,Colisión,Ninguna,"Horizontal,Vertical",Cordón divisorio,Sin restricción
2020,2676,2020-07-10,Viernes,08:15:00,,0.0,2,"Automóvil,Moto/Ciclomotor",Montevideo Y Servando Bayo,3,2,0,0,1,0,0,"-32.94783, -60.68704",Calle,,ROSARIO,Rosario,Asfalto,S/D,II,S/D,Urbana,S/D,S/D,Intersección,S/D,S/D,S/D,S/D,S/D,S/D,Colisión,S/D,S/D,S/D,S/D