anio_acci,nro_acci,fecha,desc_dia,hora_aprox,desc_ruta,km,cant_participantes,desc_participante,calle_avenida_km,total,heridos_leves,heridos_graves,heridos_gravisimos,ilesos,fallecidos,sin_datos,posicion_XY,desc_tipo_via,desc_ruta_ori,desc_loc,desc_dpto,desc_tipo_calzada,desc_tipo_banquina,desc_unidad_regional,desc_lugar_calzada,desc_zona,desc_prioridad,desc_estado_semaforo,desc_lugar_via,desc_estado_via,desc_estado_visibilidad,desc_luminosidad,desc_estado_clima,desc_tipo_colision,desc_tipo_atropello,desc_tipo_hecho,desc_pres_calzada,desc_senializacion,desc_separacion_via,desc_restriccion
2020,2677,2020-06-19,Viernes,10:20:00,Ruta Nacional 11,325.0,2,"Moto/Ciclomotor,Otros", ,2,1,0,0,0,0,1,"-32.7784556928483, -60.727716520704",Ruta,11,FRAY LUIS BELTRÁN,San Lorenzo,Asfalto,Ripio,XVII,Dentro,Urbana,Otra Señal,No existe,Recta,Bueno,Buena,Diurna,Buen Tiempo,S/D,S/D,Colisión,Ninguna,Vertical,Ninguna,Sin restricción
2020,2678,2020-06-13,Sabado,12:15:00,,0.0,2,"Moto/Ciclomotor,Automóvil",Av Pte Peron Y Luciano Molinas,2,1,0,0,1,0,0,"-31.628721025336,-60.718317757049",Avenida,,SANTA FE,La Capital,Asfalto,No existe,I,Dentro,Urbana,Semáforo,Funciona,Intersección,Bueno,Buena,Diurna,Buen Tiempo,Lateral,S/D,Colisión,Ninguna,"Horizontal,Vertical",Ninguna,Sin restricción
2020,2679,2020-07-16,Jueves,18:05:00,,0.0,2,"Moto/Ciclomotor,Moto/Ciclomotor",San Juan Y Valparaiso,2,1,1,0,0,0,0,"-32.94233, -60.68282",Calle,,ROSARIO,Rosario,Asfalto,S/D,II,S/D,Urbana,S/D,S/D,Intersección,S/D,S/D,"Atardecer,Con luz artificial",S/D,S/D,S/D,Colisión,S/D,S/D,S/D,S/D
2020,2680,2020-07-16,Jueves,09:50:00,,0.0,3,"Automóvil,Moto/Ciclomotor,Automóvil",Balcarce Y Urquiza,3,1,0,0,2,0,0,"-32.94049, -60.65108",Calle,,ROSARIO,Rosario,Asfalto,S/D,II,S/D,Urbana,S/D,S/D,Intersección,S/D,Buena,Diurna,S/D,Múltiple,S/D,Colisión,S/D,S/D,S/D,S/D
2020,2681,2020-06-21,Domingo,21:15:00,,0.0,3,"Automóvil,Automóvil,Peatón",General Lopez Y Urquiza,3,2,0,0,1,0,0,"-32.747665357267,-60.735226640381",Calle,,SAN LORENZO,San Lorenzo,Asfalto,No existe,XVII,Dentro,Urbana,Semáforo,Funciona,Intersección,Bueno,Buena,Diurna,Buen Tiempo,Contra objeto fijo,Peatón,"Colisión,Atropello",Ninguna,"Horizontal,Vertical","Cordón divisorio,Línea divisoria pintada",Sin restricción
2020,2682,2020-06-23,Martes,09:10:00,,0.0,2,"Moto/Ciclomotor,Automóvil",Dorrego Y Urquiza,2,1,0,0,1,0,0,"-32.747621514844,-60.737317580287",Calle,,SAN LORENZO,San Lorenzo,Asfalto,No existe,XVII,Dentro,Urbana,Semáforo,Funciona,Intersección,Bueno,Buena,Diurna,Buen Tiempo,S/D,S/D,Colisión,Ninguna,"Horizontal,Vertical","Cordón divisorio,Vegetación,Línea divisoria pintada",Sin restricción
2020,2683,2020-06-16,Martes,14:50:00,,0.0,2,"Moto/Ciclomotor,Pickup/Utilitario",Av Pte Peron Y Pje Irala,2,1,0,0,1,0,0,"-31.63039208566,-60.717845743008",Avenida,,SANTA FE,La Capital,Asfalto,No existe,I,Dentro,Urbana,Ninguna,No existe,Paso a Nivel FFCC,Bueno,Buena,Diurna,Buen Tiempo,Lateral,S/D,Colisión,Ninguna,Faltante,Ninguna,Sin restricción
2020,2684,2020-07-11,Sabado,08:20:00,,0.0,2,"Taxi/Remis,Taxi/Remis",Mariano Moreno Y Rioja,3,1,0,0,2,0,0,"-32.94538, -60.65085",Calle,,ROSARIO,Rosario,Asfalto,S/D,II,S/D,Urbana,S/D,S/D,Intersección,S/D,S/D,Diurna,S/D,S/D,S/D,Colisión,S/D,S/D,S/D,S/D
2020,2685,2020-06-24,Miercoles,18:15:00,Autopista Nacional A012,64.0,2,"Moto/Ciclomotor,Automóvil", ,3,1,0,0,2,0,0,"-32.766406226283,-60.743726268204",Autopista,A012,SAN LORENZO,San Lorenzo,Asfalto,No existe,XVII,Dentro,Urbana,Ninguna,No existe,Intersección,Bueno,Buena,Diurna,Buen Tiempo,S/D,S/D,Colisión,Ninguna,Faltante,Ninguna,Sin restricción
2020,2686,2020-07-13,Lunes,12:25:00,,0.0,2,"Moto/Ciclomotor,Automóvil",Av. Ovidio Lagos Y Tucuman,2,1,0,0,1,0,0,"-32.9376, -60.66023",Calle,,ROSARIO,Rosario,Asfalto,S/D,II,S/D,Urbana,Semáforo,Funciona,Intersección,S/D,S/D,Diurna,S/D,S/D,S/D,Colisión,S/D,Vertical,S/D,S/D
2020,2687,2020-06-28,Domingo,22:30:00,Autopista Nacional A012,0.0,2,"Automóvil,Moto/Ciclomotor",Gdor Saavedra - Ruta 12 Y Velez Sarsfield,2,1,0,0,1,0,0,"-32.768017316361,-60.734283982558",Autopista,A012,SAN LORENZO,San Lorenzo,Asfalto,Ripio,XVII,Dentro,Urbana,Semáforo,Funciona,Intersección,Bueno,Buena,Diurna,Buen Tiempo,S/D,S/D,Colisión,Otro,Vertical,Cordón divisorio,Sin restricción
2020,2688,2020-06-21,Domingo,11:45:00,,0.0,3,"Automóvil,Automóvil,Automóvil",Artigas Y Av Pte Peron,3,2,0,0,1,0,0,"-31.620580892913,-60.718497620478",Avenida,,SANTA FE,La Capital,Asfalto,No existe,I,Dentro,Urbana,Ninguna,Funciona,Intersección,Bueno,Buena,Diurna,Buen Tiempo,Múltiple,S/D,Colisión,Ninguna,"Horizontal,Vertical",Ninguna,Sin restricción
2020,2689,2020-06-01,Lunes,14:30:00,,0.0,2,"Moto/Ciclomotor,Automóvil",Av Fray Luis Beltran Y Avda Roque Saenz Pe�a,3,1,0,0,2,0,0,"-32.784634444341,-60.735957572827",Avenida,,FRAY LUIS BELTRÁN,San Lorenzo,Ripio,No existe,XVII,Dentro,Urbana,Ninguna,No existe,Intersección,Bueno,Buena,Diurna,Buen Tiempo,S/D,S/D,Colisión,Ninguna,Faltante,Ninguna,Sin restricción
2020,2690,2020-07-11,Sabado,23:35:00,,0.0,2,"Automóvil,Moto/Ciclomotor",9 De Julio Y Santiago,2,1,0,0,1,0,0,"-32.95065, -60.65786",Calle,,ROSARIO,Rosario,Asfalto,S/D,II,S/D,Urbana,S/D,S/D,Intersección,S/D,S/D,"Nocturna,Con luz artificial",S/D,S/D,S/D,Colisión,S/D,S/D,S/D,S/D
2020,2691,2020-06-19,Viernes,17:00:00,,0.0,2,"Automóvil,Moto/Ciclomotor",Arenales Y Dorrego,3,2,0,0,1,0,0,"-32.782905077236,-60.730248694516",Calle,,FRAY LUIS BELTRÁN,San Lorenzo,Asfalto,No existe,XVII,Dentro,Urbana,Ninguna,No existe,Intersección,Bueno,Buena,Diurna,Buen Tiempo,S/D,S/D,Colisión,Ninguna,Faltante,Ninguna,Sin restricción
2020,2692,2020-07-11,Sabado,20:20:00,,0.0,2,"Bicicleta,Automóvil",Alvear Y Urquiza,2,1,0,0,1,0,0,"-32.93999, -60.65376",Calle,,ROSARIO,Rosario,Asfalto,S/D,II,S/D,Urbana,S/D,S/D,Intersección,S/D,S/D,"Nocturna,Con luz artificial",S/D,S/D,Ciclista,Atropello,S/D,S/D,S/D,S/D
2020,2693,2020-06-02,Martes,15:55:00,,0.0,2,"Moto/Ciclomotor,Moto/Ciclomotor",Bv Sarmiento Y Urquiza,2,2,0,0,0,0,0,"-32.901542830141,-60.907720933304",Avenida,,ROLDÁN,San Lorenzo,Asfalto,No existe,XVII,Dentro,Urbana,Ninguna,No existe,Intersección,Bueno,Buena,Diurna,Buen Tiempo,S/D,S/D,Colisión,Ninguna,Faltante,Ninguna,Sin restricción
2020,2694,2020-07-13,Lunes,17:15:00,Ruta Nacional 33,0.0,1,Moto/Ciclomotor,Ruta Nac 33 ,1,1,0,0,0,0,0,"-32.99217, -60.75885",Ruta,33,PEREZ,Rosario,Asfalto,No existe,II,Dentro,Rural,Ninguna,No existe,Curva,Bueno,Buena,Diurna,Buen Tiempo,Contra objeto fijo,S/D,Colisión,Ninguna,S/D,Barrera de hormigón,Sin restricción
2020,2695,2020-06-25,Jueves,14:50:00,,0.0,2,"Moto/Ciclomotor,Automóvil",Castro Barros Y San Lorenzo,2,1,0,0,1,0,0,"-31.629069224111,-60.712507516638",Calle,,SANTA FE,La Capital,Asfalto,No existe,I,Dentro,Urbana,Ninguna,No existe,Intersección,Bueno,Buena,Diurna,Buen Tiempo,Lateral,S/D,Colisión,Ninguna,Faltante,Ninguna,Sin restricción
2020,2696,2020-06-20,Sabado,22:10:00,,0.0,2,"Moto/Ciclomotor,Moto/Ciclomotor",Avellaneda Y San Juan,2,2,0,0,0,0,0,"-32.896973231149,-60.903746631596",Calle,,ROLDÁN,San Lorenzo,Asfalto,No existe,XVII,Dentro,Urbana,Ninguna,No existe,Intersección,Bueno,Buena,Diurna,Buen Tiempo,Lateral,S/D,Colisión,Ninguna,Faltante,Ninguna,Sin restricción
2020,2697,2020-07-13,Lunes,08:40:00,Ruta Nacional 33,0.0,2,"Bicicleta,Camión c / Acoplado", ,3,1,0,0,2,0,0,"-32.98097, -60.73759",Ruta,33,CARMEN DEL SAUCE,Rosario,Asfalto,No existe,II,S/D,Urbana,Ninguna,No existe,Recta,"Deteriorada,Ahuellamiento",Buena,Diurna,Buen Tiempo,S/D,Ciclista,Atropello,Ninguna,S/D,S/D,Sin restricción
2020,2698,2020-06-21,Domingo,20:10:00,,0.0,2,"Moto/Ciclomotor,Moto/Ciclomotor",LARREA Y LOS FRESNOS,2,1,0,0,1,0,0,"-32.90921330451967,-60.899051427841",Calle,,ROLDÁN,San Lorenzo,Asfalto,No existe,XVII,Dentro,Urbana,Ninguna,No existe,Intersección,Bueno,Buena,"Nocturna,Con luz artificial",Buen Tiempo,Lateral,S/D,Colisión,Ninguna,Faltante,Ninguna,Sin restricción
2020,2699,2020-06-27,Sabado,14:15:00,,0.0,2,"Moto/Ciclomotor,Transporte de Pasajeros Urbano (> 8 asientos)",Av Blas Parera Y M De Polonia,2,1,0,0,1,0,0,"-31.614064644618,-60.717773095057",Avenida,,SANTA FE,La Capital,Asfalto,No existe,I,Dentro,Urbana,Ninguna,No existe,Recta,Bueno,Buena,Diurna,Buen Tiempo,Otro,S/D,Colisión,Ninguna,Faltante,"Cordón divisorio,Vegetación",Sin restricción
2020,2700,2020-06-21,Domingo,20:30:00,,0.0,2,"Moto/Ciclomotor,Pickup/Utilitario",Bv Sarmiento Y Rivadavia,2,1,0,0,1,0,0,"-32.901303143837,-60.90906518883",Avenida,,ROLDÁN,San Lorenzo,Asfalto,No existe,XVII,Dentro,Urbana,Ninguna,No existe,Intersección,Bueno,Buena,"Nocturna,Con luz artificial",Buen Tiempo,Frontal,S/D,Colisión,Ninguna,Faltante,Ninguna,Sin restricción
2020,2701,2020-07-15,Miercoles,19:00:00,Ruta Nacional 11,0.0,2,"Moto/Ciclomotor,Pickup/Utilitario",Av San Martin Y Gral Lopez,2,1,0,0,1,0,0,"-32.7947, -60.72284",Ruta,11,FRAY LUIS BELTRÁN,San Lorenzo,Asfalto,S/D,XVII,S/D,Urbana,S/D,S/D,Intersección,S/D,S/D,S/D,S/D,S/D,S/D,Colisión,S/D,S/D,S/D,S/D
2020,2702,2020-06-30,Martes,10:00:00,,0.0,2,"Moto/Ciclomotor,Transporte de Pasajeros (H/ 8 asientos)",Av Blas Parera Y M De Polonia,2,1,0,0,1,0,0,"-31.613544122727,-60.718122138292",Avenida,,SANTA FE,La Capital,Asfalto,No existe,I,Dentro,Urbana,Ninguna,No existe,Recta,Bueno,Buena,Diurna,Buen Tiempo,De alcance,S/D,Colisión,Ninguna,Faltante,Ninguna,Sin restricción
2020,2703,2020-05-20,Miercoles,17:10:00,,0.0,2,"Moto/Ciclomotor,Automóvil",Eloy Gaitan Y J Galvez,2,1,0,0,1,0,0,"-31.2468, -61.50701",Calle,,RAFAELA,Castellanos,Asfalto,Pavimento,V,S/D,Urbana,Ninguna,No existe,Intersección,Bueno,S/D,S/D,Buen Tiempo,Lateral,S/D,Colisión,S/D,Vertical,S/D,S/D
2020,2704,2020-05-27,Miercoles,09:20:00,,0.0,2,"Automóvil,Bicicleta",Calle 12 San Martin Y Calle 19-Habegger,2,1,0,0,1,0,0,"    -29.14676, -59.6427",Calle,,RECONQUISTA,General Obligado,Asfalto,No existe,IX,Dentro,Urbana,Ninguna,No existe,Recta,Bueno,Buena,Diurna,Buen Tiempo,Otro,Ciclista,Atropello,Ninguna,Horizontal,Ninguna,Sin restricción
2020,2705,2020-07-01,Miercoles,08:15:00,,0.0,2,"Automóvil,Moto/Ciclomotor",Rivadavia Y Alberti,2,1,0,0,1,0,0,"-31.60236, -60.69115",Calle,,SANTA FE,La Capital,Asfalto,Pavimento,I,Dentro,Urbana,Ninguna,No existe,Intersección,Bueno,Buena,Amanecer,Buen Tiempo,S/D,S/D,Colisión,Ninguna,S/D,Ninguna,Sin restricción
2020,2706,2020-05-27,Miercoles,12:10:00,,0.0,2,"Bicicleta,Automóvil",Calle 28 - San Lorenzo Y Calle 13-Iturraspe,2,2,0,0,0,0,0,"    -29.14248, -59.65207",Calle,,RECONQUISTA,General Obligado,Hormigón,No existe,IX,Dentro,Urbana,Ninguna,No existe,Recta,Bueno,Buena,Diurna,Buen Tiempo,Otro,S/D,Colisión,Ninguna,Horizontal,Ninguna,Sin restricción
2020,2707,2020-05-20,Miercoles,15:20:00,Autovía Nacional 19,112.0,2,"Camión c / Acoplado,Automóvil", ,2,1,0,0,1,0,0,"-31.43916, -61.96597",Autovía,19,COLONIA CELLO,Castellanos,Asfalto,Pavimento,V,Dentro,Rural,Marca Vial,No existe,Recta,Bueno,Buena,Diurna,Buen Tiempo,De alcance,S/D,Colisión,Ninguna,Horizontal,Vegetación,Sin restricción
2020,2708,2020-07-07,Martes,17:20:00,,0.0,2,"Automóvil,Taxi/Remis",Piedras Y Cardenal Fasolino,4,2,0,0,2,0,0,"-31.6053, -60.67371",Calle,,SANTA FE,La Capital,Asfalto,Pavimento,I,Dentro,Urbana,Ninguna,No funciona,Intersección,Bueno,Buena,Diurna,Buen Tiempo,Lateral,S/D,Colisión,Ninguna,Vertical,Ninguna,Sin restricción
2020,2709,2020-05-20,Miercoles,11:15:00,Ruta Provincial 10,290.0,2,"Tractor,Moto/Ciclomotor", ,2,1,0,0,1,0,0,"-30.71242, -61.05382",Ruta,10,ELISA,Las Colonias,Tierra,No existe,XI,Dentro,Rural,Ninguna,No existe,Recta,Otro,Reducida polvo,Diurna,Buen Tiempo,De alcance,S/D,Colisión,Material Suelto,Faltante,Ninguna,Sin restricción
2020,2711,2020-07-08,Miercoles,14:30:00,,0.0,2,"Automóvil,Moto/Ciclomotor",Av Pte Peron Y Junin,4,3,0,0,1,0,0,"-31.63587, -60.71815",Calle,,SANTA FE,La Capital,Hormigón,No existe,I,Dentro,Urbana,Ninguna,No existe,Recta,Bueno,Buena,Diurna,Buen Tiempo,Lateral,S/D,Colisión,Ninguna,Vertical,Ninguna,Sin restricción
2020,2712,2020-05-20,Miercoles,12:05:00,,0.0,2,"Camión Chasis,Moto/Ciclomotor",General San Martin Y Colon,2,1,0,0,1,0,0,"-30.86603, -60.96664",Calle,,LA PELADA,Las Colonias,Asfalto,Natural,XI,S/D,Urbana,Ninguna,No existe,Intersección,Bueno,Buena,"Diurna,Con luz artificial",Buen Tiempo,Lateral,S/D,Colisión,Ninguna,S/D,Ninguna,Sin restricción
2020,2713,2020-07-07,Martes,07:10:00,,0.0,2,"Automóvil,Moto/Ciclomotor",Av Urquiza Y Gdor Crespo,2,1,0,0,0,0,1,"-31.63989, -60.7115",Avenida,,SANTA FE,La Capital,Hormigón,No existe,I,Dentro,Urbana,Semáforo,Funciona,Intersección,Bueno,Buena,Diurna,Buen Tiempo,De alcance,S/D,Colisión,Ninguna,Vertical,Línea divisoria pintada,Sin restricción
2020,2714,2020-05-29,Viernes,19:30:00,,0.0,2,"Bicicleta,Pickup/Utilitario",Calle 1 - Independencia Y Calle 12 San Martin,3,2,0,0,1,0,0,"    -29.13713, -59.6414",Calle,,RECONQUISTA,General Obligado,Asfalto,No existe,IX,Dentro,Urbana,Ninguna,No existe,Intersección,Bueno,Buena,Atardecer,Buen Tiempo,Otro,S/D,Colisión,Ninguna,Vertical,Ninguna,Sin restricción
2020,2715,2020-05-20,Miercoles,08:30:00,,0.0,2,"Moto/Ciclomotor,Moto/Ciclomotor",Colon Y F A Garin,2,0,1,0,1,0,0,"-34.27042, -62.70957",Calle,,RUFINO,General LÓPEZ,"Asfalto,Ripio",No existe,VIII,S/D,Urbana,Ninguna,No existe,Intersección,Bueno,Reducida p/ objetos,Diurna,Buen Tiempo,Lateral,S/D,Colisión,Ninguna,S/D,Ninguna,Sin restricción
2020,2716,2020-05-29,Viernes,06:45:00,,0.0,2,"Moto/Ciclomotor,Automóvil",Avenida 17 Y Calle 26,2,1,0,0,1,0,0,"    -32.67941, -61.51419",Avenida,,LAS PAREJAS,Belgrano,Hormigón,No existe,III,Dentro,Urbana,Ninguna,No existe,Intersección,Bueno,Reducida,Amanecer,Buen Tiempo,Lateral,S/D,Colisión,Ninguna,Vertical,Ninguna,Sin restricción
2020,2717,2020-07-03,Viernes,09:20:00,,0.0,2,"Automóvil,Moto/Ciclomotor",Av Pte Peron Y Junin,2,1,0,0,1,0,0,"-31.63587, -60.71815",Calle,,SANTA FE,La Capital,Hormigón,No existe,I,Dentro,Urbana,S/D,No existe,Intersección,Bueno,Buena,Diurna,Buen Tiempo,S/D,S/D,Colisión,Ninguna,Vertical,Ninguna,S/D
2020,2718,2020-05-20,Miercoles,07:20:00,,0.0,2,"Bicicleta,Otros",Bv Pellegrini Y 25 de Mayo,2,1,0,0,1,0,0,"-31.63578, -60.70255",Calle,,SANTA FE,La Capital,Asfalto,Pavimento,I,Dentro,Urbana,Semáforo,Funciona,Intersección,Bueno,Buena,Diurna,Buen Tiempo,S/D,S/D,Atropello,S/D,Faltante,Ninguna,Sin restricción
2020,2719,2020-07-03,Viernes,20:50:00,,0.0,2,"Automóvil,Bicicleta",Av Lopez y Planes Y Candido Pujato,2,1,0,0,1,0,0,"-31.63162, -60.71392",Avenida,,SANTA FE,La Capital,Hormigón,No existe,I,Dentro,Urbana,Ninguna,Funciona,Intersección,Bueno,Reducida,Nocturna,Buen Tiempo,De alcance,Ciclista,Atropello,Ninguna,Faltante,Cordón divisorio,Sin restricción
2020,2720,2020-05-20,Miercoles,17:10:00,,0.0,2,"Automóvil,Moto/Ciclomotor",Av Freyre 2400,2,1,0,0,1,0,0,"-31.64508, -60.71821",Avenida,,SANTA FE,La Capital,Hormigón,No existe,I,Dentro,Urbana,Ninguna,No existe,Recta,Con baches,Buena,Diurna,Buen Tiempo,Frontal,S/D,Colisión,Ninguna,Faltante,Cordón divisorio,Sin restricción
2020,2721,2020-05-25,Lunes,11:15:00,,0.0,2,"Pickup/Utilitario,Moto/Ciclomotor",Italia Y Salta,2,1,0,0,1,0,0,"    -32.47507, -61.58576",Calle,,LAS ROSAS,Belgrano,Asfalto,No existe,III,Dentro,Urbana,Ninguna,No existe,Intersección,Bueno,Buena,Diurna,Buen Tiempo,De alcance,S/D,Colisión,Ninguna,Vertical,Ninguna,Sin restricción
2020,2722,2020-07-04,Sabado,08:50:00,,0.0,1,Moto/Ciclomotor,Pje Irala Y Soberania,1,1,0,0,0,0,0,"-31.63424, -60.72548",Calle,,SANTA FE,La Capital,Asfalto,No existe,I,S/D,S/D,Semáforo,Funciona,Intersección,Bueno,Buena,Diurna,Buen Tiempo,S/D,S/D,Otro,Ninguna,Vertical,Línea divisoria pintada,Sin restricción
2020,2723,2020-07-08,Miercoles,15:15:00,,0.0,2,"Moto/Ciclomotor,Moto/Ciclomotor",Martin Zapata Y Pje Santa Fe,2,2,0,0,0,0,0,"-31.61978, -60.70012",Avenida,,SANTA FE,La Capital,Asfalto,No existe,I,S/D,Urbana,Semáforo,Funciona,Intersección,Bueno,Buena,Diurna,Buen Tiempo,Lateral,S/D,Colisión,Ninguna,Vertical,Línea divisoria pintada,Sin restricción
2020,2724,2020-05-20,Miercoles,15:00:00,,0.0,2,"Pickup/Utilitario,Moto/Ciclomotor",Mendoza Y Lamadrid,3,2,0,0,1,0,0,"-31.64387, -60.72802",Calle,,SANTA FE,La Capital,Hormigón,No existe,I,S/D,Urbana,Ninguna,Funciona,Intersección,Bueno,Buena,Diurna,Buen Tiempo,Lateral,S/D,Colisión,Ninguna,Vertical,Ninguna,Sin restricción
2020,2725,2020-07-03,Viernes,13:40:00,,0.0,2,"Moto/Ciclomotor,Automóvil",Alberti 2900,2,1,0,0,1,0,0,"-31.60105, -60.69708",Calle,,SANTA FE,La Capital,Asfalto,No existe,I,Dentro,Urbana,Ninguna,No existe,Intersección,Bueno,Buena,Diurna,Buen Tiempo,Lateral,S/D,Colisión,Ninguna,S/D,Ninguna,Sin restricción
2020,2726,2020-07-08,Miercoles,,,0.0,2,"Moto/Ciclomotor,Automóvil",Hernandarias Y San Jeronimo,5,2,0,0,3,0,0,"-31.60705, -60.69636",S/D,,SANTA FE,La Capital,Asfalto,No existe,I,S/D,S/D,Ninguna,No existe,Intersección,Bueno,Buena,S/D,Buen Tiempo,Lateral,S/D,Colisión,Ninguna,S/D,Ninguna,Sin restricción
2020,2727,2020-05-20,Miercoles,17:30:00,,0.0,1,Automóvil,ALmirante Brown Y Jose Ingenieros,1,1,0,0,0,0,0,"-33.0736, -60.60134",Camino Rural,,ALVEAR,Rosario,Ripio,No existe,II,Dentro,Rural,Ninguna,No existe,Intersección,Otro,Reducida polvo,Diurna,Buen Tiempo,S/D,S/D,Despiste,Ninguna,Faltante,Ninguna,Sin restricción
2020,2728,2020-05-29,Viernes,08:05:00,,0.0,2,"Moto/Ciclomotor,Automóvil",Angel Gallardo ,3,1,0,0,2,0,0,"    -31.55284, -60.69254",Calle,,MONTE VERA,La Capital,Asfalto,Natural,I,Dentro,Urbana,Ninguna,No existe,Intersección,Bueno,Buena,Diurna,Buen Tiempo,Lateral,S/D,Colisión,S/D,Vertical,Ninguna,Sin restricción
2020,2729,2020-07-06,Lunes,15:00:00,,0.0,2,"Automóvil,Moto/Ciclomotor",Monse�or Zaspe 2900,2,1,0,0,1,0,0,"-31.65523, -60.71327",Calle,,SANTA FE,La Capital,Asfalto,No existe,I,S/D,Urbana,Ninguna,No existe,Recta,Bueno,Buena,Diurna,Buen Tiempo,De alcance,S/D,Colisión,Ninguna,Faltante,Ninguna,Sin restricción
2020,2730,2020-05-20,Miercoles,16:30:00,Autopista Nacional A008,9.0,2,"Moto/Ciclomotor,Automóvil",Mendoza ,2,1,0,0,1,0,0,"-32.94049,-60.72331",Autopista,A008,ROSARIO,Rosario,Asfalto,No existe,II,Dentro,Urbana,S/D,S/D,Intersección,Bueno,Buena,Diurna,Buen Tiempo,S/D,S/D,Colisión,Ninguna,S/D,S/D,Sin restricción
2020,2731,2020-05-29,Viernes,18:45:00,,0.0,2,"Moto/Ciclomotor,Automóvil",Jose de San Martin Y Busaniche,2,1,0,0,1,0,0,"    -31.60516, -60.57189",Calle,,SAN JOSÉ DEL RINCÓN,La Capital,Asfalto,No existe,I,Dentro,Urbana,Ninguna,No existe,Intersección,S/D,Buena,Diurna,S/D,De alcance,S/D,Colisión,Ninguna,Faltante,Ninguna,Sin restricción
2020,2732,2020-05-20,Miercoles,13:10:00,,0.0,2,"Moto/Ciclomotor,Automóvil",Cerrito Y Alsina,2,1,0,0,1,0,0,"-32.95504, -60.68033",Calle,,ROSARIO,Rosario,Asfalto,No existe,II,S/D,Urbana,S/D,No existe,Intersección,Bueno,Buena,Diurna,S/D,S/D,S/D,Colisión,S/D,Faltante,S/D,S/D
2020,2733,2020-07-08,Miercoles,19:00:00,,0.0,2,"Moto/Ciclomotor,Automóvil",San Lorenzo Y Av Gral Lopez,3,2,0,0,1,0,0,"-31.65532, -60.7202",Calle,,SANTA FE,La Capital,Asfalto,No existe,I,Dentro,Urbana,Ninguna,No existe,Intersección,Bueno,Buena,Atardecer,Buen Tiempo,Lateral,S/D,Colisión,Ninguna,Faltante,Ninguna,Sin restricción
2020,2734,2020-05-20,Miercoles,09:00:00,,0.0,3,"Moto/Ciclomotor,Pickup/Utilitario,Pickup/Utilitario",Av. Uriburu Y Italia,3,1,0,0,2,0,0,"-32.99102, -60.65955",Calle,,ROSARIO,Rosario,Asfalto,No existe,II,Dentro,Urbana,Ninguna,Funciona,Intersección,Bueno,Buena,Diurna,Buen Tiempo,Múltiple,S/D,Colisión,Ninguna,Vertical,Cordón divisorio,Sin restricción
2020,2735,2020-05-20,Miercoles,14:15:00,,0.0,2,"Taxi/Remis,Automóvil",San Juan Y Av. Francia,2,1,0,0,1,0,0,"-32.94529, -60.66643",Calle,,ROSARIO,Rosario,Asfalto,No existe,II,Dentro,Urbana,Semáforo,Funciona,Intersección,Bueno,Buena,Diurna,Buen Tiempo,De alcance,S/D,Colisión,S/D,Faltante,Ninguna,Sin restricción
2020,2736,2020-05-20,Miercoles,09:45:00,,0.0,2,"Moto/Ciclomotor,Taxi/Remis",Necochea Y Galvez,2,1,0,0,1,0,0," -32.97128, -60.62975",Calle,,ROSARIO,Rosario,Asfalto,No existe,II,Dentro,Urbana,Ninguna,No existe,Intersección,S/D,Buena,Diurna,Buen Tiempo,Lateral,S/D,Colisión,S/D,Faltante,Ninguna,Sin restricción
2020,2737,2020-07-03,Viernes,18:05:00,,0.0,3,"Automóvil,Moto/Ciclomotor,Moto/Ciclomotor", ,4,3,0,0,1,0,0,"-31.61124, -60.69664",S/D,,SANTA FE,La Capital,Asfalto,No existe,I,S/D,S/D,Ninguna,No existe,Curva,Bueno,Buena,Atardecer,Buen Tiempo,S/D,S/D,S/D,Ninguna,Faltante,Ninguna,S/D
2020,2738,2020-05-20,Miercoles,,,0.0,2,"Moto/Ciclomotor,Pickup/Utilitario",Ing White Y Congreso,2,1,0,0,1,0,0,"-32.76208, -60.73857",Calle,,SAN LORENZO,San Lorenzo,S/D,S/D,XVII,S/D,Urbana,S/D,S/D,Intersección,S/D,S/D,S/D,S/D,S/D,S/D,Colisión,S/D,S/D,S/D,S/D
2020,2739,2020-05-20,Miercoles,21:45:00,,0.0,2,"Moto/Ciclomotor,Moto/Ciclomotor",Rio Negro Y La Rioja,3,2,1,0,0,0,0,"-29.22695, -61.76343",Calle,,TOSTADO,9 de Julio,Ripio,No existe,XII,S/D,Urbana,Ninguna,No existe,Intersección,Deteriorada,Reducida,"Nocturna,Con luz artificial",Buen Tiempo,S/D,S/D,Colisión,Ninguna,Faltante,S/D,Sin restricción