anio_acci,nro_acci,fecha,desc_dia,hora_aprox,desc_ruta,km,cant_participantes,desc_participante,calle_avenida_km,total,heridos_leves,heridos_graves,heridos_gravisimos,ilesos,fallecidos,sin_datos,posicion_XY,desc_tipo_via,desc_ruta_ori,desc_loc,desc_dpto,desc_tipo_calzada,desc_tipo_banquina,desc_unidad_regional,desc_lugar_calzada,desc_zona,desc_prioridad,desc_estado_semaforo,desc_lugar_via,desc_estado_via,desc_estado_visibilidad,desc_luminosidad,desc_estado_clima,desc_tipo_colision,desc_tipo_atropello,desc_tipo_hecho,desc_pres_calzada,desc_senializacion,desc_separacion_via,desc_restriccion
2020,2740,2020-07-03,Viernes,11:10:00,,0.0,2,"Moto/Ciclomotor,Automóvil",San Lorenzo Y 3 de Febrero,2,1,0,0,1,0,0,"-31.65643, -60.72049",Calle,,SANTA FE,La Capital,Asfalto,No existe,I,Dentro,Urbana,Ninguna,No existe,Intersección,Bueno,Buena,Diurna,Buen Tiempo,S/D,S/D,S/D,Ninguna,Faltante,Ninguna,Sin restricción
2020,2741,2020-05-29,Viernes,18:30:00,,0.0,2,"Moto/Ciclomotor,Automóvil",3 de febrero Y Pres Domingo Faustino Sarmient,2,1,0,0,1,0,0,"    -31.65909, -60.77798",Calle,,SANTO TOMÉ,La Capital,Asfalto,No existe,I,Dentro,Urbana,Ninguna,No existe,Intersección,S/D,Buena,Atardecer,Buen Tiempo,Otro,S/D,Colisión,Ninguna,Faltante,Ninguna,Sin restricción
2020,2742,2020-07-02,Jueves,09:15:00,,0.0,2,"Moto/Ciclomotor,Automóvil",J J Paso Y San Lorenzo,2,1,0,0,1,0,0,"-31.66184, -60.72222",Calle,,SANTA FE,La Capital,Asfalto,No existe,I,Dentro,Urbana,Ninguna,Funciona,Intersección,Bueno,Buena,Diurna,Buen Tiempo,Lateral,S/D,Colisión,Ninguna,Faltante,Ninguna,S/D
2020,2743,2020-05-20,Miercoles,17:30:00,,0.0,2,"Moto/Ciclomotor,Automóvil",Sarmiento Y Lamadrid,2,1,0,0,1,0,0,"-32.4701, -61.57458",Calle,,LAS ROSAS,Belgrano,Asfalto,No existe,III,Fuera,Urbana,Ninguna,No existe,Intersección,Bueno,Buena,Diurna,Buen Tiempo,Lateral,S/D,Colisión,Material Suelto,Faltante,Ninguna,Sin restricción
2020,2744,2020-03-02,Lunes,,,0.0,2,"Automóvil,Peatón",Ayacucho Y Lavalle,2,1,0,0,1,0,0,"-32.821993860471,-61.385248413856",Calle,,CAÑADA DE GÓMEZ,Iriondo,Asfalto,No existe,X,Dentro,Urbana,Ninguna,No existe,Recta,Bueno,S/D,S/D,S/D,S/D,Peatón,Atropello,Ninguna,Faltante,Ninguna,Sin restricción
2020,2745,2020-03-03,Martes,12:10:00,,0.0,2,"Automóvil,Automóvil",España Y Lopez,2,1,0,0,0,0,1,"-33.739988757278,-61.965532701303",Calle,,VENADO TUERTO,General LÓPEZ,Asfalto,No existe,VIII,Dentro,Urbana,Ninguna,No existe,Intersección,Bueno,Buena,Diurna,Buen Tiempo,Lateral,S/D,Colisión,Ninguna,Faltante,Ninguna,Sin restricción
2020,2746,2020-03-03,Martes,13:10:00,,0.0,2,"Automóvil,Automóvil",Caseros Y Laprida,2,1,0,0,1,0,0,"-33.744401448209,-61.955286127967",Avenida,,VENADO TUERTO,General LÓPEZ,Asfalto,No existe,VIII,Dentro,Urbana,Ninguna,No existe,Intersección,Bueno,Buena,Diurna,Buen Tiempo,Lateral,S/D,Colisión,Ninguna,Faltante,Cordón divisorio,Sin restricción
2020,2747,2020-03-03,Martes,21:00:00,,0.0,2,"Moto/Ciclomotor,Moto/Ciclomotor",DESTAFANI Y ZUBRIGGEN,3,3,0,0,0,0,0,"-31.228420, -61.473451",Calle,,RAFAELA,Castellanos,Asfalto,No existe,V,Dentro,Urbana,Ninguna,No existe,Intersección,Bueno,Buena,Nocturna,Buen Tiempo,Lateral,S/D,Colisión,Ninguna,Faltante,Ninguna,Sin restricción
2020,2748,2020-03-03,Martes,19:00:00,Ruta Secundaria 23-s,0.0,2,"Automóvil,Bicicleta", ,2,1,0,0,1,0,0,"-31.228420, -61.473451",Ruta,23-s,VILLA ELOÍSA,Iriondo,Asfalto,Natural,X,Dentro,Rural,S/D,S/D,Recta,Bueno,S/D,Atardecer,S/D,S/D,Ciclista,Atropello,S/D,S/D,S/D,S/D
2020,2749,2020-03-04,Miercoles,17:05:00,,0.0,2,"Pickup/Utilitario,Bicicleta",Bv Santa Fe Y Guemes,2,1,0,0,1,0,0,"-31.253225665295,-61.487466316567",Avenida,,RAFAELA,Castellanos,Asfalto,No existe,V,Dentro,Urbana,Ninguna,No existe,Intersección,Bueno,Buena,Diurna,Buen Tiempo,S/D,Ciclista,Atropello,Ninguna,Faltante,"Cordón divisorio,Vegetación",Sin restricción
2020,2750,2020-03-04,Miercoles,15:00:00,Ruta Provincial 40,0.0,2,"Moto/Ciclomotor,Moto/Ciclomotor",Calle 30-Lucas Funes ,2,1,0,0,1,0,0,"-29.154737591743483,-59.65506166219",Ruta,40,RECONQUISTA,General Obligado,Asfalto,No existe,IX,Dentro,Urbana,Ninguna,No existe,Intersección,Bueno,Buena,Diurna,Buen Tiempo,Lateral,S/D,Colisión,Ninguna,Faltante,"Cordón divisorio,Vegetación",Sin restricción
2020,2751,2020-03-04,Miercoles,12:15:00,Ruta Nacional 11,0.0,2,"Automóvil,Tren",Ruta Nacional 11 ,2,1,0,0,1,0,0,"-30.782658, -60.597313",Ruta,11,SAN JUSTO,San Justo,Asfalto,No existe,XVI,Dentro,Urbana,Semáforo,Funciona,Paso a Nivel FFCC,Bueno,Buena,Diurna,Buen Tiempo,Lateral,S/D,Colisión,Ninguna,"Horizontal,Vertical",Línea divisoria pintada,Sin restricción
2020,2752,2020-03-05,Jueves,02:30:00,,0.0,1,Automóvil,Av 7 Jefes ,2,2,0,0,0,0,0,"-30.782658, -60.597313",Avenida,,SANTA FE,La Capital,Asfalto,No existe,I,Dentro,Urbana,Ninguna,No existe,Recta,Bueno,Buena,"Nocturna,Con luz artificial",Buen Tiempo,S/D,S/D,"Vuelco,Despiste",Ninguna,Horizontal,Cordón divisorio,Sin restricción
2020,2753,2020-03-05,Jueves,07:20:00,,0.0,2,"Moto/Ciclomotor,Automóvil",Avenida Ing Jose Juan Yapur ,2,1,0,0,1,0,0,"-28.418240547180144,-59.26052212715",Avenida,,TACUARENDÍ,General Obligado,S/D,S/D,IX,Dentro,Urbana,Ninguna,S/D,Intersección,S/D,S/D,Amanecer,S/D,Lateral,S/D,Colisión,S/D,S/D,Ninguna,Sin restricción
2020,2754,2020-03-05,Jueves,,,0.0,2,"Pickup/Utilitario,Automóvil",Av A del Valle Y Espora,3,3,0,0,0,0,0,"-31.603982319017,-60.692395502687",Avenida,,SANTA FE,La Capital,Asfalto,No existe,I,Dentro,Urbana,S/D,No existe,Intersección,Bueno,S/D,Diurna,Buen Tiempo,Lateral,S/D,"Colisión,Vuelco",Ninguna,Faltante,"Cordón divisorio,Vegetación",Sin restricción
2020,2755,2020-03-05,Jueves,,,0.0,2,"Moto/Ciclomotor,Automóvil",Moreno Y 25 de Mayo,4,2,0,0,2,0,0,"-29.459975539941,-60.213139580867",Calle,,VERA,Vera,Asfalto,S/D,XIX,Dentro,Urbana,S/D,S/D,Intersección,Bueno,S/D,Atardecer,S/D,Lateral,S/D,Colisión,S/D,S/D,S/D,Sin restricción
2020,2756,2020-06-16,Martes,,Autovía Nacional 168,0.0,2,"Moto/Ciclomotor,Automóvil",BAJADA PUENTE Oroño ,2,1,0,0,1,0,0,"-31.640498, -60.683033",Autovía,168,SANTA FE,La Capital,Asfalto,No existe,I,Dentro,Urbana,Ninguna,No existe,Puente,Bueno,S/D,S/D,S/D,Lateral,S/D,Colisión,Ninguna,Faltante,Cordón divisorio,Sin restricción
2020,2757,2020-06-01,Lunes,15:20:00,,0.0,2,"Automóvil,Peatón",Estanislao Zeballos Y 4 de Enero,2,1,0,0,1,0,0,"-31.604334356086,-60.699784842291",Calle,,SANTA FE,La Capital,Asfalto,No existe,I,Dentro,Urbana,Ninguna,No existe,Recta,Bueno,Buena,Diurna,Buen Tiempo,S/D,Peatón,Atropello,Ninguna,Faltante,Ninguna,Sin restricción
2020,2758,2020-06-02,Martes,17:30:00,,0.0,2,"Bicicleta,Automóvil",Alberti Y Pje Ingenieros,4,1,0,0,3,0,0,"-31.600863343643,-60.697935978809",Calle,,SANTA FE,La Capital,Asfalto,No existe,I,Dentro,Urbana,Ninguna,S/D,Intersección,Bueno,Buena,Diurna,Buen Tiempo,S/D,Ciclista,Atropello,Ninguna,Faltante,Ninguna,Sin restricción
2020,2759,2020-06-04,Jueves,11:10:00,Ruta Nacional 33,0.0,2,"Automóvil,Pickup/Utilitario",Bv Raul Rodriguez Y Libertad,5,1,0,0,4,0,0,"-33.017304560398,-61.035600965449",Ruta,33,PUJATO,San Lorenzo,Asfalto,Ripio,XVII,Dentro,Urbana,Ninguna,No existe,Intersección,Bueno,Buena,Diurna,Lluvia,Lateral,S/D,Colisión,Agua,Horizontal,Línea divisoria pintada,Sin restricción
2020,2760,2020-05-20,Miercoles,00:35:00,,0.0,2,"Moto/Ciclomotor,Automóvil",Pte Juan D Peron Y Pte Hipolito Irigoyen,4,1,0,0,3,0,0,"-32.69577115774156,-60.744368433952",Calle,,PUERTO SAN MARTÍN,San Lorenzo,Asfalto,Ripio,XVII,Dentro,Urbana,Ninguna,S/D,Intersección,Bueno,S/D,Nocturna,Buen Tiempo,De alcance,S/D,Colisión,Ninguna,Faltante,Ninguna,Sin restricción
2020,2761,2020-06-09,Martes,10:25:00,,0.0,2,"Automóvil,Automóvil",J Castelli Y 1ro de Mayo,2,1,0,0,1,0,0,"-31.60556337227,-60.698503183203",Calle,,SANTA FE,La Capital,Asfalto,No existe,I,Dentro,Urbana,Ninguna,No existe,Intersección,Bueno,Buena,Diurna,Buen Tiempo,Lateral,S/D,Colisión,Ninguna,Faltante,Ninguna,Sin restricción
2020,2762,2020-05-21,Jueves,17:30:00,,0.0,2,"Moto/Ciclomotor,Pickup/Utilitario",Calle 9-Mariano Moreno Y Calle 8-Chacabuco,2,1,0,0,1,0,0,"-29.14166, -59.63953",Calle,,RECONQUISTA,General Obligado,Asfalto,No existe,IX,Dentro,Urbana,Ninguna,No existe,Intersección,Bueno,Reducida,Diurna,Lluvia,S/D,S/D,Colisión,Ninguna,Horizontal,Ninguna,Sin restricción
2020,2763,2020-05-21,Jueves,16:30:00,,0.0,2,"Moto/Ciclomotor,Automóvil",Alvear Y Castellanos,2,1,0,0,1,0,0,"-31.63601, -60.69624",Calle,,SANTA FE,La Capital,Asfalto,No existe,I,Dentro,Urbana,S/D,No existe,Intersección,Bueno,S/D,Diurna,S/D,Lateral,S/D,Colisión,S/D,S/D,S/D,S/D
2020,2764,2020-06-15,Lunes,16:25:00,,0.0,3,"Pickup/Utilitario,Automóvil,Moto/Ciclomotor",Av A del Valle Y Pedro de Vega,3,1,0,0,2,0,0,"-31.61122262477877,-60.694634914398",Avenida,,SANTA FE,La Capital,Asfalto,No existe,I,Dentro,Urbana,Semáforo,Funciona,Intersección,Bueno,Buena,Diurna,Buen Tiempo,Múltiple,S/D,Colisión,Ninguna,"Horizontal,Vertical",Ninguna,Sin restricción
2020,2765,2020-05-21,Jueves,12:55:00,,0.0,2,"Moto/Ciclomotor,Automóvil",Gaboto 2700,2,1,0,0,1,0,0,"-32.9694, -60.66688",Calle,,ROSARIO,Rosario,Asfalto,No existe,II,Dentro,Urbana,S/D,S/D,Intersección,Bueno,S/D,Diurna,S/D,S/D,S/D,Colisión,S/D,S/D,S/D,S/D
2020,2766,2020-06-27,Sabado,19:00:00,Autopista Nacional A012,38.0,2,"Camión c / Acoplado,Vehículo Oficial", ,2,0,1,0,1,0,0,"-32.94707000255587,-60.905258059501",Autopista,A012,ROLDÁN,San Lorenzo,Asfalto,Natural,XVII,Dentro,Urbana,Ninguna,No existe,Recta,Bueno,Buena,Nocturna,Buen Tiempo,Frontal,S/D,Colisión,Ninguna,Faltante,Línea divisoria pintada,Sin restricción
2020,2767,2020-05-21,Jueves,10:30:00,,0.0,2,"Automóvil,Automóvil",Italia Y Biedma,2,1,0,0,1,0,0,"-32.97964, -60.65666",Calle,,ROSARIO,Rosario,Asfalto,No existe,II,Dentro,Urbana,Ninguna,No existe,Intersección,Bueno,Buena,Diurna,Buen Tiempo,Lateral,S/D,Colisión,Ninguna,Faltante,Ninguna,Sin restricción
2020,2768,2020-06-12,Viernes,22:50:00,,0.0,2,"Automóvil,Moto/Ciclomotor",Galvez Y La Pampa,3,1,0,0,2,0,0,"-32.894856418457,-60.900337249906",Calle,,ROLDÁN,San Lorenzo,Asfalto,No existe,XVII,Dentro,Urbana,Ninguna,No existe,Intersección,Bueno,Buena,"Nocturna,Con luz artificial",Buen Tiempo,S/D,S/D,Colisión,Ninguna,Faltante,Ninguna,Sin restricción
2020,2769,2020-05-21,Jueves,15:55:00,,0.0,2,"Moto/Ciclomotor,Automóvil",Ayacucho 5500,2,1,0,0,1,0,0,"-33.00059, -60.63621",Calle,,ROSARIO,Rosario,Asfalto,No existe,II,Dentro,Urbana,Ninguna,S/D,Intersección,Bueno,Buena,Diurna,Buen Tiempo,Lateral,S/D,Colisión,S/D,Faltante,Ninguna,Sin restricción
2020,2770,2020-06-18,Jueves,12:50:00,,0.0,2,"Automóvil,Moto/Ciclomotor",Av Facundo Zuviria Y Pedro Centeno,2,1,0,0,1,0,0,"-31.626431, -60.705148",Avenida,,SANTA FE,La Capital,Asfalto,No existe,I,Dentro,Urbana,Ninguna,Funciona,Intersección,Bueno,Buena,Diurna,Buen Tiempo,Lateral,S/D,Colisión,Ninguna,"Horizontal,Vertical",Ninguna,Sin restricción
2020,2771,2020-05-21,Jueves,10:30:00,,0.0,2,"Moto/Ciclomotor,Automóvil",Irigoyen Y Jose Ingenieros,2,2,0,0,0,0,0,"-32.74028, -60.7361",Calle,,SAN LORENZO,San Lorenzo,S/D,S/D,XVII,S/D,Urbana,S/D,S/D,Intersección,S/D,S/D,Diurna,S/D,S/D,S/D,Colisión,S/D,S/D,S/D,S/D
2020,2772,2020-06-15,Lunes,18:00:00,,0.0,2,"Moto/Ciclomotor,Peatón", ,2,0,1,0,1,0,0,"-31.098852487063073,-60.08924543201",Calle,,HELVECIA,Garay,Tierra,No existe,VII,S/D,Urbana,Ninguna,No existe,Otro,Otro,Buena,Diurna,Buen Tiempo,S/D,Peatón,Atropello,Ninguna,Faltante,Ninguna,Sin restricción
2020,2773,2020-05-21,Jueves,18:20:00,,0.0,2,"Moto/Ciclomotor,Pickup/Utilitario",Los Andes Y 5 de Noviembre,2,1,0,0,1,0,0,"-29.22763, -61.77032",Calle,,TOSTADO,9 de Julio,Asfalto,No existe,XII,S/D,Urbana,Ninguna,No existe,Intersección,Bueno,Buena,Atardecer,Lluvia,Otro,S/D,Colisión,Ninguna,Faltante,Ninguna,Sin restricción
2020,2774,2020-06-23,Martes,13:30:00,,0.0,1,Moto/Ciclomotor,Pbro Marozi Y Santa Fe,1,0,1,0,0,0,0,"-31.426061689853668,-60.33677995204",Calle,,SANTA ROSA DE CALCHINES,Garay,Asfalto,Pavimento,VII,Dentro,Urbana,Ninguna,No existe,Intersección,Bueno,Buena,Diurna,Buen Tiempo,Atropello animal,S/D,Colisión,Ninguna,Faltante,Ninguna,Sin restricción
2020,2775,2020-06-02,Martes,16:09:00,,0.0,2,"Automóvil,Bicicleta",Primera Junta Y San Jose,2,1,0,0,1,0,0,"-31.643940210342425,-60.72240650653",Calle,,SANTA FE,La Capital,Asfalto,No existe,I,Dentro,Urbana,Ninguna,No existe,Intersección,Bueno,Buena,Diurna,Buen Tiempo,S/D,Ciclista,Atropello,Ninguna,Vertical,Ninguna,Sin restricción
2020,2776,2020-05-22,Viernes,11:10:00,,0.0,2,"Moto/Ciclomotor,Pickup/Utilitario",Cullen Y General Manuel Belgrano,2,1,0,0,1,0,0,"-31.45255, -60.93041",Calle,,ESPERANZA,Las Colonias,Asfalto,No existe,XI,S/D,Urbana,Ninguna,No existe,Intersección,Con baches,Buena,Diurna,Buen Tiempo,De alcance,S/D,Colisión,Ninguna,Faltante,Ninguna,Sin restricción
2020,2777,2020-06-02,Martes,17:30:00,,0.0,1,Tractor,CAMINO RURAL ,2,1,0,0,1,0,0,"-30.7962870597839,-60.0231170654296",Camino Rural,,COLONIA MASCIAS,Garay,Tierra,No existe,VII,Dentro,Rural,Ninguna,No existe,Intersección,Bueno,Buena,Diurna,Buen Tiempo,S/D,S/D,Cañda ocupante,Ninguna,Faltante,Ninguna,Sin restricción
2020,2778,2020-05-22,Viernes,18:30:00,,0.0,2,"Bicicleta,Otros",Calle 31-Newbery Y Calle 34,2,1,0,0,1,0,0,"-29.15176, -59.65711",Calle,,RECONQUISTA,General Obligado,Asfalto,No existe,IX,S/D,Urbana,Ninguna,No existe,Intersección,Bueno,Buena,Atardecer,Buen Tiempo,S/D,Ciclista,Atropello,Ninguna,Horizontal,Ninguna,Sin restricción
2020,2779,2020-05-22,Viernes,19:50:00,,0.0,2,"Moto/Ciclomotor,Moto/Ciclomotor",Alberdi 456,2,0,1,0,1,0,0,"-30.31693, -61.23314",Calle,,SAN CRISTÓBAL,San CRISTÓBAL,Asfalto,No existe,XIII,Dentro,Urbana,Ninguna,No existe,Recta,S/D,Reducida,Nocturna,Lluvia,Lateral,S/D,Colisión,S/D,S/D,Ninguna,Sin restricción
2020,2780,2020-06-07,Domingo,11:50:00,,0.0,2,"Automóvil,Moto/Ciclomotor",25 de Mayo Y Dr Borzone,3,0,2,0,1,0,0,"-32.995765530398,-60.772864280233",Calle,,PEREZ,Rosario,Asfalto,No existe,II,Dentro,Urbana,Ninguna,No existe,Intersección,Bueno,Buena,Diurna,Buen Tiempo,S/D,S/D,Colisión,Ninguna,Faltante,Ninguna,Sin restricción
2020,2781,2020-06-03,Miercoles,08:10:00,,0.0,1,Moto/Ciclomotor,Francia Y Hipolito Yrigoyen,1,1,0,0,0,0,0,"-31.641972, -60.713475",Calle,,SANTA FE,La Capital,Asfalto,No existe,I,Dentro,Urbana,Ninguna,No existe,Intersección,Bueno,Buena,Diurna,Buen Tiempo,S/D,S/D,Cañda ocupante,Ninguna,Faltante,Ninguna,Sin restricción
2020,2782,2020-06-08,Lunes,09:30:00,,0.0,2,"Automóvil,Automóvil",Dr Zavalla Y Tucuman,2,1,0,0,1,0,0,"-31.643649180159,-60.719439258028",Calle,,SANTA FE,La Capital,Asfalto,No existe,I,Dentro,Urbana,Otra Señal,No existe,Intersección,Bueno,Buena,Diurna,Buen Tiempo,Lateral,S/D,Colisión,Ninguna,"Horizontal,Vertical",Ninguna,Sin restricción
2020,2783,2020-06-01,Lunes,08:50:00,,0.0,2,"Automóvil,Bicicleta",Juan Bautista Alberdi Y Lavalle,2,1,0,0,1,0,0,"-33.000955072336,-60.770582220471",Calle,,PEREZ,Rosario,Asfalto,No existe,II,Dentro,Urbana,Ninguna,No existe,Intersección,Bueno,Buena,Diurna,Buen Tiempo,S/D,Ciclista,Atropello,Ninguna,Faltante,Ninguna,Sin restricción
2020,2784,2020-06-17,Miercoles,22:00:00,,0.0,2,"Automóvil,Moto/Ciclomotor",Av Freyre Y Salvador Caputo,2,1,0,0,1,0,0,"-31.637457976869,-60.716245058714",Avenida,,SANTA FE,La Capital,Asfalto,No existe,I,Dentro,Urbana,Semáforo,Funciona,Intersección,Bueno,Buena,"Nocturna,Con luz artificial",Buen Tiempo,Lateral,S/D,Colisión,Ninguna,"Horizontal,Vertical","Cordón divisorio,Vegetación",Sin restricción
2020,2785,2020-06-03,Miercoles,20:20:00,Ruta Nacional 33,0.0,2,"Moto/Ciclomotor,Peatón",Av San Martin Y Leandro Alem,2,1,0,0,1,0,0,"-32.996431025449,-60.766562600094",Ruta,33,PEREZ,Rosario,Asfalto,No existe,II,Dentro,Urbana,Ninguna,Funciona,Intersección,Bueno,Buena,Diurna,Buen Tiempo,S/D,Peatón,Atropello,Ninguna,Vertical,Ninguna,Sin restricción
2020,2786,2020-05-22,Viernes,15:00:00,Ruta Nacional 33,782.0,2,"Automóvil,Pickup/Utilitario", ,3,2,0,0,1,0,0,"-32.98896, -60.75253",Ruta,33,PEREZ,Rosario,Asfalto,Pavimento,II,Dentro,Urbana,Ninguna,No existe,Recta,Bueno,Buena,Diurna,Buen Tiempo,S/D,S/D,Colisión,Ninguna,Horizontal,S/D,Sin restricción
2020,2787,2020-06-04,Jueves,10:40:00,Ruta Nacional 33,0.0,2,"Automóvil,Moto/Ciclomotor",Av San Martin Y Rivadavia,2,1,0,0,1,0,0,"-32.997522718579,-60.768647810633",Ruta,33,PEREZ,Rosario,Asfalto,No existe,II,Dentro,Urbana,Ninguna,No existe,Intersección,Bueno,Buena,Diurna,Buen Tiempo,Lateral,S/D,Colisión,Ninguna,Horizontal,Línea divisoria pintada,Sin restricción
2020,2788,2020-06-12,Viernes,22:11:00,,0.0,2,"Automóvil,Moto/Ciclomotor",Salta Y Santiago de Chile,2,1,0,0,1,0,0,"-31.646889014028,-60.724624614482",Calle,,SANTA FE,La Capital,Asfalto,No existe,I,Dentro,Urbana,Ninguna,No existe,Recta,Bueno,Buena,"Nocturna,Con luz artificial",Buen Tiempo,De alcance,S/D,Colisión,Ninguna,Faltante,Ninguna,Sin restricción
2020,2789,2020-06-13,Sabado,12:25:00,,0.0,1,Moto/Ciclomotor,Juan Bautista Alberdi 774,1,1,0,0,0,0,0,"-32.996072259681,-60.774108331799",Calle,,PEREZ,Rosario,Asfalto,No existe,II,Dentro,Urbana,Ninguna,No existe,Recta,Bueno,Buena,Diurna,Buen Tiempo,Contra objeto fijo,S/D,Colisión,Ninguna,Faltante,Ninguna,Sin restricción
2020,2790,2020-05-22,Viernes,17:20:00,,0.0,2,"Automóvil,Moto/Ciclomotor",Mitre Y Bomberos Voluntarios,3,2,0,0,1,0,0,"-33.02449, -60.63318",Calle,,VILLA GOBERNADOR GÁLVEZ,Rosario,Asfalto,No existe,II,S/D,Urbana,Ninguna,No existe,Intersección,Bueno,Buena,Diurna,S/D,S/D,S/D,Colisión,Ninguna,Faltante,Ninguna,Sin restricción
2020,2791,2020-06-17,Miercoles,16:20:00,,0.0,1,Moto/Ciclomotor,D F Sarmiento Y Richieri,1,1,0,0,0,0,0,"-32.995147163009,-60.778064222499",Calle,,PEREZ,Rosario,Asfalto,No existe,II,Dentro,Urbana,Ninguna,No existe,Intersección,Bueno,Buena,Diurna,Buen Tiempo,S/D,S/D,Cañda ocupante,Ninguna,Faltante,Ninguna,Sin restricción
2020,2792,2020-05-22,Viernes,13:50:00,,0.0,2,"Automóvil,Moto/Ciclomotor",3 de Febrero Y 17 de Octubre,2,1,0,0,1,0,0,"-33.01256, -60.60937",Calle,,VILLA GOBERNADOR GÁLVEZ,Rosario,Asfalto,No existe,II,S/D,Urbana,Ninguna,No existe,Intersección,Deteriorada,Reducida p/ objetos,Diurna,Buen Tiempo,De alcance,S/D,Colisión,Ninguna,Faltante,Ninguna,Sin restricción
2020,2793,2020-06-16,Martes,10:30:00,,0.0,2,"Pickup/Utilitario,Automóvil",Av San Nicolas 2900,2,1,0,0,1,0,0,"-32.92818973604,-60.80736556665",Calle,,FUNES,Rosario,Ripio,No existe,II,Dentro,Urbana,Ninguna,No existe,Intersección,Bueno,Buena,Diurna,Buen Tiempo,Lateral,S/D,Colisión,Ninguna,Faltante,Ninguna,Sin restricción
2020,2794,2020-05-22,Viernes,,,0.0,2,"Automóvil,Moto/Ciclomotor",San Carlos Y Entre Rios,2,1,0,0,1,0,0,"-32.74318, -60.73228",Calle,,SAN LORENZO,San Lorenzo,S/D,S/D,XVII,S/D,Urbana,S/D,S/D,Intersección,S/D,S/D,S/D,S/D,S/D,S/D,Colisión,S/D,S/D,S/D,S/D
2020,2795,2020-06-12,Viernes,22:20:00,Ruta Secundaria 34-s,0.0,2,"Automóvil,Moto/Ciclomotor",Gral Paz Y Peron,2,1,0,0,1,0,0,"-32.915272417184,-60.806847400967",Ruta,34-s,FUNES,Rosario,Asfalto,No existe,II,Dentro,Urbana,Ninguna,No existe,Intersección,Bueno,Buena,Diurna,Buen Tiempo,Frontal,S/D,Colisión,Ninguna,Faltante,Ninguna,Sin restricción
2020,2796,2020-06-10,Miercoles,13:25:00,Ruta Nacional 9,0.0,2,"Automóvil,Bicicleta",Cochet Y Ruta Nacional 9,2,1,0,0,1,0,0,"-32.922418462009,-60.806078369361",Ruta,9,FUNES,Rosario,Asfalto,Pavimento,II,Dentro,Urbana,Otra Señal,No existe,Intersección,Bueno,Buena,Diurna,Buen Tiempo,S/D,Ciclista,Atropello,Ninguna,"Horizontal,Vertical",Línea divisoria pintada,Sin restricción
2020,2797,2020-06-10,Miercoles,10:00:00,,0.0,2,"Automóvil,Pickup/Utilitario",Candelaria Y Gral Paz,3,2,0,0,1,0,0,"-32.914379277646,-60.811799359246",Calle,,FUNES,Rosario,Asfalto,No existe,II,Dentro,Urbana,Ninguna,No existe,Intersección,Bueno,Buena,Diurna,Buen Tiempo,Frontal,S/D,Colisión,Ninguna,Faltante,Ninguna,Sin restricción
2020,2798,2020-05-23,Sabado,09:25:00,,0.0,2,"Moto/Ciclomotor,Otros",Dr Zavalla Y J J Paso,2,1,0,0,0,0,1,"-31.66121, -60.72459",Calle,,SANTA FE,La Capital,Asfalto,No existe,I,S/D,Urbana,Ninguna,No existe,Intersección,S/D,Buena,Diurna,Buen Tiempo,Lateral,S/D,Colisión,Ninguna,Faltante,Ninguna,Sin restricción
2020,2799,2020-06-16,Martes,19:15:00,,0.0,2,"Moto/Ciclomotor,Automóvil",Av Freyre 3200,2,1,0,0,1,0,0,"-31.636370018769,-60.715662234625",Avenida,,SANTA FE,La Capital,Asfalto,No existe,I,Dentro,Urbana,Semáforo,Funciona,Recta,Bueno,Buena,Diurna,Buen Tiempo,Lateral,S/D,Colisión,Ninguna,"Horizontal,Vertical",Ninguna,Sin restricción
2020,2800,2020-05-23,Sabado,,,0.0,2,"Moto/Ciclomotor,Automóvil",Bv G L Lhemann Y Chile,3,2,0,0,1,0,0,"-31.24428, -61.48956",Avenida,,RAFAELA,Castellanos,Asfalto,S/D,V,Dentro,Urbana,Ninguna,S/D,Intersección,Bueno,Buena,Diurna,Buen Tiempo,Lateral,S/D,Colisión,S/D,S/D,Cordón divisorio,Sin restricción
2020,2801,2020-06-18,Jueves,12:40:00,,0.0,2,"Moto/Ciclomotor,Automóvil",Av Freyre Y Gdor Crespo,2,1,0,0,1,0,0,"-31.638777045141,-60.716624114462",Avenida,,SANTA FE,La Capital,Asfalto,No existe,I,Dentro,Urbana,Ninguna,No existe,Intersección,Bueno,Buena,Diurna,Buen Tiempo,Lateral,S/D,Colisión,Ninguna,Faltante,Ninguna,Sin restricción