anio_acci,nro_acci,fecha,desc_dia,hora_aprox,desc_ruta,km,cant_participantes,desc_participante,calle_avenida_km,total,heridos_leves,heridos_graves,heridos_gravisimos,ilesos,fallecidos,sin_datos,posicion_XY,desc_tipo_via,desc_ruta_ori,desc_loc,desc_dpto,desc_tipo_calzada,desc_tipo_banquina,desc_unidad_regional,desc_lugar_calzada,desc_zona,desc_prioridad,desc_estado_semaforo,desc_lugar_via,desc_estado_via,desc_estado_visibilidad,desc_luminosidad,desc_estado_clima,desc_tipo_colision,desc_tipo_atropello,desc_tipo_hecho,desc_pres_calzada,desc_senializacion,desc_separacion_via,desc_restriccion
2020,2802,2020-05-23,Sabado,11:40:00,,0.0,2,"Moto/Ciclomotor,Pickup/Utilitario",A Victorero Y Rio Negro,2,1,0,0,1,0,0,"-34.26406, -62.72515",Calle,,RUFINO,General LÓPEZ,Tierra,Natural,VIII,S/D,Urbana,Ninguna,No existe,Intersección,Bueno,Buena,Diurna,Buen Tiempo,Lateral,S/D,Colisión,Ninguna,Faltante,Ninguna,Sin restricción
2020,2803,2020-05-21,Jueves,17:30:00,Ruta Nacional 9,0.0,2,"Automóvil,Moto/Ciclomotor",Ruta Nacional 9 Y El Ceibo,2,1,0,0,1,0,0,"-32.923679280671,-60.787931274643",Ruta,9,FUNES,Rosario,Asfalto,Pavimento,II,Dentro,Urbana,Ninguna,No existe,Curva,Bueno,Buena,Diurna,Buen Tiempo,Lateral,S/D,Colisión,Ninguna,Faltante,Ninguna,Sin restricción
2020,2804,2020-06-24,Miercoles,06:10:00,,0.0,2,"Bicicleta,Automóvil",Francia Y Tucuman,2,1,0,0,1,0,0,"-31.644913624124,-60.714288697159",Calle,,SANTA FE,La Capital,Asfalto,No existe,I,Dentro,Urbana,Ninguna,No existe,Recta,Bueno,Buena,Diurna,Buen Tiempo,S/D,Ciclista,Atropello,Ninguna,Faltante,Ninguna,Sin restricción
2020,2805,2020-05-23,Sabado,11:20:00,,0.0,2,"Moto/Ciclomotor,Automóvil",Cochabamba 4653,2,1,0,0,0,0,1," -31.62143, -60.71637",Calle,,SANTA FE,La Capital,Asfalto,No existe,I,S/D,Urbana,Ninguna,No existe,Recta,Bueno,Buena,Diurna,Buen Tiempo,Otro,S/D,Colisión,Ninguna,Vertical,Ninguna,Sin restricción
2020,2806,2020-06-05,Viernes,20:10:00,Ruta Nacional 9,0.0,2,"Automóvil,Moto/Ciclomotor",Alberdi Y Ruta Nacional 9,2,0,1,0,1,0,0,"-32.920412236466,-60.817194347099",Ruta,9,FUNES,Rosario,Asfalto,No existe,II,Dentro,Urbana,Ninguna,No existe,Intersección,Bueno,Buena,Diurna,Buen Tiempo,Frontal,S/D,Colisión,Ninguna,Horizontal,Línea divisoria pintada,Sin restricción
2020,2807,2020-05-23,Sabado,17:20:00,,0.0,2,"Automóvil,Peatón",Independencia 300,3,1,0,0,2,0,0,"-30.94443, -60.65272",Calle,,VIDELA,San Justo,Asfalto,No existe,XVI,Dentro,Urbana,Ninguna,No existe,Recta,Bueno,Reducida,Diurna,Buen Tiempo,S/D,Peatón,Atropello,S/D,Faltante,Ninguna,Sin restricción
2020,2808,2020-05-23,Sabado,04:15:00,,0.0,1,Moto/Ciclomotor,Roca 1800,1,1,0,0,0,0,0,"-33.18775, -60.47274",Camino Rural,,FIGHIERA,Rosario,Tierra,Natural,II,S/D,Rural,Ninguna,No existe,Recta,Bueno,Buena,Nocturna,Buen Tiempo,S/D,S/D,Despiste,Otro,S/D,Ninguna,Desvío Provisorio
2020,2809,2020-06-26,Viernes,10:05:00,,0.0,1,Moto/Ciclomotor,Francia Y Salta,1,1,0,0,0,0,0,"-31.648699908621,-60.715350806157",Calle,,SANTA FE,La Capital,Asfalto,No existe,I,Dentro,Urbana,Otra Señal,No existe,Intersección,Bueno,Buena,Diurna,Buen Tiempo,S/D,S/D,Cañda ocupante,Ninguna,Vertical,Ninguna,Sin restricción
2020,2810,2020-06-04,Jueves,13:00:00,,0.0,2,"Automóvil,Peatón",Elorza Y Santa Fe,2,1,0,0,1,0,0,"-32.917674553038,-60.813919372416",Calle,,FUNES,Rosario,Asfalto,No existe,II,Dentro,Urbana,Otra Señal,No existe,Intersección,Bueno,Buena,Diurna,Buen Tiempo,S/D,Peatón,Atropello,Ninguna,"Horizontal,Vertical",Ninguna,Sin restricción
2020,2811,2020-06-04,Jueves,22:40:00,,0.0,2,"Moto/Ciclomotor,Automóvil",Av Las Palmeras Y La Tacuarita,2,1,0,0,1,0,0,"-32.973569098789,-60.734418510731",Avenida,,PEREZ,Rosario,Asfalto,No existe,II,Dentro,Urbana,Ninguna,No existe,Intersección,Bueno,Buena,Nocturna,Buen Tiempo,S/D,S/D,Colisión,Ninguna,Faltante,Ninguna,Sin restricción
2020,2812,2020-05-23,Sabado,14:45:00,Ruta Secundaria 26-s,62.0,2,"Moto/Ciclomotor,Pickup/Utilitario", ,3,2,0,0,1,0,0,"-33.24187, -60.8004",Ruta,26-s,CARMEN DEL SAUCE,Rosario,Tierra,Ripio,II,S/D,Rural,Ninguna,No existe,Recta,Deteriorada,Buena,Diurna,Buen Tiempo,Lateral,S/D,Colisión,Ninguna,Faltante,Ninguna,Sin restricción
2020,2813,2020-05-23,Sabado,17:15:00,,0.0,2,"Pickup/Utilitario,Moto/Ciclomotor",Av. Ovidio Lagos Y Las Flores,3,2,0,0,1,0,0,"-33.00018, -60.67544",Calle,,ROSARIO,Rosario,Asfalto,No existe,II,Dentro,Urbana,Ninguna,No existe,Intersección,Bueno,Buena,Diurna,Buen Tiempo,S/D,S/D,Colisión,Ninguna,Faltante,Ninguna,Sin restricción
2020,2814,2020-05-23,Sabado,13:20:00,,0.0,2,"Moto/Ciclomotor,Automóvil",Dean Funes Y L.N.Alem,2,1,0,0,1,0,0,"-32.97739, -60.63569",Calle,,ROSARIO,Rosario,Asfalto,No existe,II,Dentro,Urbana,Ninguna,No existe,Intersección,Bueno,Buena,Diurna,Buen Tiempo,Lateral,S/D,Colisión,Ninguna,Faltante,Ninguna,Sin restricción
2020,2815,2020-05-24,Domingo,07:10:00,,0.0,1,Moto/Ciclomotor,Corrientes ,1,1,0,0,0,0,0,"-31.23922, -61.21749",Camino Rural,,FELICIA,Las Colonias,Tierra,Natural,XI,Dentro,Rural,Ninguna,No existe,Recta,Bueno,Reducida,Amanecer,Buen Tiempo,Atropello animal,S/D,Colisión,Ninguna,Faltante,Vegetación,Sin restricción
2020,2816,2020-05-24,Domingo,18:30:00,,0.0,2,"Automóvil,Moto/Ciclomotor",Brasil Y C Escalada,2,0,1,0,1,0,0,"-32.81919, -60.71081",Calle,,CAPITÁN BERMÚDEZ,San Lorenzo,Asfalto,Pavimento,XVII,S/D,Urbana,S/D,No existe,Intersección,S/D,Buena,Atardecer,S/D,S/D,S/D,Colisión,Ninguna,S/D,S/D,S/D
2020,2817,2020-03-04,Miercoles,19:55:00,Autopista Nacional A008,25.0,1,Moto/Ciclomotor,Av. Circunvalacion Y Biedma,1,0,0,0,0,1,0,"-32.97356, -60.71511",Autopista,A008,ROSARIO,Rosario,Asfalto,No existe,II,Dentro,Urbana,Ninguna,No existe,Recta,Bueno,S/D,Nocturna,S/D,Contra objeto fijo,S/D,Colisión,Ninguna,Faltante,Guardarrail,Sin restricción
2020,2818,2020-03-08,Domingo,18:50:00,Ruta Provincial 21,13.0,2,"Camión,Bicicleta",Lisandro de la Torre ,2,0,0,0,1,1,0,"-33.10991, -60.54792",Ruta,21,GENERAL LAGOS,Rosario,Asfalto,Natural,II,Dentro,Urbana,Semáforo,Funciona,Recta,Bueno,Buena,Diurna,Buen Tiempo,S/D,Ciclista,Atropello,Ninguna,Vertical,Ninguna,Sin restricción
2020,2819,2020-03-07,Sabado,21:15:00,Ruta Provincial 1,26.0,2,"Automóvil,Automóvil", ,2,0,0,0,0,2,0,"-31.49069, -60.43191",Ruta,1,LOS ZAPALLOS,Garay,Asfalto,Natural,VII,Dentro,Rural,Marca Vial,No existe,Recta,Bueno,Reducida,Nocturna,Buen Tiempo,Frontal,S/D,Colisión,Ninguna,Faltante,Ninguna,Sin restricción
2020,2820,2020-03-06,Viernes,20:00:00,Ruta Nacional 11,894.0,2,"Automóvil,Moto/Ciclomotor", ,2,1,0,0,1,0,0,"-28.322062, -59.264325",Ruta,11,LAS TOSCAS,General Obligado,Asfalto,Natural,IX,Dentro,Rural,Ninguna,No existe,Recta,Bueno,Buena,Nocturna,S/D,De alcance,S/D,Colisión,Ninguna,Faltante,Línea divisoria pintada,Sin restricción
2020,2821,2020-03-06,Viernes,14:00:00,,0.0,2,"Automóvil,Moto/Ciclomotor",Brigadier Estanialao Lopez Y Santa Fe,2,1,0,0,1,0,0,"-28.49336861447,-59.371196253669",Calle,,VILLA OCAMPO,General Obligado,Asfalto,S/D,IX,Dentro,Urbana,S/D,S/D,Intersección,S/D,S/D,Diurna,S/D,Lateral,S/D,Colisión,S/D,S/D,S/D,Sin restricción
2020,2822,2020-03-07,Sabado,20:10:00,Ruta Nacional 33,0.0,1,Moto/Ciclomotor,Santa Fe ,2,2,0,0,0,0,0,"-33.71368288993832,-61.980856060981",Ruta,33,VENADO TUERTO,General LÓPEZ,Asfalto,Pavimento,VIII,Dentro,Urbana,Ninguna,No existe,Recta,Bueno,Buena,Nocturna,Buen Tiempo,S/D,S/D,Cañda ocupante,Ninguna,Faltante,"Guardarrail,Cordón divisorio",Sin restricción
2020,2823,2020-03-07,Sabado,21:00:00,,0.0,2,"Automóvil,Moto/Ciclomotor",LINCOLN Y SANTA FE,3,2,0,0,1,0,0,"-31.494328, -60.719372",Calle,,SANTA FE,La Capital,Asfalto,S/D,I,Dentro,Urbana,S/D,S/D,Intersección,S/D,S/D,Nocturna,S/D,Lateral,S/D,Colisión,S/D,S/D,S/D,S/D
2020,2824,2020-03-08,Domingo,06:47:00,,0.0,2,"Automóvil,Peatón",Gral Jose de San Martin Y Piacenza,2,1,0,0,0,0,1,"-33.73416115934,-61.974586022537",Calle,,VENADO TUERTO,General LÓPEZ,Asfalto,No existe,VIII,Dentro,Urbana,Ninguna,No existe,Intersección,Bueno,S/D,Diurna,Buen Tiempo,S/D,Peatón,Atropello,Ninguna,Faltante,Ninguna,Sin restricción
2020,2825,2020-03-08,Domingo,11:10:00,Ruta Secundaria 98-s,0.0,2,"Moto/Ciclomotor,Moto/Ciclomotor",Ruta provincial 98-s ,2,1,0,0,1,0,0,"-28.97163391113278,-59.846713542938",Ruta,98-s,LA SARITA,General Obligado,Asfalto,S/D,IX,Dentro,Urbana,S/D,S/D,Intersección,S/D,Buena,Diurna,S/D,S/D,S/D,Colisión,S/D,S/D,S/D,S/D
2020,2826,2020-03-08,Domingo,19:00:00,,0.0,2,"Pickup/Utilitario,Moto/Ciclomotor",Pellegrini Y Poleti,2,1,0,0,1,0,0,"-32.808692483829,-61.396865944303",Calle,,CAÑADA DE GÓMEZ,Iriondo,Asfalto,No existe,X,Dentro,Urbana,Ninguna,No existe,Intersección,Bueno,Buena,Atardecer,Buen Tiempo,Lateral,S/D,Colisión,Ninguna,Faltante,Ninguna,Sin restricción
2020,2827,2020-03-09,Lunes,19:00:00,Ruta Provincial 6,0.0,2,"Automóvil,Moto/Ciclomotor",Corrientes Y San Martin,2,1,0,0,1,0,0,"-31.74308658302,-61.096938460394",Ruta,6,SAN CARLOS CENTRO,Las Colonias,Asfalto,No existe,XI,Dentro,Urbana,Ninguna,No existe,Intersección,Bueno,Buena,Atardecer,Buen Tiempo,Lateral,S/D,Colisión,Ninguna,Vertical,Ninguna,Sin restricción
2020,2828,2020-03-09,Lunes,,,0.0,2,"Moto/Ciclomotor,Pickup/Utilitario",A. Beltrame Y Moreno,2,1,0,0,1,0,0,"-32.816996287187,-61.396045616043",Calle,,CAÑADA DE GÓMEZ,Iriondo,Asfalto,No existe,X,Dentro,Urbana,S/D,No existe,Intersección,Bueno,S/D,S/D,S/D,Lateral,S/D,Colisión,Ninguna,Faltante,S/D,Sin restricción
2020,2829,2020-07-07,Martes,17:10:00,,0.0,2,"Automóvil,Moto/Ciclomotor",Zavalia Y Islas Malvinas,2,1,0,0,1,0,0,"-31.6681, -60.7257",Calle,,SANTA FE,La Capital,Asfalto,No existe,I,Dentro,Urbana,Ninguna,No existe,Recta,Bueno,Buena,Diurna,Buen Tiempo,Lateral,S/D,Colisión,Ninguna,Faltante,Ninguna,Sin restricción
2020,2830,2020-07-05,Domingo,16:00:00,,0.0,2,"Automóvil,Moto/Ciclomotor",Independencia ,3,2,0,0,1,0,0,"-31.66552, -60.72665",Calle,,SANTA FE,La Capital,Asfalto,No existe,I,Dentro,Urbana,Ninguna,No existe,Recta,Bueno,Buena,Diurna,Buen Tiempo,Lateral,S/D,Colisión,Ninguna,Faltante,Ninguna,Sin restricción
2020,2831,2020-06-16,Martes,11:25:00,,0.0,2,"Automóvil,Moto/Ciclomotor",Galvez Y Lisandro de la Torre,3,2,0,0,1,0,0,"-33.155023651888,-60.505242089147",Calle,,ARROYO SECO,Rosario,Asfalto,No existe,II,Dentro,Urbana,Ninguna,No existe,Intersección,Ahuellamiento,Buena,Atardecer,Buen Tiempo,Lateral,S/D,Colisión,Ninguna,Faltante,Ninguna,Sin restricción
2020,2832,2020-05-28,Jueves,20:50:00,,0.0,2,"Automóvil,Moto/Ciclomotor",Lisandro de la Torre ,2,1,0,0,1,0,0,"    -31.6785, -60.77495",Calle,,SANTA FE,La Capital,Asfalto,S/D,I,Dentro,Urbana,Paso Peatonal,No existe,Intersección,Bueno,Buena,Diurna,Buen Tiempo,S/D,S/D,Colisión,Ninguna,S/D,S/D,Sin restricción
2020,2833,2020-07-06,Lunes,13:00:00,,0.0,2,"Moto/Ciclomotor,Automóvil",Ituzaingo Y Alvear,2,1,0,0,1,0,0,"-31.63892, -60.69711",Calle,,SANTA FE,La Capital,Asfalto,No existe,I,Dentro,Urbana,S/D,No existe,Intersección,Bueno,S/D,S/D,S/D,S/D,S/D,S/D,S/D,S/D,S/D,S/D
2020,2834,2020-06-16,Martes,15:00:00,Autopista Nacional Gral. Juan Jose Valle,265.0,2,"Camión c / Semirremolque,Camión c / Acoplado", ,3,1,0,0,2,0,0,"-33.17086896032886,-60.527440602490",Autopista,Gral. Juan Jose Valle,ARROYO SECO,Rosario,Asfalto,Natural,II,Dentro,Urbana,Ninguna,No existe,Intersección,Bueno,Buena,Diurna,Buen Tiempo,S/D,S/D,Colisión,Ninguna,Horizontal,Ninguna,Sin restricción
2020,2835,2020-06-07,Domingo,22:05:00,,0.0,2,"Automóvil,Moto/Ciclomotor",Andrade Y San Martin,2,1,0,0,1,0,0,"-33.192305167656,-60.468673721811",Calle,,FIGHIERA,Rosario,Asfalto,No existe,II,Dentro,Urbana,Marca Vial,No existe,Intersección,Bueno,Buena,Nocturna,Buen Tiempo,S/D,S/D,Colisión,Ninguna,Horizontal,"Cordón divisorio,Vegetación,Línea divisoria pintada",Sin restricción
2020,2836,2020-07-08,Miercoles,16:05:00,,0.0,2,"Moto/Ciclomotor,Automóvil",San Martin Y Mariano Comas,2,1,0,0,1,0,0,"-31.63297, -60.70247",Calle,,SANTA FE,La Capital,Asfalto,No existe,I,Dentro,Urbana,Semáforo,No existe,Intersección,Bueno,Buena,Diurna,Buen Tiempo,Lateral,S/D,Colisión,Ninguna,Faltante,Ninguna,Sin restricción
2020,2837,2020-05-29,Viernes,02:00:00,,0.0,1,Automóvil,Juan Bautista Alberdi 1300,2,1,0,0,1,0,0,"    -31.68308, -60.75756",Calle,,SANTO TOMÉ,La Capital,Asfalto,S/D,I,Dentro,Urbana,S/D,No existe,Recta,Bueno,S/D,Con luz artificial,Buen Tiempo,S/D,S/D,Despiste,S/D,S/D,S/D,Sin restricción
2020,2838,2020-07-06,Lunes,15:15:00,,0.0,2,"Bicicleta,Pickup/Utilitario",1ro de Mayo Y Hipolito Yrigoyen,2,1,0,0,1,0,0,"-31.64155, -60.70914",S/D,,SANTA FE,La Capital,Asfalto,No existe,I,S/D,S/D,Ninguna,No existe,Intersección,Bueno,Buena,Diurna,Buen Tiempo,S/D,Ciclista,Atropello,Ninguna,Faltante,Ninguna,Sin restricción
2020,2839,2020-06-14,Domingo,15:30:00,Ruta Provincial 18,1.0,1,Moto/Ciclomotor, ,1,1,0,0,0,0,0,"-33.0379378795624,-60.6844854354858",Ruta,18,ROSARIO,Rosario,Asfalto,Ripio,II,Dentro,Rural,Ninguna,No existe,Intersección,Bueno,Buena,Diurna,Buen Tiempo,S/D,S/D,Cañda ocupante,Ninguna,Horizontal,"Guardarrail,Línea divisoria pintada",Sin restricción
2020,2840,2020-07-06,Lunes,09:40:00,,0.0,2,"Moto/Ciclomotor,Moto/Ciclomotor",San Martin Y Colon,3,2,0,0,1,0,0,"-29.45713, -60.21003",Calle,,VERA,Vera,Asfalto,No existe,XIX,Dentro,Urbana,Ninguna,No existe,Intersección,Bueno,Buena,Diurna,Buen Tiempo,Lateral,S/D,Colisión,Ninguna,Faltante,Ninguna,Sin restricción
2020,2841,2020-06-13,Sabado,15:00:00,Ruta Provincial 18,2.0,2,"Automóvil,Pickup/Utilitario", ,4,2,0,0,2,0,0,"-33.046634711681314, -60.6871350140",Ruta,18,LA CAROLINA,Rosario,Asfalto,Ripio,II,Dentro,Rural,Ninguna,No existe,Intersección,Bueno,Buena,Diurna,Buen Tiempo,Lateral,S/D,Colisión,Ninguna,Horizontal,Línea divisoria pintada,Sin restricción
2020,2842,2020-06-21,Domingo,13:30:00,Ruta Provincial 18,1.0,1,Moto/Ciclomotor, ,2,2,0,0,0,0,0,"-33.037891531415305, -60.6845781538",Ruta,18,ROSARIO,Rosario,Asfalto,No existe,II,Dentro,Urbana,Ninguna,No existe,Recta,Bueno,Buena,Diurna,Buen Tiempo,S/D,S/D,Cañda ocupante,Ninguna,Horizontal,Línea divisoria pintada,Sin restricción
2020,2843,2020-07-04,Sabado,22:00:00,,0.0,2,"Automóvil,Otros",Bv Belgrano Y Juan De Garay,2,1,0,0,1,0,0,"-29.88904, -60.28037",Avenida,,CALCHAQUÍ,Vera,Asfalto,No existe,XIX,Dentro,Urbana,Semáforo,Funciona,Recta,Bueno,Buena,Con luz artificial,Buen Tiempo,S/D,S/D,Colisión,Ninguna,Horizontal,Cordón divisorio,Sin restricción
2020,2844,2020-06-17,Miercoles,21:00:00,Ruta Provincial 14,34.0,1,Camión c / Acoplado, ,1,1,0,0,0,0,0,"-33.233965318054835, -60.9362938400",Ruta,14,ARMINDA,Rosario,Asfalto,Natural,II,Dentro,Urbana,Ninguna,No existe,Intersección,Resbaladiza,Buena,Nocturna,Buen Tiempo,S/D,S/D,Vuelco,Agua,Horizontal,Línea divisoria pintada,Sin restricción
2020,2845,2020-06-22,Lunes,19:30:00,,0.0,2,"Moto/Ciclomotor,Automóvil",Santiago  Liniers 1869,2,1,0,0,1,0,0,"-32.855220480446,-60.716682814474",Calle,,GRANADERO BAIGORRIA,Rosario,Asfalto,No existe,II,Dentro,Urbana,Ninguna,No existe,Intersección,Bueno,Buena,Diurna,Buen Tiempo,S/D,S/D,Colisión,Ninguna,Faltante,Ninguna,Sin restricción
2020,2846,2020-06-02,Martes,18:00:00,Ruta Nacional 11,0.0,2,"Moto/Ciclomotor,Automóvil",Av. Lisandro de la Torre Y Av San Martin,2,1,0,0,1,0,0,"-32.847617784242,-60.706760060938",Ruta,11,GRANADERO BAIGORRIA,Rosario,Asfalto,No existe,II,Fuera,Urbana,Semáforo,Funciona,Recta,Bueno,Buena,Diurna,Buen Tiempo,De alcance,S/D,Colisión,Ninguna,Faltante,"Guardarrail,Línea divisoria pintada",Sin restricción
2020,2847,2020-05-28,Jueves,19:45:00,Ruta Provincial 6,71.0,2,"Moto/Ciclomotor,Camión c / Acoplado", ,2,0,1,0,1,0,0,"    -31.26947, -60.85143",Ruta,6,NELSON,La Capital,Asfalto,Ripio,I,S/D,Rural,Ninguna,No existe,Recta,Bueno,Reducida polvo,Atardecer,Buen Tiempo,Frontal,S/D,Colisión,Ninguna,Horizontal,Línea divisoria pintada,Sin restricción
2020,2848,2020-06-09,Martes,08:00:00,,0.0,2,"Bicicleta,Automóvil",La Lomita Y Pitagoras,2,1,0,0,1,0,0,"-32.870238583475,-60.70152238245",Calle,,GRANADERO BAIGORRIA,Rosario,Hormigón,No existe,II,Dentro,Urbana,Paso Peatonal,No existe,Intersección,Bueno,Buena,Diurna,Buen Tiempo,S/D,Ciclista,Atropello,Ninguna,Horizontal,Ninguna,Sin restricción
2020,2849,2020-06-09,Martes,11:50:00,,0.0,2,"Bicicleta,Pickup/Utilitario",Iguazu Y Pje. Rossini,2,1,0,0,1,0,0,"-32.922947583168,-60.686572135516",Calle,,ROSARIO,Rosario,Asfalto,No existe,II,Dentro,Urbana,Señal Pare,No existe,Intersección,Bueno,Buena,Diurna,Buen Tiempo,S/D,Ciclista,Atropello,Ninguna,Vertical,Ninguna,Sin restricción
2020,2850,2020-06-09,Martes,08:00:00,,0.0,2,"Automóvil,Automóvil",Av. Alberdi Bis Y J.J.Paso,2,1,0,0,1,0,0,"-32.919331056176,-60.682448995841",Avenida,,ROSARIO,Rosario,Asfalto,No existe,II,Dentro,Urbana,Semáforo,Funciona,Intersección,Bueno,Buena,Diurna,Buen Tiempo,De alcance,S/D,Colisión,Ninguna,"Horizontal,Vertical","Cordón divisorio,Línea divisoria pintada",Sin restricción
2020,2851,2020-07-08,Miercoles,15:30:00,,0.0,2,"Moto/Ciclomotor,Automóvil",San Martin Y Paris,2,0,1,0,1,0,0,"-32.19078, -61.70837",Calle,,EL TRÉBOL,San MARTÍN,Asfalto,No existe,XVIII,Dentro,Urbana,Ninguna,No existe,Recta,Bueno,Buena,Diurna,Buen Tiempo,S/D,S/D,Colisión,Ninguna,Vertical,Ninguna,Sin restricción
2020,2852,2020-06-11,Jueves,10:35:00,,0.0,2,"Moto/Ciclomotor,Automóvil",Av. Genova Y Marcos Lenzoni Bis,3,2,0,0,1,0,0,"-32.915112206067,-60.682889437623",Avenida,,ROSARIO,Rosario,Asfalto,No existe,II,Dentro,Urbana,Ninguna,No existe,Intersección,Bueno,Buena,Diurna,Buen Tiempo,S/D,S/D,Colisión,Ninguna,Faltante,Ninguna,Sin restricción
2020,2854,2020-06-17,Miercoles,11:20:00,,0.0,2,"Moto/Ciclomotor,Automóvil",Av. Luis Carballo Y Bv. Avellaneda,3,2,0,0,1,0,0,"-32.921926129617,-60.674709727097",Avenida,,ROSARIO,Rosario,Asfalto,No existe,II,Dentro,Urbana,Ninguna,Funciona,Intersección,Bueno,Buena,Diurna,Buen Tiempo,S/D,S/D,Colisión,Ninguna,"Horizontal,Vertical","Cordón divisorio,Línea divisoria pintada",Sin restricción
2020,2855,2020-07-02,Jueves,12:30:00,,0.0,2,"Pickup/Utilitario,Moto/Ciclomotor",Francisco A. Candioti Y Italia,2,0,1,0,1,0,0,"-32.2017, -61.69944",Calle,,EL TRÉBOL,San MARTÍN,Asfalto,No existe,XVIII,Dentro,Urbana,Ninguna,No existe,Intersección,Bueno,Buena,Diurna,Buen Tiempo,S/D,S/D,Colisión,Ninguna,Horizontal,Ninguna,Sin restricción
2020,2856,2020-06-18,Jueves,18:20:00,,0.0,2,"Automóvil,Moto/Ciclomotor",Onesimo Leguizamon Y Reconquista,3,1,0,0,2,0,0,"-32.917891556567,-60.677725111667",Calle,,ROSARIO,Rosario,Asfalto,No existe,II,Dentro,Urbana,Ninguna,No existe,Intersección,Bueno,Buena,Diurna,Buen Tiempo,S/D,S/D,Colisión,Ninguna,Faltante,Ninguna,Sin restricción
2020,2857,2020-06-25,Jueves,20:45:00,,0.0,2,"Pickup/Utilitario,Moto/Ciclomotor",Antelo Bis Y Jose Ingenieros,2,1,0,0,1,0,0,"-32.916301472405,-60.686679887858",Calle,,ROSARIO,Rosario,Asfalto,No existe,II,Dentro,Urbana,Ninguna,No existe,Intersección,Bueno,Buena,Diurna,Buen Tiempo,Lateral,S/D,Colisión,Ninguna,Vertical,Ninguna,Sin restricción
2020,2858,2020-06-29,Lunes,13:20:00,,0.0,2,"Automóvil,Moto/Ciclomotor",Av. Alberdi Bis Y French,2,1,0,0,1,0,0,"-32.920874962518,-60.680996006792",Avenida,,ROSARIO,Rosario,Asfalto,No existe,II,Dentro,Urbana,Semáforo,Funciona,Intersección,Bueno,Buena,Diurna,Buen Tiempo,S/D,S/D,Colisión,Ninguna,"Horizontal,Vertical","Cordón divisorio,Línea divisoria pintada",Sin restricción
2020,2859,2020-07-08,Miercoles,12:35:00,,0.0,2,"Moto/Ciclomotor,Automóvil",Las Heras Y Pueyrredon,2,1,0,0,0,0,1,"-33.05455, -61.19371",Calle,,SAN CRISTÓBAL,San CRISTÓBAL,Asfalto,No existe,XVIII,S/D,Urbana,S/D,No existe,Intersección,Bueno,Buena,Diurna,Buen Tiempo,Lateral,S/D,Colisión,Ninguna,Faltante,Ninguna,S/D
2020,2860,2020-05-25,Lunes,00:00:00,,0.0,2,"Peatón,Automóvil",Cafferata 8782,2,1,0,0,1,0,0,"    -31.57818, -60.73362",Calle,,SANTA FE,La Capital,Hormigón,No existe,I,S/D,Urbana,Ninguna,No existe,Recta,Bueno,Buena,Nocturna,Buen Tiempo,De alcance,Peatón,Atropello,Ninguna,Faltante,Ninguna,Sin restricción
2020,2861,2020-06-04,Jueves,22:30:00,,0.0,2,"Moto/Ciclomotor,Automóvil",Albert Sabin Y Av. Genova,3,1,0,0,2,0,0,"-32.915367264375,-60.691911535957",Avenida,,ROSARIO,Rosario,Asfalto,No existe,II,Dentro,Urbana,Semáforo,Funciona,Intersección,Bueno,Buena,Diurna,Buen Tiempo,S/D,S/D,Colisión,Ninguna,"Horizontal,Vertical","Cordón divisorio,Vegetación,Línea divisoria pintada",Sin restricción
2020,2862,2020-07-05,Domingo,20:10:00,,0.0,1,Moto/Ciclomotor,20 De Junio Y Iglesias J.M,1,1,0,0,0,0,0,"-30.2311, -61.72932",Calle,,ARRUFÓ,San CRISTÓBAL,Hormigón,Natural,XIII,Dentro,S/D,Ninguna,No existe,Recta,Bueno,Buena,Nocturna,Buen Tiempo,Contra objeto fijo,S/D,Otro,Ninguna,Faltante,Ninguna,Sin restricción
2020,2863,2020-07-04,Sabado,19:00:00,,0.0,2,"Pickup/Utilitario,Moto/Ciclomotor",Eva Peron Y Vera Mujica,2,0,1,0,1,0,0,"-29.87836, -61.95142",Calle,,CERES,San CRISTÓBAL,"Asfalto,Hormigón",No existe,XIII,Dentro,Urbana,Ninguna,No existe,Intersección,Bueno,Buena,Diurna,Buen Tiempo,Lateral,S/D,Colisión,Ninguna,Faltante,Ninguna,Sin restricción