anio_acci,nro_acci,fecha,desc_dia,hora_aprox,desc_ruta,km,cant_participantes,desc_participante,calle_avenida_km,total,heridos_leves,heridos_graves,heridos_gravisimos,ilesos,fallecidos,sin_datos,posicion_XY,desc_tipo_via,desc_ruta_ori,desc_loc,desc_dpto,desc_tipo_calzada,desc_tipo_banquina,desc_unidad_regional,desc_lugar_calzada,desc_zona,desc_prioridad,desc_estado_semaforo,desc_lugar_via,desc_estado_via,desc_estado_visibilidad,desc_luminosidad,desc_estado_clima,desc_tipo_colision,desc_tipo_atropello,desc_tipo_hecho,desc_pres_calzada,desc_senializacion,desc_separacion_via,desc_restriccion
2020,2864,2020-05-30,Sabado,21:30:00,,0.0,2,"Taxi/Remis,Moto/Ciclomotor",Don Guanella Y Azopardo,2,1,0,0,1,0,0,"    -31.59505, -60.72046",Calle,,SANTA FE,La Capital,Asfalto,No existe,I,Dentro,Urbana,Ninguna,No existe,Intersección,Bueno,Buena,Nocturna,Buen Tiempo,De alcance,S/D,Colisión,Ninguna,Faltante,Ninguna,Sin restricción
2020,2865,2020-07-04,Sabado,23:15:00,,0.0,2,"Moto/Ciclomotor,Moto/Ciclomotor",Jaures Y Victor Hugo,2,0,1,0,1,0,0,"-33.0203, -60.63208",Calle,,VILLA GOBERNADOR GÁLVEZ,Rosario,Asfalto,No existe,II,Dentro,Urbana,Ninguna,No existe,Intersección,Con baches,S/D,"Nocturna,Con luz artificial",Otro,S/D,S/D,Colisión,Ninguna,Faltante,Ninguna,Sin restricción
2020,2866,2020-07-01,Miercoles,13:20:00,,0.0,3,"Moto/Ciclomotor,Pickup/Utilitario,Automóvil",Mitre Y Bomberos Voluntarios,3,1,0,0,2,0,0,"-33.02451, -60.63308",Calle,,VILLA GOBERNADOR GÁLVEZ,Rosario,Asfalto,No existe,II,S/D,Urbana,Ninguna,No existe,Intersección,S/D,Buena,Diurna,Otro,S/D,S/D,Colisión,Ninguna,Faltante,Ninguna,Sin restricción
2020,2867,2020-07-02,Jueves,21:45:00,,0.0,2,"Moto/Ciclomotor,Automóvil",Soldado Aguirre Y Iriondo,2,1,0,0,1,0,0,"-33.02918, -60.63565",Calle,,VILLA GOBERNADOR GÁLVEZ,Rosario,Asfalto,No existe,II,S/D,Urbana,S/D,No existe,Intersección,Bueno,Buena,Con luz artificial,S/D,S/D,S/D,S/D,Ninguna,Faltante,S/D,S/D
2020,2868,2020-07-07,Martes,,,0.0,2,"Moto/Ciclomotor,Automóvil",Eva Peron Y Alberdi,2,1,0,0,1,0,0,"-33.02926, -60.62555",Calle,,VILLA GOBERNADOR GÁLVEZ,Rosario,Asfalto,No existe,II,Dentro,Urbana,Ninguna,No existe,Intersección,Bueno,Buena,Diurna,Otro,S/D,S/D,Colisión,Ninguna,Faltante,Cordón divisorio,Sin restricción
2020,2869,2020-07-17,Viernes,21:15:00,,0.0,2,"Pickup/Utilitario,Moto/Ciclomotor",R fournier Y Juan B Justo,3,2,0,0,1,0,0,"-33.03007, -60.62809",Calle,,ROSARIO,Rosario,Asfalto,No existe,II,S/D,Urbana,S/D,No existe,Intersección,Con baches,Buena,Diurna,S/D,S/D,S/D,S/D,Ninguna,Faltante,Ninguna,S/D
2020,2870,2020-07-03,Viernes,19:45:00,Ruta Nacional 9,0.0,2,"Camión c / Acoplado,Automóvil", ,3,1,0,0,2,0,0,"-33.06059, -60.65183",Ruta,9,ALVEAR,Rosario,Asfalto,No existe,II,Dentro,Rural,Ninguna,No existe,Recta,Bueno,Buena,Nocturna,Buen Tiempo,Frontal,S/D,Colisión,Ninguna,Faltante,Guardarrail,Sin restricción
2020,2871,2020-07-01,Miercoles,17:30:00,,0.0,1,Moto/Ciclomotor,San Luis Y Bv San diego,1,1,0,0,0,0,0,"-33.0184, -60.60454",Calle,,VILLA GOBERNADOR GÁLVEZ,Rosario,Asfalto,No existe,II,Dentro,Urbana,Ninguna,No existe,Intersección,Bueno,Buena,Diurna,Buen Tiempo,S/D,S/D,Despiste,Ninguna,Faltante,Ninguna,Sin restricción
2020,2872,2020-06-03,Miercoles,14:00:00,,0.0,2,"Automóvil,Moto/Ciclomotor",Bv. Wilde Y Mendoza,2,1,0,0,1,0,0,"-32.940346474717,-60.738390476304",Avenida,,ROSARIO,Rosario,Asfalto,No existe,II,Dentro,Urbana,Semáforo,Funciona,Rotonda,Bueno,Buena,Diurna,Buen Tiempo,S/D,S/D,Colisión,Ninguna,"Horizontal,Vertical","Cordón divisorio,Línea divisoria pintada",Sin restricción
2020,2873,2020-07-01,Miercoles,21:40:00,,0.0,2,"Automóvil,Automóvil",Av Juan Domingo Peron Y Cordoba,3,3,0,0,0,0,0,"-33.0149, -60.61533",Calle,,VILLA GOBERNADOR GÁLVEZ,Rosario,Asfalto,No existe,II,Dentro,Urbana,Ninguna,No existe,Recta,Bueno,Buena,"Nocturna,Con luz artificial",Buen Tiempo,Lateral,S/D,Colisión,Ninguna,Faltante,Cordón divisorio,Sin restricción
2020,2874,2020-06-12,Viernes,18:30:00,,0.0,2,"Transporte de Pasajeros Urbano (> 8 asientos),Peatón",Brasil Y Cochabamba,2,0,1,0,1,0,0,"-32.949958070742,-60.719136955185",Calle,,ROSARIO,Rosario,Asfalto,No existe,II,Dentro,Urbana,Ninguna,No existe,Intersección,"Con baches,Deteriorada",Buena,Diurna,Buen Tiempo,S/D,Peatón,Atropello,Ninguna,Faltante,Ninguna,Sin restricción
2020,2875,2020-07-06,Lunes,14:30:00,,0.0,2,"Camión c / Acoplado,Moto/Ciclomotor",Sargento Cabral Y Moreno,2,0,1,0,1,0,0,"-32.92289, -60.81002",Calle,,FUNES,Rosario,Ripio,Natural,II,Dentro,Urbana,Ninguna,No existe,Recta,Bueno,Buena,Diurna,Buen Tiempo,Lateral,S/D,Colisión,Ninguna,Faltante,Ninguna,Sin restricción
2020,2876,2020-06-12,Viernes,14:35:00,,0.0,2,"Pickup/Utilitario,Automóvil",Brasil 1136,2,1,0,0,1,0,0,"-32.940872823596,-60.71953148958",Calle,,ROSARIO,Rosario,Asfalto,No existe,II,Dentro,Urbana,Paso Peatonal,No existe,Recta,Bueno,Buena,Diurna,Buen Tiempo,De alcance,S/D,Colisión,Ninguna,"Horizontal,Vertical",Ninguna,Sin restricción
2020,2877,2020-07-02,Jueves,21:20:00,Ruta Nacional 9,303.0,2,"Automóvil,Taxi/Remis", ,6,6,0,0,0,0,0,"-32.92168, -60.81012",Ruta,9,FUNES,Rosario,Asfalto,Ripio,II,Dentro,Urbana,Ninguna,No existe,Recta,Bueno,Buena,"Nocturna,Con luz artificial",Buen Tiempo,"Frontal,Lateral",S/D,Colisión,Ninguna,Horizontal,Línea divisoria pintada,Sin restricción
2020,2878,2020-06-23,Martes,19:10:00,,0.0,2,"Automóvil,Moto/Ciclomotor",Nicaragua Y San Lorenzo,3,2,0,0,1,0,0,"-32.934740731292,-60.720998919441",Calle,,ROSARIO,Rosario,Asfalto,No existe,II,Dentro,Urbana,Ninguna,No existe,Intersección,Bueno,Buena,Diurna,Buen Tiempo,S/D,S/D,Colisión,Ninguna,Faltante,Ninguna,Sin restricción
2020,2879,2020-06-27,Sabado,12:15:00,,0.0,2,"Automóvil,Peatón",Cam De Las Carretas 9200,2,1,0,0,1,0,0,"-32.93452716510475, -60.75911867028",Calle,,ROSARIO,Rosario,Asfalto,No existe,II,Dentro,Urbana,Ninguna,No existe,Recta,Bueno,Buena,Diurna,Buen Tiempo,S/D,Peatón,Atropello,Ninguna,Faltante,Ninguna,Sin restricción
2020,2880,2020-07-07,Martes,10:10:00,Ruta Provincial 21,0.0,2,"Bicicleta,Automóvil", ,2,1,0,0,1,0,0,"-33.13358, -60.52337",Ruta,21,ARROYO SECO,Rosario,Asfalto,Natural,II,Dentro,Rural,Ninguna,No existe,Intersección,Bueno,Buena,Diurna,Buen Tiempo,Lateral,Ciclista,Atropello,Ninguna,Faltante,Ninguna,Sin restricción
2020,2881,2020-06-11,Jueves,17:05:00,,0.0,2,"Vehículo Oficial,Moto/Ciclomotor",Av. Sorrento 7100,3,1,0,0,2,0,0,"-32.908234496571,-60.722652034506",Avenida,,ROSARIO,Rosario,Asfalto,No existe,II,Dentro,Urbana,Semáforo,Funciona,Intersección,Bueno,Buena,Diurna,Buen Tiempo,S/D,S/D,Colisión,Ninguna,"Horizontal,Vertical","Cordón divisorio,Línea divisoria pintada",Sin restricción
2020,2882,2020-06-01,Lunes,09:15:00,,0.0,2,"Pickup/Utilitario,Moto/Ciclomotor",Gorriti Y Solis,4,1,0,0,3,0,0,"-32.924086058004,-60.70403752122",Calle,,ROSARIO,Rosario,Asfalto,No existe,II,Dentro,Urbana,Ninguna,No existe,Intersección,Bueno,Buena,Diurna,Buen Tiempo,Lateral,S/D,Colisión,Ninguna,Faltante,Ninguna,Sin restricción
2020,2883,2020-07-04,Sabado,12:45:00,,0.0,2,"Moto/Ciclomotor,Automóvil",Av. Eva Peron 5722,2,1,0,0,1,0,0,"-32.93522, -60.70043",S/D,,ROSARIO,Rosario,S/D,No existe,II,S/D,S/D,Ninguna,No existe,Recta,Bueno,Buena,Diurna,S/D,S/D,S/D,Colisión,Ninguna,Faltante,Ninguna,Sin restricción
2020,2884,2020-06-05,Viernes,21:20:00,,0.0,2,"Automóvil,Moto/Ciclomotor",Gorriti Y Tte.Agneta,2,1,0,0,1,0,0,"-32.923991902834,-60.700446720135",Calle,,ROSARIO,Rosario,Asfalto,No existe,II,Dentro,Urbana,Ninguna,No existe,Intersección,Bueno,Buena,Diurna,Buen Tiempo,Lateral,S/D,Colisión,Ninguna,Faltante,Ninguna,Sin restricción
2020,2885,2020-06-09,Martes,20:20:00,,0.0,2,"Automóvil,Moto/Ciclomotor",F.More Y Velez Sarsfield,2,1,0,0,1,0,0,"-32.925465323952,-60.693994409331",Calle,,ROSARIO,Rosario,Asfalto,No existe,II,Dentro,Urbana,Ninguna,No existe,Intersección,Bueno,Buena,"Nocturna,Con luz artificial",Buen Tiempo,Lateral,S/D,Colisión,Ninguna,Faltante,Ninguna,Sin restricción
2020,2886,2020-06-06,Sabado,10:55:00,,0.0,2,"Pickup/Utilitario,Moto/Ciclomotor",French Y Peru,3,1,1,0,1,0,0,"-32.921745480215,-60.712163006153",Calle,,ROSARIO,Rosario,Asfalto,No existe,II,Dentro,Urbana,Ninguna,No existe,Intersección,Bueno,Buena,"Nocturna,Con luz artificial",Buen Tiempo,Lateral,S/D,Colisión,Ninguna,Faltante,Ninguna,Sin restricción
2020,2887,2020-03-05,Jueves,,,0.0,1,Moto/Ciclomotor, ,2,0,0,0,0,2,0,"-31.75011, -61.31653",Camino Rural,,SANTA CLARA DE BUENA VISTA,Las Colonias,Tierra,S/D,XI,Dentro,Rural,Ninguna,S/D,Intersección,S/D,Buena,Nocturna,Buen Tiempo,Contra objeto fijo,S/D,Colisión,Ninguna,Faltante,Ninguna,Sin restricción
2020,2888,2020-07-02,Jueves,19:06:00,,0.0,2,"Automóvil,Moto/Ciclomotor",F.M.Esquiu Y Camilo Aldao,4,1,1,0,2,0,0,"-32.92268, -60.69664",Calle,,ROSARIO,Rosario,Asfalto,No existe,II,Dentro,Urbana,S/D,No existe,Intersección,S/D,Buena,Atardecer,S/D,S/D,S/D,S/D,S/D,Faltante,S/D,S/D
2020,2889,2020-06-13,Sabado,02:00:00,,0.0,2,"Moto/Ciclomotor,Automóvil",Colombia Y Perez Bulnes,2,1,0,0,1,0,0,"-32.942530302616,-60.716016086781",Calle,,ROSARIO,Rosario,Asfalto,No existe,II,Dentro,Urbana,Ninguna,Funciona,Intersección,Bueno,Buena,"Nocturna,Con luz artificial",Buen Tiempo,Lateral,S/D,Colisión,Ninguna,Faltante,Ninguna,Sin restricción
2020,2890,2020-03-19,Jueves,14:10:00,Ruta Provincial 1,240.0,1,Automóvil, ,2,0,0,0,0,2,0,"-29.78175, -59.78982",Ruta,1,ALEJANDRA,San Javier,Asfalto,Natural,XIV,Dentro,Rural,Ninguna,No existe,Recta,Bueno,Buena,Diurna,Buen Tiempo,S/D,S/D,Despiste,Ninguna,Vertical,Línea divisoria pintada,Sin restricción
2020,2891,2020-06-26,Viernes,16:00:00,,0.0,2,"Moto/Ciclomotor,Automóvil",G.Carrasco Y P.L.Funes,2,1,0,0,1,0,0,"-32.920662711777,-60.701955776226",Calle,,ROSARIO,Rosario,Asfalto,No existe,II,Dentro,Urbana,Ninguna,No existe,Intersección,Bueno,Buena,Diurna,Buen Tiempo,S/D,S/D,Colisión,Ninguna,Faltante,Ninguna,Sin restricción
2020,2892,2020-03-10,Martes,09:47:00,,0.0,2,"Peatón,Moto/Ciclomotor",Rivarola Y Dr.G.Colombres,2,0,0,0,0,1,1,"-32.96626, -60.72479",Avenida,,ROSARIO,Rosario,Asfalto,No existe,II,Dentro,Urbana,Ninguna,No existe,Intersección,Bueno,Buena,Diurna,S/D,S/D,Peatón,Atropello,Ninguna,Horizontal,Cordón divisorio,Sin restricción
2020,2893,2020-06-11,Jueves,12:50:00,,0.0,1,Moto/Ciclomotor,Av. Genova Y Av. Provincias Unidas,2,2,0,0,0,0,0,"-32.916012724222,-60.7138704799",Avenida,,ROSARIO,Rosario,Asfalto,No existe,II,Fuera,Urbana,Semáforo,Funciona,Intersección,Bueno,Buena,Diurna,Buen Tiempo,S/D,S/D,Cañda ocupante,Ninguna,"Horizontal,Vertical","Cordón divisorio,Vegetación,Línea divisoria pintada",Sin restricción
2020,2894,2020-06-19,Viernes,12:25:00,,0.0,2,"Pickup/Utilitario,Moto/Ciclomotor",Dr.Maradona Y La Republica,4,2,2,0,0,0,0,"-32.919588942203,-60.751200782101",Calle,,ROSARIO,Rosario,Asfalto,No existe,II,Dentro,Urbana,Ninguna,No existe,Intersección,Bueno,Buena,Diurna,Buen Tiempo,Lateral,S/D,Colisión,Ninguna,Faltante,Ninguna,Sin restricción
2020,2895,2020-07-03,Viernes,19:20:00,,0.0,2,"Moto/Ciclomotor,Pickup/Utilitario",J.B.Justo Y Olavarria Bis,2,1,0,0,1,0,0,"-32.91468, -60.70462",Calle,,ROSARIO,Rosario,S/D,No existe,II,Dentro,Urbana,Ninguna,No existe,Intersección,S/D,Reducida,Atardecer,Otro,S/D,S/D,S/D,S/D,Faltante,Ninguna,Sin restricción
2020,2896,2020-06-13,Sabado,11:30:00,Ruta Nacional 9,0.0,3,"Transporte de Pasajeros,Taxi/Remis,Automóvil",Av. Eva Peron 9500,6,5,0,0,1,0,0,"-32.92531728744508,-60.762993693351",Ruta,9,ROSARIO,Rosario,Asfalto,No existe,II,Dentro,Urbana,Ninguna,Funciona,Intersección,Bueno,Buena,Diurna,Buen Tiempo,Múltiple,S/D,Colisión,Ninguna,Horizontal,"Guardarrail,Cordón divisorio",Sin restricción
2020,2897,2020-07-05,Domingo,12:25:00,,0.0,2,"Automóvil,Pickup/Utilitario",Bv. Wilde ,5,1,1,0,3,0,0,"-32.92818, -60.73908",Calle,,ROSARIO,Rosario,Asfalto,No existe,II,Dentro,Urbana,S/D,S/D,Intersección,Bueno,Buena,Diurna,Buen Tiempo,S/D,S/D,Colisión,Ninguna,S/D,S/D,Sin restricción
2020,2898,2020-07-01,Miercoles,08:10:00,,0.0,2,"Automóvil,Moto/Ciclomotor",Donado Y Chubut,2,1,0,0,1,0,0,"-32.94599, -60.72669",Calle,,ROSARIO,Rosario,Asfalto,No existe,II,Dentro,Urbana,S/D,S/D,Intersección,Bueno,Buena,Diurna,Buen Tiempo,S/D,S/D,Colisión,Ninguna,S/D,S/D,Sin restricción
2020,2899,2020-03-08,Domingo,19:30:00,Autopista Nacional Gral. Juan Jose Valle,260.0,1,Camión Chasis, ,1,0,0,0,0,1,0,"-33.21464, -60.47855",Autopista,Gral. Juan Jose Valle,FIGHIERA,Rosario,Asfalto,Natural,II,Fuera,Rural,Ninguna,No existe,Recta,Bueno,Buena,Nocturna,Buen Tiempo,S/D,S/D,Vuelco,Ninguna,Faltante,Ninguna,Sin restricción
2020,2900,2020-07-05,Domingo,19:20:00,,0.0,2,"Moto/Ciclomotor,Bicicleta",Garibaldi Y Larrea,2,2,0,0,0,0,0,"-32.97963, -60.68361",Calle,,ROSARIO,Rosario,Asfalto,Pavimento,II,Dentro,Urbana,Ninguna,No existe,Intersección,Otro,Reducida,Atardecer,Otro,Otro,Ciclista,Atropello,Otro,Faltante,"Cordón divisorio,Vegetación",Sin restricción
2020,2901,2020-06-18,Jueves,14:45:00,,0.0,2,"Moto/Ciclomotor,Moto/Ciclomotor",Bv. Rondeau 3800,2,1,1,0,0,0,0,"-32.880276769137,-60.696534457283",Avenida,,ROSARIO,Rosario,Asfalto,No existe,II,Dentro,Urbana,Ninguna,No existe,Intersección,Bueno,Buena,Diurna,Buen Tiempo,S/D,S/D,Colisión,Ninguna,Horizontal,"Cordón divisorio,Vegetación,Línea divisoria pintada",Sin restricción
2020,2902,2020-07-04,Sabado,08:00:00,,0.0,2,"Automóvil,Moto/Ciclomotor",Virasoro Y San Nicolas,2,1,0,0,1,0,0,"-32.96379, -60.67826",Calle,,ROSARIO,Rosario,Asfalto,S/D,II,S/D,Urbana,Semáforo,Funciona,Intersección,Otro,Buena,Diurna,Otro,Otro,S/D,Colisión,Ninguna,S/D,Ninguna,Sin restricción
2020,2903,2020-03-01,Domingo,06:25:00,Ruta Nacional 11,439.5,2,"Moto/Ciclomotor,Automóvil", ,3,1,0,0,1,1,0,"-31.8311, -60.87558",Ruta,11,DESVÍO ARIJÓN,San JERÓNIMO,Asfalto,Pavimento,XV,Dentro,Rural,Ninguna,No existe,Recta,Deteriorada,Reducida,Nocturna,Niebla,Frontal,S/D,Colisión,Ninguna,Faltante,Línea divisoria pintada,Sin restricción
2020,2904,2020-06-09,Martes,17:30:00,,0.0,2,"Moto/Ciclomotor,Automóvil",Matheu Y Warnes,2,1,0,0,1,0,0,"-32.888483661485,-60.695672866938",Calle,,ROSARIO,Rosario,Asfalto,No existe,II,Dentro,Urbana,Ninguna,No existe,Intersección,Bueno,Buena,Diurna,Buen Tiempo,S/D,S/D,Colisión,Ninguna,Faltante,Ninguna,Sin restricción
2020,2905,2020-07-02,Jueves,17:30:00,,0.0,2,"Moto/Ciclomotor,Moto/Ciclomotor",Av. Provincias Unidas Y Calle 1825,2,0,1,0,1,0,0,"-32.96962, -60.71134",Avenida,,ROSARIO,Rosario,Asfalto,Pavimento,II,Dentro,Urbana,Ninguna,No existe,Intersección,Bueno,Buena,Diurna,Otro,Otro,S/D,Colisión,Otro,Faltante,"Cordón divisorio,Vegetación",Sin restricción
2020,2906,2020-06-04,Jueves,17:20:00,,0.0,2,"Automóvil,Moto/Ciclomotor",Cruz Chica Y Palestina,3,2,0,0,1,0,0,"-32.885847463568,-60.705794261938",Calle,,ROSARIO,Rosario,Asfalto,No existe,II,Dentro,Urbana,Ninguna,No existe,Intersección,Bueno,Buena,Diurna,Buen Tiempo,S/D,S/D,Colisión,Ninguna,Faltante,Ninguna,Sin restricción
2020,2907,2020-06-18,Jueves,17:20:00,,0.0,2,"Moto/Ciclomotor,Automóvil",Garzon Y Pje. Galileo,2,1,0,0,1,0,0,"-32.887492540419,-60.727307673592",Calle,,ROSARIO,Rosario,Asfalto,No existe,II,Dentro,Urbana,Ninguna,No existe,Intersección,"Con baches,Deteriorada",Buena,Diurna,Buen Tiempo,Lateral,S/D,Colisión,Ninguna,Faltante,Ninguna,Sin restricción
2020,2908,2020-07-02,Jueves,17:00:00,,0.0,2,"Automóvil,Moto/Ciclomotor",Bv. 27 De Febrero Y San Nicolas,5,1,0,0,0,0,4,"-32.96153, -60.67769",Avenida,,ROSARIO,Rosario,Asfalto,Pavimento,II,Dentro,Urbana,S/D,Funciona,Intersección,Bueno,Buena,Diurna,Otro,S/D,S/D,Colisión,Otro,Horizontal,Cordón divisorio,Sin restricción
2020,2909,2020-06-13,Sabado,16:15:00,,0.0,2,"Moto/Ciclomotor,Bicicleta",Conway Y Villa del Parque,2,0,1,0,1,0,0,"-32.884326841598,-60.728199228229",Calle,,ROSARIO,Rosario,Asfalto,No existe,II,Dentro,Urbana,Otra Señal,No existe,Intersección,Bueno,Buena,Diurna,Buen Tiempo,S/D,Ciclista,Atropello,Ninguna,Vertical,Ninguna,Sin restricción
2020,2910,2020-07-01,Miercoles,15:00:00,,0.0,2,"Camión Chasis,Moto/Ciclomotor",Av. De Las Palmeras Y Godoy Cruz,2,1,0,0,1,0,0,"-32.97918, -60.73595",Avenida,,ROSARIO,Rosario,Asfalto,Pavimento,II,Dentro,Urbana,Ninguna,No existe,Intersección,Bueno,Buena,Diurna,Otro,Otro,S/D,Colisión,Otro,Faltante,Cordón divisorio,Sin restricción
2020,2911,2020-06-28,Domingo,,,0.0,2,"Automóvil,Moto/Ciclomotor",Albert Sabin Y Almafuerte,2,1,0,0,1,0,0,"-32.917363340557,-60.690725588104",Avenida,,ROSARIO,Rosario,Asfalto,No existe,II,Dentro,Urbana,Paso Peatonal,No existe,Intersección,Bueno,Buena,"Nocturna,Con luz artificial",Buen Tiempo,S/D,S/D,Colisión,Ninguna,Horizontal,"Cordón divisorio,Vegetación,Línea divisoria pintada",Sin restricción
2020,2912,2020-07-06,Lunes,16:00:00,,0.0,2,"Automóvil,Moto/Ciclomotor",Bv. Oroño Y Sanchez de Bustamante,2,1,0,0,1,0,0,"-33.0026, -60.66517",Avenida,,ROSARIO,Rosario,Asfalto,No existe,II,Dentro,Urbana,Ninguna,No existe,Recta,Bueno,Buena,Diurna,Buen Tiempo,Otro,S/D,Colisión,Ninguna,Faltante,Cordón divisorio,Sin restricción
2020,2913,2020-06-16,Martes,13:40:00,,0.0,2,"Camión Chasis,Moto/Ciclomotor",Av. Ovidio Lagos Y Bv. Segui,2,1,0,0,1,0,0,"-32.974880612142,-60.669285244493",Avenida,,ROSARIO,Rosario,Asfalto,No existe,II,Dentro,Urbana,Semáforo,Funciona,Intersección,Bueno,Buena,Diurna,Buen Tiempo,Lateral,S/D,Colisión,Ninguna,"Horizontal,Vertical","Cordón divisorio,Vegetación,Línea divisoria pintada",Sin restricción
2020,2914,2020-07-06,Lunes,12:40:00,,0.0,2,"Automóvil,Automóvil",Alvear Y Hilarion de la Quintana,3,2,0,0,1,0,0,"-32.97957, -60.66378",Calle,,ROSARIO,Rosario,Asfalto,No existe,II,Dentro,Urbana,Ninguna,No existe,Recta,Bueno,Buena,Diurna,Buen Tiempo,Múltiple,S/D,Colisión,Agua,Faltante,Ninguna,Sin restricción
2020,2915,2020-05-27,Miercoles,12:20:00,,0.0,2,"Moto/Ciclomotor,Automóvil",Calcuta Y Fray J S M de Oro,2,1,0,0,1,0,0,"    -30.31498, -61.22384",Calle,,SAN CRISTÓBAL,San CRISTÓBAL,Asfalto,No existe,XIII,Dentro,Urbana,Ninguna,S/D,Distribuidor,Deteriorada,Buena,Diurna,Buen Tiempo,Frontal,S/D,Colisión,S/D,S/D,Ninguna,Sin restricción
2020,2916,2020-05-29,Viernes,14:30:00,,0.0,2,"Pickup/Utilitario,Moto/Ciclomotor",Caseros Y Gral Alvear,3,0,2,0,1,0,0,"    -30.31084, -61.2337",Calle,,SAN CRISTÓBAL,San CRISTÓBAL,Asfalto,No existe,XIII,Dentro,Urbana,Ninguna,No funciona,Intersección,Bueno,Buena,Diurna,Buen Tiempo,Lateral,S/D,Colisión,Ninguna,Vertical,Ninguna,Sin restricción
2020,2917,2020-07-15,Miercoles,02:00:00,,0.0,2,"Moto/Ciclomotor,Taxi/Remis",Galvez Y Av. Corrientes,3,2,0,0,1,0,0,"-32.96802, -60.64791",Calle,,ROSARIO,Rosario,Asfalto,S/D,II,S/D,Urbana,S/D,S/D,Intersección,S/D,S/D,S/D,S/D,S/D,S/D,Colisión,S/D,S/D,S/D,S/D
2020,2918,2020-05-29,Viernes,10:55:00,,0.0,2,"Pickup/Utilitario,Moto/Ciclomotor",Rivadavia Y Bartolome Mitre,2,0,1,0,1,0,0,"    -30.53241, -61.95872",Calle,,SUARDI,San CRISTÓBAL,Hormigón,Natural,XIII,Dentro,Urbana,Ninguna,No existe,Intersección,Deteriorada,Buena,Diurna,Buen Tiempo,Lateral,S/D,Colisión,Ninguna,Faltante,Ninguna,Sin restricción
2020,2919,2020-07-08,Miercoles,12:00:00,,0.0,2,"Moto/Ciclomotor,Automóvil",Tucuman Y Mitre,2,1,0,0,1,0,0,"-32.94166, -60.63838",Calle,,ROSARIO,Rosario,Asfalto,S/D,II,S/D,Urbana,S/D,S/D,Recta,S/D,S/D,Diurna,S/D,S/D,S/D,S/D,S/D,S/D,S/D,S/D
2020,2920,2020-07-06,Lunes,13:50:00,,0.0,2,"Automóvil,Automóvil",E.Deliot Y E.Zeballos,2,1,0,0,1,0,0,"-32.94845, -60.67725",Calle,,ROSARIO,Rosario,Asfalto,S/D,II,S/D,Urbana,S/D,S/D,Intersección,S/D,S/D,S/D,S/D,S/D,S/D,Colisión,S/D,S/D,S/D,S/D
2020,2921,2020-05-24,Domingo,16:40:00,,0.0,2,"Pickup/Utilitario,Moto/Ciclomotor",Islas Malvinas Y Agote,3,1,0,0,2,0,0,"    -30.36381, -61.91252",Calle,,SAN GUILLERMO,San CRISTÓBAL,Arena,Pavimento,XIII,Dentro,Urbana,Ninguna,No existe,Intersección,Bueno,Reducida polvo,Atardecer,Buen Tiempo,Lateral,S/D,Colisión,S/D,Horizontal,S/D,Sin restricción
2020,2922,2020-07-02,Jueves,09:00:00,,0.0,2,"Moto/Ciclomotor,Taxi/Remis",Italia Y Pasco,3,2,0,0,1,0,0,"-32.95786, -60.65117",Calle,,ROSARIO,Rosario,Asfalto,S/D,II,S/D,Urbana,Señal Pare,S/D,Intersección,S/D,S/D,Diurna,S/D,S/D,S/D,S/D,S/D,S/D,S/D,S/D
2020,2923,2020-07-05,Domingo,09:30:00,,0.0,2,"Moto/Ciclomotor,Automóvil",3 De Febrero Y L.N.Alem,2,1,0,0,1,0,0,"-32.95449, -60.62991",Calle,,ROSARIO,Rosario,Asfalto,S/D,II,S/D,Urbana,S/D,No existe,Intersección,Bueno,Buena,Diurna,S/D,S/D,S/D,S/D,S/D,S/D,S/D,S/D
2020,2924,2020-07-02,Jueves,19:20:00,,0.0,2,"Moto/Ciclomotor,Automóvil",Mitre Y 3 De Febrero,3,1,0,0,2,0,0,"-32.95256, -60.64115",Calle,,ROSARIO,Rosario,Asfalto,S/D,II,S/D,Urbana,S/D,S/D,Intersección,S/D,S/D,S/D,S/D,S/D,S/D,S/D,S/D,S/D,S/D,S/D
2020,2925,2020-07-06,Lunes,09:10:00,,0.0,2,"Moto/Ciclomotor,Automóvil",Av. Francia Y 9 De Julio,3,1,0,0,2,0,0,"-32.94885, -60.66746",Avenida,,ROSARIO,Rosario,Asfalto,S/D,II,Dentro,Urbana,Semáforo,Funciona,Intersección,S/D,S/D,Diurna,S/D,S/D,S/D,Colisión,S/D,S/D,Ninguna,S/D
2020,2926,2020-07-06,Lunes,09:10:00,,0.0,2,"Peatón,Taxi/Remis",Cordoba Y Paraguay,2,1,0,0,1,0,0,"-32.94547, -60.64371",Calle,,ROSARIO,Rosario,Asfalto,S/D,II,S/D,Urbana,S/D,Funciona,Intersección,S/D,S/D,S/D,S/D,S/D,Peatón,Atropello,S/D,S/D,S/D,S/D