anio_acci,nro_acci,fecha,desc_dia,hora_aprox,desc_ruta,km,cant_participantes,desc_participante,calle_avenida_km,total,heridos_leves,heridos_graves,heridos_gravisimos,ilesos,fallecidos,sin_datos,posicion_XY,desc_tipo_via,desc_ruta_ori,desc_loc,desc_dpto,desc_tipo_calzada,desc_tipo_banquina,desc_unidad_regional,desc_lugar_calzada,desc_zona,desc_prioridad,desc_estado_semaforo,desc_lugar_via,desc_estado_via,desc_estado_visibilidad,desc_luminosidad,desc_estado_clima,desc_tipo_colision,desc_tipo_atropello,desc_tipo_hecho,desc_pres_calzada,desc_senializacion,desc_separacion_via,desc_restriccion
2020,2994,2020-07-23,Jueves,14:00:00,,0.0,1,Moto/Ciclomotor,España Y Virasoro,2,2,0,0,0,0,0,"-32.95883, -60.693",Calle,,ROSARIO,Rosario,Asfalto,No existe,II,Dentro,Urbana,Señal Pare,No existe,Recta,Bueno,Buena,"Amanecer,Con luz artificial",Buen Tiempo,Contra objeto fijo,S/D,Colisión,Ninguna,Vertical,Ninguna,Sin restricción
2020,2995,2020-06-06,Sabado,18:25:00,,0.0,2,"Bicicleta,Automóvil",Ituzaingo Y Mitre,2,1,0,0,1,0,0,"-32.960471819529,-60.643137685641",Calle,,ROSARIO,Rosario,Asfalto,No existe,II,Dentro,Urbana,Señal Pare,No existe,Intersección,Bueno,Buena,Diurna,Buen Tiempo,S/D,Ciclista,Atropello,Ninguna,"Horizontal,Vertical",Ninguna,Sin restricción
2020,2996,2020-05-19,Martes,13:30:00,Ruta Secundaria 4-s,77.0,2,"Moto/Ciclomotor,Automóvil", ,2,1,0,0,1,0,0,"-33.77226, -61.94776",Ruta,4-s,VENADO TUERTO,General LÓPEZ,S/D,S/D,VIII,S/D,Urbana,S/D,S/D,Intersección,S/D,S/D,Diurna,S/D,S/D,S/D,Colisión,S/D,S/D,S/D,S/D
2020,2997,2020-03-25,Miercoles,15:50:00,,0.0,2,"Moto/Ciclomotor,Automóvil",Pacheco Y 8 de Noviembre,3,2,0,0,0,1,0,"-32.90923, -60.69112",Calle,,ROSARIO,Rosario,Asfalto,No existe,II,Dentro,Urbana,Ninguna,No existe,Intersección,Bueno,S/D,Diurna,S/D,S/D,S/D,Colisión,Ninguna,Faltante,Ninguna,Sin restricción
2020,2998,2020-06-11,Jueves,15:15:00,,0.0,2,"Moto/Ciclomotor,Automóvil",Italia Y Pasco,2,1,0,0,1,0,0,"-32.957833242801,-60.65118829615",Calle,,ROSARIO,Rosario,Asfalto,No existe,II,Dentro,Urbana,Señal Pare,No existe,Intersección,Bueno,Buena,Diurna,Buen Tiempo,Lateral,S/D,Colisión,Ninguna,Faltante,Ninguna,Sin restricción
2020,2999,2020-06-20,Sabado,18:55:00,,0.0,2,"Moto/Ciclomotor,Taxi/Remis",Pueyrredon Y Rueda,2,1,0,0,1,0,0,"-32.967600796673,-60.663578397435",Calle,,ROSARIO,Rosario,Asfalto,No existe,II,Dentro,Urbana,Señal Pare,No existe,Intersección,Bueno,Buena,Diurna,Buen Tiempo,Lateral,S/D,Colisión,Ninguna,Vertical,Ninguna,Sin restricción
2020,3000,2020-05-19,Martes,15:43:00,,0.0,2,"Automóvil,Moto/Ciclomotor",Jose Aufranc Y Junin,2,1,0,0,0,0,1,"-33.73389, -61.98377",Calle,,VENADO TUERTO,General LÓPEZ,S/D,S/D,VIII,S/D,Urbana,S/D,S/D,Intersección,S/D,S/D,Diurna,S/D,S/D,S/D,Colisión,S/D,S/D,S/D,S/D
2020,3001,2020-06-21,Domingo,22:35:00,,0.0,2,"Moto/Ciclomotor,Automóvil",Bv. Oroño Y Lugones,2,1,0,0,1,0,0,"-32.958132288941,-60.657066542658",Avenida,,ROSARIO,Rosario,Asfalto,No existe,II,Dentro,Urbana,Paso Peatonal,No existe,Intersección,Bueno,Buena,"Nocturna,Con luz artificial",Buen Tiempo,De alcance,S/D,Colisión,Ninguna,"Horizontal,Vertical",Línea divisoria pintada,Sin restricción
2020,3002,2020-05-19,Martes,19:00:00,Autopista Nacional A012,60.0,2,"Peatón,Camión c / Acoplado", ,3,2,0,0,1,0,0,"-32.77362, -60.78887",Autopista,A012,SAN LORENZO,San Lorenzo,S/D,S/D,XVII,S/D,Urbana,S/D,S/D,Recta,S/D,S/D,Atardecer,S/D,S/D,Peatón,Atropello,S/D,S/D,S/D,S/D
2020,3003,2020-03-02,Lunes,05:30:00,Ruta Nacional 11,362.8,1,Automóvil, ,2,0,0,0,0,2,0,"-32.47513, -60.88581",Ruta,11,OLIVEROS,Iriondo,Asfalto,Natural,X,Dentro,Rural,Ninguna,No existe,Curva,Bueno,S/D,Nocturna,S/D,S/D,S/D,Despiste,Ninguna,Faltante,Línea divisoria pintada,Sin restricción
2020,3004,2020-06-23,Martes,10:30:00,,0.0,2,"Automóvil,Automóvil",Mitre Y Rueda,2,1,0,0,1,0,0,"-32.970791458565,-60.645728659044",Calle,,ROSARIO,Rosario,Asfalto,No existe,II,Dentro,Urbana,Ninguna,No existe,Intersección,Bueno,Buena,Diurna,Buen Tiempo,Lateral,S/D,Colisión,Ninguna,Faltante,Ninguna,Sin restricción
2020,3005,2020-06-26,Viernes,13:45:00,,0.0,2,"Moto/Ciclomotor,Automóvil",Av. Francia Y Bv. 27 De Febrero,2,1,0,0,1,0,0,"-32.962794501847,-60.670771834849",Avenida,,ROSARIO,Rosario,Asfalto,No existe,II,Dentro,Urbana,Semáforo,Funciona,Intersección,Bueno,Buena,Diurna,Buen Tiempo,Lateral,S/D,Colisión,Ninguna,"Horizontal,Vertical","Cordón divisorio,Vegetación,Línea divisoria pintada",Sin restricción
2020,3006,2020-05-19,Martes,08:40:00,Autopista Nacional A009,11.0,2,"Moto/Ciclomotor,Automóvil", ,3,2,0,0,1,0,0,"-29.16867, -59.65683",Autopista,A009,RECONQUISTA,General Obligado,S/D,S/D,IX,S/D,Urbana,S/D,S/D,Intersección,S/D,S/D,Amanecer,S/D,S/D,S/D,Colisión,S/D,S/D,S/D,S/D
2020,3007,2020-05-19,Martes,,,0.0,1,Pickup/Utilitario,Saavedra 7800,1,0,1,0,0,0,0,"-32.96942, -60.70452",Calle,,ROSARIO,Rosario,S/D,S/D,II,S/D,Urbana,S/D,S/D,Recta,S/D,S/D,Nocturna,S/D,Contra objeto fijo,S/D,Colisión,S/D,S/D,S/D,S/D
2020,3008,2020-05-19,Martes,,,0.0,2,"Moto/Ciclomotor,Automóvil",San Jeronimo Y Salta,3,0,2,0,0,0,1,"-31.64992, -60.709",Calle,,SANTA FE,La Capital,S/D,S/D,I,S/D,Urbana,S/D,S/D,Intersección,S/D,S/D,Diurna,S/D,S/D,S/D,Colisión,S/D,S/D,S/D,S/D
2020,3009,2020-05-20,Miercoles,,,0.0,2,"Moto/Ciclomotor,Pickup/Utilitario",A Aufranc Y Dr Romang,2,1,0,0,1,0,0,"-31.44498, -60.91984",Calle,,ESPERANZA,Las Colonias,S/D,S/D,XI,S/D,Urbana,S/D,S/D,Intersección,S/D,S/D,Diurna,S/D,S/D,S/D,Colisión,S/D,S/D,S/D,S/D
2020,3010,2020-05-28,Jueves,20:30:00,,0.0,2,"Automóvil,Moto/Ciclomotor",Rivadavia Y Llerena,2,1,0,0,1,0,0,"    -31.61415, -60.6946",Calle,,SANTA FE,La Capital,Asfalto,No existe,I,S/D,Urbana,Ninguna,No existe,Intersección,Bueno,Reducida,Nocturna,Buen Tiempo,Múltiple,S/D,Colisión,Ninguna,S/D,Ninguna,Sin restricción
2020,3011,2020-05-21,Jueves,,,0.0,2,"Pickup/Utilitario,Automóvil",Av Roque Saenz Pe�a Y 1ro de Mayo,3,1,0,0,2,0,0,"-31.24714, -61.4783",Calle,,RAFAELA,Castellanos,S/D,S/D,V,S/D,Urbana,S/D,S/D,Intersección,S/D,S/D,S/D,S/D,Lateral,S/D,Colisión,S/D,S/D,S/D,S/D
2020,3012,2020-05-29,Viernes,10:30:00,,0.0,2,"Automóvil,Otros",Av Almte Brown Y Bv Muttis,3,1,0,0,1,0,1,"    -31.62977, -60.67849",Avenida,,SANTA FE,La Capital,Asfalto,No existe,I,S/D,Urbana,Ninguna,No existe,Rotonda,Bueno,Buena,Diurna,Buen Tiempo,Lateral,S/D,Colisión,S/D,Vertical,Ninguna,Sin restricción
2020,3013,2020-05-22,Viernes,17:15:00,,0.0,2,"Moto/Ciclomotor,Automóvil",Calle 24 - Olessio Y Calle 55-Mendoza,2,1,0,0,1,0,0,"-29.16379, -59.65236",Calle,,RECONQUISTA,General Obligado,S/D,S/D,IX,S/D,Urbana,S/D,S/D,Intersección,S/D,S/D,Diurna,S/D,S/D,S/D,Colisión,S/D,S/D,S/D,S/D
2020,3014,2020-05-24,Domingo,,,0.0,2,"Moto/Ciclomotor,Moto/Ciclomotor",Calle 15-Pcio. Diez Y Calle 18-Belgrano,3,2,0,0,1,0,0,"-29.14421, -59.64608",Calle,,RECONQUISTA,General Obligado,S/D,S/D,IX,S/D,Urbana,S/D,S/D,Intersección,S/D,S/D,S/D,S/D,S/D,S/D,Colisión,S/D,S/D,S/D,S/D
2020,3015,2020-05-26,Martes,15:00:00,,0.0,2,"Automóvil,Moto/Ciclomotor",Av Pe�aloza Y Reg 12 de Infanteria,3,0,1,1,1,0,0,"    -31.59383, -60.71199",Avenida,,SANTA FE,La Capital,Asfalto,Pavimento,I,Dentro,Urbana,Semáforo,Funciona,Intersección,Bueno,Buena,Diurna,Buen Tiempo,Lateral,S/D,Colisión,Ninguna,Horizontal,Cordón divisorio,Sin restricción
2020,3016,2020-03-07,Sabado,16:25:00,Ruta Provincial 18,47.0,2,"Camión c / Acoplado,Automóvil", ,2,0,0,0,1,1,0,"-33.43358, -60.77211",Ruta,18,SANTA TERESA,Constitución,Asfalto,Natural,VI,Dentro,Rural,Ninguna,No existe,Curva,Bueno,Buena,Diurna,Buen Tiempo,De alcance,S/D,Colisión,Ninguna,Faltante,"Línea divisoria pintada,Ninguna",Sin restricción
2020,3017,2020-05-31,Domingo,19:30:00,,0.0,2,"Moto/Ciclomotor,Automóvil",Gorriti Y Dr Zavalla,4,1,0,0,3,0,0,"    -31.58816, -60.70339",Calle,,SANTA FE,La Capital,Asfalto,No existe,I,S/D,Urbana,Ninguna,No existe,Intersección,Bueno,Buena,"Nocturna,Con luz artificial",Buen Tiempo,Lateral,S/D,Colisión,Ninguna,Faltante,S/D,Sin restricción
2020,3018,2020-03-16,Lunes,10:15:00,Ruta Nacional 11,788.0,2,"Moto/Ciclomotor,Bicicleta",Calle 27-Gdor Freyre ,2,0,0,0,1,1,0,"-29.1496, -59.65681",Ruta,11,RECONQUISTA,General Obligado,Asfalto,No existe,IX,Dentro,Urbana,Ninguna,No existe,Intersección,Bueno,S/D,Diurna,S/D,S/D,Ciclista,Atropello,Ninguna,Horizontal,Ninguna,Sin restricción
2020,3019,2020-03-31,Martes,20:00:00,Autopista Nacional Gral. Juan Jose Valle,274.0,2,"Automóvil,Bicicleta", ,2,0,0,0,1,1,0,"-33.12466, -60.58277",Autopista,Gral. Juan Jose Valle,ARROYO SECO,Rosario,Asfalto,Natural,II,Dentro,Rural,Ninguna,No existe,Recta,Bueno,S/D,Nocturna,S/D,S/D,Ciclista,Atropello,Ninguna,Faltante,Ninguna,Sin restricción
2020,3021,2020-03-14,Sabado,01:00:00,,0.0,1,Automóvil,CAMINO RURAL ,1,1,0,0,0,0,0,"-28.653652667999236,-59.43533778190",Camino Rural,,EL SOMBRERITO,General Obligado,Tierra,No existe,IX,Dentro,Rural,Ninguna,No existe,Recta,S/D,S/D,Nocturna,Buen Tiempo,Contra objeto fijo,S/D,Colisión,S/D,Faltante,Ninguna,Sin restricción
2020,3022,2020-03-15,Domingo,,,0.0,2,"Moto/Ciclomotor,Pickup/Utilitario",Florentino Ameghino Y Guemes,2,1,0,0,1,0,0,"-31.246523919824,-61.485645109509",Calle,,RAFAELA,Castellanos,Hormigón,No existe,V,Dentro,Urbana,Otra Señal,No existe,Intersección,Bueno,Buena,S/D,S/D,S/D,S/D,Colisión,Ninguna,Vertical,Ninguna,Sin restricción
2020,3023,2020-03-15,Domingo,,,0.0,2,"Bicicleta,Automóvil",Federico Luchetti Y Las araucarias,2,1,0,0,1,0,0,"-31.28032192008,-61.523444183988",Calle,,RAFAELA,Castellanos,Asfalto,No existe,V,Dentro,Urbana,S/D,No existe,Intersección,Bueno,S/D,S/D,S/D,S/D,S/D,Colisión,S/D,S/D,Ninguna,Sin restricción
2020,3025,2020-03-15,Domingo,,,0.0,2,"Moto/Ciclomotor,Moto/Ciclomotor",Roca Y Tucuman,2,1,0,0,1,0,0,"-30.939791051995,-61.55890748777",Calle,,SUNCHALES,Castellanos,Hormigón,No existe,V,Dentro,Urbana,Otra Señal,No existe,Intersección,Bueno,Buena,S/D,Buen Tiempo,S/D,S/D,Colisión,Ninguna,Vertical,Ninguna,Sin restricción
2020,3026,2020-07-17,Viernes,19:05:00,,0.0,2,"Automóvil,Moto/Ciclomotor",9 de Julio Y Rivadavia,2,1,0,0,1,0,0,"-31.44136, -61.26324",Calle,,PILAR,Las Colonias,Asfalto,Pavimento,XI,S/D,Urbana,Ninguna,No existe,Intersección,Resbaladiza,Reducida,Atardecer,Lluvia,Lateral,S/D,Colisión,Agua,Horizontal,Ninguna,Sin restricción
2020,3028,2020-03-15,Domingo,,,0.0,1,Moto/Ciclomotor, ,1,1,0,0,0,0,0,"-31.625862121581996,-60.69998860359",S/D,,SANTA FE,La Capital,S/D,S/D,I,Dentro,S/D,S/D,S/D,S/D,S/D,S/D,S/D,S/D,Contra objeto fijo,S/D,Colisión,S/D,S/D,S/D,Sin restricción
2020,3029,2020-07-17,Viernes,19:00:00,,0.0,2,"Moto/Ciclomotor,Automóvil",Guemes Y Rivadavia,3,2,1,0,0,0,0,"-31.44288, -61.2636",Calle,,PILAR,Las Colonias,Asfalto,Pavimento,XI,S/D,Urbana,Ninguna,No existe,Intersección,Resbaladiza,Reducida,Nocturna,Lluvia,Lateral,S/D,Colisión,Agua,Horizontal,Ninguna,Sin restricción
2020,3030,2020-05-28,Jueves,,,0.0,2,"Moto/Ciclomotor,Automóvil",J M Perez Y Islas Malvinas,3,2,0,0,1,0,0,"    -31.66463, -60.72326",Calle,,SANTA FE,La Capital,Asfalto,Pavimento,I,Dentro,Urbana,Ninguna,No existe,Intersección,Bueno,Buena,Diurna,Buen Tiempo,Lateral,S/D,Colisión,Ninguna,Faltante,Ninguna,Sin restricción
2020,3031,2020-07-17,Viernes,19:30:00,Ruta Provincial 6,51.0,2,"Moto/Ciclomotor,Moto/Ciclomotor", ,2,1,0,0,1,0,0,"-31.57956, -60.93647",Ruta,6,FRANCK,Las Colonias,Asfalto,No existe,XI,Dentro,Urbana,Semáforo,Funciona,Intersección,Bueno,Buena,Atardecer,Buen Tiempo,Lateral,S/D,Colisión,Ninguna,Vertical,Ninguna,Sin restricción
2020,3032,2020-03-16,Lunes,09:30:00,,0.0,2,"Peatón,Moto/Ciclomotor",9 de Julio 2250,2,1,0,0,0,0,1,"-30.789233307786,-60.588789579732",Calle,,SAN JUSTO,San Justo,Asfalto,No existe,XVI,Dentro,Urbana,Ninguna,No existe,Recta,Bueno,Buena,Diurna,Buen Tiempo,S/D,Peatón,Atropello,Ninguna,Faltante,Ninguna,Sin restricción
2020,3033,2020-05-29,Viernes,09:05:00,,0.0,2,"Bicicleta,Automóvil",Sarmiento Y Ituzaingo,2,1,0,0,1,0,0,"    -31.63959, -60.69392",Calle,,SANTA FE,La Capital,Asfalto,Pavimento,I,Dentro,Urbana,Ninguna,No existe,Intersección,Bueno,S/D,Diurna,Buen Tiempo,Lateral,Ciclista,Atropello,Ninguna,S/D,Ninguna,Sin restricción
2020,3034,2020-07-17,Viernes,,,0.0,2,"Automóvil,Moto/Ciclomotor",J J Passo Y 3 de Febrero,2,1,0,0,1,0,0,"-32.74387, -60.74259",Calle,,SAN LORENZO,San Lorenzo,S/D,S/D,XVII,S/D,Urbana,S/D,S/D,Intersección,S/D,S/D,S/D,S/D,S/D,S/D,Colisión,S/D,S/D,S/D,S/D
2020,3035,2020-03-16,Lunes,15:50:00,Ruta Nacional 11,809.0,2,"Automóvil,Pickup/Utilitario", ,5,4,0,0,1,0,0,"-28.985533118248,-59.58199828863147",Ruta,11,EL TIMBÚ,General Obligado,Asfalto,Natural,IX,Dentro,Rural,Ninguna,No existe,Recta,Bueno,Buena,Diurna,Buen Tiempo,Frontal,S/D,Colisión,Ninguna,Horizontal,Línea divisoria pintada,Sin restricción
2020,3036,2020-07-17,Viernes,07:55:00,,0.0,2,"Moto/Ciclomotor,Pickup/Utilitario",General Lopez Y Falucho,2,1,0,0,1,0,0,"-32.73749, -60.735",Calle,,SAN LORENZO,San Lorenzo,S/D,S/D,XVII,S/D,Urbana,S/D,S/D,Intersección,S/D,S/D,Amanecer,S/D,S/D,S/D,Colisión,S/D,S/D,S/D,S/D
2020,3037,2020-03-17,Martes,,Ruta Nacional 33,677.0,1,Pickup/Utilitario, ,1,1,0,0,0,0,0,"-33.499443353702105, -61.5784757911",Ruta,33,CHOVET,General LÓPEZ,Asfalto,Natural,VIII,Dentro,Rural,Ninguna,No existe,Recta,Bueno,Buena,Atardecer,Buen Tiempo,Contra objeto fijo,S/D,Colisión,Ninguna,Horizontal,"Guardarrail,Línea divisoria pintada",Sin restricción
2020,3038,2020-03-17,Martes,10:00:00,,0.0,1,Automóvil,Bv. Lopez Y Iriondo,1,1,0,0,0,0,0,"-32.823527432477,-61.394102949174",Avenida,,CAÑADA DE GÓMEZ,Iriondo,Asfalto,No existe,X,Dentro,Urbana,Ninguna,No existe,Intersección,Bueno,Buena,Diurna,Buen Tiempo,Contra objeto fijo,S/D,Colisión,Ninguna,Faltante,"Cordón divisorio,Vegetación",Sin restricción
2020,3039,2020-07-17,Viernes,20:20:00,Ruta Nacional 11,9.0,2,"Moto/Ciclomotor,Automóvil", ,2,1,0,0,1,0,0,"-32.77527, -60.72871",Ruta,11,SAN LORENZO,San Lorenzo,S/D,S/D,XVII,S/D,Urbana,S/D,S/D,Intersección,S/D,S/D,Nocturna,S/D,S/D,S/D,Colisión,S/D,S/D,S/D,S/D
2020,3040,2020-05-26,Martes,16:30:00,,0.0,2,"Automóvil,Pickup/Utilitario",La Rioja Y 4 de Enero,2,1,0,0,1,0,0,"    -31.64449, -60.71133",Calle,,SANTA FE,La Capital,Asfalto,S/D,I,Dentro,Urbana,Ninguna,No existe,Intersección,Bueno,Buena,Diurna,Buen Tiempo,Lateral,S/D,Colisión,Ninguna,S/D,Ninguna,Sin restricción
2020,3041,2020-05-27,Miercoles,14:55:00,,0.0,2,"Automóvil,Moto/Ciclomotor",Av Gral Lopez Y San Martin,2,1,0,0,1,0,0,"    -31.65701, -60.70973",Avenida,,SANTA FE,La Capital,Asfalto,Pavimento,I,Dentro,Urbana,Ninguna,No existe,Intersección,Bueno,Buena,Diurna,Buen Tiempo,Lateral,S/D,Colisión,Ninguna,Faltante,Ninguna,Sin restricción
2020,3042,2020-05-30,Sabado,19:55:00,,0.0,2,"Automóvil,Pickup/Utilitario",Obispo Gelabert Y Rivadavia,2,1,0,0,1,0,0,"    -31.63729, -60.70143",Calle,,SANTA FE,La Capital,Asfalto,Pavimento,I,Dentro,Urbana,Semáforo,Funciona,Intersección,Bueno,Buena,S/D,Buen Tiempo,Lateral,S/D,Colisión,Ninguna,Faltante,Ninguna,Sin restricción
2020,3043,2020-07-04,Sabado,20:00:00,,0.0,2,"Moto/Ciclomotor,Automóvil",Centenario Y Entre Rios,3,2,0,0,1,0,0,"-33.00435, -60.65169",Calle,,ROSARIO,Rosario,Asfalto,No existe,II,Dentro,Urbana,Ninguna,No existe,Intersección,Bueno,Buena,Diurna,Buen Tiempo,S/D,S/D,S/D,Ninguna,Faltante,Ninguna,S/D
2020,3044,2020-07-17,Viernes,22:43:00,,0.0,2,"Moto/Ciclomotor,Automóvil",Franciscanos Y Jose Bison,3,2,0,0,1,0,0,"-32.73143, -60.74823",Calle,,SAN LORENZO,San Lorenzo,S/D,S/D,XVII,S/D,Urbana,S/D,S/D,Intersección,S/D,S/D,Nocturna,S/D,S/D,S/D,Colisión,S/D,S/D,S/D,S/D
2020,3045,2020-07-09,Jueves,18:55:00,,0.0,2,"Moto/Ciclomotor,Automóvil",Av Urquiza Y Lisandro de la Torre,2,1,0,0,1,0,0,"-31.65018, -60.71438",Calle,,SANTA FE,La Capital,Asfalto,No existe,I,Dentro,Urbana,Semáforo,Funciona,Intersección,Bueno,Buena,Diurna,Buen Tiempo,Lateral,S/D,Colisión,Ninguna,Faltante,S/D,Sin restricción
2020,3046,2020-07-07,Martes,10:50:00,,0.0,2,"Moto/Ciclomotor,Pickup/Utilitario",Ayacucho Y Virasoro,2,0,1,0,1,0,0,"-32.97193, -60.63278",S/D,,ROSARIO,Rosario,Asfalto,S/D,II,S/D,S/D,Ninguna,S/D,Intersección,Bueno,S/D,S/D,Buen Tiempo,Lateral,S/D,Colisión,Ninguna,Vertical,Cordón divisorio,Sin restricción
2020,3047,2020-07-13,Lunes,00:35:00,,0.0,2,"Moto/Ciclomotor,Taxi/Remis",Virasoro Y Dorrego,3,2,0,0,1,0,0,"-32.96791, -60.65514",Calle,,ROSARIO,Rosario,Asfalto,S/D,II,S/D,Urbana,Señal Pare,S/D,Intersección,S/D,S/D,"Nocturna,Con luz artificial",S/D,S/D,S/D,Colisión,S/D,S/D,S/D,S/D
2020,3048,2020-07-17,Viernes,11:45:00,,0.0,2,"Automóvil,Moto/Ciclomotor",La Rioja Y H Irigoyen,2,1,0,0,1,0,0,"-31.29822, -60.65507",Calle,,LAGUNA PAIVA,La Capital,Hormigón,S/D,I,S/D,Urbana,Ninguna,No existe,Intersección,Bueno,Buena,Diurna,Buen Tiempo,Lateral,S/D,Colisión,Ninguna,Faltante,Ninguna,Sin restricción
2020,3049,2020-07-04,Sabado,13:00:00,,0.0,2,"Peatón,Bicicleta",San Martin ,2,1,0,0,1,0,0,"-32.98135, -60.64469",S/D,,ROSARIO,Rosario,Asfalto,No existe,II,S/D,S/D,Ninguna,Funciona,Intersección,Bueno,Buena,Diurna,Buen Tiempo,S/D,Peatón,Atropello,Ninguna,Faltante,Cordón divisorio,Sin restricción
2020,3050,2020-07-13,Lunes,04:00:00,,0.0,2,"Pickup/Utilitario,Moto/Ciclomotor",Maipu Y Moreno,2,1,0,0,1,0,0,"-31.30536, -60.66047",Calle,,ROSARIO,Rosario,Asfalto,No existe,II,Dentro,Urbana,Ninguna,No existe,Intersección,Bueno,Buena,Diurna,Buen Tiempo,Lateral,S/D,Colisión,Ninguna,Faltante,Ninguna,Sin restricción
2020,3051,2020-06-25,Jueves,16:10:00,,0.0,2,"Automóvil,Moto/Ciclomotor",Av Pte Peron Y Junin,2,1,0,0,1,0,0,"-31.635810460536,-60.718145613952",Avenida,,SANTA FE,La Capital,Asfalto,No existe,I,Dentro,Urbana,Ninguna,No existe,Intersección,Bueno,Buena,Diurna,Buen Tiempo,Lateral,S/D,Colisión,Ninguna,Faltante,Ninguna,Sin restricción
2020,3052,2020-07-16,Jueves,17:15:00,,0.0,2,"Automóvil,Moto/Ciclomotor",9 De Julio Y Crespo,2,1,0,0,1,0,0,"-32.94853, -60.67011",Calle,,ROSARIO,Rosario,Asfalto,S/D,II,S/D,Urbana,S/D,S/D,Intersección,S/D,S/D,Diurna,S/D,S/D,S/D,Colisión,S/D,S/D,S/D,S/D
2020,3053,2020-07-02,Jueves,10:00:00,,0.0,2,"Bicicleta,Automóvil",Bv. Segui Y Buenos Aires,2,1,0,0,1,0,0,"-32.98019, -60.64093",Calle,,ROSARIO,Rosario,Asfalto,No existe,II,Dentro,Urbana,Ninguna,No existe,Intersección,Bueno,Buena,Diurna,Buen Tiempo,S/D,Ciclista,Atropello,Ninguna,S/D,Cordón divisorio,Sin restricción
2020,3054,2020-07-17,Viernes,09:00:00,,0.0,2,"Moto/Ciclomotor,Automóvil",Av Pe�aloza Y Reg 12 de Infanteria,2,1,0,0,1,0,0,"-31.59371, -60.71214",Calle,,SANTA FE,La Capital,Asfalto,Pavimento,I,Dentro,Urbana,Semáforo,Funciona,Intersección,Bueno,Buena,Diurna,Lluvia,Lateral,S/D,Colisión,S/D,Faltante,Cordón divisorio,Accidente Previo
2020,3055,2020-07-13,Lunes,19:15:00,,0.0,2,"Bicicleta,Automóvil",9 De Julio 2100,2,1,0,0,0,0,1,"-32.95141, -60.65365",Calle,,ROSARIO,Rosario,Asfalto,S/D,II,S/D,Urbana,S/D,S/D,Recta,S/D,S/D,"Atardecer,Con luz artificial",S/D,S/D,Ciclista,Atropello,S/D,S/D,S/D,S/D
2020,3056,2020-07-06,Lunes,13:15:00,,0.0,2,"Moto/Ciclomotor,Pickup/Utilitario",Reg.11 de Infanteria Y Gral. J.M.Paz,2,1,0,0,1,0,0,"-32.99714, -60.62733",Calle,,ROSARIO,Rosario,Asfalto,No existe,II,Dentro,Urbana,Ninguna,No existe,Intersección,Bueno,Buena,Diurna,Buen Tiempo,S/D,S/D,Colisión,Ninguna,Faltante,Cordón divisorio,Sin restricción
2020,3057,2020-07-13,Lunes,16:00:00,,0.0,2,"Moto/Ciclomotor,Automóvil",Laprida Y Riobamba,3,2,0,0,1,0,0,"-32.96371, -60.63841",Calle,,ROSARIO,Rosario,Asfalto,No existe,II,Dentro,Urbana,Ninguna,No existe,Intersección,Bueno,Buena,Diurna,Buen Tiempo,Lateral,S/D,Colisión,Ninguna,Faltante,Ninguna,Sin restricción
2020,3058,2020-06-25,Jueves,08:35:00,,0.0,2,"Moto/Ciclomotor,Automóvil",Dr Zavalla Y Tucuman,2,1,0,0,1,0,0,"-31.643649180159,-60.719439258028",Calle,,SANTA FE,La Capital,Asfalto,No existe,I,Dentro,Urbana,Semáforo,Funciona,Intersección,Bueno,Buena,Diurna,Buen Tiempo,Lateral,S/D,Colisión,Ninguna,"Horizontal,Vertical",Ninguna,Sin restricción
2020,3060,2020-07-08,Miercoles,13:00:00,,0.0,2,"Pickup/Utilitario,Automóvil",San Martin Y Av. Arijon,2,1,0,0,1,0,0,"-33.00304, -60.64936",Calle,,ROSARIO,Rosario,Asfalto,No existe,II,Dentro,Urbana,Ninguna,Funciona,Intersección,Bueno,Buena,Diurna,Buen Tiempo,De alcance,S/D,Colisión,Ninguna,Faltante,Cordón divisorio,Sin restricción
2020,3061,2020-07-14,Martes,,,0.0,2,"Bicicleta,Automóvil",Dean Funes Y L.N.Alem,2,1,0,0,0,0,1,"-32.97739, -60.63568",Calle,,ROSARIO,Rosario,S/D,S/D,II,S/D,Urbana,S/D,S/D,Intersección,S/D,S/D,S/D,S/D,S/D,Ciclista,Atropello,S/D,S/D,S/D,S/D
2020,3062,2020-07-17,Viernes,05:25:00,,0.0,2,"Automóvil,Moto/Ciclomotor",Javier de la Rosa Y Belgrano,2,1,0,0,1,0,0,"-31.60013, -60.68795",Calle,,SANTA FE,La Capital,Asfalto,Pavimento,I,Dentro,Urbana,Ninguna,No existe,Intersección,Bueno,Buena,"Nocturna,Con luz artificial",Buen Tiempo,Lateral,S/D,Colisión,Ninguna,S/D,Cordón divisorio,Sin restricción
2020,3063,2020-05-28,Jueves,08:30:00,,0.0,1,Moto/Ciclomotor,Av Pte Peron Y Obispo Gelabert,1,1,0,0,0,0,0,"    -31.63373, -60.71774",Calle,,SANTA FE,La Capital,Asfalto,No existe,I,Dentro,Urbana,Ninguna,No existe,Recta,S/D,Buena,Diurna,Buen Tiempo,S/D,S/D,Cañda ocupante,Ninguna,Vertical,S/D,Sin restricción