anio_acci,nro_acci,fecha,desc_dia,hora_aprox,desc_ruta,km,cant_participantes,desc_participante,calle_avenida_km,total,heridos_leves,heridos_graves,heridos_gravisimos,ilesos,fallecidos,sin_datos,posicion_XY,desc_tipo_via,desc_ruta_ori,desc_loc,desc_dpto,desc_tipo_calzada,desc_tipo_banquina,desc_unidad_regional,desc_lugar_calzada,desc_zona,desc_prioridad,desc_estado_semaforo,desc_lugar_via,desc_estado_via,desc_estado_visibilidad,desc_luminosidad,desc_estado_clima,desc_tipo_colision,desc_tipo_atropello,desc_tipo_hecho,desc_pres_calzada,desc_senializacion,desc_separacion_via,desc_restriccion
2020,3064,2020-07-10,Viernes,12:30:00,,0.0,2,"Moto/Ciclomotor,Automóvil",Pavon 5200,2,1,0,0,1,0,0,"-32.99735, -60.63428",Calle,,ROSARIO,Rosario,Asfalto,No existe,II,S/D,Urbana,Ninguna,No existe,Intersección,"Bueno,Con baches",Buena,Diurna,Buen Tiempo,Lateral,S/D,Colisión,Ninguna,Faltante,Cordón divisorio,Sin restricción
2020,3065,2020-05-27,Miercoles,07:50:00,,0.0,1,Moto/Ciclomotor,Av Urquiza Y Lisandro de la Torre,1,1,0,0,0,0,0,"    -31.65023, -60.71437",Calle,,SANTA FE,La Capital,Hormigón,No existe,I,Dentro,Urbana,Ninguna,Funciona,Recta,Bueno,S/D,Diurna,Buen Tiempo,S/D,S/D,Cañda ocupante,Ninguna,Vertical,Barrera de hormigón,S/D
2020,3066,2020-07-13,Lunes,11:40:00,,0.0,2,"Automóvil,Pickup/Utilitario",Bv. Oroño Y Pje. F.Quiroga,2,2,0,0,0,0,0,"-32.97808, -60.66206",Calle,,ROSARIO,Rosario,Asfalto,No existe,II,Dentro,Urbana,Ninguna,No existe,Intersección,Bueno,Buena,Diurna,Buen Tiempo,De alcance,S/D,Colisión,Ninguna,Faltante,Cordón divisorio,Sin restricción
2020,3067,2020-07-17,Viernes,13:35:00,,0.0,2,"Moto/Ciclomotor,Automóvil",Alfonso Duran 4000,2,1,0,0,1,0,0,"-31.643270767131,-60.724954969708",Calle,,SANTA FE,La Capital,Hormigón,No existe,I,Dentro,Urbana,Ninguna,No existe,Intersección,Bueno,Buena,Diurna,Buen Tiempo,Lateral,S/D,Colisión,Ninguna,Faltante,Ninguna,Sin restricción
2020,3068,2020-05-26,Martes,09:30:00,,0.0,2,"Automóvil,Automóvil",Av Freyre Y Mendoza,2,1,0,0,1,0,0,"    -31.64625, -60.71849",Avenida,,SANTA FE,La Capital,Asfalto,No existe,I,S/D,Urbana,Ninguna,No existe,Intersección,Bueno,Buena,Diurna,Buen Tiempo,Lateral,S/D,Colisión,Ninguna,S/D,Cordón divisorio,Sin restricción
2020,3069,2020-06-20,Sabado,14:45:00,,0.0,2,"Pickup/Utilitario,Moto/Ciclomotor",Av Freyre Y Salvador Caputo,2,1,0,0,1,0,0,"-31.637457976869,-60.716245058714",Avenida,,SANTA FE,La Capital,Asfalto,No existe,I,Dentro,Urbana,Ninguna,Funciona,Intersección,Bueno,Buena,Diurna,Buen Tiempo,Lateral,S/D,Colisión,Ninguna,"Horizontal,Vertical","Cordón divisorio,Vegetación",Sin restricción
2020,3070,2020-07-07,Martes,13:00:00,,0.0,1,Taxi/Remis,Sarmiento Y Pje. Mozart,2,1,0,0,1,0,0,"-32.98081, -60.64682",Calle,,ROSARIO,Rosario,Asfalto,No existe,II,Dentro,Urbana,Ninguna,No existe,Intersección,Bueno,Buena,Diurna,Buen Tiempo,Lateral,S/D,Colisión,Ninguna,Faltante,Cordón divisorio,Sin restricción
2020,3071,2020-07-17,Viernes,19:30:00,,0.0,2,"Bicicleta,Automóvil",San Jeronimo Y Vieytes,2,1,0,0,1,0,0,"-31.60246, -60.695",Calle,,SANTA FE,La Capital,Asfalto,No existe,I,Dentro,Urbana,Ninguna,No existe,Intersección,Bueno,Buena,Atardecer,Buen Tiempo,S/D,Ciclista,Atropello,Ninguna,S/D,Ninguna,Sin restricción
2020,3072,2020-05-29,Viernes,13:15:00,,0.0,2,"Pickup/Utilitario,Moto/Ciclomotor",Juan Diaz de Solis Y Gdor Crespo,2,1,0,0,1,0,0,"    -31.63791, -60.72472",Calle,,SANTA FE,La Capital,Asfalto,No existe,I,Dentro,Urbana,Ninguna,No existe,Intersección,Bueno,Buena,Diurna,Buen Tiempo,Lateral,S/D,Colisión,Ninguna,Faltante,Ninguna,Sin restricción
2020,3073,2020-07-14,Martes,16:25:00,,0.0,2,"Moto/Ciclomotor,Automóvil",Buenos Aires Y Sanchez de Bustamante,2,1,0,0,1,0,0,"-33.00186, -60.64498",Calle,,ROSARIO,Rosario,Asfalto,No existe,II,S/D,Urbana,Ninguna,No existe,Intersección,Bueno,Buena,Diurna,Buen Tiempo,Lateral,S/D,Colisión,Ninguna,Faltante,Cordón divisorio,Sin restricción
2020,3074,2020-07-11,Sabado,05:35:00,,0.0,2,"Moto/Ciclomotor,Automóvil",Ayacucho Y Av. Arijon,4,0,2,0,2,0,0,"-33.00265, -60.63601",Calle,,ROSARIO,Rosario,Asfalto,No existe,II,Dentro,Urbana,Ninguna,Intermitente,Intersección,Bueno,Buena,Nocturna,Buen Tiempo,Lateral,S/D,Colisión,Ninguna,Faltante,Cordón divisorio,Sin restricción
2020,3075,2020-07-04,Sabado,00:00:00,,0.0,2,"Moto/Ciclomotor,Automóvil",Av. Uriburu Y Av. Corrientes,3,2,0,0,1,0,0,"-32.99085, -60.65374",Calle,,ROSARIO,Rosario,Asfalto,No existe,II,Dentro,Urbana,Ninguna,Intermitente,Intersección,Bueno,S/D,S/D,Buen Tiempo,Lateral,S/D,Colisión,Ninguna,Faltante,Ninguna,Sin restricción
2020,3076,2020-07-17,Viernes,02:00:00,,0.0,2,"Automóvil,Moto/Ciclomotor",T A Edison bis 217,3,2,0,0,1,0,0,"-33.00549, -60.63779",Calle,,VILLA GOBERNADOR GÁLVEZ,Rosario,Asfalto,No existe,II,S/D,Urbana,Ninguna,No existe,Recta,Deteriorada,Reducida,"Nocturna,Con luz artificial",Buen Tiempo,Lateral,S/D,Colisión,Ninguna,Faltante,Ninguna,Sin restricción
2020,3077,2020-05-31,Domingo,16:20:00,,0.0,2,"Automóvil,Moto/Ciclomotor",Av Pte Peron Y Suipacha,2,1,0,0,1,0,0,"    -31.61061, -60.69636",Calle,,SANTA FE,La Capital,Asfalto,No existe,I,Dentro,Urbana,Ninguna,No existe,Intersección,S/D,Buena,Diurna,Buen Tiempo,Lateral,S/D,Colisión,S/D,S/D,Cordón divisorio,Sin restricción
2020,3078,2020-06-22,Lunes,12:40:00,,0.0,2,"Automóvil,Moto/Ciclomotor",Av Freyre 3200,2,1,0,0,1,0,0,"-31.636370018769,-60.715662234625",Avenida,,SANTA FE,La Capital,Asfalto,No existe,I,Dentro,Urbana,Semáforo,Funciona,Intersección,Bueno,Buena,Diurna,Buen Tiempo,Lateral,S/D,Colisión,Ninguna,"Horizontal,Vertical","Cordón divisorio,Vegetación",Sin restricción
2020,3079,2020-05-29,Viernes,,,0.0,1,Moto/Ciclomotor,Av San Martin Y Ituzaingo,1,1,0,0,0,0,0,"    -29.9148, -59.82952",Avenida,,ALEJANDRA,San Javier,Asfalto,S/D,XIV,Dentro,Urbana,Ninguna,No existe,Intersección,Bueno,Reducida,Diurna,Buen Tiempo,Atropello animal,S/D,Colisión,Ninguna,S/D,S/D,Sin restricción
2020,3080,2020-07-03,Viernes,21:00:00,,0.0,2,"Moto/Ciclomotor,Automóvil",Av. Battle y Ordo�ez Y Ayacucho,3,1,0,0,2,0,0,"-33.00863, -60.63581",Avenida,,ROSARIO,Rosario,Asfalto,No existe,II,S/D,Urbana,Semáforo,Funciona,Intersección,Bueno,Buena,Nocturna,Buen Tiempo,Lateral,S/D,Colisión,Ninguna,Vertical,Línea divisoria pintada,Sin restricción
2020,3081,2020-07-11,Sabado,12:45:00,,0.0,2,"Automóvil,Automóvil",Av. Arijon Y Entre Rios,2,1,0,0,1,0,0,"-33.00314, -60.65179",Calle,,ROSARIO,Rosario,Asfalto,No existe,II,S/D,Urbana,Ninguna,Funciona,Intersección,Bueno,Buena,Diurna,Buen Tiempo,De alcance,S/D,Colisión,Ninguna,Faltante,Ninguna,Sin restricción
2020,3082,2020-07-17,Viernes,06:00:00,,0.0,2,"Moto/Ciclomotor,Moto/Ciclomotor",Garzon Y Av. Genova,2,0,1,0,1,0,0,"-32.91582, -60.70635",Calle,,ROSARIO,Rosario,S/D,No existe,II,S/D,Urbana,Ninguna,No existe,Intersección,S/D,S/D,Amanecer,S/D,Lateral,S/D,Colisión,S/D,Faltante,Ninguna,Sin restricción
2020,3083,2020-05-26,Martes,13:10:00,,0.0,2,"Moto/Ciclomotor,Automóvil",Calle 1507 Y J.M.de Rosas,3,2,0,0,1,0,0,"    -32.92763, -60.7241",Calle,,ROSARIO,Rosario,Asfalto,No existe,II,Dentro,Urbana,Ninguna,No existe,Intersección,Con baches,Buena,Diurna,Buen Tiempo,Lateral,S/D,Colisión,S/D,S/D,Ninguna,Sin restricción
2020,3084,2020-06-03,Miercoles,21:30:00,,0.0,2,"Camión,Moto/Ciclomotor",Piedras 7200,2,1,0,0,1,0,0,"-31.606100971909,-60.673975586253",Calle,,SANTA FE,La Capital,Asfalto,No existe,I,Dentro,Urbana,Ninguna,No existe,Recta,Bueno,Buena,"Nocturna,Con luz artificial",Buen Tiempo,De alcance,S/D,Colisión,Ninguna,Faltante,Ninguna,Sin restricción
2020,3085,2020-07-12,Domingo,18:00:00,,0.0,2,"Automóvil,Automóvil",Av. Ntra.Sra.del Rosario 100,4,2,1,0,1,0,0,"-32.99923, -60.62732",Calle,,ROSARIO,Rosario,Asfalto,No existe,II,Dentro,Urbana,S/D,No existe,Intersección,Bueno,Buena,Diurna,Buen Tiempo,De alcance,S/D,Colisión,Ninguna,Faltante,Ninguna,Sin restricción
2020,3086,2020-07-14,Martes,20:45:00,,0.0,2,"Peatón,Automóvil",Saavedra Y San Martin,2,1,0,0,1,0,0,"-32.97828, -60.64408",Calle,,ROSARIO,Rosario,Asfalto,No existe,II,Dentro,Urbana,Semáforo,Funciona,Intersección,Bueno,Buena,Nocturna,Buen Tiempo,S/D,Peatón,Atropello,Ninguna,Vertical,Cordón divisorio,Sin restricción
2020,3087,2020-07-01,Miercoles,20:45:00,,0.0,2,"Bicicleta,Automóvil",Ayacucho Y Bv. 27 De Febrero,2,1,0,0,1,0,0,"-32.9697, -60.63222",Avenida,,ROSARIO,Rosario,Asfalto,No existe,II,S/D,Urbana,S/D,No existe,Intersección,Bueno,Buena,"Nocturna,Con luz artificial",S/D,S/D,S/D,S/D,Ninguna,Vertical,Cordón divisorio,S/D
2020,3088,2020-05-27,Miercoles,19:45:00,,0.0,2,"Moto/Ciclomotor,Automóvil",Ottone Bis Y Pje. Pelayo,2,1,0,0,1,0,0,"    -32.91935, -60.70081",Calle,,ROSARIO,Rosario,Hormigón,No existe,II,Dentro,Urbana,Ninguna,No existe,Intersección,S/D,Reducida,Atardecer,S/D,Lateral,S/D,Colisión,S/D,Faltante,Ninguna,Sin restricción
2020,3089,2020-12-07,Lunes,19:30:00,Autopista Nacional Rosario -Cordoba,300.0,2,"Automóvil,Peatón", ,2,0,1,0,1,0,0,"-32.92878, -60.8827",Autopista,Rosario -Cordoba,ROSARIO,Rosario,Asfalto,Ripio,II,Dentro,Urbana,S/D,No existe,Recta,Bueno,Buena,"Nocturna,Con luz artificial",Buen Tiempo,S/D,Peatón,Atropello,S/D,S/D,S/D,Sin restricción
2020,3090,2020-07-14,Martes,19:40:00,,0.0,2,"Moto/Ciclomotor,Automóvil",Pte.Quintana Y Mariano Moreno,2,1,0,0,1,0,0,"-32.9803, -60.65964",Calle,,ROSARIO,Rosario,Asfalto,No existe,II,Dentro,Urbana,S/D,No existe,Intersección,Bueno,Buena,Atardecer,Buen Tiempo,Lateral,S/D,Colisión,Ninguna,Faltante,Ninguna,Sin restricción
2020,3091,2020-12-15,Martes,23:00:00,,0.0,2,"Moto/Ciclomotor,Automóvil",Hilarion de la Quintana Y Av. Corrientes,3,1,1,0,1,0,0,"-32.98178, -60.6514",Calle,,ROSARIO,Rosario,Asfalto,No existe,II,Dentro,Urbana,Ninguna,No existe,Intersección,Bueno,Reducida,Nocturna,Buen Tiempo,Lateral,S/D,Colisión,Ninguna,Faltante,Ninguna,Sin restricción
2020,3092,2020-07-17,Viernes,10:10:00,,0.0,2,"Automóvil,Bicicleta",Bv. Avellaneda Y Ituzaingo,2,1,0,0,1,0,0,"-32.95339, -60.6827",Avenida,,ROSARIO,Rosario,Asfalto,Pavimento,II,Dentro,Urbana,Ninguna,No existe,Intersección,Otro,Buena,Diurna,S/D,S/D,Ciclista,Atropello,Otro,Faltante,"Cordón divisorio,Vegetación",Sin restricción
2020,3093,2020-07-14,Martes,14:30:00,,0.0,2,"Bicicleta,Automóvil",San Martin 3400,2,1,0,0,1,0,0,"-32.97602, -60.64405",Calle,,ROSARIO,Rosario,Asfalto,No existe,II,Dentro,Urbana,Ninguna,Funciona,Intersección,Bueno,Buena,Diurna,Buen Tiempo,S/D,Ciclista,Atropello,Ninguna,Faltante,Cordón divisorio,Sin restricción
2020,3094,2020-07-08,Miercoles,11:50:00,,0.0,2,"Moto/Ciclomotor,Automóvil",Bv. Oroño Y Pte.Quintana,2,1,0,0,1,0,0,"-32.97962, -60.66246",Calle,,ROSARIO,Rosario,Asfalto,No existe,II,Dentro,Urbana,Semáforo,Funciona,Intersección,Bueno,Buena,Diurna,Buen Tiempo,Lateral,S/D,Colisión,Ninguna,Vertical,Cordón divisorio,Sin restricción
2020,3095,2020-07-17,Viernes,13:30:00,,0.0,2,"Automóvil,Bicicleta",Mitre Y Rueda,2,1,0,0,1,0,0,"-32.9708, -60.64572",Calle,,ROSARIO,Rosario,Asfalto,S/D,II,S/D,Urbana,S/D,S/D,Intersección,S/D,S/D,Diurna,S/D,S/D,Ciclista,Atropello,S/D,S/D,S/D,S/D
2020,3096,2020-07-11,Sabado,10:30:00,,0.0,1,Moto/Ciclomotor,Godoy Cruz Y Camino de los Granaderos,2,2,0,0,0,0,0,"-32.89204, -60.70639",Calle,,ROSARIO,Rosario,Asfalto,No existe,II,S/D,Urbana,Ninguna,No existe,Intersección,Bueno,Buena,Diurna,Buen Tiempo,Otro,S/D,Cañda ocupante,Ninguna,S/D,Ninguna,Sin restricción
2020,3097,2020-07-04,Sabado,20:00:00,,0.0,2,"Moto/Ciclomotor,Automóvil",Ayacucho Y F.Frias,2,1,0,0,1,0,0,"-33.01195, -60.64815",Calle,,ROSARIO,Rosario,Asfalto,No existe,II,Dentro,Urbana,Ninguna,No existe,Recta,Bueno,Buena,Nocturna,Buen Tiempo,Lateral,S/D,Colisión,Ninguna,Faltante,Línea divisoria pintada,Sin restricción
2020,3098,2020-07-17,Viernes,13:06:00,,0.0,2,"Moto/Ciclomotor,Moto/Ciclomotor",Av. Pellegrini Y Pascual Rosas,2,1,0,0,0,0,1,"-32.94878, -60.68869",Avenida,,ROSARIO,Rosario,Asfalto,No existe,II,Fuera,Urbana,Ninguna,No existe,Intersección,Bueno,Buena,Diurna,Buen Tiempo,Lateral,S/D,Colisión,Ninguna,Faltante,S/D,Sin restricción
2020,3099,2020-05-26,Martes,00:30:00,,0.0,2,"Moto/Ciclomotor,Automóvil",Alsina Y Av. Pte.Peron,2,1,0,0,1,0,0,"    -32.95718, -60.68084",Avenida,,ROSARIO,Rosario,Asfalto,No existe,II,Dentro,Urbana,S/D,Intermitente,Intersección,Bueno,S/D,Nocturna,S/D,S/D,S/D,Colisión,S/D,S/D,S/D,S/D
2020,3100,2020-07-16,Jueves,03:15:00,,0.0,2,"Peatón,Otros",Av. Genova 2000,2,0,1,0,0,0,1,"-32.91539, -60.69198",Calle,,ROSARIO,Rosario,Asfalto,Pavimento,II,S/D,Urbana,Semáforo,Funciona,Recta,Bueno,Buena,Nocturna,Buen Tiempo,S/D,Peatón,Atropello,Ninguna,Horizontal,Cordón divisorio,Sin restricción
2020,3101,2020-07-06,Lunes,16:45:00,,0.0,2,"Moto/Ciclomotor,Automóvil",San Martin Y Garibaldi,2,1,0,0,1,0,0,"-32.98655, -60.64562",Calle,,ROSARIO,Rosario,Asfalto,No existe,II,Dentro,Urbana,Ninguna,No existe,Intersección,Bueno,Buena,Diurna,Buen Tiempo,Lateral,S/D,Colisión,S/D,Faltante,Cordón divisorio,Sin restricción
2020,3102,2020-07-18,Sabado,21:55:00,,0.0,1,Moto/Ciclomotor,Dr Bellotti Y Rivadavia,1,1,0,0,0,0,0,"-31.24588, -61.21084",Calle,,FELICIA,Las Colonias,Asfalto,S/D,XI,Dentro,Urbana,Ninguna,No existe,Intersección,Bueno,Reducida polvo,"Nocturna,Con luz artificial",Buen Tiempo,Contra objeto fijo,S/D,Colisión,Ninguna,S/D,S/D,Sin restricción
2020,3103,2020-07-06,Lunes,18:30:00,,0.0,2,"Bicicleta,Automóvil",San Martin ,2,1,0,0,1,0,0,"-32.98131, -60.6446",S/D,,ROSARIO,Rosario,Asfalto,S/D,II,S/D,S/D,S/D,No existe,Recta,Bueno,Reducida,Diurna,Viento Fuerte,S/D,Ciclista,Atropello,Ninguna,Faltante,Línea divisoria pintada,Sin restricción
2020,3104,2020-07-10,Viernes,17:15:00,,0.0,2,"Bicicleta,Pickup/Utilitario",Albert Sabin Y Bv. Avellaneda,2,1,0,0,0,0,1,"-32.92881, -60.67659",Calle,,ROSARIO,Rosario,Asfalto,S/D,II,S/D,Urbana,S/D,S/D,Recta,S/D,S/D,S/D,Buen Tiempo,S/D,Ciclista,Atropello,S/D,Vertical,S/D,S/D
2020,3105,2020-07-18,Sabado,19:30:00,Ruta Provincial 1,120.0,1,Moto/Ciclomotor, ,1,1,0,0,0,0,0,"-30.79815, -60.00425",Ruta,1,COLONIA MASCIAS,Garay,Tierra,No existe,VIII,S/D,Urbana,Ninguna,No existe,Recta,Bueno,Buena,Atardecer,Buen Tiempo,S/D,S/D,Cañda ocupante,Ninguna,Faltante,Ninguna,Sin restricción
2020,3106,2020-07-15,Miercoles,11:20:00,,0.0,2,"Moto/Ciclomotor,Automóvil",Bv. Avellaneda Y Grondona,3,1,0,0,2,0,0,"-32.92129, -60.67468",Calle,,ROSARIO,Rosario,Asfalto,S/D,II,S/D,Urbana,S/D,S/D,Intersección,Bueno,Buena,Diurna,Buen Tiempo,S/D,S/D,Colisión,S/D,Vertical,Cordón divisorio,S/D
2020,3107,2020-07-03,Viernes,19:23:00,,0.0,2,"Moto/Ciclomotor,Automóvil",J.C.Casas 2100,2,1,0,0,1,0,0,"-31.58013, -60.55138",Calle,,ROSARIO,Rosario,Asfalto,Pavimento,II,Dentro,Urbana,Ninguna,No existe,Recta,Bueno,Reducida,Atardecer,Buen Tiempo,S/D,S/D,S/D,Ninguna,Faltante,Ninguna,Sin restricción
2020,3108,2020-06-04,Jueves,23:00:00,,0.0,2,"Automóvil,Moto/Ciclomotor",Alberdi Y French,2,1,0,0,1,0,0,"-31.594946532685,-60.679663928711",Avenida,,SANTA FE,La Capital,Asfalto,No existe,I,Dentro,Urbana,Ninguna,No existe,Intersección,Bueno,Buena,"Nocturna,Con luz artificial",Buen Tiempo,Lateral,S/D,Colisión,Ninguna,Faltante,Ninguna,Sin restricción
2020,3109,2020-07-18,Sabado,09:40:00,Ruta Provincial 39,2.0,1,Automóvil, ,2,2,0,0,0,0,0,"-30.56741, -59.95646",Ruta,39,SAN JAVIER,San Javier,Hormigón,Natural,XIV,S/D,Rural,Ninguna,No existe,Curva,Bueno,Buena,Diurna,Buen Tiempo,S/D,S/D,Despiste,Ninguna,S/D,Ninguna,Sin restricción
2020,3110,2020-07-16,Jueves,15:05:00,,0.0,2,"Automóvil,Moto/Ciclomotor",Av. E.Lopez ,3,1,0,0,2,0,0,"-32.92855, -60.65498",Calle,,ROSARIO,Rosario,Asfalto,S/D,II,S/D,Urbana,S/D,Funciona,Recta,Bueno,Buena,Diurna,Buen Tiempo,Otro,S/D,Colisión,S/D,Vertical,S/D,S/D
2020,3111,2020-07-18,Sabado,10:10:00,,0.0,2,"Pickup/Utilitario,Moto/Ciclomotor",Calle 12 Y Calle 11,2,1,0,0,1,0,0,"-32.68605, -61.52167",Calle,,LAS PAREJAS,Belgrano,Asfalto,S/D,III,S/D,Urbana,Ninguna,No existe,Intersección,Bueno,Buena,Diurna,Buen Tiempo,Frontal,S/D,Colisión,S/D,S/D,Ninguna,Sin restricción
2020,3112,2020-07-01,Miercoles,12:20:00,,0.0,2,"Pickup/Utilitario,Moto/Ciclomotor",Salvat Y Medrano,2,1,0,0,1,0,0,"-32.88259, -60.70376",Calle,,ROSARIO,Rosario,Asfalto,Pavimento,II,S/D,Urbana,Ninguna,No existe,Intersección,Bueno,Buena,Diurna,Buen Tiempo,S/D,S/D,Colisión,Ninguna,Faltante,Ninguna,Sin restricción
2020,3113,2020-07-15,Miercoles,18:00:00,Ruta Provincial 1,4.0,2,"Moto/Ciclomotor,Moto/Ciclomotor", ,2,2,0,0,0,0,0,"-31.61654, -60.5879",Ruta,1,COLASTINE,La Capital,Asfalto,Natural,I,S/D,Urbana,S/D,Funciona,Recta,Bueno,Buena,Atardecer,Buen Tiempo,Otro,S/D,Colisión,Ninguna,Vertical,Cordón divisorio,Sin restricción
2020,3114,2020-06-08,Lunes,14:00:00,,0.0,2,"Automóvil,Moto/Ciclomotor",Alberdi Y Risso,2,1,0,0,1,0,0,"-31.603280012544,-60.682126961371",Calle,,SANTA FE,La Capital,Asfalto,No existe,I,Dentro,Urbana,Ninguna,No existe,Intersección,Bueno,Buena,Diurna,Buen Tiempo,Lateral,S/D,Colisión,Ninguna,Faltante,Ninguna,Sin restricción
2020,3115,2020-07-14,Martes,23:00:00,Ruta Nacional 95,0.0,1,Camión c / Acoplado, ,1,1,0,0,0,0,0,"-28.62787, -61.52239",Ruta,95,VILLA MINETTI,9 de Julio,Asfalto,Natural,XII,Fuera,Rural,Ninguna,No existe,Recta,Deteriorada,Buena,Nocturna,Buen Tiempo,S/D,S/D,Vuelco,Ninguna,Faltante,Ninguna,Sin restricción
2020,3116,2020-07-01,Miercoles,12:00:00,,0.0,2,"Automóvil,Moto/Ciclomotor",Ongamira Y Valle Hermoso,2,1,0,0,1,0,0,"-32.88644, -60.70682",S/D,,ROSARIO,Rosario,Asfalto,Pavimento,II,S/D,S/D,S/D,S/D,Intersección,Bueno,S/D,Diurna,S/D,S/D,S/D,S/D,Ninguna,Faltante,S/D,S/D
2020,3118,2020-07-13,Lunes,16:25:00,Autovía Nacional 19,14.0,1,Pickup/Utilitario, ,6,5,0,0,1,0,0,"-31.64639, -60.91868",Autovía,19,SAN AGUSTÍN,Las Colonias,Asfalto,Natural,XI,Fuera,Rural,Ninguna,No existe,Recta,Bueno,Buena,Diurna,Buen Tiempo,S/D,S/D,Vuelco,Ninguna,Faltante,Vegetación,Sin restricción
2020,3119,2020-06-10,Miercoles,20:30:00,,0.0,2,"Automóvil,Moto/Ciclomotor",Alvear Y Bv Galvez,2,1,0,0,1,0,0,"-31.63707992165,-60.696556646839",Avenida,,SANTA FE,La Capital,Asfalto,No existe,I,Dentro,Urbana,Semáforo,Funciona,Intersección,Bueno,Buena,"Nocturna,Con luz artificial",Buen Tiempo,Lateral,S/D,Colisión,Ninguna,"Horizontal,Vertical","Cordón divisorio,Vegetación",Sin restricción
2020,3120,2020-07-18,Sabado,22:45:00,,0.0,1,Moto/Ciclomotor,Misiones Y Gutemberg,2,0,1,0,1,0,0,"-32.75629, -60.74154",Calle,,SAN LORENZO,San Lorenzo,S/D,S/D,XVII,Fuera,Urbana,S/D,S/D,Intersección,S/D,S/D,Nocturna,S/D,S/D,S/D,Despiste,S/D,S/D,S/D,S/D
2020,3121,2020-07-07,Martes,20:51:00,,0.0,2,"Pickup/Utilitario,Moto/Ciclomotor",Medrano 2800,4,0,2,0,0,0,2,"-32.88799, -60.70352",S/D,,ROSARIO,Rosario,Asfalto,No existe,II,S/D,Urbana,Ninguna,No existe,Recta,Con baches,Reducida,Nocturna,Buen Tiempo,S/D,S/D,S/D,Ninguna,Horizontal,Vegetación,S/D
2020,3122,2020-05-28,Jueves,17:50:00,,0.0,2,"Automóvil,Moto/Ciclomotor",Bv. Segui 6600,2,1,0,0,1,0,0,"    -32.97107, -60.70972",Avenida,,ROSARIO,Rosario,Asfalto,S/D,II,Dentro,Urbana,Otra Señal,Funciona,Intersección,S/D,Buena,"Atardecer,Con luz artificial",S/D,S/D,S/D,Colisión,Ninguna,Vertical,S/D,Sin restricción
2020,3123,2020-07-10,Viernes,12:05:00,Ruta Nacional 11,0.0,2,"Automóvil,Moto/Ciclomotor",Ruta Nacional 11 Y Quiroga,2,1,0,0,1,0,0,"-31.49876, -60.73087",Ruta,11,RECREO,La Capital,Asfalto,Ripio,I,S/D,Urbana,Ninguna,No existe,Curva,Deteriorada,Buena,Diurna,Buen Tiempo,"Lateral,Múltiple",S/D,Colisión,Ninguna,Faltante,Línea divisoria pintada,S/D
2020,3124,2020-05-29,Viernes,10:30:00,,0.0,2,"Automóvil,Tren",Tte.Agneta 7500,2,1,0,0,1,0,0,"    -32.94947, -60.69947",Calle,,ROSARIO,Rosario,Asfalto,No existe,II,Dentro,Urbana,S/D,No existe,Paso a Nivel FFCC,Bueno,Buena,Diurna,S/D,Otro,S/D,Colisión,Otro,Faltante,Ninguna,Sin restricción
2020,3125,2020-07-18,Sabado,12:15:00,Ruta Provincial 2,8.0,2,"Moto/Ciclomotor,Moto/Ciclomotor", ,3,2,1,0,0,0,0,"-31.49587, -60.67617",Ruta,2,MONTE VERA,La Capital,Tierra,No existe,I,S/D,Urbana,Ninguna,No existe,Recta,Bueno,Buena,Diurna,Buen Tiempo,S/D,S/D,Colisión,S/D,Faltante,Ninguna,S/D
2020,3126,2020-06-14,Domingo,17:55:00,,0.0,2,"Pickup/Utilitario,Moto/Ciclomotor",Matheu Y Rivadavia,2,1,0,0,1,0,0,"-31.594126420036,-60.688819275326",Calle,,SANTA FE,La Capital,Asfalto,No existe,I,Dentro,Urbana,S/D,S/D,Intersección,Bueno,S/D,Diurna,S/D,Lateral,S/D,Colisión,S/D,S/D,Ninguna,Sin restricción
2020,3127,2020-05-28,Jueves,19:50:00,,0.0,2,"Moto/Ciclomotor,Automóvil",Rivarola Y Rivarola,2,0,1,0,1,0,0,"    -32.96628, -60.72635",Calle,,ROSARIO,Rosario,Asfalto,Pavimento,II,Dentro,Urbana,Ninguna,Funciona,Intersección,Bueno,Buena,"Atardecer,Con luz artificial",S/D,Otro,S/D,Colisión,Ninguna,S/D,Ninguna,Sin restricción
2020,3128,2020-07-08,Miercoles,11:00:00,,0.0,2,"Moto/Ciclomotor,Pickup/Utilitario",MARIA ELENA WALSH 2300,2,1,0,0,1,0,0,"-32.8942, -60.72355",Calle,,ROSARIO,Rosario,Asfalto,No existe,II,S/D,Urbana,Ninguna,No existe,Intersección,Bueno,Buena,Diurna,Buen Tiempo,Lateral,S/D,Colisión,Ninguna,Faltante,Ninguna,Sin restricción