anio_acci,nro_acci,fecha,desc_dia,hora_aprox,desc_ruta,km,cant_participantes,desc_participante,calle_avenida_km,total,heridos_leves,heridos_graves,heridos_gravisimos,ilesos,fallecidos,sin_datos,posicion_XY,desc_tipo_via,desc_ruta_ori,desc_loc,desc_dpto,desc_tipo_calzada,desc_tipo_banquina,desc_unidad_regional,desc_lugar_calzada,desc_zona,desc_prioridad,desc_estado_semaforo,desc_lugar_via,desc_estado_via,desc_estado_visibilidad,desc_luminosidad,desc_estado_clima,desc_tipo_colision,desc_tipo_atropello,desc_tipo_hecho,desc_pres_calzada,desc_senializacion,desc_separacion_via,desc_restriccion
2020,3129,2020-05-27,Miercoles,18:00:00,,0.0,2,"Camión c / Semirremolque,Bicicleta",Bv. Oroño Y Av. Ntra.Sra.del Rosario,2,1,0,0,1,0,0,"    -33.00056, -60.66492",Avenida,,ROSARIO,Rosario,Hormigón,Ripio,II,Dentro,Urbana,Ninguna,Funciona,Recta,Bueno,Buena,Atardecer,Buen Tiempo,S/D,Ciclista,Atropello,Ninguna,Faltante,Ninguna,Sin restricción
2020,3130,2020-07-11,Sabado,08:40:00,Autopista Nacional Rosario -Cordoba,0.0,3,"Automóvil,Automóvil,Pickup/Utilitario", ,8,8,0,0,0,0,0,"-32.92912, -60.8791",Autopista,Rosario -Cordoba,ROLDÁN,San Lorenzo,Asfalto,Natural,XVII,Dentro,Urbana,Ninguna,No existe,Recta,Bueno,Buena,Diurna,Buen Tiempo,S/D,S/D,Colisión,Ninguna,Faltante,Cordón divisorio,Sin restricción
2020,3131,2020-07-08,Miercoles,18:00:00,,0.0,3,"Automóvil,Moto/Ciclomotor,Automóvil",Av. Luis Carballo Y Echeverria Bis,3,1,0,0,2,0,0,"-32.92186, -60.67227",Avenida,,ROSARIO,Rosario,Asfalto,Pavimento,II,S/D,Urbana,S/D,S/D,Recta,Bueno,S/D,S/D,Buen Tiempo,Otro,S/D,S/D,S/D,S/D,S/D,S/D
2020,3132,2020-07-18,Sabado,20:45:00,Ruta Nacional 11,166.0,2,"Moto/Ciclomotor,Bicicleta", ,2,1,0,0,1,0,0,"-31.53135, -60.7223",Ruta,11,MONTE VERA,La Capital,Asfalto,Natural,I,S/D,Urbana,Ninguna,No existe,Recta,Bueno,Buena,"Nocturna,Con luz artificial",Buen Tiempo,S/D,Ciclista,Atropello,Ninguna,Horizontal,Línea divisoria pintada,Sin restricción
2020,3133,2020-05-27,Miercoles,11:15:00,,0.0,2,"Automóvil,Peatón",Galvez Y Lavalle,2,0,1,0,1,0,0,"    -32.96167, -60.68337",Calle,,ROSARIO,Rosario,Asfalto,No existe,II,Dentro,Urbana,Ninguna,No existe,Recta,Bueno,Buena,Diurna,S/D,S/D,Peatón,Atropello,Ninguna,Faltante,Ninguna,Sin restricción
2020,3134,2020-07-10,Viernes,21:30:00,,0.0,2,"Automóvil,Automóvil",Bv. Avellaneda Y Casilda,5,2,0,0,3,0,0,"-32.95883, -60.693",Avenida,,ROSARIO,Rosario,Asfalto,S/D,II,S/D,Urbana,S/D,S/D,Intersección,Bueno,S/D,S/D,S/D,S/D,S/D,S/D,S/D,Vertical,S/D,S/D
2020,3135,2020-07-13,Lunes,18:40:00,,0.0,2,"Automóvil,Moto/Ciclomotor",Rivarola Y C.Larralde,5,0,1,0,4,0,0,"-32.96633, -60.72601",Calle,,ROSARIO,Rosario,Asfalto,Pavimento,II,S/D,Urbana,Ninguna,No existe,Intersección,Otro,Reducida,Atardecer,Otro,Otro,S/D,Colisión,Otro,Faltante,"Cordón divisorio,Vegetación,Línea divisoria pintada",Sin restricción
2020,3136,2020-07-18,Sabado,16:20:00,Ruta Nacional 11,150.0,1,Moto/Ciclomotor, ,1,0,1,0,0,0,0,"-31.78984, -60.8584",Ruta,11,SAUCE VIEJO,La Capital,Ripio,Ripio,I,Fuera,Urbana,Marca Vial,No existe,Recta,Bueno,Buena,Diurna,Buen Tiempo,S/D,S/D,Cañda ocupante,Ninguna,"Horizontal,Vertical",Línea divisoria pintada,Sin restricción
2020,3137,2020-07-15,Miercoles,15:25:00,,0.0,1,Moto/Ciclomotor,Pres Domingo Faustino Sarmient Y Cordoba,2,1,0,0,1,0,0,"-31.66083, -60.76731",Calle,,SANTO TOMÉ,La Capital,Asfalto,S/D,I,S/D,Urbana,Ninguna,S/D,Recta,Bueno,Buena,S/D,Buen Tiempo,S/D,S/D,Cañda ocupante,Ninguna,S/D,Ninguna,Sin restricción
2020,3138,2020-07-06,Lunes,05:50:00,,0.0,2,"Moto/Ciclomotor,Taxi/Remis",J.J.Paso Y Larrea,2,1,0,0,1,0,0,"-32.91991, -60.69812",Avenida,,ROSARIO,Rosario,Asfalto,No existe,II,Dentro,Urbana,Ninguna,No existe,Recta,Bueno,Buena,Nocturna,Buen Tiempo,Otro,S/D,Colisión,Ninguna,Faltante,Ninguna,Sin restricción
2020,3139,2020-07-18,Sabado,18:30:00,,0.0,2,"Automóvil,Moto/Ciclomotor", Saavedra Miguel de Cervantes Y Necochea,2,1,0,0,1,0,0,"-31.65921, -60.76593",Calle,,SANTO TOMÉ,La Capital,Asfalto,No existe,I,S/D,Urbana,Ninguna,No existe,Intersección,Bueno,Buena,Atardecer,Buen Tiempo,Lateral,S/D,Colisión,Ninguna,S/D,Ninguna,Sin restricción
2020,3140,2020-07-16,Jueves,10:25:00,,0.0,2,"Moto/Ciclomotor,Pickup/Utilitario",Buenos Aires Y Frutos,2,0,1,0,1,0,0,"-31.68287, -60.7741",Calle,,SANTO TOMÉ,La Capital,Tierra,No existe,I,Dentro,Urbana,Ninguna,No existe,Intersección,Bueno,Buena,Diurna,Buen Tiempo,Lateral,S/D,Colisión,Ninguna,Faltante,Ninguna,Sin restricción
2020,3141,2020-06-13,Sabado,20:35:00,,0.0,2,"Taxi/Remis,Bicicleta",Av A del Valle Y French,2,1,0,0,1,0,0,"-31.592363106611,-60.692193650499",Avenida,,SANTA FE,La Capital,Asfalto,No existe,I,Dentro,Urbana,Semáforo,Funciona,Intersección,Bueno,Buena,"Nocturna,Con luz artificial",S/D,S/D,Ciclista,Atropello,Ninguna,Vertical,Ninguna,Sin restricción
2020,3142,2020-07-09,Jueves,19:50:00,,0.0,2,"Moto/Ciclomotor,Automóvil",Angel Gallardo ,2,1,0,0,1,0,0,"-31.5542, -60.68684",Avenida,,MONTE VERA,La Capital,Asfalto,Natural,I,S/D,Urbana,Señal Pare,No existe,Rotonda,Bueno,Buena,Con luz artificial,Buen Tiempo,Frontal,S/D,Colisión,Ninguna,Faltante,Línea divisoria pintada,Sin restricción
2020,3143,2020-05-26,Martes,12:35:00,,0.0,2,"Moto/Ciclomotor,Automóvil",Dean Funes Y Chacabuco,3,1,0,0,2,0,0,"    -32.97842, -60.63005",Calle,,ROSARIO,Rosario,Asfalto,Pavimento,II,Dentro,Urbana,Ninguna,No existe,Intersección,S/D,Buena,Diurna,Buen Tiempo,S/D,S/D,Colisión,S/D,S/D,Ninguna,Sin restricción
2020,3144,2020-07-09,Jueves,21:40:00,Ruta Provincial 2,0.0,2,"Moto/Ciclomotor,Automóvil",Ruta pcial 2 Av San Martin ,2,1,0,0,1,0,0,"-31.51918, -60.68177",Ruta,2,MONTE VERA,La Capital,Asfalto,Natural,I,S/D,Urbana,Ninguna,No existe,Recta,Bueno,Buena,Con luz artificial,Buen Tiempo,S/D,S/D,Colisión,Ninguna,Faltante,Barrera de hormigón,S/D
2020,3145,2020-07-18,Sabado,15:00:00,,0.0,2,"Automóvil,Moto/Ciclomotor",Azcuenaga Y Lisandro de La Torre,2,1,0,0,1,0,0,"-31.67808, -60.77722",Calle,,SANTO TOMÉ,La Capital,"Asfalto,Ripio",No existe,I,S/D,Urbana,Ninguna,No existe,Intersección,Bueno,Buena,Diurna,Buen Tiempo,S/D,S/D,Colisión,Ninguna,S/D,Ninguna,Sin restricción
2020,3146,2020-07-14,Martes,14:30:00,,0.0,2,"Moto/Ciclomotor,Transporte de Pasajeros Urbano (> 8 asientos)",4 de Enero Y Eva Peron,3,1,0,0,2,0,0,"-31.64356, -60.71111",Calle,,SANTA FE,La Capital,Asfalto,No existe,I,Dentro,Urbana,Paso Peatonal,No existe,Intersección,Bueno,Buena,Diurna,Buen Tiempo,Lateral,S/D,Colisión,Ninguna,S/D,Ninguna,Sin restricción
2020,3147,2020-06-16,Martes,15:15:00,,0.0,2,"Pickup/Utilitario,Moto/Ciclomotor",Guemes Y Pedro Giachino,2,1,0,0,1,0,0,"-31.603059272305,-60.678700730813",Calle,,SANTA FE,La Capital,Asfalto,No existe,I,Dentro,Urbana,Ninguna,No existe,Intersección,Bueno,Buena,Diurna,S/D,Lateral,S/D,Colisión,Ninguna,Faltante,Ninguna,Sin restricción
2020,3148,2020-07-18,Sabado,18:45:00,,0.0,2,"Moto/Ciclomotor,Automóvil",General Manuel Belgrano Y Santiago Del Estero,3,0,2,0,1,0,0,"-31.67591, -60.76305",Calle,,SANTO TOMÉ,La Capital,Asfalto,No existe,I,Dentro,Urbana,Ninguna,No existe,Intersección,Bueno,Buena,Atardecer,Buen Tiempo,Frontal,S/D,Colisión,Ninguna,S/D,Ninguna,Sin restricción
2020,3149,2020-07-09,Jueves,06:00:00,,0.0,2,"Pickup/Utilitario,Automóvil",Ayacucho Y Av de Circunvalacion,3,1,0,0,2,0,0,"-33.01574, -60.63491",Calle,,VILLA GOBERNADOR GÁLVEZ,Rosario,Asfalto,No existe,II,Dentro,Urbana,Ninguna,No existe,Intersección,Bueno,Buena,"Amanecer,Con luz artificial",Buen Tiempo,Lateral,S/D,Colisión,Ninguna,Faltante,Ninguna,Sin restricción
2020,3150,2020-07-18,Sabado,14:30:00,,0.0,2,"Moto/Ciclomotor,Automóvil",Chiclana Y Vieytes,4,3,0,0,1,0,0,"-31.595660743747,-60.729232524081",Calle,,SANTA FE,La Capital,Asfalto,No existe,I,S/D,Urbana,Ninguna,No existe,Intersección,Bueno,Buena,Diurna,Buen Tiempo,Lateral,S/D,Colisión,Ninguna,Faltante,Ninguna,Sin restricción
2020,3151,2020-06-16,Martes,13:10:00,,0.0,2,"Moto/Ciclomotor,Moto/Ciclomotor",Azcuenaga Y Las Heras,2,1,0,0,1,0,0,"-31.595861771543,-60.685597346769",Calle,,SANTA FE,La Capital,Asfalto,No existe,I,Dentro,Urbana,Ninguna,No existe,Intersección,Bueno,Buena,Diurna,S/D,Lateral,S/D,Colisión,Ninguna,Faltante,Ninguna,Sin restricción
2020,3152,2020-05-27,Miercoles,13:30:00,,0.0,2,"Moto/Ciclomotor,Pickup/Utilitario",Buenos Aires Y Dr.Rivas,2,1,0,0,1,0,0,"    -32.98463, -60.64208",Calle,,ROSARIO,Rosario,Asfalto,No existe,II,Dentro,Urbana,Ninguna,No existe,Intersección,Bueno,Buena,Diurna,Buen Tiempo,Lateral,S/D,Colisión,S/D,Faltante,Línea divisoria pintada,Sin restricción
2020,3153,2020-07-10,Viernes,19:50:00,Ruta Provincial 1,0.0,3,"Pickup/Utilitario,Automóvil,Moto/Ciclomotor",Ruta Provic 1 ,3,1,0,0,2,0,0,"-31.41421, -60.33486",Ruta,1,SANTA ROSA DE CALCHINES,Garay,Asfalto,Pavimento,VII,Dentro,Urbana,Ninguna,No existe,Recta,S/D,Buena,Nocturna,Buen Tiempo,Múltiple,S/D,Colisión,Ninguna,Faltante,Ninguna,Sin restricción
2020,3154,2020-07-18,Sabado,09:45:00,,0.0,2,"Bicicleta,Pickup/Utilitario",Angel Cassanello Y Rivadavia,2,1,0,0,1,0,0,"-31.60957, -60.69332",Calle,,SANTA FE,La Capital,Asfalto,No existe,I,Dentro,Urbana,Ninguna,No existe,Intersección,Bueno,Buena,Diurna,Buen Tiempo,S/D,Ciclista,Atropello,S/D,S/D,Ninguna,Sin restricción
2020,3155,2020-06-18,Jueves,11:45:00,,0.0,2,"Moto/Ciclomotor,Automóvil",Piedrabuena Y Rivadavia,2,1,0,0,1,0,0,"-31.587246746747,-60.686877534264",Calle,,SANTA FE,La Capital,Asfalto,No existe,I,Dentro,Urbana,Ninguna,No existe,Intersección,Bueno,Buena,Diurna,Buen Tiempo,Lateral,S/D,Colisión,Ninguna,Faltante,Ninguna,Sin restricción
2020,3156,2020-07-08,Miercoles,18:40:00,,0.0,2,"Moto/Ciclomotor,Automóvil",Av Alameda Y Irala,2,1,0,0,1,0,0,"-32.43442, -60.81091",S/D,,GABOTO,San JERÓNIMO,S/D,S/D,XV,S/D,S/D,S/D,S/D,S/D,S/D,S/D,S/D,S/D,S/D,S/D,S/D,S/D,S/D,S/D,S/D
2020,3157,2020-07-12,Domingo,16:45:00,Autopista Nacional A008,0.0,4,"Automóvil,Automóvil,Automóvil,Moto/Ciclomotor",Bv. 27 De Febrero Y Av. Circunvalacion,6,1,2,0,3,0,0,"-32.97139, -60.62263",Autopista,A008,ROSARIO,Rosario,Asfalto,Pavimento,II,S/D,Urbana,Ninguna,No existe,Recta,Otro,Buena,Diurna,Otro,Múltiple,S/D,Colisión,Otro,S/D,"Guardarrail,Vegetación",Sin restricción
2020,3158,2020-05-26,Martes,14:15:00,,0.0,2,"Moto/Ciclomotor,Automóvil",Salva ,2,1,0,0,1,0,0,"    -33.00633, -60.6401",Calle,,ROSARIO,Rosario,Asfalto,No existe,II,Dentro,Urbana,S/D,S/D,Intersección,S/D,S/D,Diurna,S/D,Lateral,S/D,Colisión,S/D,S/D,S/D,S/D
2020,3159,2020-07-18,Sabado,10:30:00,,0.0,2,"Moto/Ciclomotor,Moto/Ciclomotor",Iturraspe Y Av Lopez y Planes,2,2,0,0,0,0,0,"-31.62594, -60.71377",Avenida,,SANTA FE,La Capital,Asfalto,No existe,I,S/D,Urbana,Semáforo,Funciona,Intersección,Con baches,Buena,Diurna,Buen Tiempo,Lateral,S/D,Colisión,Ninguna,Vertical,Línea divisoria pintada,Sin restricción
2020,3160,2020-05-28,Jueves,15:40:00,,0.0,2,"Peatón,Pickup/Utilitario",Casilda Y Don Bosco,2,1,0,0,1,0,0,"    -32.92824, -60.68043",Calle,,ROSARIO,Rosario,Asfalto,S/D,II,Dentro,Urbana,Ninguna,No existe,Recta,S/D,Reducida polvo,Diurna,Buen Tiempo,S/D,Peatón,Atropello,S/D,S/D,Cordón divisorio,Sin restricción
2020,3161,2020-07-18,Sabado,14:30:00,,0.0,2,"Automóvil,Moto/Ciclomotor",Av J J Paso Y Dr Zavalla,4,3,0,0,1,0,0,"-31.66121, -60.72459",Calle,,SANTA FE,La Capital,Asfalto,No existe,I,Dentro,Urbana,Ninguna,No existe,Intersección,Bueno,Buena,Diurna,Buen Tiempo,Lateral,S/D,Colisión,S/D,Faltante,Ninguna,Sin restricción
2020,3162,2020-06-20,Sabado,19:00:00,,0.0,1,Moto/Ciclomotor,Reg 12 de Infanteria Y Rivadavia,2,1,0,0,1,0,0,"-31.598673663278,-60.69013296164",Calle,,SANTA FE,La Capital,Asfalto,No existe,I,Dentro,Urbana,Ninguna,No existe,Recta,Bueno,Buena,"Atardecer,Con luz artificial",Buen Tiempo,S/D,S/D,Cañda ocupante,Ninguna,Faltante,Ninguna,Sin restricción
2020,3163,2020-05-29,Viernes,17:20:00,,0.0,2,"Bicicleta,Bicicleta",Av. Luis Carballo Y Echeverria Bis,2,2,0,0,0,0,0,"    -32.92197, -60.67228",Calle,,ROSARIO,Rosario,Asfalto,No existe,II,Dentro,Urbana,S/D,S/D,Intersección,S/D,S/D,Diurna,Buen Tiempo,S/D,Ciclista,Atropello,S/D,S/D,Cordón divisorio,Sin restricción
2020,3164,2020-05-28,Jueves,10:10:00,,0.0,2,"Moto/Ciclomotor,Camión Chasis",Montevideo Y Lavalle,2,1,0,0,1,0,0,"    -32.94906, -60.68022",Calle,,ROSARIO,Rosario,S/D,No existe,II,Dentro,Urbana,S/D,No existe,Intersección,Bueno,Buena,Diurna,S/D,Lateral,S/D,Colisión,Ninguna,Faltante,Ninguna,S/D
2020,3165,2020-06-19,Viernes,11:30:00,,0.0,2,"Automóvil,Bicicleta",Av A del Valle Y Reg 12 de Infanteria,2,1,0,0,1,0,0,"-31.598356, -60.691702",Avenida,,SANTA FE,La Capital,Asfalto,No existe,I,Dentro,Urbana,Semáforo,Funciona,Intersección,Bueno,Buena,Diurna,Buen Tiempo,S/D,Ciclista,Atropello,Ninguna,"Horizontal,Vertical",Ninguna,Sin restricción
2020,3166,2020-03-09,Lunes,18:00:00,,0.0,2,"Automóvil,Moto/Ciclomotor",Ituzaingo Y San Martin,2,1,0,0,1,0,0,"-32.813006288113,-61.396490358616",Calle,,CAÑADA DE GÓMEZ,Iriondo,Hormigón,No existe,X,Dentro,Urbana,Ninguna,No existe,Intersección,S/D,S/D,Diurna,S/D,S/D,S/D,Colisión,S/D,Faltante,Ninguna,Sin restricción
2020,3167,2020-03-17,Martes,19:50:00,Ruta Nacional 11,907.0,2,"Moto/Ciclomotor,Tracción animal / Carro", ,2,1,0,0,1,0,0,"-28.20857, -59.26483",Ruta,11,EL RABÓN,General Obligado,Asfalto,Natural,IX,Dentro,Rural,Marca Vial,No existe,Recta,S/D,S/D,Nocturna,S/D,Atropello animal,S/D,Colisión,S/D,Horizontal,Línea divisoria pintada,S/D
2020,3168,2020-03-18,Miercoles,17:00:00,,0.0,2,"Pickup/Utilitario,Moto/Ciclomotor",Ituzaingo Y Maipu,2,1,0,0,1,0,0,"-32.812306893399,-61.400584595833",Calle,,CAÑADA DE GÓMEZ,Iriondo,Hormigón,No existe,X,Dentro,Urbana,Otra Señal,No existe,Intersección,S/D,S/D,Diurna,S/D,S/D,S/D,Colisión,S/D,Vertical,Ninguna,S/D
2020,3169,2020-03-19,Jueves,,Ruta Nacional 33,676.0,1,Camión c / Acoplado, ,1,1,0,0,0,0,0,"-33.53194, -61.63792",Ruta,33,CHOVET,General LÓPEZ,Asfalto,Pavimento,VIII,Dentro,Rural,Marca Vial,No existe,Recta,S/D,S/D,Nocturna,S/D,S/D,S/D,Vuelco,S/D,Horizontal,Línea divisoria pintada,S/D
2020,3170,2020-03-19,Jueves,,,0.0,2,"Camión,Moto/Ciclomotor",Av Ignacio Crespo Y Cordoba,2,1,0,0,1,0,0,"-31.498572172376,-60.734709034331",Avenida,,RECREO,La Capital,S/D,No existe,I,Dentro,Urbana,Ninguna,No existe,Intersección,S/D,S/D,S/D,S/D,De alcance,S/D,Colisión,S/D,Faltante,Cordón divisorio,S/D
2020,3171,2020-03-19,Jueves,,Ruta Nacional 33,0.0,1,Camión c / Acoplado, ,2,2,0,0,0,0,0,"-31.31477, -60.75594",Ruta,33,IRIONDO,La Capital,Asfalto,Pavimento,I,Dentro,Rural,S/D,No existe,Recta,S/D,S/D,Diurna,S/D,S/D,S/D,Vuelco,S/D,Horizontal,Línea divisoria pintada,S/D
2020,3172,2020-03-24,Martes,10:40:00,,0.0,2,"Moto/Ciclomotor,Automóvil",Chile Y San Lorenzo,3,2,0,0,1,0,0,"-33.754960195079,-61.952202259832",Calle,,VENADO TUERTO,General LÓPEZ,Asfalto,No existe,VIII,Dentro,Urbana,Ninguna,No existe,Intersección,Bueno,Buena,Diurna,Buen Tiempo,S/D,S/D,Colisión,Ninguna,Faltante,Ninguna,Sin restricción
2020,3173,2020-03-24,Martes,11:05:00,,0.0,2,"Camión c / Acoplado,Automóvil",Juan Lavalle Y P Jose T Maxwell,2,1,0,0,1,0,0,"-33.73095544971,-61.98310513449",Calle,,VENADO TUERTO,General LÓPEZ,Tierra,No existe,VIII,Dentro,Urbana,Ninguna,No existe,Intersección,Bueno,Buena,Diurna,Buen Tiempo,S/D,S/D,Colisión,Ninguna,Faltante,Ninguna,Sin restricción
2020,3174,2020-03-20,Viernes,17:25:00,,0.0,1,Moto/Ciclomotor,Alberdi Juan Bautista Y Cabral,1,1,0,0,0,0,0,"-33.751712696871,-61.958338604838",Calle,,VENADO TUERTO,General LÓPEZ,Hormigón,No existe,VIII,Dentro,Urbana,Ninguna,No existe,Intersección,Bueno,Buena,Diurna,Buen Tiempo,Contra objeto fijo,S/D,Colisión,Ninguna,Faltante,Ninguna,Sin restricción
2020,3175,2020-03-20,Viernes,12:00:00,,0.0,1,Moto/Ciclomotor,Mendoza Y Moreno,1,1,0,0,0,0,0,"-31.746754113128,-61.093583629927",Calle,,SAN CARLOS CENTRO,Las Colonias,Ripio,No existe,XI,Dentro,Urbana,S/D,S/D,Intersección,Bueno,S/D,Diurna,Buen Tiempo,S/D,S/D,Cañda ocupante,S/D,S/D,Ninguna,Sin restricción
2020,3176,2020-02-29,Sabado,10:15:00,,0.0,2,"Automóvil,Peatón",Av San Martin Y Bv B Mitre,2,1,0,0,1,0,0,"-32.722423051696,-60.732086021367",Avenida,,SAN LORENZO,San Lorenzo,Asfalto,No existe,XVII,Dentro,Urbana,Semáforo,Funciona,Intersección,S/D,Buena,Diurna,S/D,S/D,Peatón,Atropello,S/D,Vertical,Cordón divisorio,S/D
2020,3177,2020-07-25,Sabado,04:30:00,,0.0,2,"Automóvil,Moto/Ciclomotor",Gdor Mariano Cabal Y Francisco Tarragona,3,2,0,0,1,0,0,"-31.66474, -60.72075",Calle,,ROSARIO,Rosario,Asfalto,No existe,II,Dentro,Urbana,Ninguna,No existe,Recta,Bueno,Buena,Diurna,Buen Tiempo,Lateral,S/D,Colisión,Ninguna,Faltante,Ninguna,Sin restricción
2020,3178,2020-07-18,Sabado,12:30:00,,0.0,2,"Automóvil,Moto/Ciclomotor",San Martin Y Obispo Gelabert,2,1,0,0,1,0,0,"-31.6368, -60.70359",Calle,,SANTA FE,La Capital,Asfalto,Pavimento,I,Dentro,Urbana,Ninguna,No existe,Intersección,Bueno,Buena,Diurna,Buen Tiempo,Lateral,S/D,Colisión,Ninguna,Faltante,Ninguna,Sin restricción
2020,3179,2020-07-14,Martes,10:10:00,,0.0,2,"Pickup/Utilitario,Moto/Ciclomotor",Av Urquiza Y Entre Rios,2,1,0,0,1,0,0,"-31.65907, -60.71714",Calle,,SANTA FE,La Capital,Asfalto,Pavimento,I,Dentro,Urbana,Ninguna,No existe,Intersección,Bueno,Buena,Diurna,Buen Tiempo,Lateral,S/D,Colisión,Ninguna,Faltante,Ninguna,Sin restricción
2020,3180,2020-07-18,Sabado,14:00:00,,0.0,2,"Moto/Ciclomotor,Pickup/Utilitario",Lavalle Y P Opicci,2,1,0,0,1,0,0,"-33.0268, -60.63437",Calle,,VILLA GOBERNADOR GÁLVEZ,Rosario,Asfalto,No existe,II,S/D,Urbana,Ninguna,No existe,Intersección,Bueno,Buena,Diurna,S/D,S/D,S/D,Colisión,Ninguna,Faltante,Ninguna,Sin restricción
2020,3181,2020-03-03,Martes,12:40:00,,0.0,2,"Bicicleta,Automóvil",Gral Jose de San Martin Y Lopez,2,1,0,0,1,0,0,"-33.741696273156,-61.968678975201",Calle,,VENADO TUERTO,General LÓPEZ,Asfalto,No existe,VIII,Dentro,Urbana,Ninguna,No existe,Intersección,Bueno,Buena,Diurna,Buen Tiempo,S/D,Ciclista,Atropello,Ninguna,Faltante,Ninguna,Sin restricción
2020,3182,2020-06-06,Sabado,12:45:00,,0.0,2,"Moto/Ciclomotor,Camión Chasis",Av A del Valle Y Javier de la Rosa,2,1,0,0,1,0,0,"-31.599254746712,-60.691912707173",Avenida,,SANTA FE,La Capital,Asfalto,No existe,I,Dentro,Urbana,Ninguna,No existe,Intersección,Bueno,Buena,Diurna,Buen Tiempo,Lateral,S/D,Colisión,Ninguna,Faltante,Ninguna,Sin restricción
2020,3183,2020-05-30,Sabado,13:10:00,,0.0,2,"Automóvil,Automóvil",Bv. Avellaneda Y San Lorenzo,5,1,0,0,4,0,0,"-32.936815021499,-60.678451726942",Avenida,,ROSARIO,Rosario,Asfalto,No existe,II,Dentro,Urbana,Semáforo,Funciona,Intersección,Bueno,Buena,Diurna,Buen Tiempo,De alcance,S/D,Colisión,Ninguna,"Horizontal,Vertical","Cordón divisorio,Línea divisoria pintada",Sin restricción
2020,3184,2020-07-18,Sabado,14:45:00,Ruta Provincial 18,3.0,2,"Moto/Ciclomotor,Camión c / Acoplado", ,3,2,0,0,1,0,0,"-33.09952, -60.70279",Ruta,18,PIÑERO,Rosario,Asfalto,Natural,II,S/D,Rural,S/D,No existe,Recta,Con baches,Buena,Diurna,S/D,S/D,S/D,Colisión,Ninguna,S/D,S/D,S/D
2020,3185,2020-07-18,Sabado,17:15:00,Ruta Secundaria 34-s,4.0,1,Moto/Ciclomotor, ,2,1,1,0,0,0,0,"-32.99009, -60.7746",Ruta,34-s,PEREZ,Rosario,Asfalto,No existe,II,S/D,Rural,Ninguna,No existe,Cruce,Bueno,Buena,Diurna,Buen Tiempo,S/D,S/D,Cañda ocupante,Ninguna,S/D,Ninguna,Sin restricción
2020,3186,2020-07-18,Sabado,21:10:00,Ruta Provincial 21,17.0,2,"Automóvil,Moto/Ciclomotor", ,2,0,1,0,1,0,0,"-33.15506, -60.50323",Ruta,21,ARROYO SECO,Rosario,Asfalto,Natural,II,Dentro,Urbana,Semáforo,Funciona,Intersección,Ahuellamiento,Buena,"Nocturna,Con luz artificial",Buen Tiempo,Lateral,S/D,Colisión,Ninguna,Faltante,Ninguna,Sin restricción
2020,3187,2020-06-30,Martes,17:10:00,Ruta Secundaria 225-s,0.0,2,"Automóvil,Automóvil",San Martin ,2,1,0,0,1,0,0,"-33.025413, -60.654272",Ruta,225-s,ROSARIO,Rosario,Hormigón,No existe,II,Dentro,Urbana,Ninguna,No existe,Puente,Bueno,Reducida,Diurna,Buen Tiempo,De alcance,S/D,Colisión,Ninguna,Faltante,Ninguna,Sin restricción
2020,3188,2020-07-18,Sabado,15:20:00,,0.0,2,"Automóvil,Moto/Ciclomotor",San Lorenzo Y Valparaiso,3,1,0,0,2,0,0,"-32.93632, -60.68128",Calle,,ROSARIO,Rosario,S/D,No existe,II,Dentro,Urbana,S/D,No existe,Intersección,S/D,Buena,Diurna,S/D,S/D,S/D,Colisión,S/D,Faltante,S/D,S/D
2020,3189,2020-06-09,Martes,14:45:00,,0.0,2,"Automóvil,Peatón",Av. Pellegrini Y Laprida,2,1,0,0,1,0,0,"-32.958050081646,-60.636990397766",Avenida,,ROSARIO,Rosario,Asfalto,No existe,II,Dentro,Urbana,Semáforo,Funciona,Intersección,Bueno,Buena,Diurna,Buen Tiempo,S/D,Peatón,Atropello,Ninguna,"Horizontal,Vertical","Cordón divisorio,Vegetación,Línea divisoria pintada",Sin restricción
2020,3190,2020-06-19,Viernes,12:00:00,,0.0,2,"Peatón,Moto/Ciclomotor",Gorriti 3300,2,1,0,0,1,0,0,"-31.58887610541,-60.69933527356",Avenida,,SANTA FE,La Capital,Asfalto,No existe,I,Dentro,Urbana,Ninguna,No existe,Recta,Bueno,Buena,Diurna,Buen Tiempo,S/D,Peatón,Atropello,Ninguna,Faltante,Ninguna,Sin restricción
2020,3191,2020-07-18,Sabado,07:30:00,,0.0,2,"Automóvil,Moto/Ciclomotor",Bv. Segui Y Av. La Haya,2,1,0,0,1,0,0,"-32.97429, -60.67272",Avenida,,ROSARIO,Rosario,Asfalto,No existe,II,Dentro,Urbana,Ninguna,No existe,Intersección,Bueno,Buena,Diurna,Buen Tiempo,S/D,S/D,Colisión,Ninguna,Faltante,Cordón divisorio,Sin restricción