anio_acci,nro_acci,fecha,desc_dia,hora_aprox,desc_ruta,km,cant_participantes,desc_participante,calle_avenida_km,total,heridos_leves,heridos_graves,heridos_gravisimos,ilesos,fallecidos,sin_datos,posicion_XY,desc_tipo_via,desc_ruta_ori,desc_loc,desc_dpto,desc_tipo_calzada,desc_tipo_banquina,desc_unidad_regional,desc_lugar_calzada,desc_zona,desc_prioridad,desc_estado_semaforo,desc_lugar_via,desc_estado_via,desc_estado_visibilidad,desc_luminosidad,desc_estado_clima,desc_tipo_colision,desc_tipo_atropello,desc_tipo_hecho,desc_pres_calzada,desc_senializacion,desc_separacion_via,desc_restriccion
2020,3192,2020-06-09,Martes,07:45:00,,0.0,1,Bicicleta,Rodriguez Y San Luis,1,1,0,0,0,0,0,"-32.945353861043,-60.659380537193",Calle,,ROSARIO,Rosario,Asfalto,No existe,II,Dentro,Urbana,Paso Peatonal,No existe,Intersección,Bueno,Buena,Diurna,Buen Tiempo,S/D,S/D,Cañda ocupante,Ninguna,Horizontal,Línea divisoria pintada,Sin restricción
2020,3193,2020-07-18,Sabado,12:55:00,,0.0,2,"Automóvil,Moto/Ciclomotor",Riobamba Y Mitre,2,1,0,0,1,0,0,"-32.96277, -60.64371",Calle,,ROSARIO,Rosario,Asfalto,S/D,II,S/D,Urbana,S/D,S/D,Intersección,S/D,S/D,Diurna,S/D,S/D,S/D,Colisión,S/D,S/D,S/D,S/D
2020,3194,2020-06-09,Martes,21:00:00,,0.0,2,"Automóvil,Pickup/Utilitario",3 De Febrero Y Av. Francia,4,0,1,0,3,0,0,"-32.947899730315,-60.667018352441",Avenida,,ROSARIO,Rosario,Asfalto,No existe,II,Dentro,Urbana,Semáforo,Funciona,Intersección,Bueno,Buena,Diurna,Buen Tiempo,S/D,S/D,Colisión,Ninguna,"Horizontal,Vertical","Cordón divisorio,Vegetación,Línea divisoria pintada",Sin restricción
2020,3195,2020-06-23,Martes,16:00:00,,0.0,1,Moto/Ciclomotor,Av A del Valle Y Padre Genesio,1,1,0,0,0,0,0,"-31.60022870291,-60.6919199081",Avenida,,SANTA FE,La Capital,Asfalto,No existe,I,Dentro,Urbana,Ninguna,No existe,Recta,Bueno,Buena,Diurna,Buen Tiempo,S/D,S/D,Cañda ocupante,Ninguna,"Horizontal,Vertical",Ninguna,Sin restricción
2020,3196,2020-07-18,Sabado,09:00:00,,0.0,2,"Automóvil,Moto/Ciclomotor",Av. Eva Peron Y Rio De Janeiro,2,2,0,0,0,0,0,"-32.93883, -60.6805",Calle,,ROSARIO,Rosario,Asfalto,S/D,II,S/D,Urbana,Semáforo,Funciona,Intersección,S/D,S/D,Diurna,S/D,S/D,S/D,Colisión,S/D,S/D,S/D,S/D
2020,3197,2020-07-18,Sabado,09:45:00,,0.0,2,"Automóvil,Automóvil",Av. Corrientes Y Viamonte,3,1,0,0,2,0,0,"-32.96458, -60.6471",Calle,,ROSARIO,Rosario,Asfalto,No existe,II,Dentro,Urbana,Señal Pare,No existe,Intersección,Resbaladiza,Reducida,Diurna,Lluvia,Lateral,S/D,Colisión,Agua,Vertical,Línea divisoria pintada,Sin restricción
2020,3198,2020-06-04,Jueves,17:15:00,,0.0,2,"Moto/Ciclomotor,Moto/Ciclomotor",Av. Pellegrini Y Entre Rios,2,1,0,0,1,0,0,"-32.956851079379,-60.64370481972",Avenida,,ROSARIO,Rosario,Asfalto,No existe,II,Dentro,Urbana,Semáforo,Funciona,Intersección,Bueno,Buena,Diurna,Buen Tiempo,Lateral,S/D,Colisión,Ninguna,"Horizontal,Vertical","Cordón divisorio,Vegetación,Línea divisoria pintada",Sin restricción
2020,3199,2020-06-24,Miercoles,09:00:00,,0.0,2,"Moto/Ciclomotor,Automóvil",Av Facundo Zuviria Y Azcuenaga,2,1,0,0,1,0,0,"-31.592771123513,-60.69924533368",Avenida,,SANTA FE,La Capital,Asfalto,No existe,I,Dentro,Urbana,Ninguna,No existe,Intersección,Bueno,Buena,Diurna,Buen Tiempo,Lateral,S/D,Colisión,Ninguna,Faltante,Ninguna,Sin restricción
2020,3200,2020-06-06,Sabado,18:00:00,,0.0,2,"Bicicleta,Automóvil",9 De Julio Y Paraguay,2,1,0,0,1,0,0,"-32.952823818838,-60.645591130985",Calle,,ROSARIO,Rosario,Asfalto,No existe,II,Dentro,Urbana,Paso Peatonal,No existe,Intersección,Bueno,Buena,Diurna,Buen Tiempo,S/D,S/D,Colisión,Ninguna,Horizontal,Línea divisoria pintada,Sin restricción
2020,3201,2020-06-09,Martes,15:20:00,,0.0,2,"Automóvil,Moto/Ciclomotor",Laurencio Maradona ,2,1,0,0,1,0,0,"-31.640769, -60.669884",Calle,,SANTA FE,La Capital,Asfalto,Natural,I,Dentro,Urbana,Ninguna,No existe,Recta,Bueno,Buena,Diurna,Buen Tiempo,De alcance,S/D,Colisión,Ninguna,Horizontal,Línea divisoria pintada,Sin restricción
2020,3202,2020-07-18,Sabado,16:32:00,,0.0,2,"Automóvil,Peatón",Saavedra Y Italia,2,1,0,0,1,0,0,"-32.97621, -60.6558",Calle,,ROSARIO,Rosario,Asfalto,No existe,II,Dentro,Urbana,Ninguna,No existe,Intersección,Bueno,Buena,Diurna,Buen Tiempo,S/D,Peatón,Atropello,S/D,Faltante,Ninguna,Sin restricción
2020,3203,2020-06-04,Jueves,07:50:00,,0.0,2,"Moto/Ciclomotor,Moto/Ciclomotor",Cordoba Y Vera Mujica,3,2,0,0,1,0,0,"-32.941274821775,-60.666876219617",Calle,,ROSARIO,Rosario,Asfalto,No existe,II,Dentro,Urbana,Semáforo,No existe,Intersección,Bueno,Buena,Diurna,Buen Tiempo,S/D,S/D,Colisión,Ninguna,"Horizontal,Vertical",Línea divisoria pintada,Sin restricción
2020,3204,2020-06-27,Sabado,21:10:00,,0.0,2,"Moto/Ciclomotor,Automóvil",Javier de la Rosa Y 1ro de Mayo,3,1,0,0,2,0,0,"-31.598251146639,-60.696530916871",Calle,,SANTA FE,La Capital,Asfalto,No existe,I,Dentro,Urbana,Ninguna,No existe,Intersección,Bueno,Buena,Nocturna,Buen Tiempo,Lateral,S/D,Colisión,Ninguna,Faltante,Ninguna,Sin restricción
2020,3205,2020-07-18,Sabado,21:00:00,,0.0,2,"Automóvil,Automóvil",L.N.Alem Y 24 De Setiembre,3,1,0,0,2,0,0,"-32.982, -60.63679",Calle,,ROSARIO,Rosario,Asfalto,No existe,II,Dentro,Urbana,Ninguna,No existe,Intersección,Bueno,Buena,"Nocturna,Con luz artificial",Buen Tiempo,Lateral,S/D,Colisión,Ninguna,Faltante,Ninguna,Sin restricción
2020,3206,2020-06-02,Martes,15:00:00,Autopista Nacional A007,0.0,2,"Automóvil,Moto/Ciclomotor",Av Circunvalaci�n Y Nicolas Rodriguez Pe�a,3,2,0,0,1,0,0,"-31.667715119729,-60.729689466027",Autopista,A007,SANTA FE,La Capital,Asfalto,Natural,I,Dentro,Urbana,Ninguna,No existe,Rotonda,Bueno,Buena,Diurna,Buen Tiempo,Lateral,S/D,Colisión,Ninguna,Faltante,Ninguna,Sin restricción
2020,3207,2020-06-09,Martes,18:30:00,,0.0,2,"Moto/Ciclomotor,Automóvil",Brown Y Pueyrredon,3,0,2,0,1,0,0,"-32.933671277558,-60.655014264746",Calle,,ROSARIO,Rosario,Asfalto,No existe,II,Dentro,Urbana,Señal Pare,No existe,Intersección,Bueno,Buena,Diurna,Buen Tiempo,S/D,S/D,Colisión,Ninguna,"Horizontal,Vertical",Ninguna,Sin restricción
2020,3208,2020-06-24,Miercoles,19:10:00,,0.0,2,"Pickup/Utilitario,Automóvil",Francisco Tarragona Y Independencia,3,1,0,0,2,0,0,"-31.667639517402,-60.723963192745",Calle,,SANTA FE,La Capital,Asfalto,No existe,I,Dentro,Urbana,Ninguna,No existe,Intersección,Bueno,Buena,"Nocturna,Con luz artificial",Buen Tiempo,S/D,S/D,Colisión,Ninguna,Faltante,Ninguna,Sin restricción
2020,3209,2020-07-19,Domingo,23:10:00,,0.0,1,Moto/Ciclomotor,Oroño Y Lavalle,1,0,1,0,0,0,0,"-31.43454, -60.92975",Calle,,ESPERANZA,Las Colonias,Asfalto,No existe,XI,S/D,Urbana,Ninguna,No existe,Intersección,Bueno,Reducida,Nocturna,Buen Tiempo,S/D,S/D,Vuelco,Ninguna,S/D,Ninguna,Sin restricción
2020,3210,2020-06-27,Sabado,16:10:00,,0.0,2,"Moto/Ciclomotor,Automóvil",Av A del Valle Y Azcuenaga,3,1,0,0,2,0,0,"-31.594383716583273,-60.69206535816",Avenida,,SANTA FE,La Capital,Asfalto,No existe,I,Dentro,Urbana,Ninguna,No existe,Recta,Bueno,Buena,Diurna,Buen Tiempo,Frontal,S/D,Colisión,Ninguna,Faltante,"Cordón divisorio,Vegetación",Sin restricción
2020,3211,2020-07-19,Domingo,12:00:00,Ruta Provincial 1,147.0,1,Automóvil, ,2,1,0,0,1,0,0,"-30.57396, -59.93722",Ruta,1,SAN JAVIER,San Javier,Tierra,Natural,XIV,S/D,Urbana,Ninguna,No existe,Recta,Bueno,Buena,Diurna,Buen Tiempo,S/D,S/D,Despiste,Ninguna,S/D,Ninguna,Sin restricción
2020,3212,2020-06-01,Lunes,16:50:00,,0.0,2,"Moto/Ciclomotor,Automóvil",Av Santa Fe ,3,1,0,0,2,0,0,"-31.563098104509,-60.740467624605",Avenida,,SANTA FE,La Capital,Asfalto,No existe,I,Dentro,Urbana,Ninguna,No existe,Otro,Otro,Buena,Diurna,Otro,Otro,S/D,Colisión,Otro,S/D,Ninguna,S/D
2020,3213,2020-06-10,Miercoles,22:15:00,,0.0,2,"Pickup/Utilitario,Moto/Ciclomotor",Rioja 2873,2,0,1,0,1,0,0,"-32.943223498088,-60.66273476669",Calle,,ROSARIO,Rosario,Asfalto,No existe,II,Dentro,Urbana,Ninguna,No existe,Intersección,Bueno,Buena,Diurna,Buen Tiempo,De alcance,S/D,Colisión,Ninguna,Horizontal,Línea divisoria pintada,Sin restricción
2020,3214,2020-07-19,Domingo,18:30:00,,0.0,2,"Moto/Ciclomotor,Automóvil",Garibaldi Y Rueda,3,1,0,0,2,0,0,"-33.59744, -61.3157",Calle,,CARRERAS,General LÓPEZ,Ripio,No existe,VIII,Dentro,Urbana,Ninguna,No existe,Intersección,Con baches,Buena,Atardecer,Buen Tiempo,Lateral,S/D,Colisión,Ninguna,Faltante,Ninguna,Sin restricción
2020,3215,2020-06-10,Miercoles,09:00:00,,0.0,2,"Moto/Ciclomotor,Automóvil",3 De Febrero Y Valparaiso,2,1,0,0,1,0,0,"-32.944941813624,-60.683439900993",Calle,,ROSARIO,Rosario,Asfalto,No existe,II,Dentro,Urbana,Ninguna,No existe,Intersección,Bueno,Buena,Diurna,Buen Tiempo,S/D,S/D,Colisión,Ninguna,Faltante,Ninguna,Sin restricción
2020,3216,2020-07-19,Domingo,00:15:00,,0.0,2,"Automóvil,Moto/Ciclomotor",Av Almte Brown Y Gutierrez,2,1,0,0,1,0,0,"-31.62862, -60.67831",Avenida,,SANTA FE,La Capital,Asfalto,No existe,I,Dentro,Urbana,Ninguna,No existe,Intersección,Bueno,Reducida,Nocturna,Buen Tiempo,Lateral,S/D,Colisión,S/D,S/D,Ninguna,Sin restricción
2020,3217,2020-06-25,Jueves,17:30:00,,0.0,2,"Automóvil,Moto/Ciclomotor",Av Gral Paz 4900,2,1,0,0,1,0,0,"-31.624962862363,-60.689225543945",Avenida,,SANTA FE,La Capital,Asfalto,No existe,I,Dentro,Urbana,Ninguna,No existe,Intersección,Bueno,Buena,Diurna,Buen Tiempo,Lateral,S/D,Colisión,Ninguna,Faltante,Ninguna,Sin restricción
2020,3218,2020-07-19,Domingo,20:00:00,,0.0,2,"Moto/Ciclomotor,Automóvil",Av A del Valle Y Pje Calcena,3,2,0,0,1,0,0,"-31.62623, -60.679",Avenida,,SANTA FE,La Capital,Asfalto,No existe,I,Dentro,Urbana,Ninguna,No existe,Intersección,Bueno,Reducida,Nocturna,Buen Tiempo,Lateral,S/D,Colisión,Ninguna,S/D,Ninguna,Sin restricción
2020,3219,2020-06-09,Martes,12:10:00,,0.0,2,"Automóvil,Bicicleta",Tucuman 1800,2,1,0,0,1,0,0,"-32.940047179941,-60.646708940278",Calle,,ROSARIO,Rosario,Asfalto,No existe,II,Dentro,Urbana,Paso Peatonal,No existe,Intersección,Bueno,Buena,Diurna,Buen Tiempo,S/D,Ciclista,Atropello,Ninguna,Horizontal,Ninguna,Sin restricción
2020,3220,2020-07-19,Domingo,00:50:00,,0.0,2,"Automóvil,Moto/Ciclomotor",Saavedra Y Salta,2,1,0,0,1,0,0,"-31.64846, -60.71661",Calle,,SANTA FE,La Capital,Hormigón,No existe,I,Dentro,Urbana,Semáforo,Intermitente,Intersección,Bueno,Reducida,Nocturna,Buen Tiempo,Lateral,S/D,Colisión,S/D,Faltante,Ninguna,Sin restricción
2020,3221,2020-06-20,Sabado,01:15:00,,0.0,2,"Moto/Ciclomotor,Automóvil",Gdor Candioti Y Gutierrez,2,1,0,0,0,0,1,"-31.625313189199,-60.691984282779",Calle,,SANTA FE,La Capital,Asfalto,No existe,I,Dentro,Urbana,Ninguna,No existe,Intersección,Bueno,Buena,Diurna,Buen Tiempo,Lateral,S/D,Colisión,Ninguna,Faltante,Ninguna,Sin restricción
2020,3222,2020-06-24,Miercoles,08:30:00,,0.0,2,"Bicicleta,Automóvil",Centeno Y Patricias Argentinas,2,0,1,0,1,0,0,"-32.987071, -60.635204",Calle,,ROSARIO,Rosario,Asfalto,No existe,II,Dentro,Urbana,Ninguna,No existe,Recta,Bueno,Buena,Diurna,Otro,S/D,Ciclista,Atropello,Ninguna,Faltante,Ninguna,Sin restricción
2020,3223,2020-07-19,Domingo,05:10:00,,0.0,2,"Moto/Ciclomotor,Automóvil",Av Facundo Zuviria Y Boneo,3,1,1,0,1,0,0,"-31.60282, -60.70228",Avenida,,SANTA FE,La Capital,Asfalto,No existe,I,Dentro,Urbana,Ninguna,Funciona,Intersección,Bueno,Buena,"Nocturna,Con luz artificial",Buen Tiempo,Lateral,S/D,Colisión,Ninguna,S/D,Ninguna,Sin restricción
2020,3224,2020-06-27,Sabado,17:55:00,,0.0,2,"Automóvil,Moto/Ciclomotor",Angel Cassanello Y Las Heras,2,1,0,0,1,0,0,"-31.610345, -60.689824",Calle,,SANTA FE,La Capital,Asfalto,No existe,I,Dentro,Urbana,Ninguna,No existe,Intersección,Bueno,Buena,Diurna,Buen Tiempo,Lateral,S/D,Colisión,Ninguna,Faltante,Ninguna,Sin restricción
2020,3225,2020-06-25,Jueves,16:30:00,,0.0,2,"Pickup/Utilitario,Bicicleta",Av. Ovidio Lagos Y Mendoza,2,0,1,0,1,0,0,"-32.947383936038,-60.662740126343",Avenida,,ROSARIO,Rosario,Asfalto,No existe,II,Dentro,Urbana,Paso Peatonal,No existe,Intersección,Bueno,Buena,Diurna,Buen Tiempo,S/D,Ciclista,Atropello,Ninguna,Horizontal,Línea divisoria pintada,Sin restricción
2020,3226,2020-07-19,Domingo,18:00:00,,0.0,2,"Peatón,Moto/Ciclomotor",Laprida 1700,2,1,0,0,1,0,0,"-30.30212, -61.24182",Calle,,SAN CRISTÓBAL,San CRISTÓBAL,Tierra,No existe,XIII,Dentro,Urbana,Ninguna,No existe,Recta,Bueno,Buena,Diurna,Buen Tiempo,S/D,Peatón,Atropello,Ninguna,Faltante,Ninguna,Sin restricción
2020,3227,2020-06-17,Miercoles,13:00:00,,0.0,2,"Moto/Ciclomotor,Pickup/Utilitario", ,2,1,0,0,1,0,0,"-31.619460, -60.692005",S/D,,SANTA FE,La Capital,Asfalto,No existe,I,Dentro,Urbana,Ninguna,No existe,Recta,Bueno,Buena,Diurna,Buen Tiempo,"Contra objeto fijo,Lateral",S/D,Colisión,Ninguna,Faltante,Ninguna,Sin restricción
2020,3228,2020-06-17,Miercoles,13:00:00,,0.0,2,"Moto/Ciclomotor,Pickup/Utilitario",Pasco Y San Martin,3,0,1,0,2,0,0,"-32.959830875752,-60.639986235476",Calle,,ROSARIO,Rosario,Asfalto,No existe,II,Dentro,Urbana,Paso Peatonal,No existe,Intersección,Bueno,Buena,Diurna,Buen Tiempo,Lateral,S/D,Colisión,Ninguna,Horizontal,Ninguna,Sin restricción
2020,3229,2020-06-17,Miercoles,18:25:00,,0.0,2,"Bicicleta,Automóvil",B Ferreyra Y Manuel Roca,2,0,1,0,1,0,0,"-34.26473783351,-62.715972172203",Calle,,RUFINO,General LÓPEZ,Asfalto,No existe,VIII,Dentro,Urbana,Ninguna,No existe,Intersección,Bueno,Buena,"Nocturna,Con luz artificial",Otro,S/D,Ciclista,Atropello,Ninguna,Faltante,Ninguna,Sin restricción
2020,3231,2020-06-26,Viernes,08:40:00,,0.0,2,"Automóvil,Vehículo Oficial",Montevideo Y Rodriguez,2,0,1,0,1,0,0,"-32.95246196844,-60.661178976953",Calle,,ROSARIO,Rosario,Asfalto,No existe,II,Dentro,Urbana,Ninguna,No existe,Intersección,Bueno,Buena,Diurna,Buen Tiempo,S/D,S/D,Colisión,Ninguna,Faltante,Ninguna,Sin restricción
2020,3232,2020-07-19,Domingo,16:45:00,,0.0,2,"Automóvil,Bicicleta",Gral Paz Y Elorza,2,1,0,0,1,0,0,"-32.91416, -60.813",Calle,,FUNES,Rosario,Asfalto,No existe,II,Dentro,Urbana,Ninguna,No existe,Intersección,Bueno,Buena,Diurna,Buen Tiempo,S/D,Ciclista,Atropello,Ninguna,Faltante,Ninguna,Sin restricción
2020,3233,2020-06-22,Lunes,12:30:00,,0.0,2,"Moto/Ciclomotor,Automóvil",E.Zeballos Y Pueyrredon,2,0,1,0,1,0,0,"-32.951560110466,-60.659527783152",Calle,,ROSARIO,Rosario,Asfalto,No existe,II,Dentro,Urbana,Ninguna,No existe,Intersección,Bueno,Buena,Diurna,Buen Tiempo,Lateral,S/D,Colisión,Ninguna,Faltante,Ninguna,Sin restricción
2020,3234,2020-06-06,Sabado,06:30:00,Ruta Nacional 7,410.0,2,"Automóvil,Camión c / Acoplado", ,2,1,0,0,1,0,0,"-34.28435, -62.69329",Ruta,7,RUFINO,General LÓPEZ,Asfalto,Natural,VIII,Dentro,Rural,Marca Vial,No existe,Recta,Con baches,Buena,Nocturna,Buen Tiempo,Frontal,S/D,Colisión,S/D,Horizontal,Línea divisoria pintada,Sin restricción
2020,3235,2020-06-13,Sabado,12:30:00,,0.0,2,"Moto/Ciclomotor,Automóvil",Pje Calcena Y Velez Sarsfield,3,1,0,0,1,0,1,"-31.625593900680563,-60.68196952342",Calle,,SANTA FE,La Capital,Asfalto,No existe,I,Dentro,Urbana,Ninguna,No existe,Intersección,Bueno,Buena,Diurna,Buen Tiempo,Lateral,S/D,Colisión,Ninguna,Faltante,Ninguna,Sin restricción
2020,3236,2020-07-19,Domingo,12:50:00,,0.0,2,"Moto/Ciclomotor,Automóvil",Av. Eva Peron Y Peru,3,1,1,0,1,0,0,"-32.93318, -60.71173",Avenida,,ROSARIO,Rosario,Asfalto,No existe,II,Dentro,Urbana,Semáforo,Funciona,Intersección,Bueno,Buena,Diurna,Buen Tiempo,Lateral,S/D,Colisión,Ninguna,S/D,Cordón divisorio,Sin restricción
2020,3237,2020-06-17,Miercoles,15:40:00,,0.0,2,"Automóvil,Moto/Ciclomotor",9 De Julio Y Lavalle,2,1,0,0,1,0,0,"-32.946739419559,-60.679627166393",Calle,,ROSARIO,Rosario,Asfalto,No existe,II,Dentro,Urbana,Ninguna,No existe,Intersección,Bueno,Buena,Diurna,Buen Tiempo,S/D,S/D,Colisión,Ninguna,Faltante,Ninguna,Sin restricción
2020,3238,2020-06-05,Viernes,11:20:00,,0.0,2,"Peatón,Automóvil",San Lorenzo Y Sarmiento,2,1,0,0,1,0,0,"-32.944182986434,-60.637643981201",Calle,,ROSARIO,Rosario,Asfalto,No existe,II,Dentro,Urbana,Paso Peatonal,No existe,Intersección,Bueno,Buena,Diurna,Buen Tiempo,S/D,Peatón,Atropello,Ninguna,"Horizontal,Vertical",Línea divisoria pintada,Sin restricción
2020,3239,2020-07-19,Domingo,18:30:00,,0.0,2,"Bicicleta,Automóvil",Av. Genova Y Pje. Yamandu Bis,2,1,0,0,1,0,0,"-32.91581, -60.70516",Avenida,,ROSARIO,Rosario,Asfalto,No existe,II,Dentro,Urbana,Ninguna,No existe,Intersección,Bueno,Buena,Atardecer,Buen Tiempo,S/D,Ciclista,Atropello,Ninguna,Faltante,Ninguna,Sin restricción
2020,3241,2020-07-19,Domingo,05:40:00,,0.0,2,"Moto/Ciclomotor,Pickup/Utilitario",Castellanos Y Av. Pellegrini,2,1,0,0,1,0,0,"-32.95063, -60.67778",Avenida,,ROSARIO,Rosario,Asfalto,No existe,II,Dentro,Urbana,Ninguna,No existe,Intersección,Bueno,Buena,Amanecer,Buen Tiempo,Lateral,S/D,Colisión,Ninguna,Faltante,Ninguna,Sin restricción
2020,3242,2020-06-04,Jueves,13:30:00,,0.0,2,"Bicicleta,Moto/Ciclomotor",Ricchieri Y Salta,2,2,0,0,0,0,0,"-32.93503199227,-60.66103856748",Calle,,ROSARIO,Rosario,Asfalto,No existe,II,Dentro,Urbana,Semáforo,Funciona,Intersección,Bueno,Buena,Diurna,Buen Tiempo,S/D,Ciclista,Atropello,Ninguna,"Horizontal,Vertical",Línea divisoria pintada,Sin restricción
2020,3243,2020-06-02,Martes,10:10:00,,0.0,2,"Automóvil,Bicicleta",Av Cobos Y Pte Juan Dominog Peron,2,0,1,0,1,0,0,"-34.264454616994,-62.711876693953",Avenida,,RUFINO,General LÓPEZ,Asfalto,Pavimento,VIII,Dentro,Urbana,Ninguna,No existe,Intersección,Bueno,Buena,Diurna,Buen Tiempo,S/D,Ciclista,Atropello,Ninguna,Faltante,Ninguna,Sin restricción
2020,3244,2020-06-07,Domingo,23:00:00,,0.0,2,"Automóvil,Automóvil",Alvear Y Ricardo Aldao,3,1,0,0,2,0,0,"-31.611458752747,-60.689036450032",Calle,,SANTA FE,La Capital,Asfalto,No existe,I,Dentro,Urbana,Ninguna,No existe,Intersección,Bueno,Buena,"Nocturna,Con luz artificial",Buen Tiempo,Lateral,S/D,Colisión,Ninguna,Faltante,Ninguna,Sin restricción
2020,3245,2020-07-19,Domingo,11:00:00,,0.0,2,"Moto/Ciclomotor,Automóvil",Bv. Avellaneda Y 9 De Julio,3,1,0,0,2,0,0,"-32.9465, -60.68095",Avenida,,ROSARIO,Rosario,Asfalto,No existe,II,Dentro,Urbana,Semáforo,Funciona,Intersección,Bueno,Buena,Diurna,Buen Tiempo,De alcance,S/D,Colisión,Ninguna,Faltante,Ninguna,Sin restricción
2020,3246,2020-05-15,Viernes,10:45:00,,0.0,2,"Moto/Ciclomotor,Automóvil",Bv Belgrano Y Pueyrredon,2,1,0,0,1,0,0,"-29.887835650222,-60.286247282318",Avenida,,CALCHAQUÍ,Vera,Asfalto,No existe,XIX,Dentro,Urbana,Ninguna,No existe,Intersección,Bueno,Buena,Diurna,Buen Tiempo,De alcance,S/D,Colisión,Ninguna,Horizontal,Ninguna,Sin restricción
2020,3247,2020-07-19,Domingo,18:10:00,,0.0,2,"Bicicleta,Pickup/Utilitario",El Mangrullo Y Costanera,2,1,0,0,1,0,0,"-32.9983, -60.61485",Calle,,ROSARIO,Rosario,Asfalto,No existe,II,Dentro,Urbana,Ninguna,No existe,Intersección,Bueno,Buena,Atardecer,Buen Tiempo,S/D,Ciclista,Atropello,Ninguna,Faltante,Ninguna,Sin restricción
2020,3248,2020-06-14,Domingo,05:20:00,,0.0,2,"Automóvil,Automóvil",Pje Koch ,5,3,0,0,2,0,0,"-31.596095, -60.724284",Calle,,SANTA FE,La Capital,Asfalto,No existe,I,Dentro,Urbana,Ninguna,No existe,Recta,Bueno,Buena,Amanecer,Buen Tiempo,De alcance,S/D,Colisión,Ninguna,S/D,Ninguna,Sin restricción
2020,3249,2020-06-16,Martes,,,0.0,2,"Automóvil,Automóvil",1 de Mayo Y Pte.Quintana,2,1,0,0,1,0,0,"-32.984031421976,-60.638762095264",Calle,,ROSARIO,Rosario,Asfalto,No existe,II,Dentro,Urbana,Ninguna,No existe,Intersección,Bueno,Buena,S/D,Buen Tiempo,S/D,S/D,Colisión,Ninguna,Faltante,Ninguna,Sin restricción
2020,3250,2020-07-19,Domingo,07:55:00,Ruta Provincial 1,1.0,1,Automóvil, ,1,1,0,0,0,0,0,"-31.63466, -60.62006",Ruta,1,COLASTINE,La Capital,Asfalto,No existe,I,S/D,Urbana,Semáforo,Funciona,Recta,Bueno,Buena,Amanecer,Buen Tiempo,Contra objeto fijo,S/D,"Colisión,Despiste",Ninguna,Vertical,Cordón divisorio,Sin restricción
2020,3251,2020-06-12,Viernes,17:35:00,,0.0,2,"Pickup/Utilitario,Moto/Ciclomotor",Bv Belgrano Y Sgto Cabral,3,0,1,0,2,0,0,"-29.888009694433,-60.285026184749",Avenida,,CALCHAQUÍ,Vera,Asfalto,No existe,XIX,Dentro,Urbana,Ninguna,No existe,Intersección,Bueno,Buena,Atardecer,Buen Tiempo,De alcance,S/D,Colisión,Ninguna,Faltante,Ninguna,Sin restricción
2020,3252,2020-06-19,Viernes,22:20:00,,0.0,2,"Automóvil,Moto/Ciclomotor",Av. Pellegrini Y Constitucion,2,1,0,0,1,0,0,"-32.950995906208,-60.676432084009",Avenida,,ROSARIO,Rosario,Asfalto,No existe,II,Dentro,Urbana,Semáforo,Funciona,Intersección,Bueno,Buena,"Nocturna,Con luz artificial",Buen Tiempo,De alcance,S/D,Colisión,Ninguna,"Horizontal,Vertical","Cordón divisorio,Línea divisoria pintada",Sin restricción
2020,3253,2020-06-03,Miercoles,20:00:00,,0.0,2,"Moto/Ciclomotor,Automóvil",ARENALES Y MORENO,2,1,0,0,0,0,1,"-31.677625, -60.769134",Calle,,SANTO TOMÉ,La Capital,Asfalto,No existe,I,Dentro,Urbana,Ninguna,No existe,Intersección,Bueno,Buena,Nocturna,Buen Tiempo,De alcance,S/D,Colisión,Ninguna,Faltante,Ninguna,Sin restricción
2020,3254,2020-06-28,Domingo,14:40:00,Ruta Nacional 11,0.0,2,"Moto/Ciclomotor,Automóvil",Bv Belgrano Y Juan De Garay,3,0,1,0,2,0,0,"-29.888683216876,-60.280136511792",Ruta,11,CALCHAQUÍ,Vera,Asfalto,Pavimento,XIX,Dentro,Urbana,Marca Vial,No existe,Intersección,Bueno,Buena,Diurna,Buen Tiempo,De alcance,S/D,Colisión,Ninguna,Horizontal,Ninguna,Sin restricción