anio_acci,nro_acci,fecha,desc_dia,hora_aprox,desc_ruta,km,cant_participantes,desc_participante,calle_avenida_km,total,heridos_leves,heridos_graves,heridos_gravisimos,ilesos,fallecidos,sin_datos,posicion_XY,desc_tipo_via,desc_ruta_ori,desc_loc,desc_dpto,desc_tipo_calzada,desc_tipo_banquina,desc_unidad_regional,desc_lugar_calzada,desc_zona,desc_prioridad,desc_estado_semaforo,desc_lugar_via,desc_estado_via,desc_estado_visibilidad,desc_luminosidad,desc_estado_clima,desc_tipo_colision,desc_tipo_atropello,desc_tipo_hecho,desc_pres_calzada,desc_senializacion,desc_separacion_via,desc_restriccion
2020,3255,2020-05-29,Viernes,12:15:00,,0.0,2,"Moto/Ciclomotor,Taxi/Remis",Mitre Y Ocampo,2,1,0,0,1,0,0,"    -32.96625, -60.6446",Calle,,ROSARIO,Rosario,Asfalto,No existe,II,Dentro,Urbana,Ninguna,S/D,Intersección,Bueno,Reducida polvo,Diurna,Buen Tiempo,Lateral,S/D,Colisión,Ninguna,S/D,Ninguna,Sin restricción
2020,3256,2020-07-20,Lunes,01:30:00,,0.0,1,Automóvil,Mendoza 200,1,1,0,0,0,0,0,"-32.71691, -60.72876",Calle,,PUERTO SAN MARTÍN,San Lorenzo,Asfalto,No existe,XVII,Dentro,Urbana,Ninguna,No existe,Recta,Bueno,Buena,Nocturna,Buen Tiempo,Contra objeto fijo,S/D,Colisión,Ninguna,Faltante,Ninguna,Sin restricción
2020,3257,2020-06-23,Martes,15:00:00,,0.0,2,"Pickup/Utilitario,Moto/Ciclomotor",Ituzaingo Y Rivadavia,3,1,0,0,2,0,0,"-29.888410270214084,-60.29067546129",Calle,,CALCHAQUÍ,Vera,Ripio,No existe,XIX,Dentro,Urbana,Ninguna,No existe,Intersección,Bueno,Buena,Diurna,Buen Tiempo,De alcance,S/D,Colisión,Ninguna,Faltante,Ninguna,Sin restricción
2020,3258,2020-05-31,Domingo,13:45:00,,0.0,1,Automóvil, ,4,4,0,0,0,0,0,"    -31.97314, -62.10898",Camino Rural,,LAS PETACAS,San MARTÍN,Ripio,Natural,XVII,Fuera,Rural,Ninguna,No existe,Recta,Otro,Buena,Diurna,Buen Tiempo,S/D,S/D,Vuelco,Material Suelto,Faltante,Ninguna,Sin restricción
2020,3259,2020-06-04,Jueves,18:25:00,,0.0,2,"Automóvil,Moto/Ciclomotor",9 de Julio Y San Martin,2,1,0,0,1,0,0,"-29.459289629842,-60.210468192169",Calle,,VERA,Vera,Asfalto,No existe,XIX,Dentro,Urbana,Ninguna,No existe,Intersección,Bueno,Buena,Diurna,Buen Tiempo,Lateral,S/D,Colisión,Ninguna,Faltante,Ninguna,Sin restricción
2020,3260,2020-07-20,Lunes,11:10:00,,0.0,1,Pickup/Utilitario,Camino Rural ,1,1,0,0,0,0,0,"-31.0787, -60.08039",Camino Rural,,HELVECIA,Garay,Tierra,No existe,VII,S/D,Rural,Ninguna,No existe,Recta,Otro,Reducida polvo,Diurna,Buen Tiempo,S/D,S/D,Vuelco,Ninguna,Faltante,Ninguna,Sin restricción
2020,3261,2020-07-20,Lunes,12:00:00,,0.0,2,"Automóvil,Moto/Ciclomotor",Simon Bolivar Y Parana,2,1,0,0,1,0,0,"-31.24801, -61.50264",Calle,,RAFAELA,Castellanos,Asfalto,No existe,V,S/D,Urbana,Otra Señal,No existe,Intersección,Bueno,Buena,Diurna,Buen Tiempo,Frontal,S/D,Colisión,S/D,Horizontal,Cordón divisorio,Sin restricción
2020,3262,2020-05-28,Jueves,00:00:00,,0.0,2,"Camión c / Acoplado,Camión c / Acoplado",Gral Lucho Mansilla ,2,1,0,0,1,0,0,"    -32.66111, -60.79477",Calle,,TIMBÚES,San Lorenzo,Ripio,No existe,XVII,Dentro,Urbana,Ninguna,No existe,Cruce,Con baches,Reducida polvo,Nocturna,Buen Tiempo,S/D,S/D,Colisión,Ninguna,Vertical,Ninguna,Sin restricción
2020,3263,2020-06-13,Sabado,17:30:00,,0.0,2,"Camión Chasis,Moto/Ciclomotor",Alvear Y R S Pe�a,2,1,0,0,1,0,0,"-29.465845234884,-60.218043648491",Calle,,VERA,Vera,Tierra,No existe,XIX,Dentro,Urbana,Ninguna,No existe,Intersección,Bueno,Buena,Diurna,Buen Tiempo,Lateral,S/D,Colisión,Ninguna,Faltante,Ninguna,Sin restricción
2020,3264,2020-07-20,Lunes,16:30:00,,0.0,1,Moto/Ciclomotor,Santa Fe Y Guemes,1,1,0,0,0,0,0,"-32.48547, -61.57451",Calle,,LAS ROSAS,Belgrano,Asfalto,No existe,III,S/D,Urbana,Ninguna,No existe,Intersección,Resbaladiza,Buena,Diurna,Buen Tiempo,Atropello animal,S/D,Colisión,Ninguna,Vertical,Ninguna,Sin restricción
2020,3265,2020-07-20,Lunes,12:00:00,,0.0,2,"Automóvil,Moto/Ciclomotor",Bv Belgrano Y Sgto Cabral,2,1,0,0,1,0,0,"-29.88832, -60.28524",Avenida,,CALCHAQUÍ,Vera,Asfalto,No existe,XIX,Dentro,Urbana,Ninguna,No existe,Intersección,Bueno,Buena,Diurna,Buen Tiempo,De alcance,S/D,Colisión,Ninguna,Faltante,Ninguna,Sin restricción
2020,3266,2020-06-18,Jueves,13:10:00,,0.0,2,"Camión,Peatón",Alvear Y Santa Fe,4,3,0,0,1,0,0,"-29.46790700966,-60.203604341086",Calle,,VERA,Vera,Ripio,No existe,XIX,Dentro,Urbana,Ninguna,No existe,Recta,Bueno,Buena,Diurna,Buen Tiempo,S/D,Peatón,Atropello,Ninguna,Faltante,Ninguna,Sin restricción
2020,3267,2020-07-20,Lunes,15:00:00,,0.0,2,"Moto/Ciclomotor,Automóvil",D F Sarmiento Y Av San Sebastian,3,1,0,0,2,0,0,"-32.99842, -60.77574",Calle,,PEREZ,Rosario,Asfalto,No existe,II,Dentro,Urbana,Ninguna,S/D,Intersección,Bueno,Buena,Diurna,Buen Tiempo,Lateral,S/D,Colisión,Ninguna,S/D,Ninguna,Sin restricción
2020,3268,2020-06-26,Viernes,18:45:00,,0.0,2,"Moto/Ciclomotor,Automóvil",Buenos Aires Y Rivadavia,2,1,0,0,1,0,0,"-29.463687753192,-60.210441190228",Calle,,VERA,Vera,Asfalto,No existe,XIX,Dentro,Urbana,Ninguna,No existe,Intersección,Bueno,Buena,Diurna,Buen Tiempo,Lateral,S/D,Colisión,Ninguna,Faltante,Ninguna,Sin restricción
2020,3269,2020-05-27,Miercoles,17:00:00,,0.0,1,Moto/Ciclomotor,España ,1,0,1,0,0,0,0,"    -32.68215, -60.79774",Calle,,TIMBÚES,San Lorenzo,Asfalto,Natural,XVII,Dentro,Urbana,Ninguna,No existe,Rotonda,Bueno,Buena,Diurna,Buen Tiempo,S/D,S/D,Despiste,Ninguna,Vertical,Línea divisoria pintada,Sin restricción
2020,3271,2020-05-25,Lunes,16:10:00,,0.0,2,"Automóvil,Automóvil",Fray Luis Beltran Y Bv Estanislao Lopez,2,1,0,0,1,0,0,"    -32.89698, -60.91089",Avenida,,ROLDÁN,San Lorenzo,Asfalto,Pavimento,XVII,Dentro,Urbana,Ninguna,No existe,Intersección,Bueno,Buena,Diurna,Buen Tiempo,Lateral,S/D,Colisión,Ninguna,S/D,Ninguna,Sin restricción
2020,3272,2020-07-20,Lunes,17:00:00,,0.0,2,"Moto/Ciclomotor,Peatón",Av. De Las Palmeras 3400,2,1,0,0,1,0,0,"-32.97174, -60.73404",Avenida,,ROSARIO,Rosario,Asfalto,Pavimento,II,Dentro,Urbana,Ninguna,No existe,Recta,Otro,Buena,Atardecer,S/D,S/D,Peatón,Atropello,S/D,Faltante,"Cordón divisorio,Vegetación,Línea divisoria pintada",Sin restricción
2020,3273,2020-07-20,Lunes,12:30:00,,0.0,2,"Moto/Ciclomotor,Automóvil",Biedma Y Rodriguez,2,1,0,0,1,0,0,"-32.97767, -60.66755",Calle,,ROSARIO,Rosario,Asfalto,No existe,II,Dentro,Urbana,Ninguna,No existe,Recta,Bueno,Buena,Diurna,Buen Tiempo,Lateral,S/D,Colisión,Ninguna,Faltante,Ninguna,Sin restricción
2020,3274,2020-05-30,Sabado,10:00:00,,0.0,2,"Pickup/Utilitario,Moto/Ciclomotor",Salta Y 1 de Mayo,2,1,0,0,1,0,0,"    -32.90397, -60.91117",Calle,,ROLDÁN,San Lorenzo,Asfalto,Pavimento,XVII,Dentro,Urbana,Ninguna,No existe,Intersección,Bueno,Buena,Diurna,Buen Tiempo,Lateral,S/D,Colisión,Ninguna,Faltante,Ninguna,Sin restricción
2020,3275,2020-07-20,Lunes,10:45:00,,0.0,2,"Moto/Ciclomotor,Camión Chasis",Pueyrredon Y 3 De Febrero,3,1,0,0,2,0,0,"-32.94938, -60.65901",Calle,,ROSARIO,Rosario,Asfalto,S/D,II,S/D,Urbana,S/D,S/D,Intersección,S/D,S/D,Diurna,S/D,S/D,S/D,Colisión,S/D,S/D,S/D,Sin restricción
2020,3276,2020-06-27,Sabado,10:50:00,,0.0,2,"Automóvil,Automóvil",España Y Mitre B,2,1,0,0,1,0,0,"-29.457669211841,-60.213938825836",Calle,,VERA,Vera,Asfalto,No existe,XIX,Dentro,Urbana,Ninguna,No existe,Intersección,Bueno,Buena,Diurna,Buen Tiempo,Lateral,S/D,Colisión,Ninguna,Faltante,Ninguna,Sin restricción
2020,3277,2020-07-20,Lunes,13:30:00,,0.0,2,"Bicicleta,Moto/Ciclomotor",Manuel Garcia Y Ghiraldo,2,1,0,0,1,0,0,"-32.90045, -60.71087",Calle,,ROSARIO,Rosario,Asfalto,Pavimento,II,S/D,Urbana,Ninguna,No existe,Intersección,Bueno,Buena,Diurna,Buen Tiempo,S/D,Ciclista,Atropello,Ninguna,Horizontal,Cordón divisorio,Sin restricción
2020,3278,2020-05-31,Domingo,19:00:00,Ruta Nacional 9,0.0,2,"Moto/Ciclomotor,Automóvil",Urquiza Y Ruta Nacional 9,2,1,0,0,1,0,0,"    -32.90554, -60.90873",Ruta,9,ROLDÁN,San Lorenzo,Asfalto,Pavimento,XVII,Dentro,Urbana,Ninguna,Funciona,Intersección,Bueno,Buena,"Atardecer,Con luz artificial",S/D,Otro,S/D,Colisión,Ninguna,Vertical,Ninguna,Sin restricción
2020,3279,2020-07-20,Lunes,12:10:00,Autopista Nacional A008,22.0,2,"Moto/Ciclomotor,Camión c / Acoplado", ,2,1,0,0,0,0,1,"-32.93123, -60.72308",Autopista,A008,ROSARIO,Rosario,Asfalto,No existe,II,Dentro,Urbana,Ninguna,Funciona,Intersección,Bueno,Buena,Diurna,Buen Tiempo,Lateral,S/D,Colisión,Ninguna,"Horizontal,Vertical",Ninguna,Sin restricción
2020,3280,2020-05-27,Miercoles,15:00:00,Ruta Nacional 175,0.0,2,"Moto/Ciclomotor,Automóvil",Avenida San Martin bis Y Tucuman,4,2,0,0,2,0,0,"    -32.71935, -60.73158",Ruta,175,PUERTO SAN MARTÍN,San Lorenzo,Asfalto,No existe,XVII,Dentro,Urbana,Ninguna,No existe,Intersección,S/D,S/D,Diurna,S/D,Lateral,S/D,Colisión,Ninguna,S/D,Ninguna,Sin restricción
2020,3281,2020-07-20,Lunes,10:05:00,Autopista Nacional A008,29.0,2,"Moto/Ciclomotor,Automóvil", ,2,1,0,0,1,0,0,"-32.92054, -60.72369",Autopista,A008,ROSARIO,Rosario,Asfalto,S/D,II,Dentro,Urbana,Ninguna,Funciona,Intersección,Bueno,Buena,Diurna,Buen Tiempo,De alcance,S/D,Colisión,Ninguna,S/D,Ninguna,Sin restricción
2020,3282,2020-05-26,Martes,06:00:00,Ruta Nacional 11,0.0,2,"Moto/Ciclomotor,Automóvil",Cordoba Y Ruta Nac 11,2,1,0,0,1,0,0,"    -32.71348, -60.75667",Ruta,11,PUERTO SAN MARTÍN,San Lorenzo,Asfalto,Natural,XVII,Dentro,Urbana,Otra Señal,No existe,Intersección,Bueno,Buena,Amanecer,S/D,Lateral,S/D,Colisión,S/D,S/D,Ninguna,Sin restricción
2020,3283,2020-07-20,Lunes,15:15:00,,0.0,2,"Pickup/Utilitario,Moto/Ciclomotor",Rivadavia Y Santiago del Estero,2,1,0,0,1,0,0,"-33.07989, -60.56803",Calle,,SANTA FE,La Capital,Asfalto,Pavimento,I,Dentro,Urbana,Semáforo,Funciona,Intersección,Bueno,Buena,Diurna,Buen Tiempo,Lateral,S/D,Colisión,Ninguna,Faltante,Ninguna,Sin restricción
2020,3284,2020-05-29,Viernes,17:20:00,,0.0,2,"Pickup/Utilitario,Bicicleta",Rioja Y Panama,2,1,0,0,1,0,0,"    -32.82793, -60.71905",Calle,,CAPITÁN BERMÚDEZ,San Lorenzo,Asfalto,Ripio,XVII,Dentro,Urbana,S/D,No existe,Intersección,Bueno,S/D,Diurna,Buen Tiempo,S/D,S/D,Colisión,S/D,Faltante,S/D,Sin restricción
2020,3285,2020-06-23,Martes,11:30:00,,0.0,2,"Automóvil,Moto/Ciclomotor",Juan Diaz De Solis Y Mariano Moreno,2,1,0,0,1,0,0,"-31.665670996537,-60.766098733828",Calle,,SANTO TOMÉ,La Capital,Asfalto,No existe,I,Dentro,Urbana,Ninguna,No existe,Intersección,Bueno,S/D,Diurna,Buen Tiempo,Lateral,S/D,Colisión,Ninguna,Faltante,Ninguna,S/D
2020,3286,2020-07-21,Martes,09:00:00,,0.0,1,Moto/Ciclomotor,Domingo Faustino Sarmiento Y Las Tunas,1,1,0,0,0,0,0,"-31.41529, -60.92094",Calle,,ESPERANZA,Las Colonias,Tierra,No existe,XI,Dentro,Urbana,Ninguna,No existe,Intersección,Bueno,Buena,Diurna,Buen Tiempo,Atropello animal,S/D,Colisión,Ninguna,Vertical,Ninguna,Sin restricción
2020,3287,2020-05-27,Miercoles,09:35:00,,0.0,2,"Automóvil,Automóvil",C Colon ,3,1,0,0,2,0,0,"    -32.81328, -60.72097",Calle,,CAPITÁN BERMÚDEZ,San Lorenzo,Asfalto,Pavimento,XVII,Dentro,Urbana,Ninguna,S/D,Intersección,Bueno,Buena,Diurna,Buen Tiempo,S/D,S/D,Colisión,Ninguna,S/D,S/D,S/D
2020,3288,2020-06-11,Jueves,10:45:00,Autovía Nacional 19,0.0,2,"Moto/Ciclomotor,Pickup/Utilitario",Avenida Ejercito Argentino Y Azcuenaga,2,1,0,0,1,0,0,"-31.671912968158725,-60.77409803867",Autovía,19,SANTO TOMÉ,La Capital,Asfalto,Pavimento,I,Dentro,Urbana,Semáforo,Funciona,Intersección,Bueno,Buena,Diurna,Buen Tiempo,Lateral,S/D,Colisión,S/D,"Horizontal,Vertical",Ninguna,Sin restricción
2020,3289,2020-07-23,Jueves,13:45:00,,0.0,2,"Moto/Ciclomotor,Moto/Ciclomotor",Sarmiento Y Cordoba,2,1,0,0,1,0,0,"-32.95883, -60.693",Calle,,ROSARIO,Rosario,Asfalto,No existe,II,S/D,Urbana,Ninguna,Funciona,Intersección,Bueno,Buena,Diurna,Buen Tiempo,Lateral,S/D,Colisión,Ninguna,S/D,Ninguna,Sin restricción
2020,3290,2020-07-21,Martes,15:15:00,,0.0,2,"Moto/Ciclomotor,Automóvil",Rivadavia Y Marcos Avellaneda,3,2,0,0,1,0,0,"-31.45447, -60.92989",Avenida,,ESPERANZA,Las Colonias,S/D,S/D,XI,S/D,Urbana,S/D,S/D,Intersección,S/D,S/D,Diurna,S/D,S/D,S/D,Colisión,S/D,S/D,S/D,S/D
2020,3291,2020-06-19,Viernes,11:40:00,,0.0,2,"Peatón,Moto/Ciclomotor",Avenida San Martin Y Juan de Garay,2,2,0,0,0,0,0,"-29.231081150641,-61.772413465779",Avenida,,TOSTADO,9 de Julio,Hormigón,No existe,XII,Dentro,Urbana,Señal Pare,No existe,Recta,Bueno,Buena,Diurna,Buen Tiempo,S/D,Peatón,Atropello,Ninguna,Vertical,Ninguna,Sin restricción
2020,3292,2020-06-09,Martes,18:50:00,,0.0,2,"Moto/Ciclomotor,Automóvil",Islas Malvinas Y Santiago del Estero,2,0,1,0,1,0,0,"-29.233573079109192,-61.76441252231",Calle,,TOSTADO,9 de Julio,Ripio,No existe,XII,Dentro,Urbana,Ninguna,No existe,Intersección,Con baches,Reducida,"Nocturna,Con luz artificial",Buen Tiempo,Lateral,S/D,Colisión,Ninguna,Faltante,Ninguna,Sin restricción
2020,3293,2020-05-26,Martes,,,0.0,2,"Automóvil,Moto/Ciclomotor",Ing White 400,4,3,0,0,1,0,0,"    -32.76253, -60.73866",Calle,,SAN LORENZO,San Lorenzo,Asfalto,S/D,XVII,Dentro,Urbana,S/D,S/D,Intersección,S/D,S/D,S/D,S/D,S/D,S/D,Colisión,S/D,S/D,S/D,S/D
2020,3294,2020-06-06,Sabado,11:00:00,,0.0,1,Moto/Ciclomotor,Tucuman ,2,1,0,0,1,0,0,"-29.229693388185,-61.763276175976",Calle,,TOSTADO,9 de Julio,Ripio,No existe,XII,Dentro,Urbana,Ninguna,No existe,Recta,S/D,Buena,Diurna,Buen Tiempo,S/D,S/D,Cañda ocupante,"Agua,Otro",Faltante,Ninguna,Sin restricción
2020,3295,2020-07-21,Martes,,,0.0,2,"Automóvil,Moto/Ciclomotor",General Lopez Y Urquiza,3,2,0,0,1,0,0,"-32.74769, -60.73525",Calle,,SAN LORENZO,San Lorenzo,S/D,S/D,XVII,S/D,Urbana,S/D,S/D,Intersección,S/D,S/D,S/D,S/D,S/D,S/D,Colisión,S/D,S/D,S/D,S/D
2020,3296,2020-05-26,Martes,11:35:00,,0.0,2,"Automóvil,Moto/Ciclomotor",6 de Caballeria Y Carlos Silvestre Begnis,2,1,0,0,1,0,0,"    -29.23812, -61.7665",Calle,,TOSTADO,9 de Julio,Asfalto,No existe,XVII,Dentro,Urbana,Ninguna,No existe,Intersección,Bueno,Buena,Diurna,Buen Tiempo,Lateral,S/D,Colisión,Ninguna,Faltante,Ninguna,Sin restricción
2020,3297,2020-06-12,Viernes,23:00:00,,0.0,2,"Automóvil,Moto/Ciclomotor",Alberdi Y Guemes,4,1,1,0,2,0,0,"-33.639741573464,-61.857785257558",Avenida,,MURPHY,General LÓPEZ,Asfalto,No existe,VIII,Dentro,Urbana,Ninguna,No existe,Intersección,Bueno,Reducida,"Nocturna,Con luz artificial",Buen Tiempo,De alcance,S/D,Colisión,S/D,Faltante,Cordón divisorio,S/D
2020,3298,2020-07-21,Martes,02:50:00,,0.0,2,"Moto/Ciclomotor,Automóvil",Juan Bautista Alberdi Y Salta,2,1,0,0,1,0,0,"-31.68258, -60.76047",Calle,,SANTO TOMÉ,La Capital,Asfalto,No existe,I,Dentro,Urbana,Marca Vial,No existe,Intersección,Bueno,Buena,"Nocturna,Con luz artificial",Buen Tiempo,Frontal,S/D,Colisión,Ninguna,Faltante,Ninguna,Sin restricción
2020,3299,2020-06-02,Martes,18:15:00,,0.0,2,"Automóvil,Moto/Ciclomotor",Laprida 341,3,1,0,0,2,0,0,"-33.645870673858,-61.864007473698",Calle,,MURPHY,General LÓPEZ,Asfalto,No existe,VIII,Dentro,Urbana,Ninguna,No existe,Recta,S/D,S/D,Diurna,Buen Tiempo,Lateral,S/D,Colisión,S/D,Faltante,Ninguna,S/D
2020,3300,2020-07-21,Martes,13:40:00,,0.0,2,"Automóvil,Moto/Ciclomotor",French Y Av Gral Paz,3,2,0,0,1,0,0,"-31.59646, -60.67308",Avenida,,SANTA FE,La Capital,Asfalto,S/D,I,Dentro,Urbana,Ninguna,No existe,Intersección,Bueno,S/D,Diurna,Buen Tiempo,Lateral,S/D,Colisión,Ninguna,Vertical,Cordón divisorio,Sin restricción
2020,3301,2020-06-22,Lunes,15:30:00,,0.0,1,Moto/Ciclomotor,Lagos ,1,1,0,0,0,0,0,"-33.602347243911,-61.301128495237",Calle,,CARRERAS,General LÓPEZ,Tierra,No existe,VIII,Dentro,Urbana,Ninguna,No existe,Recta,Con baches,Buena,Diurna,S/D,S/D,S/D,Cañda ocupante,Ninguna,Faltante,S/D,S/D
2020,3302,2020-06-02,Martes,12:00:00,,0.0,2,"Moto/Ciclomotor,Pickup/Utilitario",Avenida San Martin Y Sarmiento,2,1,0,0,1,0,0,"-31.453159263724,-61.704383240748",Avenida,,CLUCELLAS,Castellanos,Asfalto,No existe,V,Dentro,Urbana,Ninguna,No existe,Intersección,Bueno,Buena,Diurna,Buen Tiempo,Otro,S/D,Colisión,Ninguna,Faltante,Ninguna,Sin restricción
2020,3303,2020-07-21,Martes,09:45:00,,0.0,2,"Pickup/Utilitario,Moto/Ciclomotor",Saavedra Y Catamarca,2,1,0,0,1,0,0,"-31.64281, -60.71504",Calle,,SANTA FE,La Capital,Hormigón,No existe,I,Dentro,Urbana,Ninguna,No existe,Intersección,Bueno,Buena,Diurna,Buen Tiempo,Lateral,S/D,Colisión,Ninguna,Faltante,Ninguna,Sin restricción
2020,3304,2020-07-21,Martes,13:30:00,,0.0,2,"Automóvil,Transporte de Pasajeros Urbano (> 8 asientos)",Av Blas Parera Y Martin Zapata,2,0,0,0,0,0,2,"-31.615809961329,-60.717728526572",Avenida,,SANTA FE,La Capital,Asfalto,No existe,I,S/D,Urbana,Semáforo,Funciona,Intersección,Bueno,Buena,Diurna,Buen Tiempo,Lateral,S/D,Colisión,Ninguna,Vertical,Línea divisoria pintada,Sin restricción
2020,3305,2020-06-03,Miercoles,17:20:00,Ruta Nacional 34,132.0,2,"Camión c / Acoplado,Automóvil", ,2,2,0,0,0,0,0,"-32.03102, -61.60294",Ruta,34,CAÑADA ROSQUÍN,San MARTÍN,Asfalto,Natural,XVIII,Dentro,Rural,Marca Vial,No existe,Recta,Bueno,Buena,Diurna,Buen Tiempo,Frontal,S/D,Colisión,Ninguna,Horizontal,Línea divisoria pintada,Sin restricción
2020,3306,2020-07-21,Martes,11:30:00,,0.0,2,"Automóvil,Moto/Ciclomotor",Moreno Y E Aleman,2,0,1,0,1,0,0," -29.46105, -60.21337",Calle,,VERA,Vera,Asfalto,No existe,XIX,Dentro,Urbana,Ninguna,No existe,Intersección,Bueno,Buena,Diurna,Buen Tiempo,Lateral,S/D,Colisión,Ninguna,Faltante,Ninguna,Sin restricción
2020,3307,2020-06-13,Sabado,19:20:00,Ruta Nacional 33,779.0,2,"Moto/Ciclomotor,Automóvil", ,2,1,0,0,1,0,0,"-33.00877, -60.79542",Ruta,33,ZAVALLA,Rosario,Asfalto,Natural,II,Dentro,Rural,Marca Vial,No existe,Recta,Bueno,Buena,"Nocturna,Con luz artificial",Buen Tiempo,De alcance,S/D,Colisión,Ninguna,Horizontal,Línea divisoria pintada,Sin restricción
2020,3308,2020-07-21,Martes,19:30:00,,0.0,2,"Bicicleta,Automóvil",Mitre 2353,2,1,0,0,1,0,0,"-32.96457, -60.64414",Calle,,ROSARIO,Rosario,S/D,S/D,II,S/D,Urbana,S/D,S/D,Intersección,S/D,S/D,Atardecer,S/D,S/D,Ciclista,Atropello,S/D,S/D,Ninguna,S/D
2020,3309,2020-06-30,Martes,12:40:00,Autopista Nacional 9,282.0,2,"Automóvil,Camión", ,3,2,1,0,0,0,0,"-33.04997, -60.65992",Autopista,9,VILLA GOBERNADOR GÁLVEZ,Rosario,Asfalto,Pavimento,II,Dentro,Rural,Marca Vial,No existe,Recta,S/D,S/D,Diurna,Buen Tiempo,De alcance,S/D,Colisión,S/D,Horizontal,"Vegetación,S/D",Sin restricción
2020,3310,2020-07-01,Miercoles,,,0.0,1,Moto/Ciclomotor,Reconquista Y 2 de Abril,1,1,0,0,0,0,0,"-29.21828, -61.76738",S/D,,TOSTADO,9 de Julio,S/D,S/D,XII,S/D,S/D,S/D,S/D,S/D,S/D,S/D,S/D,S/D,Atropello animal,S/D,Colisión,S/D,S/D,S/D,S/D
2020,3311,2020-07-01,Miercoles,06:30:00,,0.0,2,"Pickup/Utilitario,Bicicleta",Urquiza Y Larrea,2,1,0,0,1,0,0,"-32.90741, -60.90922",S/D,,ROLDÁN,San Lorenzo,S/D,S/D,XVII,S/D,S/D,S/D,S/D,S/D,S/D,S/D,S/D,S/D,S/D,Ciclista,Atropello,S/D,S/D,S/D,S/D
2020,3312,2020-06-12,Viernes,18:40:00,,0.0,2,"Peatón,Automóvil",Bv. Oroño Y Rioja,2,1,0,0,1,0,0,"-32.944884764963,-60.653469477983",Avenida,,ROSARIO,Rosario,Asfalto,No existe,II,Dentro,Urbana,Semáforo,Funciona,Intersección,Bueno,Buena,Diurna,Buen Tiempo,S/D,Peatón,Atropello,Ninguna,"Horizontal,Vertical","Cordón divisorio,Vegetación,Línea divisoria pintada",Sin restricción
2020,3313,2020-07-09,Jueves,,Ruta Nacional 11,0.0,2,"Moto/Ciclomotor,Automóvil",Av San Martin Y Santiago del Estero,3,1,0,0,2,0,0,"-32.74133, -60.73406",Ruta,11,SAN LORENZO,San Lorenzo,Asfalto,S/D,XVII,S/D,Urbana,S/D,S/D,Intersección,S/D,S/D,S/D,S/D,S/D,S/D,Colisión,S/D,S/D,S/D,S/D
2020,3314,2020-07-01,Miercoles,18:00:00,,0.0,1,Moto/Ciclomotor,Sarmiento ,1,0,1,0,0,0,0,"-31.05992, -61.16797",S/D,,CORONDA,San JERÓNIMO,S/D,S/D,XV,S/D,S/D,S/D,S/D,S/D,S/D,S/D,S/D,S/D,S/D,S/D,Despiste,S/D,S/D,S/D,S/D
2020,3315,2020-06-12,Viernes,09:00:00,,0.0,2,"Bicicleta,Automóvil",Bv. Avellaneda Y San Juan,2,1,0,0,1,0,0,"-32.942828885117,-60.67996595428",Avenida,,ROSARIO,Rosario,Asfalto,No existe,II,Dentro,Urbana,Semáforo,Funciona,Intersección,Bueno,Buena,Diurna,Buen Tiempo,S/D,Ciclista,Atropello,Ninguna,"Horizontal,Vertical","Cordón divisorio,Vegetación,Línea divisoria pintada",Sin restricción
2020,3316,2020-07-09,Jueves,,,0.0,2,"Bicicleta,Automóvil",Cordoba Y Av Urquiza,2,1,0,0,1,0,0,"-31.62685, -60.70774",Calle,,SANTA FE,La Capital,Asfalto,S/D,I,S/D,Urbana,S/D,S/D,Intersección,S/D,S/D,S/D,S/D,S/D,Ciclista,Atropello,S/D,S/D,S/D,S/D
2020,3317,2020-07-10,Viernes,,,0.0,2,"Moto/Ciclomotor,Automóvil",San Lorenzo Y Martin Zapata,2,1,0,0,1,0,0,"-31.61782, -60.70919",Calle,,SANTA FE,La Capital,Asfalto,S/D,I,S/D,Urbana,S/D,S/D,Intersección,S/D,S/D,S/D,S/D,S/D,S/D,Colisión,S/D,S/D,S/D,S/D
2020,3318,2020-07-28,Martes,22:50:00,,0.0,2,"Pickup/Utilitario,Camión c / Acoplado", ,3,2,0,0,1,0,0,"-32.95883, -60.693",Calle,,ROSARIO,Rosario,S/D,S/D,II,S/D,S/D,S/D,S/D,S/D,S/D,S/D,S/D,S/D,S/D,S/D,S/D,S/D,S/D,S/D,S/D
2020,3319,2020-06-13,Sabado,14:50:00,,0.0,3,"Automóvil,Moto/Ciclomotor,Taxi/Remis",Av. Pellegrini Y Santiago,3,1,0,0,2,0,0,"-32.954010894954,-60.658727519339",Avenida,,ROSARIO,Rosario,Asfalto,No existe,II,Dentro,Urbana,Semáforo,Funciona,Intersección,Bueno,Buena,Diurna,Buen Tiempo,Múltiple,S/D,Colisión,Ninguna,"Horizontal,Vertical","Cordón divisorio,Vegetación,Línea divisoria pintada",Sin restricción