anio_acci,nro_acci,fecha,desc_dia,hora_aprox,desc_ruta,km,cant_participantes,desc_participante,calle_avenida_km,total,heridos_leves,heridos_graves,heridos_gravisimos,ilesos,fallecidos,sin_datos,posicion_XY,desc_tipo_via,desc_ruta_ori,desc_loc,desc_dpto,desc_tipo_calzada,desc_tipo_banquina,desc_unidad_regional,desc_lugar_calzada,desc_zona,desc_prioridad,desc_estado_semaforo,desc_lugar_via,desc_estado_via,desc_estado_visibilidad,desc_luminosidad,desc_estado_clima,desc_tipo_colision,desc_tipo_atropello,desc_tipo_hecho,desc_pres_calzada,desc_senializacion,desc_separacion_via,desc_restriccion
2020,3320,2020-06-08,Lunes,19:30:00,,0.0,2,"Automóvil,Moto/Ciclomotor",Bv. 27 De Febrero Y España,3,1,0,0,2,0,0,"-32.966173224752,-60.651862261544",Avenida,,ROSARIO,Rosario,Asfalto,No existe,II,Dentro,Urbana,Semáforo,Funciona,Intersección,Bueno,Buena,Atardecer,Buen Tiempo,S/D,S/D,Colisión,Ninguna,"Horizontal,Vertical","Cordón divisorio,Línea divisoria pintada",Sin restricción
2020,3321,2020-07-10,Viernes,,Ruta Nacional 11,0.0,2,"Moto/Ciclomotor,Automóvil",Av San Martin Y Belgrano,2,1,0,0,1,0,0,"-32.78225, -60.72656",Ruta,11,FRAY LUIS BELTRÁN,San Lorenzo,Asfalto,S/D,XVII,S/D,Urbana,S/D,S/D,Intersección,S/D,S/D,S/D,S/D,S/D,S/D,Colisión,S/D,S/D,S/D,S/D
2020,3323,2020-07-10,Viernes,,,0.0,1,Taxi/Remis,San Juan Y Juan M De Rosas,1,1,0,0,0,0,0,"-32.7514, -60.73981",Calle,,SAN LORENZO,San Lorenzo,Asfalto,S/D,XVII,S/D,Urbana,S/D,S/D,Intersección,S/D,S/D,S/D,S/D,S/D,S/D,Vuelco,S/D,S/D,S/D,S/D
2020,3324,2020-06-17,Miercoles,13:40:00,,0.0,2,"Peatón,Automóvil",3 De Febrero Y Mariano Moreno,2,1,0,0,1,0,0,"-32.950549174901,-60.652175543379",Calle,,ROSARIO,Rosario,Asfalto,No existe,II,Dentro,Urbana,Paso Peatonal,No existe,Intersección,Bueno,Buena,Diurna,Buen Tiempo,S/D,Peatón,Atropello,Ninguna,"Horizontal,Vertical",Ninguna,Sin restricción
2020,3325,2020-07-11,Sabado,,Ruta Nacional 11,0.0,1,Automóvil,Ruta Nac 11 Y Faustino Sarmiento,1,1,0,0,0,0,0,"-31.78698, -60.8552",Ruta,11,SAUCE VIEJO,La Capital,Asfalto,S/D,I,S/D,Urbana,S/D,S/D,Curva,S/D,S/D,S/D,S/D,S/D,S/D,Vuelco,S/D,S/D,S/D,S/D
2020,3326,2020-06-30,Martes,18:55:00,,0.0,2,"Pickup/Utilitario,Moto/Ciclomotor",Casiano Casas Y Superi,2,1,0,0,1,0,0,"-32.896937065228,-60.714646617411",Calle,,ROSARIO,Rosario,Asfalto,No existe,II,Dentro,Urbana,Otra Señal,No existe,Intersección,Bueno,Buena,Atardecer,Buen Tiempo,S/D,S/D,Colisión,Ninguna,Vertical,Ninguna,Sin restricción
2020,3327,2020-07-02,Jueves,21:15:00,,0.0,2,"Automóvil,Peatón", ,2,1,0,0,1,0,0,"-33.02451, -60.63308",S/D,,VILLA GOBERNADOR GÁLVEZ,Rosario,S/D,S/D,II,S/D,S/D,S/D,S/D,S/D,S/D,S/D,S/D,S/D,S/D,Peatón,Atropello,S/D,S/D,S/D,S/D
2020,3328,2020-07-12,Domingo,,Ruta Nacional 11,483.0,2,"Bicicleta,Moto/Ciclomotor",Ruta Nacional 11 ,2,0,2,0,0,0,0,"-31.50374, -60.72797",Ruta,11,RECREO,La Capital,Asfalto,S/D,I,S/D,Urbana,S/D,S/D,Recta,S/D,S/D,S/D,S/D,S/D,Ciclista,Atropello,S/D,S/D,S/D,S/D
2020,3329,2020-06-16,Martes,15:20:00,,0.0,2,"Automóvil,Bicicleta",España 300,3,1,0,0,2,0,0,"-32.93911315949,-60.645049550484",Calle,,ROSARIO,Rosario,Asfalto,No existe,II,Dentro,Urbana,Semáforo,Funciona,Intersección,Bueno,Buena,Diurna,Buen Tiempo,S/D,Ciclista,Atropello,Ninguna,"Horizontal,Vertical",Línea divisoria pintada,Sin restricción
2020,3331,2020-07-12,Domingo,,,0.0,2,"Pickup/Utilitario,Moto/Ciclomotor",Av. Ovidio Lagos Y Lamadrid,2,0,1,0,1,0,0,"-32.99791, -60.67484",Calle,,ROSARIO,Rosario,Asfalto,S/D,II,S/D,Urbana,S/D,S/D,Intersección,S/D,S/D,S/D,S/D,S/D,S/D,Colisión,S/D,S/D,S/D,S/D
2020,3332,2020-05-26,Martes,13:00:00,,0.0,2,"Automóvil,Moto/Ciclomotor",Bvard 20 de Junio Y Sgo del Estero,2,1,0,0,1,0,0,"    -32.03051, -61.21444",Calle,,GÁLVEZ,San JERÓNIMO,Asfalto,S/D,XV,Dentro,Urbana,S/D,S/D,Intersección,S/D,S/D,Diurna,S/D,S/D,S/D,Colisión,S/D,S/D,S/D,S/D
2020,3333,2020-10-23,Viernes,11:00:00,,0.0,2,"Automóvil,Moto/Ciclomotor",Alvear Y San Lorenzo,4,1,0,0,3,0,0,"-32.941196814405,-60.654068114406",S/D,,ROSARIO,Rosario,Asfalto,No existe,II,Dentro,Urbana,Señal Pare,No existe,Intersección,Bueno,Buena,Diurna,Buen Tiempo,S/D,S/D,Colisión,Ninguna,"Horizontal,Vertical",Ninguna,Sin restricción
2020,3334,2020-07-02,Jueves,,,0.0,2,"Pickup/Utilitario,Moto/Ciclomotor",Agrelo Y Godoy Cruz,2,1,0,0,1,0,0,"-32.88949, -60.69242",S/D,,ROSARIO,Rosario,S/D,S/D,II,S/D,S/D,S/D,S/D,S/D,S/D,S/D,S/D,S/D,S/D,S/D,S/D,S/D,S/D,S/D,S/D
2020,3335,2020-07-13,Lunes,,,0.0,2,"Moto/Ciclomotor,Otros",Av Blas Parera Y Pavon,2,0,1,0,0,0,1,"-31.58984, -60.72484",Calle,,SANTA FE,La Capital,Asfalto,S/D,I,S/D,Urbana,S/D,S/D,Intersección,S/D,S/D,S/D,S/D,S/D,S/D,Colisión,S/D,S/D,S/D,S/D
2020,3336,2020-07-14,Martes,,,0.0,2,"Automóvil,Moto/Ciclomotor",Mar del Plata Y Av. Luis Carballo,2,0,1,0,1,0,0,"-32.92228, -60.68209",Calle,,ROSARIO,Rosario,Asfalto,S/D,II,S/D,Urbana,S/D,S/D,Intersección,S/D,S/D,S/D,S/D,S/D,S/D,Colisión,S/D,S/D,S/D,S/D
2020,3337,2020-06-12,Viernes,09:50:00,,0.0,2,"Moto/Ciclomotor,Bicicleta",Laprida Y San Juan,2,2,0,0,0,0,0,"-32.950971133849,-60.634955387147",Calle,,ROSARIO,Rosario,Asfalto,No existe,II,Dentro,Urbana,Señal Pare,No existe,Intersección,Bueno,Buena,Diurna,Buen Tiempo,S/D,Ciclista,Atropello,Ninguna,"Horizontal,Vertical",Línea divisoria pintada,Sin restricción
2020,3338,2020-06-30,Martes,,Ruta Nacional 33,550.0,1,Automóvil, ,3,3,0,0,0,0,0,"-34.24851, -62.65514",Ruta,33,RUFINO,General LÓPEZ,S/D,S/D,VIII,S/D,S/D,S/D,S/D,S/D,S/D,S/D,S/D,S/D,S/D,S/D,Vuelco,S/D,S/D,S/D,S/D
2020,3339,2020-07-14,Martes,,,0.0,2,"Peatón,Automóvil",Garay ,2,1,0,0,1,0,0,"-31.96729, -60.9185",Calle,,CORONDA,San JERÓNIMO,Asfalto,S/D,XV,S/D,Urbana,S/D,S/D,Recta,S/D,S/D,S/D,S/D,S/D,Peatón,Atropello,S/D,S/D,S/D,S/D
2020,3340,2020-06-08,Lunes,16:25:00,,0.0,2,"Moto/Ciclomotor,Automóvil",Necochea 1400,2,1,0,0,1,0,0,"-32.95629954083,-60.626068399409",Calle,,ROSARIO,Rosario,Asfalto,No existe,II,Dentro,Urbana,Paso Peatonal,No existe,Intersección,Bueno,Buena,Diurna,Buen Tiempo,S/D,S/D,Colisión,Ninguna,Horizontal,Ninguna,Sin restricción
2020,3341,2020-07-02,Jueves,,,0.0,2,"Moto/Ciclomotor,Pickup/Utilitario",12 de Octubre Y Sarmiento,2,1,0,0,1,0,0,"-29.23194, -61.77088",S/D,,TOSTADO,9 de Julio,S/D,S/D,XII,S/D,S/D,S/D,S/D,S/D,S/D,S/D,S/D,S/D,S/D,S/D,S/D,S/D,S/D,S/D,S/D
2020,3342,2020-07-14,Martes,,,0.0,2,"Moto/Ciclomotor,Moto/Ciclomotor",Hipolito Irigoyen Y Bvard Pasteur,3,3,0,0,0,0,0,"-32.03198, -61.22528",Calle,,GÁLVEZ,San JERÓNIMO,Asfalto,S/D,XV,S/D,Urbana,S/D,S/D,Intersección,S/D,S/D,S/D,S/D,S/D,S/D,Colisión,S/D,S/D,S/D,S/D
2020,3343,2020-07-14,Martes,14:00:00,Autopista Nacional A007,6.5,2,"Camión,Moto/Ciclomotor",Av Circunvalaci�n ,3,1,0,0,1,1,0,"-31.66834, -60.72997",Autopista,A007,SANTA FE,La Capital,Asfalto,No existe,I,Dentro,Urbana,Ninguna,No existe,Rotonda,Bueno,Buena,Diurna,Buen Tiempo,Lateral,S/D,Colisión,Ninguna,Faltante,"Guardarrail,S/D",Sin restricción
2020,3344,2020-05-15,Viernes,15:25:00,,0.0,2,"Automóvil,Automóvil",San Luis Y Santiago,3,1,1,0,1,0,0,"-32.945840910085,-60.656663669725",Calle,,ROSARIO,Rosario,Asfalto,No existe,II,Dentro,Urbana,Paso Peatonal,No existe,Intersección,Bueno,Buena,Diurna,Buen Tiempo,S/D,S/D,Colisión,Ninguna,Horizontal,Línea divisoria pintada,Sin restricción
2020,3346,2020-07-02,Jueves,18:35:00,,0.0,2,"Bicicleta,Moto/Ciclomotor",J M Rosas ,2,0,1,0,1,0,0,"-32.81914, -60.7181",S/D,,CAPITÁN BERMÚDEZ,San Lorenzo,S/D,S/D,XVII,S/D,S/D,S/D,S/D,S/D,S/D,S/D,S/D,S/D,S/D,Ciclista,Atropello,S/D,S/D,S/D,S/D
2020,3347,2020-05-25,Lunes,,Ruta Provincial 10,0.0,2,"Pickup/Utilitario,Moto/Ciclomotor",Bvard 20 de Junio Y Dorrego,2,1,0,0,1,0,0,"    -32.03137, -61.21569",Ruta,10,GÁLVEZ,San JERÓNIMO,Hormigón,No existe,XV,Dentro,Urbana,Ninguna,No existe,Intersección,S/D,S/D,Nocturna,S/D,S/D,S/D,Colisión,S/D,S/D,S/D,S/D
2020,3348,2020-06-01,Lunes,13:50:00,,0.0,2,"Moto/Ciclomotor,Automóvil",Bv. Oroño Y Jujuy,2,1,0,0,1,0,0,"-32.935559453724,-60.651131304906",Avenida,,ROSARIO,Rosario,Asfalto,No existe,II,Dentro,Urbana,Paso Peatonal,No existe,Intersección,Bueno,Buena,Diurna,Buen Tiempo,S/D,S/D,Colisión,Ninguna,Horizontal,"Cordón divisorio,Vegetación",Sin restricción
2020,3349,2020-07-11,Sabado,,Ruta Nacional A012,0.0,1,Pickup/Utilitario, ,1,1,0,0,0,0,0,"-32.77109, -60.91147",Ruta,A012,LUIS PALACIOS,San Lorenzo,Asfalto,S/D,XV,S/D,Urbana,S/D,S/D,Curva,S/D,S/D,S/D,S/D,Contra objeto fijo,S/D,Colisión,S/D,S/D,S/D,S/D
2020,3350,2020-07-03,Viernes,18:00:00,,0.0,1,Moto/Ciclomotor,AV HIPOLITO YRIGOYEN ,1,1,0,0,0,0,0,"-29.05488, -60.41434",S/D,,FORTÍN OLMOS,Vera,S/D,S/D,XIX,S/D,S/D,S/D,S/D,S/D,S/D,S/D,S/D,S/D,S/D,S/D,Despiste,S/D,S/D,S/D,S/D
2020,3351,2020-05-25,Lunes,,,0.0,2,"Bicicleta,Automóvil", ,2,1,0,0,1,0,0,"    -31.44865, -60.93057",Calle,,ESPERANZA,Las Colonias,S/D,S/D,XI,Dentro,Urbana,S/D,No existe,Intersección,S/D,S/D,S/D,S/D,S/D,Ciclista,Atropello,S/D,S/D,S/D,S/D
2020,3353,2020-07-04,Sabado,06:55:00,,0.0,2,"Moto/Ciclomotor,Automóvil",Tucuman Y Av Pellegrini,2,1,0,0,1,0,0,"-31.89249, -61.85875",S/D,,SAN JORGE,San MARTÍN,S/D,S/D,XVIII,S/D,S/D,S/D,S/D,S/D,S/D,S/D,S/D,S/D,S/D,S/D,S/D,S/D,S/D,S/D,S/D
2020,3354,2020-06-02,Martes,16:05:00,,0.0,2,"Moto/Ciclomotor,Pickup/Utilitario",Cordoba 3000,2,1,0,0,1,0,0,"-32.941762948993,-60.664156640197",Calle,,ROSARIO,Rosario,Asfalto,No existe,II,Dentro,Urbana,Semáforo,Funciona,Intersección,Bueno,Buena,Diurna,Buen Tiempo,S/D,S/D,Colisión,Ninguna,"Horizontal,Vertical",Línea divisoria pintada,Sin restricción
2020,3355,2020-06-15,Lunes,01:30:00,,0.0,2,"Automóvil,Moto/Ciclomotor",E.Zeballos Y Suipacha,2,0,1,0,1,0,0,"-32.950339577717,-60.666333529083",Calle,,ROSARIO,Rosario,Asfalto,No existe,II,Dentro,Urbana,Ninguna,No existe,Intersección,Bueno,Buena,Diurna,Buen Tiempo,S/D,S/D,Colisión,Ninguna,Faltante,Ninguna,Sin restricción
2020,3356,2020-05-26,Martes,,,0.0,2,"Vehículo Oficial,Automóvil",Tucuman Y General Manuel Belgrano,2,1,0,0,1,0,0,"    -33.04489, -61.15796",Calle,,CASILDA,Caseros,Hormigón,S/D,IV,Dentro,Urbana,Ninguna,No existe,Intersección,S/D,S/D,S/D,S/D,S/D,S/D,Colisión,S/D,S/D,S/D,S/D
2020,3357,2020-07-09,Jueves,11:00:00,,0.0,2,"Moto/Ciclomotor,Pickup/Utilitario",Calle 44-27 de Abril Y Calle 89,2,1,0,0,1,0,0,"-29.17688, -59.66069",Calle,,RECONQUISTA,General Obligado,Asfalto,S/D,IX,S/D,Urbana,S/D,S/D,S/D,S/D,S/D,S/D,S/D,S/D,S/D,Colisión,S/D,S/D,S/D,S/D
2020,3358,2020-07-04,Sabado,,,0.0,2,"Pickup/Utilitario,Moto/Ciclomotor", ,2,0,1,0,1,0,0,"-31.97352, -60.92064",S/D,,CORONDA,San JERÓNIMO,S/D,S/D,XV,S/D,S/D,S/D,S/D,S/D,S/D,S/D,S/D,S/D,S/D,S/D,S/D,S/D,S/D,S/D,S/D
2020,3359,2020-06-05,Viernes,12:20:00,,0.0,2,"Moto/Ciclomotor,Pickup/Utilitario",9 De Julio Y Constitucion,3,1,0,0,2,0,0,"-32.947473149393,-60.675544609106",Calle,,ROSARIO,Rosario,Asfalto,No existe,II,Dentro,Urbana,Ninguna,No existe,Intersección,Bueno,Buena,Diurna,Buen Tiempo,S/D,S/D,Colisión,Ninguna,Faltante,Ninguna,Sin restricción
2020,3360,2020-05-26,Martes,,,0.0,2,"Automóvil,Moto/Ciclomotor",Buenos Aires ,2,1,0,0,1,0,0,"    -30.93785, -61.55397",Calle,,SUNCHALES,Castellanos,S/D,S/D,V,Dentro,Urbana,Ninguna,S/D,Intersección,S/D,S/D,Diurna,S/D,S/D,S/D,Colisión,S/D,S/D,S/D,S/D
2020,3361,2020-07-09,Jueves,04:30:00,Ruta Provincial 21,0.0,2,"Pickup/Utilitario,Automóvil",Av Gral San Martin Y Av de Circunvalacion,3,3,0,0,0,0,0,"-33.01685, -60.63388",Ruta,21,VILLA GOBERNADOR GÁLVEZ,Rosario,Asfalto,S/D,II,S/D,Urbana,S/D,S/D,Intersección,S/D,S/D,S/D,S/D,S/D,S/D,Colisión,S/D,S/D,S/D,S/D
2020,3362,2020-07-04,Sabado,22:00:00,,0.0,2,"Moto/Ciclomotor,Automóvil",1ro de Mayo Y Cordoba,2,1,0,0,0,0,1,"-32.03785, -61.22437",S/D,,GÁLVEZ,San JERÓNIMO,S/D,S/D,XV,S/D,S/D,S/D,S/D,S/D,S/D,S/D,S/D,S/D,S/D,S/D,S/D,S/D,S/D,S/D,S/D
2020,3363,2020-06-11,Jueves,18:05:00,,0.0,2,"Automóvil,Automóvil",3 De Febrero Y Suipacha,3,1,0,0,2,0,0,"-32.948123503114,-60.665770974958",Calle,,ROSARIO,Rosario,Asfalto,No existe,II,Dentro,Urbana,Ninguna,No existe,Intersección,Bueno,Buena,Diurna,Buen Tiempo,S/D,S/D,Colisión,Ninguna,Faltante,Ninguna,Sin restricción
2020,3364,2020-07-10,Viernes,,Ruta Secundaria 4-s,0.0,2,"Moto/Ciclomotor,Automóvil",Alvear Y Miguel de Azcuenaga,2,1,0,0,1,0,0,"-33.75068, -61.96917",Ruta,4-s,VENADO TUERTO,General LÓPEZ,Asfalto,S/D,VIII,S/D,Urbana,S/D,S/D,Intersección,S/D,S/D,S/D,S/D,S/D,S/D,Colisión,S/D,S/D,S/D,S/D
2020,3365,2020-05-27,Miercoles,,,0.0,2,"Moto/Ciclomotor,Taxi/Remis",Av. Pellegrini Y Buenos Aires,2,1,0,0,1,0,0,"    -32.95823, -60.63541",Avenida,,ROSARIO,Rosario,Asfalto,Ripio,II,Dentro,Urbana,S/D,S/D,Intersección,S/D,S/D,S/D,S/D,Lateral,S/D,Colisión,S/D,S/D,S/D,Sin restricción
2020,3366,2020-07-04,Sabado,14:30:00,,0.0,2,"Moto/Ciclomotor,Moto/Ciclomotor", ,4,4,0,0,0,0,0,"-31.89757, -61.86013",S/D,,SAN JORGE,San MARTÍN,S/D,S/D,XVIII,S/D,S/D,S/D,S/D,S/D,S/D,S/D,S/D,S/D,S/D,S/D,S/D,S/D,S/D,S/D,S/D
2020,3367,2020-07-10,Viernes,,,0.0,2,"Moto/Ciclomotor,Moto/Ciclomotor",Almafuerte Y Quintana,2,2,0,0,0,0,0,"-33.73286, -61.96987",Calle,,VENADO TUERTO,General LÓPEZ,Asfalto,S/D,VIII,S/D,Urbana,S/D,S/D,Intersección,S/D,S/D,S/D,S/D,S/D,S/D,Colisión,S/D,S/D,S/D,S/D
2020,3368,2020-06-16,Martes,15:25:00,,0.0,2,"Moto/Ciclomotor,Pickup/Utilitario",Olegario V.Andrade Y Sarmiento,2,1,0,0,1,0,0,"-32.995862953533,-60.649196139486",Calle,,ROSARIO,Rosario,Asfalto,No existe,II,Dentro,Urbana,Ninguna,No existe,Intersección,Bueno,Buena,Diurna,Buen Tiempo,De alcance,S/D,Colisión,Ninguna,Faltante,Ninguna,Sin restricción
2020,3369,2020-07-10,Viernes,20:30:00,,0.0,1,Moto/Ciclomotor,España 350,1,1,0,0,0,0,0,"-33.74745, -61.95984",Calle,,VENADO TUERTO,General LÓPEZ,Asfalto,S/D,VIII,S/D,Urbana,S/D,S/D,Recta,S/D,S/D,S/D,S/D,Atropello animal,S/D,Colisión,S/D,S/D,S/D,S/D
2020,3370,2020-05-27,Miercoles,,,0.0,2,"Vehículo Oficial,Otros",Mitre ,2,1,0,0,1,0,0,"    -31.60483, -60.68142",Calle,,SANTA FE,La Capital,Asfalto,No existe,I,Dentro,Urbana,Ninguna,No existe,Intersección,S/D,S/D,S/D,S/D,Lateral,S/D,Colisión,S/D,S/D,S/D,S/D
2020,3371,2020-06-01,Lunes,14:45:00,,0.0,2,"Bicicleta,Pickup/Utilitario",Av. Uriburu Y Mitre,3,2,0,0,1,0,0,"-32.990871453276,-60.650795815256",Avenida,,ROSARIO,Rosario,Asfalto,No existe,II,Dentro,Urbana,Paso Peatonal,No existe,Intersección,Bueno,Buena,Diurna,Buen Tiempo,S/D,Ciclista,Atropello,Ninguna,"Horizontal,Vertical","Cordón divisorio,Vegetación,Línea divisoria pintada",Sin restricción
2020,3372,2020-07-10,Viernes,21:00:00,,0.0,2,"Moto/Ciclomotor,Automóvil",Rosa Maria Alarcon de Larriera 1200,4,3,0,0,1,0,0,"-33.73593, -61.98075",Calle,,VENADO TUERTO,General LÓPEZ,Asfalto,S/D,VIII,S/D,Urbana,S/D,S/D,Recta,S/D,S/D,S/D,S/D,S/D,S/D,Colisión,S/D,S/D,S/D,S/D
2020,3373,2020-07-04,Sabado,20:50:00,,0.0,2,"Bicicleta,Moto/Ciclomotor", ,2,0,1,0,0,0,1,"-29.68888, -60.25143",S/D,,MARGARITA,Vera,S/D,S/D,XIX,S/D,S/D,S/D,S/D,S/D,S/D,S/D,S/D,S/D,S/D,Ciclista,Atropello,S/D,S/D,S/D,S/D
2020,3374,2020-07-11,Sabado,21:00:00,,0.0,2,"Moto/Ciclomotor,Moto/Ciclomotor",Urquiza Y Libertad,2,1,1,0,0,0,0,"-32.82975, -61.3942",Calle,,CAÑADA DE GÓMEZ,Iriondo,Asfalto,S/D,X,S/D,Urbana,S/D,S/D,Intersección,S/D,S/D,S/D,S/D,S/D,S/D,Colisión,S/D,S/D,S/D,S/D
2020,3375,2020-05-30,Sabado,,,0.0,1,Moto/Ciclomotor,1 de mayo 937,1,1,0,0,0,0,0,"    -31.69541, -60.78567",Calle,,SANTO TOMÉ,La Capital,S/D,S/D,I,Dentro,Urbana,S/D,S/D,Intersección,S/D,S/D,S/D,S/D,S/D,S/D,"Cañda ocupante,Despiste",S/D,S/D,S/D,S/D
2020,3376,2020-06-04,Jueves,11:25:00,,0.0,2,"Bicicleta,Automóvil",Beruti Y Dean Funes,2,1,0,0,1,0,0,"-32.978859342789,-60.627432015518",Calle,,ROSARIO,Rosario,Asfalto,No existe,II,Dentro,Urbana,Ninguna,No existe,Intersección,Bueno,Buena,Diurna,Buen Tiempo,S/D,Ciclista,Atropello,Ninguna,Faltante,Ninguna,Sin restricción
2020,3377,2020-05-30,Sabado,,,0.0,2,"Moto/Ciclomotor,Moto/Ciclomotor",Buenos Aires Y Independencia,2,2,0,0,0,0,0,"    -32.05305, -61.59449",Calle,,CAÑADA ROSQUÍN,San MARTÍN,Asfalto,S/D,I,Dentro,Urbana,Ninguna,No existe,Intersección,S/D,S/D,S/D,S/D,Lateral,S/D,Colisión,S/D,S/D,S/D,S/D
2020,3378,2020-06-09,Martes,15:20:00,,0.0,2,"Moto/Ciclomotor,Moto/Ciclomotor",Ameghino Y Laprida,2,1,0,0,1,0,0,"-32.987800885297,-60.644482286443",Calle,,ROSARIO,Rosario,Asfalto,No existe,II,Dentro,Urbana,Ninguna,No existe,Intersección,Bueno,Buena,Diurna,Buen Tiempo,Lateral,S/D,Colisión,Ninguna,Faltante,Ninguna,Sin restricción
2020,3379,2020-07-05,Domingo,,,0.0,2,"Moto/Ciclomotor,Pickup/Utilitario",AGUSTO CABANIUS Y BELGRANO,2,1,0,0,1,0,0,"-34.32448, -62.03533",S/D,,SAN GREGORIO,General LÓPEZ,S/D,S/D,VIII,S/D,S/D,S/D,S/D,S/D,S/D,S/D,S/D,S/D,S/D,S/D,S/D,S/D,S/D,S/D,S/D
2020,3380,2020-05-31,Domingo,,,0.0,2,"Automóvil,Automóvil",Dean Funes 4400,2,1,0,0,1,0,0,"    -32.96753, -60.69065",Calle,,ROSARIO,Rosario,Asfalto,S/D,II,Dentro,Urbana,S/D,No existe,Intersección,S/D,S/D,S/D,S/D,Lateral,S/D,Colisión,S/D,S/D,S/D,S/D
2020,3381,2020-07-05,Domingo,,,0.0,2,"Moto/Ciclomotor,Automóvil",San Martin Y Misiones,2,0,1,0,1,0,0,"-33.8862, -61.68794",S/D,,SANTA ISABEL,General LÓPEZ,S/D,S/D,VIII,S/D,S/D,S/D,S/D,S/D,S/D,S/D,S/D,S/D,S/D,S/D,S/D,S/D,S/D,S/D,S/D
2020,3382,2020-05-27,Miercoles,06:45:00,,0.0,2,"Automóvil,Bicicleta",Bv San Martin Y Lisandro De La Torre,2,1,0,0,1,0,0,"    -32.23454, -60.98159",Avenida,,BARRANCAS,San JERÓNIMO,S/D,S/D,XV,Dentro,Urbana,S/D,S/D,Intersección,S/D,S/D,Amanecer,S/D,S/D,Ciclista,Atropello,S/D,S/D,S/D,S/D
2020,3383,2020-06-26,Viernes,17:50:00,,0.0,2,"Moto/Ciclomotor,Moto/Ciclomotor",Guemes Gral Y Rotania,2,1,0,0,1,0,0,"-30.946032106876377,-61.54794216156",Calle,,SUNCHALES,Castellanos,Hormigón,No existe,V,Dentro,Urbana,Otra Señal,No existe,Recta,Bueno,Buena,Diurna,Buen Tiempo,De alcance,S/D,Colisión,Ninguna,Vertical,S/D,Sin restricción
2020,3384,2020-07-11,Sabado,,,0.0,2,"Moto/Ciclomotor,Automóvil",Quintana Y A. Capdevila,2,1,0,0,1,0,0,"-32.80714, -61.39734",Calle,,CAÑADA DE GÓMEZ,Iriondo,Asfalto,S/D,X,S/D,Urbana,S/D,S/D,Intersección,S/D,S/D,S/D,S/D,S/D,S/D,Colisión,S/D,S/D,S/D,S/D
2020,3385,2020-06-12,Viernes,10:00:00,,0.0,2,"Moto/Ciclomotor,Automóvil",Alberdi Y Cordoba,2,1,0,0,1,0,0,"-31.68073275489,-60.771885583704",Calle,,SANTA FE,La Capital,Asfalto,No existe,I,Dentro,Urbana,Ninguna,No existe,Intersección,Bueno,Buena,Diurna,Buen Tiempo,Lateral,S/D,Colisión,Ninguna,Vertical,Ninguna,Sin restricción
2020,3386,2020-07-05,Domingo,19:20:00,,0.0,2,"Automóvil,Moto/Ciclomotor",Bv Domingo F Sarmiento 971,3,2,0,0,1,0,0,"-32.45772, -60.88848",S/D,,MACIEL,San JERÓNIMO,S/D,S/D,XV,S/D,S/D,S/D,S/D,S/D,S/D,S/D,S/D,S/D,S/D,S/D,S/D,S/D,S/D,S/D,S/D
2020,3387,2020-07-11,Sabado,13:30:00,,0.0,3,"Automóvil,Moto/Ciclomotor,Moto/Ciclomotor",Mariano Moreno Y Gregorio Donnet,5,0,0,0,2,0,3,"-31.44422, -60.9309",Calle,,ESPERANZA,Las Colonias,Asfalto,S/D,XI,S/D,Urbana,S/D,S/D,Intersección,S/D,S/D,S/D,S/D,S/D,S/D,Colisión,S/D,S/D,S/D,S/D
2020,3388,2020-07-27,Lunes,18:30:00,,0.0,2,"Bicicleta,Moto/Ciclomotor",Rafaela ,3,0,2,0,1,0,0,"-32.95883, -60.693",Avenida,,ROSARIO,Rosario,Asfalto,No existe,II,Dentro,Urbana,Ninguna,No existe,Intersección,Bueno,S/D,Nocturna,Buen Tiempo,S/D,Ciclista,Atropello,Ninguna,Faltante,Ninguna,Sin restricción
2020,3389,2020-07-12,Domingo,20:30:00,,0.0,2,"Moto/Ciclomotor,Moto/Ciclomotor",Juan Jose Castelli Y Carlos Pellegrini,3,1,0,0,2,0,0,"-33.74892, -61.96156",Calle,,VENADO TUERTO,General LÓPEZ,Asfalto,S/D,VIII,S/D,Urbana,S/D,S/D,Intersección,S/D,S/D,S/D,S/D,S/D,S/D,Colisión,S/D,S/D,S/D,S/D
2020,3390,2020-06-12,Viernes,22:10:00,,0.0,2,"Moto/Ciclomotor,Automóvil",J Castelli Y Lisandro de la Torre,2,1,0,0,1,0,0,"-31.679463, -60.768235",Calle,,SANTA FE,La Capital,Asfalto,No existe,I,Dentro,Urbana,Ninguna,No existe,Intersección,Bueno,Reducida,Nocturna,Buen Tiempo,De alcance,S/D,Colisión,Ninguna,Faltante,Ninguna,Sin restricción
2020,3391,2020-07-12,Domingo,11:00:00,,0.0,2,"Automóvil,Moto/Ciclomotor",Calle 47-Islas Malvinas Y Calle 24 - Olessio,3,2,0,0,1,0,0,"-29.161, -59.65195",Calle,,RECONQUISTA,General Obligado,Asfalto,S/D,IX,S/D,Urbana,S/D,S/D,Intersección,S/D,S/D,S/D,S/D,S/D,S/D,Colisión,S/D,S/D,S/D,S/D
2020,3392,2020-07-06,Lunes,,,0.0,2,"Moto/Ciclomotor,Automóvil",Simon De Iriondo Y Mitre,2,1,0,0,1,0,0,"-31.49207, -60.73387",S/D,,SANTA FE,La Capital,S/D,S/D,I,S/D,S/D,S/D,S/D,S/D,S/D,S/D,S/D,S/D,S/D,S/D,S/D,S/D,S/D,S/D,S/D
2020,3393,2020-06-22,Lunes,16:45:00,,0.0,2,"Automóvil,Pickup/Utilitario",Lainez Y Melincue,2,1,0,0,1,0,0,"-33.005238674785,-60.647761227866",Calle,,ROSARIO,Rosario,Asfalto,No existe,II,Dentro,Urbana,Ninguna,No existe,Intersección,Bueno,Buena,Diurna,Buen Tiempo,S/D,S/D,Colisión,Ninguna,Faltante,Ninguna,Sin restricción
2020,3394,2020-06-27,Sabado,16:30:00,,0.0,3,"Moto/Ciclomotor,Moto/Ciclomotor,Automóvil",Av. Corrientes Y Dr.Rivas,3,2,0,0,1,0,0,"-32.982909497305,-60.651725798177",Calle,,ROSARIO,Rosario,Asfalto,No existe,II,Dentro,Urbana,Ninguna,No existe,Intersección,Bueno,Buena,Diurna,Buen Tiempo,"Lateral,Múltiple",S/D,Colisión,Ninguna,Faltante,Ninguna,Sin restricción
2020,3395,2020-07-06,Lunes,16:20:00,Ruta Provincial 13,0.0,1,Moto/Ciclomotor, ,2,2,0,0,0,0,0,"-32.05357, -61.79437",Ruta,13,CARLOS PELLEGRINI,San MARTÍN,S/D,S/D,XVIII,S/D,S/D,S/D,S/D,S/D,S/D,S/D,S/D,S/D,S/D,S/D,Despiste,S/D,S/D,S/D,S/D