anio_acci,nro_acci,fecha,desc_dia,hora_aprox,desc_ruta,km,cant_participantes,desc_participante,calle_avenida_km,total,heridos_leves,heridos_graves,heridos_gravisimos,ilesos,fallecidos,sin_datos,posicion_XY,desc_tipo_via,desc_ruta_ori,desc_loc,desc_dpto,desc_tipo_calzada,desc_tipo_banquina,desc_unidad_regional,desc_lugar_calzada,desc_zona,desc_prioridad,desc_estado_semaforo,desc_lugar_via,desc_estado_via,desc_estado_visibilidad,desc_luminosidad,desc_estado_clima,desc_tipo_colision,desc_tipo_atropello,desc_tipo_hecho,desc_pres_calzada,desc_senializacion,desc_separacion_via,desc_restriccion
2020,3396,2020-07-12,Domingo,14:30:00,,0.0,2,"Moto/Ciclomotor,Peatón",Av 18 de Junio Y Gral Guemes,2,2,0,0,0,0,0,"-29.35286, -59.97264",Calle,,MALABRIGO,General Obligado,Asfalto,S/D,VIII,S/D,Urbana,S/D,S/D,Intersección,S/D,S/D,S/D,S/D,S/D,Peatón,Atropello,S/D,S/D,S/D,S/D
2020,3397,2020-06-15,Lunes,22:50:00,,0.0,1,Moto/Ciclomotor,Simon De Iriondo Y Uruguay,2,1,0,0,1,0,0,"-31.683788769654,-60.762334816826",Calle,,SANTA FE,La Capital,Asfalto,No existe,I,Dentro,Urbana,Ninguna,No existe,Intersección,Bueno,Reducida,Nocturna,Buen Tiempo,Atropello animal,S/D,Colisión,Ninguna,Faltante,Ninguna,Sin restricción
2020,3398,2020-06-03,Miercoles,14:20:00,,0.0,2,"Automóvil,Automóvil",Bv. Rondeau Y Matheu,2,1,0,0,1,0,0,"-32.888415137618,-60.694082137978",Avenida,,ROSARIO,Rosario,Asfalto,No existe,II,Dentro,Urbana,Semáforo,Funciona,Intersección,Bueno,S/D,Diurna,S/D,De alcance,S/D,Colisión,S/D,"Horizontal,Vertical",Cordón divisorio,S/D
2020,3399,2020-07-07,Martes,,Ruta Nacional 168,0.0,2,"Bicicleta,Otros", ,2,1,0,0,0,0,1,"-31.63943, -60.63227",Ruta,168,SANTA FE,La Capital,S/D,S/D,I,S/D,S/D,S/D,S/D,S/D,S/D,S/D,S/D,S/D,S/D,Ciclista,Atropello,S/D,S/D,S/D,S/D
2020,3400,2020-07-12,Domingo,17:00:00,,0.0,1,Moto/Ciclomotor,Juan B Justo ,2,1,0,0,1,0,0,"-31.71686, -61.09023",Calle,,SAN CARLOS CENTRO,Las Colonias,Asfalto,S/D,XI,S/D,Urbana,S/D,S/D,Intersección,S/D,S/D,S/D,S/D,S/D,S/D,Cañda ocupante,S/D,S/D,S/D,S/D
2020,3401,2020-06-26,Viernes,20:40:00,,0.0,2,"Moto/Ciclomotor,Automóvil",Pje. Hipocrates Y Santa Rosa de Lima,2,1,0,0,1,0,0,"-32.991700974671,-60.632852496479",Calle,,ROSARIO,Rosario,Asfalto,No existe,II,Dentro,Urbana,Ninguna,No existe,Intersección,Bueno,Buena,"Nocturna,Con luz artificial",Buen Tiempo,Lateral,S/D,Colisión,Ninguna,Faltante,Ninguna,Sin restricción
2020,3402,2020-07-07,Martes,,,0.0,1,Automóvil,Cafferata Y E.Zeballos,1,1,0,0,0,0,0,"-32.94911, -60.67318",S/D,,ROSARIO,Rosario,S/D,S/D,II,S/D,S/D,S/D,S/D,S/D,S/D,S/D,S/D,S/D,Contra objeto fijo,S/D,"Colisión,Despiste",S/D,S/D,S/D,S/D
2020,3403,2020-06-26,Viernes,23:20:00,,0.0,2,"Moto/Ciclomotor,Camión Chasis",Ceibo Y San Martin,2,1,0,0,1,0,0,"-33.013375947492,-60.651667504587",Calle,,ROSARIO,Rosario,Asfalto,No existe,II,Dentro,Urbana,Semáforo,Funciona,Intersección,Bueno,Buena,"Nocturna,Con luz artificial",Buen Tiempo,Lateral,S/D,Colisión,Ninguna,"Horizontal,Vertical",Línea divisoria pintada,Sin restricción
2020,3404,2020-07-07,Martes,,,0.0,2,"Bicicleta,Automóvil", ,2,1,0,0,1,0,0,"-33.04509, -61.16543",S/D,,CASILDA,Caseros,S/D,S/D,IV,S/D,S/D,S/D,S/D,S/D,S/D,S/D,S/D,S/D,S/D,Ciclista,Atropello,S/D,S/D,S/D,S/D
2020,3405,2020-07-07,Martes,,,0.0,2,"Moto/Ciclomotor,Pickup/Utilitario",Mendoza Y España,3,2,0,0,1,0,0,"-33.04993, -61.16462",S/D,,CASILDA,Caseros,S/D,S/D,IV,S/D,S/D,S/D,S/D,S/D,S/D,S/D,S/D,S/D,S/D,S/D,S/D,S/D,S/D,S/D,S/D
2020,3406,2020-06-26,Viernes,19:00:00,,0.0,2,"Moto/Ciclomotor,Automóvil",Marco Polo Y Salva,3,1,0,0,2,0,0,"-33.010671033847,-60.639861028363",Calle,,ROSARIO,Rosario,Asfalto,No existe,II,Dentro,Urbana,Ninguna,No existe,Intersección,Bueno,Buena,Atardecer,Buen Tiempo,Lateral,S/D,Colisión,Ninguna,Faltante,Ninguna,Sin restricción
2020,3407,2020-06-03,Miercoles,16:20:00,,0.0,2,"Moto/Ciclomotor,Automóvil",Peru Y Pje. Volta,3,1,1,0,1,0,0,"-32.95859569657,-60.710652458314",Calle,,ROSARIO,Rosario,Asfalto,No existe,II,Dentro,Urbana,Ninguna,No existe,Intersección,Con baches,Buena,Diurna,Otro,Otro,S/D,Colisión,Otro,Faltante,Ninguna,Sin restricción
2020,3408,2020-06-16,Martes,14:00:00,,0.0,2,"Moto/Ciclomotor,Pickup/Utilitario",Pje Buenos Aires Y Uruguay,2,1,0,0,0,0,1,"-31.681510603594,-60.773742852177",Calle,,SANTA FE,La Capital,Asfalto,No existe,I,Dentro,Urbana,Ninguna,No existe,Intersección,Bueno,Buena,Diurna,Buen Tiempo,De alcance,S/D,Colisión,Ninguna,Faltante,Ninguna,Sin restricción
2020,3409,2020-07-08,Miercoles,,,0.0,1,Camión, ,1,1,0,0,0,0,0,"-34.00538, -61.90031",S/D,,MARÍA TERESA,General LÓPEZ,S/D,S/D,VIII,S/D,S/D,S/D,S/D,S/D,S/D,S/D,S/D,S/D,S/D,S/D,Vuelco,S/D,S/D,S/D,S/D
2020,3410,2020-06-25,Jueves,09:30:00,,0.0,2,"Bicicleta,Automóvil",Garay Y Mariano Moreno,2,1,0,0,1,0,0,"-32.972257175264,-60.657637926228",Calle,,ROSARIO,Rosario,Asfalto,No existe,II,Dentro,Urbana,Ninguna,No existe,Intersección,Bueno,Buena,Diurna,Buen Tiempo,S/D,Ciclista,Atropello,Ninguna,Faltante,Ninguna,Sin restricción
2020,3411,2020-07-08,Miercoles,,,0.0,1,Otros, ,1,0,1,0,0,0,0,"-31.44985, -60.93",S/D,,ESPERANZA,Las Colonias,S/D,S/D,XI,S/D,S/D,S/D,S/D,S/D,S/D,S/D,S/D,S/D,S/D,S/D,Vuelco,S/D,S/D,S/D,S/D
2020,3412,2020-06-03,Miercoles,10:05:00,Ruta Nacional 33,0.0,2,"Peatón,Transporte de Pasajeros Urbano (> 8 asientos)",Av. De Las Palmeras Y Av. Pte.Peron,2,0,1,0,1,0,0,"-32.980269146877,-60.736122078621",Ruta,33,ROSARIO,Rosario,Asfalto,Pavimento,II,Dentro,Urbana,Semáforo,Funciona,Intersección,Otro,Reducida,Diurna,Otro,S/D,Peatón,Atropello,Otro,Vertical,"Cordón divisorio,Línea divisoria pintada",Sin restricción
2020,3413,2020-07-08,Miercoles,12:25:00,Ruta Provincial 64,0.0,2,"Automóvil,Automóvil",35s ,2,1,0,0,1,0,0,"-31.8946, -61.39727",Ruta,64,COLONIA BELGRANO,San MARTÍN,S/D,S/D,XVIII,S/D,S/D,S/D,S/D,S/D,S/D,S/D,S/D,S/D,S/D,S/D,S/D,S/D,S/D,S/D,S/D
2020,3414,2020-07-13,Lunes,02:00:00,Ruta Nacional 8,360.0,1,Automóvil, ,1,1,0,0,0,0,0,"-33.80199, -61.93692",Ruta,8,VENADO TUERTO,General LÓPEZ,Asfalto,S/D,VIII,S/D,Urbana,S/D,S/D,S/D,S/D,S/D,S/D,S/D,S/D,S/D,Otro,S/D,S/D,S/D,S/D
2020,3415,2020-06-18,Jueves,08:00:00,,0.0,2,"Moto/Ciclomotor,Taxi/Remis",Alberdi Y Alsina,2,1,0,0,1,0,0,"-31.682474927088,-60.761105996211",Calle,,SANTA FE,La Capital,Asfalto,No existe,I,Dentro,Urbana,Ninguna,No existe,Recta,Bueno,Buena,Diurna,Buen Tiempo,De alcance,S/D,Colisión,Ninguna,Faltante,Ninguna,Sin restricción
2020,3416,2020-06-09,Martes,17:30:00,,0.0,2,"Moto/Ciclomotor,Automóvil",Rivarola 7900,3,1,1,0,1,0,0,"-32.966303447632,-60.728438938182",Calle,,ROSARIO,Rosario,Asfalto,No existe,II,Dentro,Urbana,Ninguna,No existe,Recta,Bueno,Reducida,Diurna,Otro,De alcance,S/D,Colisión,Otro,Faltante,Ninguna,Sin restricción
2020,3417,2020-07-02,Jueves,08:05:00,Ruta Nacional 19,5.0,1,Pickup/Utilitario, ,2,2,0,0,0,0,0,"-31.66614, -60.80951",Ruta,19,SANTA FE,La Capital,S/D,S/D,I,S/D,S/D,S/D,S/D,S/D,S/D,S/D,S/D,S/D,S/D,S/D,Despiste,S/D,S/D,S/D,S/D
2020,3418,2020-06-29,Lunes,22:50:00,,0.0,1,Pickup/Utilitario,Bv. Oroño Y Bv. Segui,2,1,0,0,1,0,0,"-32.9764734024,-60.661412628935",Avenida,,ROSARIO,Rosario,Asfalto,No existe,II,Dentro,Urbana,Semáforo,Funciona,Intersección,Bueno,Buena,"Nocturna,Con luz artificial",Buen Tiempo,Contra objeto fijo,S/D,Colisión,Ninguna,"Horizontal,Vertical","Cordón divisorio,Vegetación,Línea divisoria pintada",Sin restricción
2020,3419,2020-07-10,Viernes,20:40:00,,0.0,1,Moto/Ciclomotor, ,1,1,0,0,0,0,0,"-32.92731, -60.76611",Calle,,ROSARIO,Rosario,S/D,S/D,II,S/D,S/D,S/D,S/D,S/D,S/D,S/D,S/D,S/D,S/D,S/D,"Vuelco,Despiste",S/D,S/D,S/D,S/D
2020,3420,2020-07-13,Lunes,,,0.0,2,"Moto/Ciclomotor,Peatón",Av A del Valle Y Lavaisse,2,2,0,0,0,0,0,"-31.61294, -60.69574",Calle,,SANTA FE,La Capital,Asfalto,S/D,I,S/D,Urbana,S/D,S/D,Intersección,S/D,S/D,S/D,S/D,S/D,Peatón,Atropello,S/D,S/D,S/D,S/D
2020,3421,2020-06-20,Sabado,19:30:00,,0.0,2,"Moto/Ciclomotor,Automóvil",Balcarce Y Hipolito Irigoyen,2,1,0,0,1,0,0,"-31.677325999457,-60.765540592839",Calle,,SANTO TOMÉ,La Capital,Asfalto,No existe,I,Dentro,Urbana,Señal Pare,No existe,Intersección,Bueno,Buena,Atardecer,Buen Tiempo,Lateral,S/D,Colisión,Ninguna,Vertical,Ninguna,Sin restricción
2020,3422,2020-07-13,Lunes,11:30:00,,0.0,2,"Pickup/Utilitario,Moto/Ciclomotor",Sarmiento Y 1ro de Mayo,2,1,0,0,1,0,0,"-31.73708, -61.09686",Calle,,SAN CARLOS CENTRO,Las Colonias,Asfalto,S/D,XI,S/D,Urbana,S/D,S/D,Intersección,S/D,S/D,S/D,S/D,S/D,S/D,Colisión,S/D,S/D,S/D,S/D
2020,3423,2020-06-26,Viernes,09:15:00,,0.0,2,"Moto/Ciclomotor,Automóvil",Juan Canals Y San Martin,2,1,0,0,1,0,0,"-32.989853798815,-60.646430950346",Calle,,ROSARIO,Rosario,Asfalto,No existe,II,Dentro,Urbana,Señal Pare,No existe,Intersección,Bueno,Buena,Diurna,Buen Tiempo,S/D,S/D,Colisión,Ninguna,"Horizontal,Vertical","Cordón divisorio,Vegetación,Línea divisoria pintada",Sin restricción
2020,3424,2020-07-13,Lunes,10:00:00,,0.0,2,"Automóvil,Bicicleta",Calle 11-Alvear Y Calle 16-Obligado,2,1,0,0,1,0,0,"-29.14221, -59.64461",Calle,,RECONQUISTA,General Obligado,Asfalto,S/D,IX,S/D,Urbana,S/D,S/D,Intersección,S/D,S/D,S/D,S/D,S/D,Ciclista,Atropello,S/D,S/D,S/D,S/D
2020,3425,2020-06-10,Miercoles,22:30:00,,0.0,2,"Automóvil,Moto/Ciclomotor",Dean Funes Y M.Gonzalez,2,1,0,0,1,0,0,"-32.968035412538,-60.73083437031",Calle,,ROSARIO,Rosario,Asfalto,No existe,II,Dentro,Urbana,Ninguna,No existe,Intersección,Otro,Reducida,Nocturna,Otro,Lateral,S/D,Colisión,Otro,Faltante,Vegetación,Sin restricción
2020,3426,2020-07-14,Martes,,,0.0,2,"Pickup/Utilitario,Moto/Ciclomotor",Bv G L Lhemann Y Simon Bolivar,2,1,0,0,1,0,0,"-31.24993, -61.49109",Calle,,RAFAELA,Castellanos,Asfalto,S/D,V,S/D,Urbana,S/D,S/D,Intersección,S/D,S/D,S/D,S/D,S/D,S/D,Colisión,S/D,S/D,S/D,S/D
2020,3427,2020-06-22,Lunes,15:30:00,,0.0,2,"Moto/Ciclomotor,Automóvil",Italia Y Padre R. Giaccone,3,1,0,0,2,0,0,"-33.00818321471,-60.658904233491",Calle,,ROSARIO,Rosario,Asfalto,No existe,II,Dentro,Urbana,Ninguna,No existe,Intersección,Bueno,Buena,Diurna,Buen Tiempo,Lateral,S/D,Colisión,Ninguna,Faltante,Ninguna,Sin restricción
2020,3428,2020-06-21,Domingo,19:40:00,,0.0,2,"Moto/Ciclomotor,Pickup/Utilitario",Alberdi Y Cordoba,2,0,1,0,1,0,0,"-31.68073275489,-60.771885583704",Calle,,SANTA FE,La Capital,Asfalto,No existe,I,Dentro,Urbana,Ninguna,No existe,Intersección,Bueno,Buena,Atardecer,Buen Tiempo,Lateral,S/D,Colisión,Ninguna,Faltante,Ninguna,Sin restricción
2020,3429,2020-07-14,Martes,09:00:00,,0.0,1,Moto/Ciclomotor,Calle 1 Y Calle 2,1,1,0,0,0,0,0,"-29.11132, -59.664",Calle,,AVELLANEDA,General Obligado,Asfalto,S/D,IX,S/D,Urbana,S/D,S/D,Intersección,S/D,S/D,S/D,S/D,S/D,S/D,Cañda ocupante,S/D,S/D,S/D,S/D
2020,3430,2020-06-23,Martes,11:30:00,,0.0,2,"Moto/Ciclomotor,Pickup/Utilitario",Gaboto Y J.M.de Rosas,2,1,0,0,1,0,0,"-32.97456395774,-60.638051776913",Calle,,ROSARIO,Rosario,Asfalto,No existe,II,Dentro,Urbana,Ninguna,No existe,Intersección,Bueno,Buena,Diurna,Buen Tiempo,Lateral,S/D,Colisión,Ninguna,Faltante,Ninguna,Sin restricción
2020,3431,2020-07-14,Martes,08:50:00,,0.0,1,Moto/Ciclomotor,Bv. Balcarce Y Marconi,1,1,0,0,0,0,0,"-32.8237, -61.38274",Calle,,CAÑADA DE GÓMEZ,Iriondo,Asfalto,S/D,X,S/D,Urbana,S/D,S/D,Intersección,S/D,S/D,S/D,S/D,S/D,S/D,Cañda ocupante,S/D,S/D,S/D,S/D
2020,3432,2020-06-11,Jueves,12:30:00,,0.0,2,"Pickup/Utilitario,Moto/Ciclomotor",Calle 1849 4100,2,0,1,0,1,0,0,"-32.972398, -60.710300",Calle,,ROSARIO,Rosario,Asfalto,No existe,II,Dentro,Urbana,Ninguna,No existe,Intersección,Otro,Buena,Diurna,Otro,Otro,S/D,Colisión,S/D,Faltante,Ninguna,S/D
2020,3433,2020-06-21,Domingo,14:30:00,,0.0,2,"Moto/Ciclomotor,Pickup/Utilitario",Laprida Y Rui Barbosa,3,0,1,0,2,0,0,"-33.006239706577,-60.646836379244",Calle,,ROSARIO,Rosario,Asfalto,No existe,II,Dentro,Urbana,Ninguna,No existe,Intersección,Bueno,Buena,Diurna,Buen Tiempo,Lateral,S/D,Colisión,Ninguna,Faltante,Ninguna,Sin restricción
2020,3434,2020-07-14,Martes,09:30:00,,0.0,2,"Automóvil,Bicicleta",9 de Julio Y Fco Angeloni,2,1,0,0,1,0,0,"-30.7894, -60.58803",Calle,,SAN JUSTO,San Justo,Asfalto,S/D,XVI,S/D,Urbana,S/D,S/D,Intersección,S/D,S/D,S/D,S/D,S/D,Ciclista,Atropello,S/D,S/D,S/D,S/D
2020,3435,2020-06-12,Viernes,14:00:00,,0.0,2,"Moto/Ciclomotor,Moto/Ciclomotor",ABORIGENES ARGENTINOS  4900,2,1,1,0,0,0,0,"-32.980868,-60.691001",Calle,,ROSARIO,Rosario,Asfalto,Pavimento,II,Dentro,Urbana,Ninguna,No existe,Recta,Bueno,Buena,Diurna,Otro,Lateral,S/D,Colisión,Otro,Faltante,Ninguna,Sin restricción
2020,3436,2020-06-27,Sabado,11:00:00,,0.0,2,"Moto/Ciclomotor,Automóvil",Balcarce Y J Macia,2,1,0,0,1,0,0,"-31.67818609751,-60.758940776583",Calle,,SANTO TOMÉ,La Capital,Asfalto,No existe,I,Dentro,Urbana,Ninguna,No existe,Intersección,Bueno,Buena,Diurna,Buen Tiempo,Lateral,S/D,Colisión,Ninguna,Faltante,Ninguna,Sin restricción
2020,3437,2020-07-15,Miercoles,07:10:00,Ruta Nacional 11,0.0,3,"Camión,Automóvil,Automóvil",Avenida San Martin Y Ruta Nacional 11,3,2,0,0,1,0,0,"-28.48855, -59.34548",Ruta,11,VILLA OCAMPO,General Obligado,Asfalto,S/D,IX,S/D,Urbana,S/D,S/D,Intersección,S/D,S/D,S/D,S/D,Múltiple,S/D,Colisión,S/D,S/D,S/D,S/D
2020,3438,2020-06-17,Miercoles,18:50:00,,0.0,2,"Moto/Ciclomotor,Automóvil",Bv. Segui Y Entre Rios,2,1,0,0,1,0,0,"-32.978461451284,-60.649145899938",Avenida,,ROSARIO,Rosario,Asfalto,No existe,II,Dentro,Urbana,Señal Pare,No existe,Intersección,Bueno,Buena,Atardecer,Buen Tiempo,Lateral,S/D,Colisión,Ninguna,"Horizontal,Vertical","Cordón divisorio,Vegetación",Sin restricción
2020,3439,2020-06-12,Viernes,17:32:00,,0.0,2,"Peatón,Moto/Ciclomotor",Biedma 6830,2,0,1,0,1,0,0,"-32.973432, -60.712377",Calle,,ROSARIO,Rosario,Tierra,No existe,II,Dentro,Urbana,Ninguna,No existe,Recta,Deteriorada,Buena,Diurna,Otro,S/D,Peatón,Atropello,S/D,Faltante,Ninguna,Sin restricción
2020,3440,2020-06-29,Lunes,15:15:00,,0.0,2,"Moto/Ciclomotor,Taxi/Remis",Libertad Y Uruguay,2,1,0,0,1,0,0,"-31.68362001541,-60.763409160421",Calle,,SANTA FE,La Capital,Asfalto,No existe,I,Dentro,Urbana,Ninguna,No existe,Intersección,Bueno,Buena,Diurna,Buen Tiempo,Lateral,S/D,Colisión,Ninguna,Faltante,Ninguna,Sin restricción
2020,3441,2020-07-01,Miercoles,,,0.0,2,"Pickup/Utilitario,Automóvil", ,5,5,0,0,0,0,0,"-31.13696, -60.98959",S/D,,PROGRESO,Las Colonias,S/D,S/D,XI,S/D,Rural,S/D,S/D,S/D,S/D,S/D,S/D,S/D,S/D,S/D,S/D,S/D,S/D,S/D,S/D
2020,3442,2020-07-15,Miercoles,10:15:00,,0.0,2,"Moto/Ciclomotor,Automóvil", ,2,1,0,0,1,0,0,"-28.4915, -59.61273",Calle,,VILLA ANA,General Obligado,S/D,S/D,IX,S/D,Urbana,S/D,S/D,S/D,S/D,S/D,S/D,S/D,S/D,S/D,Colisión,S/D,S/D,S/D,S/D
2020,3443,2020-06-18,Jueves,15:35:00,,0.0,2,"Moto/Ciclomotor,Moto/Ciclomotor",Garibaldi Y Trento,2,2,0,0,0,0,0,"-32.983609082056,-60.661212071071",Calle,,ROSARIO,Rosario,Asfalto,No existe,II,Dentro,Urbana,Ninguna,No existe,Intersección,Bueno,Buena,Diurna,Buen Tiempo,Lateral,S/D,Colisión,Ninguna,Faltante,Ninguna,Sin restricción
2020,3444,2020-07-15,Miercoles,14:20:00,,0.0,3,"Automóvil,Automóvil,Automóvil",Piacenza Y Mariano Moreno,3,1,0,0,2,0,0,"-33.73592, -61.97777",Calle,,VENADO TUERTO,General LÓPEZ,Asfalto,S/D,VIII,S/D,Urbana,S/D,S/D,Intersección,S/D,S/D,S/D,S/D,Múltiple,S/D,Colisión,S/D,S/D,S/D,S/D
2020,3445,2020-07-01,Miercoles,19:00:00,,0.0,1,Camión, ,1,1,0,0,0,0,0,"-32.68212, -61.52541",S/D,,LAS PAREJAS,Belgrano,S/D,S/D,III,S/D,S/D,S/D,S/D,S/D,S/D,S/D,S/D,S/D,S/D,S/D,S/D,S/D,S/D,S/D,S/D
2020,3446,2020-06-16,Martes,10:00:00,,0.0,2,"Bicicleta,Moto/Ciclomotor",Lorenzo Monasterio Y Pres Domingo Faustino Sarmient,2,1,0,0,0,0,1,"-31.657556547131,-60.787250622301",Calle,,SANTO TOMÉ,La Capital,Tierra,No existe,I,Dentro,Urbana,Ninguna,No existe,Intersección,Deteriorada,Buena,Diurna,Buen Tiempo,Frontal,Ciclista,Atropello,Ninguna,Faltante,Ninguna,Sin restricción
2020,3447,2020-06-12,Viernes,20:00:00,,0.0,2,"Moto/Ciclomotor,Moto/Ciclomotor",BV 27 DE FEBRERO Y JUAN PABLO II,4,2,1,0,1,0,0,"-32.959569795453,-60.720310752485",Avenida,,ROSARIO,Rosario,Asfalto,No existe,II,Dentro,Urbana,Semáforo,Funciona,Intersección,Otro,Buena,"Nocturna,Con luz artificial",Otro,Otro,S/D,Colisión,Ninguna,"Horizontal,Vertical",Cordón divisorio,Sin restricción
2020,3448,2020-06-17,Miercoles,18:55:00,,0.0,2,"Moto/Ciclomotor,Pickup/Utilitario",Pje. Lord Kelvin Y Pte.Roca,3,2,0,0,1,0,0,"-32.973816554615,-60.652332278107",Calle,,ROSARIO,Rosario,Asfalto,No existe,II,Dentro,Urbana,Ninguna,No existe,Intersección,Bueno,Buena,Atardecer,Buen Tiempo,Lateral,S/D,Colisión,Ninguna,Faltante,Ninguna,Sin restricción
2020,3449,2020-06-11,Jueves,14:00:00,,0.0,2,"Bicicleta,Pickup/Utilitario",Balcarce Y Bv. Segui,2,1,0,0,1,0,0,"-32.976498938319,-60.660130948177",Avenida,,ROSARIO,Rosario,Asfalto,No existe,II,Dentro,Urbana,Ninguna,No existe,Intersección,Bueno,Buena,Diurna,Buen Tiempo,S/D,Ciclista,Atropello,Ninguna,Faltante,Ninguna,Sin restricción
2020,3450,2020-06-03,Miercoles,10:45:00,,0.0,2,"Bicicleta,Automóvil",Cordoba Y 7 de marzo,2,1,0,0,1,0,0,"-31.666076538414,-60.768395450617",Calle,,SANTO TOMÉ,La Capital,Asfalto,No existe,I,Dentro,Urbana,Señal Pare,No existe,Intersección,Bueno,Buena,Diurna,Buen Tiempo,S/D,Ciclista,Atropello,Ninguna,Vertical,Ninguna,Sin restricción
2020,3451,2020-06-10,Miercoles,22:25:00,,0.0,2,"Automóvil,Automóvil",Av. Corrientes Y Benito Juarez,3,1,0,0,2,0,0,"-32.993052452465,-60.653646099027",Calle,,ROSARIO,Rosario,Asfalto,No existe,II,Dentro,Urbana,Ninguna,No existe,Intersección,Bueno,Buena,Diurna,Buen Tiempo,Lateral,S/D,Colisión,Ninguna,Faltante,Ninguna,Sin restricción
2020,3452,2020-07-15,Miercoles,17:50:00,,0.0,2,"Moto/Ciclomotor,Moto/Ciclomotor",Lisandro de la Torre Y Rosa Maria Alarcon de Larriera,2,1,0,0,0,0,1,"-33.73705, -61.98283",Calle,,VENADO TUERTO,General LÓPEZ,Asfalto,S/D,VIII,S/D,Urbana,S/D,S/D,Intersección,S/D,S/D,S/D,S/D,S/D,S/D,Colisión,S/D,S/D,S/D,S/D
2020,3453,2020-06-13,Sabado,20:00:00,,0.0,2,"Automóvil,Peatón",Av. Pellegrini Y Matienzo,2,1,0,0,1,0,0,"-32.948019783166,-60.694383397382",Avenida,,ROSARIO,Rosario,Asfalto,No existe,II,Dentro,Urbana,Semáforo,Funciona,Intersección,Otro,Reducida,Nocturna,Otro,S/D,Peatón,Atropello,Otro,"Horizontal,Vertical",Cordón divisorio,Sin restricción
2020,3455,2020-06-07,Domingo,19:50:00,,0.0,2,"Moto/Ciclomotor,Automóvil",Azcuenaga Y 9 de Julio,2,1,0,0,1,0,0,"-31.666150979096,-60.773984551979",Calle,,SANTA FE,La Capital,"Asfalto,Tierra",No existe,I,Dentro,Urbana,Ninguna,No existe,Intersección,Bueno,Buena,"Atardecer,Con luz artificial",Buen Tiempo,Lateral,S/D,Colisión,Ninguna,Faltante,Ninguna,Sin restricción
2020,3456,2020-06-07,Domingo,22:00:00,,0.0,2,"Bicicleta,Automóvil",Chacabuco 3700,2,1,0,0,1,0,0,"-32.98295965579,-60.631309060829",Calle,,ROSARIO,Rosario,Asfalto,No existe,II,Dentro,Urbana,Ninguna,No existe,Intersección,Bueno,Buena,"Nocturna,Con luz artificial",Buen Tiempo,S/D,Ciclista,Atropello,Ninguna,Faltante,Ninguna,Sin restricción
2020,3457,2020-06-24,Miercoles,13:00:00,,0.0,2,"Automóvil,Moto/Ciclomotor",Rivarola 7900,2,0,1,0,1,0,0,"-32.966303447632,-60.728438938182",Calle,,ROSARIO,Rosario,Asfalto,No existe,II,Dentro,Urbana,Ninguna,No existe,Intersección,Otro,Buena,Diurna,Otro,S/D,S/D,Colisión,S/D,Faltante,Ninguna,S/D
2020,3458,2020-07-01,Miercoles,18:58:00,Ruta Nacional 11,0.0,2,"Moto/Ciclomotor,Bicicleta", ,2,1,0,0,1,0,0,"-28.46421, -59.33887",Ruta,11,VILLA OCAMPO,General Obligado,S/D,S/D,IX,S/D,S/D,S/D,S/D,S/D,S/D,S/D,S/D,S/D,S/D,Ciclista,Atropello,S/D,S/D,S/D,S/D
2020,3459,2020-06-12,Viernes,22:00:00,,0.0,2,"Moto/Ciclomotor,Transporte de Pasajeros Urbano (> 8 asientos)",Pte.Quintana Y Serrano,2,1,0,0,1,0,0,"-33.000402733717,-60.631860312589",Calle,,ROSARIO,Rosario,Asfalto,No existe,II,Dentro,Urbana,Ninguna,No existe,Intersección,Bueno,Buena,"Nocturna,Con luz artificial",Buen Tiempo,Lateral,S/D,Colisión,Ninguna,Faltante,Ninguna,Sin restricción
2020,3460,2020-06-09,Martes,11:20:00,Ruta Nacional 11,0.0,2,"Peatón,Automóvil",Alvear Y Avenida Nuestra Se�ora del Luj,2,1,0,0,1,0,0,"-31.667895560693,-60.765088901955",Ruta,11,SANTO TOMÉ,La Capital,Asfalto,No existe,I,Dentro,Urbana,Semáforo,Funciona,Cruce,Bueno,Buena,Diurna,Buen Tiempo,S/D,Peatón,Atropello,Ninguna,"Horizontal,Vertical",Ninguna,Sin restricción
2020,3461,2020-07-15,Miercoles,,,0.0,1,Moto/Ciclomotor,Paz Y Roca,1,1,0,0,0,0,0,"-33.75766, -61.97363",Calle,,VENADO TUERTO,General LÓPEZ,Asfalto,S/D,VIII,S/D,Urbana,S/D,S/D,Intersección,S/D,S/D,S/D,S/D,S/D,S/D,Cañda ocupante,S/D,S/D,S/D,S/D
2020,3462,2020-06-11,Jueves,18:10:00,,0.0,2,"Pickup/Utilitario,Moto/Ciclomotor",Esteban de Luca Y Mitre,4,2,0,0,2,0,0,"-32.994972444644,-60.65062326518",Calle,,ROSARIO,Rosario,Asfalto,No existe,II,Dentro,Urbana,Ninguna,No existe,Intersección,Bueno,Buena,Diurna,Buen Tiempo,Lateral,S/D,Colisión,Ninguna,Faltante,Ninguna,Sin restricción
2020,3463,2020-06-22,Lunes,12:50:00,,0.0,2,"Automóvil,Pickup/Utilitario",Barra 2910,3,2,0,0,1,0,0,"-32.962728847013,-60.705922844813",Calle,,ROSARIO,Rosario,Asfalto,No existe,II,Dentro,Urbana,Ninguna,No existe,Recta,Otro,Buena,Diurna,Otro,De alcance,S/D,Colisión,Otro,Faltante,Ninguna,Sin restricción