anio_acci,nro_acci,fecha,desc_dia,hora_aprox,desc_ruta,km,cant_participantes,desc_participante,calle_avenida_km,total,heridos_leves,heridos_graves,heridos_gravisimos,ilesos,fallecidos,sin_datos,posicion_XY,desc_tipo_via,desc_ruta_ori,desc_loc,desc_dpto,desc_tipo_calzada,desc_tipo_banquina,desc_unidad_regional,desc_lugar_calzada,desc_zona,desc_prioridad,desc_estado_semaforo,desc_lugar_via,desc_estado_via,desc_estado_visibilidad,desc_luminosidad,desc_estado_clima,desc_tipo_colision,desc_tipo_atropello,desc_tipo_hecho,desc_pres_calzada,desc_senializacion,desc_separacion_via,desc_restriccion
2020,3464,2020-06-12,Viernes,15:25:00,,0.0,2,"Moto/Ciclomotor,Moto/Ciclomotor",Anchorena Y San Martin,2,2,0,0,0,0,0,"-32.997737962283,-60.648133772397",Calle,,ROSARIO,Rosario,Asfalto,No existe,II,Dentro,Urbana,Semáforo,Funciona,Intersección,Bueno,Buena,Diurna,Buen Tiempo,Lateral,S/D,Colisión,Ninguna,"Horizontal,Vertical","Cordón divisorio,Vegetación,Línea divisoria pintada",Sin restricción
2020,3465,2020-06-19,Viernes,14:15:00,,0.0,1,Automóvil,Av. Pte.Peron Y San Nicolas,1,1,0,0,0,0,0,"-32.95679971575738,-60.676477700471",Avenida,,ROSARIO,Rosario,Asfalto,No existe,II,Dentro,Urbana,Semáforo,Funciona,Intersección,Bueno,Buena,Diurna,Otro,Contra objeto fijo,S/D,Colisión,Otro,"Horizontal,Vertical",Cordón divisorio,Sin restricción
2020,3466,2020-06-09,Martes,10:45:00,,0.0,2,"Bicicleta,Automóvil",Juan Bautista Sargento Cabral Y Juan Jose Castelli,2,1,0,0,1,0,0,"-31.658426990461,-60.763471959194",Calle,,SANTO TOMÉ,La Capital,Asfalto,No existe,I,Dentro,Urbana,Ninguna,No existe,Intersección,Con baches,Buena,Diurna,Buen Tiempo,S/D,Peatón,Atropello,Ninguna,Faltante,Ninguna,Sin restricción
2020,3467,2020-06-17,Miercoles,09:20:00,,0.0,2,"Moto/Ciclomotor,Automóvil",Av. Battle y Ordo�ez 3800,3,0,1,0,2,0,0,"-33.010038417966,-60.687415885336",Avenida,,ROSARIO,Rosario,Asfalto,No existe,II,Dentro,Urbana,Ninguna,No existe,Intersección,Bueno,Buena,Diurna,Otro,Lateral,S/D,Colisión,Ninguna,Faltante,Ninguna,Sin restricción
2020,3468,2020-06-26,Viernes,07:30:00,,0.0,2,"Automóvil,Moto/Ciclomotor",Azcuenaga Y Sebastian Gaboto,2,1,0,0,1,0,0,"-31.667911602066,-60.774389298844",Calle,,SANTO TOMÉ,La Capital,Ripio,No existe,I,Dentro,Urbana,Ninguna,No existe,Intersección,Bueno,Buena,Diurna,Buen Tiempo,Frontal,S/D,Colisión,Ninguna,Faltante,Ninguna,Sin restricción
2020,3469,2020-06-07,Domingo,18:30:00,,0.0,2,"Automóvil,Moto/Ciclomotor",Gobernador Crespo Y Rio Negro,2,1,0,0,1,0,0,"-31.673396755061,-60.77331175855",Calle,,SANTO TOMÉ,La Capital,Asfalto,No existe,I,Dentro,Urbana,Ninguna,No existe,Intersección,Bueno,Buena,Diurna,Buen Tiempo,Lateral,S/D,Colisión,Ninguna,Faltante,Ninguna,Sin restricción
2020,3470,2020-07-15,Miercoles,16:10:00,,0.0,2,"Automóvil,Vehículo Oficial",9 de Julio Y Bordabhere,3,1,0,0,2,0,0,"-33.02841, -60.6481",Calle,,VILLA GOBERNADOR GÁLVEZ,Rosario,Asfalto,S/D,II,S/D,Urbana,S/D,S/D,Intersección,S/D,S/D,S/D,S/D,S/D,S/D,Colisión,S/D,S/D,S/D,S/D
2020,3471,2020-07-16,Jueves,19:30:00,Ruta Provincial 70,0.0,2,"Moto/Ciclomotor,Automóvil",Av Luis Fanti Y Ituzaingo,4,1,0,0,3,0,0,"-31.26162, -61.49638",Ruta,70,RAFAELA,Castellanos,Asfalto,S/D,V,S/D,Urbana,S/D,S/D,Intersección,S/D,S/D,S/D,S/D,S/D,S/D,Colisión,S/D,S/D,S/D,S/D
2020,3472,2020-07-02,Jueves,13:45:00,,0.0,2,"Moto/Ciclomotor,Pickup/Utilitario",Bv 12 de octubre Y Dean Funes,5,2,0,0,3,0,0,"-33.74517, -61.98171",S/D,,VENADO TUERTO,General LÓPEZ,S/D,S/D,VIII,S/D,S/D,S/D,S/D,S/D,S/D,S/D,S/D,S/D,S/D,S/D,S/D,S/D,S/D,S/D,S/D
2020,3473,2020-07-16,Jueves,,,0.0,2,"Moto/Ciclomotor,Pickup/Utilitario",Blas Olibero Y J M Williner,2,1,0,0,1,0,0,"-31.26253, -61.4997",Calle,,RAFAELA,Castellanos,Asfalto,S/D,V,S/D,Urbana,S/D,S/D,Intersección,S/D,S/D,S/D,S/D,S/D,S/D,Colisión,S/D,S/D,S/D,S/D
2020,3474,2020-06-26,Viernes,06:35:00,Ruta Nacional 11,0.0,2,"Moto/Ciclomotor,Bicicleta",ROVERANO ,2,2,0,0,0,0,0,"-31.763489, -60.832898",Ruta,11,SAUCE VIEJO,La Capital,Asfalto,Pavimento,I,Dentro,Urbana,Ninguna,No existe,Intersección,Bueno,Reducida,Amanecer,Niebla,S/D,Ciclista,Atropello,Ninguna,Faltante,Línea divisoria pintada,Sin restricción
2020,3476,2020-07-16,Jueves,06:30:00,Ruta Nacional 11,0.0,1,Moto/Ciclomotor,Ruta Nacional 11 ,1,1,0,0,0,0,0,"-29.18254, -59.65157",Ruta,11,RECONQUISTA,General Obligado,Asfalto,S/D,IX,S/D,Urbana,S/D,S/D,Recta,S/D,S/D,S/D,S/D,S/D,S/D,Cañda ocupante,S/D,S/D,S/D,S/D
2020,3477,2020-07-16,Jueves,20:45:00,,0.0,2,"Moto/Ciclomotor,Bicicleta", ,2,1,0,0,1,0,0,"-28.03484, -59.25582",Camino Rural,,FLORENCIA,General Obligado,S/D,S/D,IX,S/D,Rural,S/D,S/D,S/D,S/D,S/D,S/D,S/D,S/D,Ciclista,Atropello,S/D,S/D,S/D,S/D
2020,3478,2020-07-02,Jueves,10:00:00,Ruta Nacional 11,0.0,2,"Pickup/Utilitario,Moto/Ciclomotor", ,2,1,0,0,1,0,0,"-29.19008, -59.6873",Ruta,11,RECONQUISTA,General Obligado,S/D,S/D,IX,S/D,S/D,S/D,S/D,S/D,S/D,S/D,S/D,S/D,S/D,S/D,S/D,S/D,S/D,S/D,S/D
2020,3479,2020-07-16,Jueves,11:00:00,,0.0,2,"Moto/Ciclomotor,Automóvil",Calle 5 ,2,1,0,0,1,0,0,"-28.4141, -59.25934",Calle,,TACUARENDÍ,General Obligado,Asfalto,S/D,IX,S/D,Urbana,S/D,S/D,Recta,S/D,S/D,S/D,S/D,S/D,S/D,Colisión,S/D,S/D,S/D,S/D
2020,3480,2020-06-21,Domingo,15:15:00,,0.0,1,Moto/Ciclomotor,Avenida de la Bandera Y Rosas,1,1,0,0,0,0,0,"-31.716512, -60.799279",Avenida,,SAUCE VIEJO,La Capital,Ripio,No existe,I,Dentro,Urbana,Ninguna,No existe,Intersección,Bueno,Buena,Diurna,Buen Tiempo,S/D,S/D,Cañda ocupante,Ninguna,Faltante,Ninguna,Sin restricción
2020,3481,2020-07-02,Jueves,11:05:00,,0.0,2,"Bicicleta,Automóvil",Calle 13 Y Calle 2,2,0,1,0,1,0,0,"-29.11795, -59.66497",S/D,,AVELLANEDA,General Obligado,S/D,S/D,IX,S/D,S/D,S/D,S/D,S/D,S/D,S/D,S/D,S/D,S/D,Ciclista,Atropello,S/D,S/D,S/D,S/D
2020,3482,2020-06-22,Lunes,,Ruta Provincial 21,0.0,2,"Peatón,Moto/Ciclomotor",Av Juan Domingo Peron Y Av Gral San Martin,2,1,0,0,1,0,0,"-33.02551, -60.6248",Ruta,21,VILLA GOBERNADOR GÁLVEZ,Rosario,Asfalto,S/D,II,S/D,Urbana,S/D,S/D,Intersección,S/D,S/D,S/D,S/D,S/D,Peatón,Atropello,S/D,S/D,S/D,S/D
2020,3483,2020-06-23,Martes,08:00:00,Ruta Nacional 11,454.0,2,"Moto/Ciclomotor,Moto/Ciclomotor", ,2,1,1,0,0,0,0,"-31.716047, -60.807808",Ruta,11,SAUCE VIEJO,La Capital,Asfalto,Pavimento,I,Dentro,Urbana,Ninguna,No existe,Cruce,Bueno,Reducida,Amanecer,Niebla,Lateral,S/D,Colisión,Ninguna,Faltante,Ninguna,Accidente Previo
2020,3484,2020-04-10,Viernes,22:20:00,,0.0,2,"Transporte de Pasajeros Urbano (> 8 asientos),Moto/Ciclomotor",Av. Francia Y Cerrito,2,0,0,0,1,1,0,"-32.95699, -60.66933",Calle,,ROSARIO,Rosario,Asfalto,No existe,II,Dentro,Urbana,Ninguna,No existe,Intersección,Bueno,S/D,Nocturna,S/D,Lateral,S/D,Colisión,Ninguna,Faltante,Ninguna,Sin restricción
2020,3485,2020-07-02,Jueves,12:00:00,,0.0,1,Automóvil,Avenida 17 ,1,1,0,0,0,0,0,"-32.68404, -61.5289",Avenida,,LAS PAREJAS,Belgrano,S/D,S/D,III,S/D,S/D,S/D,S/D,S/D,S/D,S/D,S/D,S/D,S/D,S/D,Despiste,S/D,S/D,S/D,S/D
2020,3486,2020-10-15,Jueves,,,0.0,2,"Automóvil,Moto/Ciclomotor",Superi Y Union,2,1,0,0,1,0,0,"-32.89642, -60.70236",Calle,,ROSARIO,Rosario,Asfalto,No existe,II,S/D,Urbana,Ninguna,S/D,Recta,Bueno,Buena,Diurna,Otro,S/D,S/D,Colisión,Ninguna,Faltante,Ninguna,Sin restricción
2020,3487,2020-06-02,Martes,09:10:00,Ruta Provincial 2,0.0,2,"Automóvil,Moto/Ciclomotor",QUINTEROS ,2,1,0,0,1,0,0,"-31.5528845787048,-60.692811012268",Ruta,2,MONTE VERA,La Capital,"Asfalto,Tierra",Natural,I,Dentro,Rural,Ninguna,No existe,Intersección,Bueno,Buena,Diurna,Buen Tiempo,Lateral,S/D,Colisión,Ninguna,Faltante,Línea divisoria pintada,Sin restricción
2020,3488,2020-04-12,Domingo,15:15:00,,0.0,2,"Peatón,Camión Chasis",Belgrano Y Haiti,2,0,0,0,1,1,0,"-32.69478, -60.72983",Calle,,PUERTO SAN MARTÍN,San Lorenzo,Asfalto,No existe,XVII,Dentro,Urbana,Ninguna,No existe,Recta,Ahuellamiento,Buena,Diurna,Buen Tiempo,S/D,Peatón,Atropello,Ninguna,Horizontal,Ninguna,Sin restricción
2020,3489,2020-04-15,Miercoles,07:45:00,Autopista Nacional Rosario -Cordoba,308.0,2,"Automóvil,Moto/Ciclomotor", ,2,0,0,0,1,1,0,"-32.93343, -60.83943",Autopista,Rosario -Cordoba,FUNES,Rosario,Asfalto,Natural,II,Dentro,Rural,Ninguna,No existe,Recta,Bueno,Buena,Diurna,Buen Tiempo,De alcance,S/D,Colisión,Ninguna,Faltante,Línea divisoria pintada,Sin restricción
2020,3490,2020-05-26,Martes,,Autopista Provincial Brigadier E.LÓPEZ,145.0,2,"Camión c / Acoplado,Camión c / Acoplado", ,2,2,0,0,0,0,0,"    -31.67089, -60.80154",Autopista,Brigadier E.LÓPEZ,SANTA FE,La Capital,Asfalto,Pavimento,I,Dentro,Rural,S/D,No existe,Recta,S/D,S/D,Diurna,S/D,S/D,S/D,Colisión,S/D,S/D,S/D,Sin restricción
2020,3491,2020-06-05,Viernes,18:55:00,Ruta Provincial 2,0.0,2,"Moto/Ciclomotor,Automóvil",QUINTEROS ,2,1,0,0,1,0,0,"-31.5528845787048,-60.692811012268",Ruta,2,ANGEL GALLARDO,La Capital,Asfalto,Natural,I,Dentro,Rural,Ninguna,No existe,Intersección,Bueno,Buena,Atardecer,Buen Tiempo,Lateral,S/D,Colisión,Ninguna,Faltante,Línea divisoria pintada,Sin restricción
2020,3492,2020-04-16,Jueves,10:40:00,Ruta Provincial 2,32.0,1,Pickup/Utilitario, ,1,0,0,0,0,1,0,"-30.35337, -61.21768",Ruta,2,ÑANDUCITA,San CRISTÓBAL,"Tierra,Ripio",No existe,XII,Dentro,Rural,Ninguna,No existe,Recta,Bueno,Buena,Diurna,Buen Tiempo,S/D,S/D,Vuelco,Ninguna,Faltante,Ninguna,Sin restricción
2020,3493,2020-10-12,Lunes,12:00:00,,0.0,2,"Bicicleta,Automóvil",Catamarca Y Juan B Justo,2,1,0,0,1,0,0,"-32.85937, -60.69893",Calle,,GRANADERO BAIGORRIA,Rosario,Hormigón,No existe,II,S/D,Urbana,Ninguna,No existe,Intersección,Bueno,Buena,Diurna,Buen Tiempo,S/D,Ciclista,Atropello,Ninguna,Faltante,Ninguna,Sin restricción
2020,3494,2020-04-25,Sabado,23:40:00,Ruta Nacional 11,828.0,2,"Pickup/Utilitario,Moto/Ciclomotor", ,2,0,0,0,1,1,0,"-28.83491, -59.49534",Ruta,11,LAS GARZAS,General Obligado,Asfalto,Natural,IX,Dentro,Rural,Ninguna,No existe,Recta,Bueno,Buena,Nocturna,Buen Tiempo,S/D,S/D,Colisión,Ninguna,Faltante,Línea divisoria pintada,Sin restricción
2020,3495,2020-10-12,Lunes,10:15:00,,0.0,2,"Bicicleta,Moto/Ciclomotor",Belgrano Y Pacifico Otero,3,1,0,0,2,0,0,"-33.0267, -60.8738",Calle,,ZAVALLA,Rosario,Ripio,No existe,II,Dentro,Urbana,Ninguna,No existe,Intersección,Deteriorada,Buena,Diurna,Buen Tiempo,S/D,Ciclista,Atropello,Ninguna,Faltante,Ninguna,Sin restricción
2020,3496,2020-07-02,Jueves,,,0.0,2,"Moto/Ciclomotor,Pickup/Utilitario",Rivadavia Y Bv H Irigoyen,2,1,0,0,1,0,0,"-31.25362, -61.49186",S/D,,RAFAELA,Castellanos,S/D,S/D,V,S/D,S/D,S/D,S/D,S/D,S/D,S/D,S/D,S/D,S/D,S/D,S/D,S/D,S/D,S/D,S/D
2020,3497,2020-06-15,Lunes,16:50:00,,0.0,2,"Moto/Ciclomotor,Automóvil",QUINTEROS  Y SIMON BOLIVAR,3,2,0,0,1,0,0,"-31.556473374366785,-60.67573070526",Avenida,,ANGEL GALLARDO,La Capital,Ripio,Natural,I,Dentro,Urbana,Ninguna,No existe,Intersección,Bueno,Buena,Diurna,Buen Tiempo,Lateral,S/D,Colisión,Ninguna,Faltante,Ninguna,Sin restricción
2020,3498,2020-05-28,Jueves,,,0.0,1,Camión Chasis,Av. Circunvalacion ,1,1,0,0,0,0,0,"    -32.94643, -60.722",Avenida,,ROSARIO,Rosario,Asfalto,S/D,II,Dentro,Urbana,S/D,No existe,Curva,S/D,S/D,Diurna,S/D,S/D,S/D,Vuelco,S/D,S/D,Guardarrail,S/D
2020,3499,2020-07-03,Viernes,08:20:00,,0.0,2,"Moto/Ciclomotor,Automóvil",Calle 126 Y Calle 117,2,1,0,0,1,0,0,"-29.11823, -59.68163",S/D,,AVELLANEDA,General Obligado,S/D,S/D,IX,S/D,S/D,S/D,S/D,S/D,S/D,S/D,S/D,S/D,S/D,S/D,S/D,S/D,S/D,S/D,S/D
2020,3500,2020-04-27,Lunes,15:30:00,Autopista Nacional A012,37.0,2,"Camión c / Acoplado,Camión c / Acoplado", ,2,1,0,0,0,1,0,"-32.9311, -60.90116",Autopista,A012,ROLDÁN,San Lorenzo,Asfalto,Natural,XVII,Dentro,Rural,Ninguna,No existe,Recta,Bueno,Reducida,Diurna,Lluvia,S/D,S/D,Colisión,Agua,Faltante,Ninguna,Sin restricción
2020,3501,2020-10-10,Sabado,02:00:00,Ruta Nacional 33,0.0,2,"Automóvil,Automóvil",Av San Martin Y Leandro Alem,5,2,0,0,3,0,0,"-32.99644, -60.76654",Ruta,33,PEREZ,Rosario,Asfalto,Pavimento,II,Dentro,Urbana,Ninguna,Funciona,Intersección,Bueno,Buena,Nocturna,Buen Tiempo,Lateral,S/D,Colisión,Ninguna,S/D,Ninguna,Sin restricción
2020,3502,2020-06-20,Sabado,21:30:00,,0.0,2,"Automóvil,Moto/Ciclomotor",GRAL PAZ ,2,1,0,0,1,0,0,"-31.558799, -60.660975",Avenida,,ANGEL GALLARDO,La Capital,Ripio,No existe,I,Dentro,Urbana,Ninguna,No existe,Recta,Bueno,Buena,Nocturna,Buen Tiempo,Lateral,S/D,Colisión,Ninguna,Faltante,Ninguna,Sin restricción
2020,3503,2020-05-29,Viernes,06:45:00,Ruta Nacional 19,0.0,1,Camión Chasis, ,1,1,0,0,0,0,0,"    -31.48633, -61.71707",Ruta,19,CLUCELLAS,Castellanos,Asfalto,Pavimento,III,Dentro,Rural,S/D,No existe,Recta,S/D,S/D,Amanecer,S/D,S/D,S/D,"Vuelco,Despiste",S/D,S/D,S/D,S/D
2020,3504,2020-04-30,Jueves,10:30:00,Ruta Nacional 11,572.0,2,"Pickup/Utilitario,Automóvil", ,3,0,0,0,0,3,0,"-30.75569, -60.55905",Ruta,11,SAN JUSTO,San Justo,Hormigón,Natural,XVI,Dentro,Rural,Ninguna,No existe,Recta,Con baches,Buena,Diurna,Buen Tiempo,Frontal,S/D,Colisión,Ninguna,Faltante,Línea divisoria pintada,Sin restricción
2020,3505,2020-07-03,Viernes,10:20:00,,0.0,2,"Bicicleta,Pickup/Utilitario",Calle 24 - Olessio ,2,1,0,0,1,0,0,"-29.17066, -59.65338",S/D,,RECONQUISTA,General Obligado,S/D,S/D,IX,S/D,S/D,S/D,S/D,S/D,S/D,S/D,S/D,S/D,S/D,Ciclista,Atropello,S/D,S/D,S/D,S/D
2020,3506,2020-06-13,Sabado,21:30:00,,0.0,2,"Moto/Ciclomotor,Pickup/Utilitario",Juan de Garay ,2,1,0,0,1,0,0,"-31.610042452812216,-60.56791663169",Calle,,SAN JOSÉ DEL RINCÓN,La Capital,Arena,No existe,I,Dentro,Urbana,Ninguna,No existe,Intersección,Bueno,Buena,Diurna,Buen Tiempo,De alcance,S/D,Colisión,Ninguna,Faltante,Ninguna,Sin restricción
2020,3507,2020-10-10,Sabado,13:10:00,,0.0,2,"Moto/Ciclomotor,Automóvil",chile Y Espora,2,1,0,0,1,0,0,"-33.02395, -60.61762",Calle,,VILLA GOBERNADOR GÁLVEZ,Rosario,Asfalto,No existe,II,Dentro,Urbana,Ninguna,No existe,Intersección,Bueno,Buena,Diurna,Buen Tiempo,Lateral,S/D,Colisión,Ninguna,Faltante,Ninguna,Sin restricción
2020,3508,2020-04-11,Sabado,10:10:00,,0.0,2,"Bicicleta,Automóvil",Rosendo M. Fraga Y Rio Negro,2,0,0,0,1,1,0,"-32.19918, -61.70589",Calle,,EL TRÉBOL,San MARTÍN,Asfalto,No existe,XVIII,Dentro,Urbana,Ninguna,No existe,Intersección,Bueno,S/D,Diurna,S/D,S/D,Ciclista,Atropello,Ninguna,Faltante,Ninguna,Sin restricción
2020,3509,2020-06-01,Lunes,09:00:00,,0.0,2,"Moto/Ciclomotor,Automóvil",Independencia Y Obrero,2,1,0,0,1,0,0,"-31.302192224693,-60.671655836327",Calle,,LAGUNA PAIVA,La Capital,Tierra,No existe,I,Dentro,Urbana,Ninguna,No existe,Intersección,Con baches,Buena,Diurna,Buen Tiempo,Lateral,S/D,Colisión,Ninguna,Faltante,Ninguna,Sin restricción
2020,3510,2020-10-14,Miercoles,18:40:00,,0.0,2,"Moto/Ciclomotor,Automóvil",Iglesias Y Av Juan Domingo Peron,2,1,0,0,1,0,0,"-33.02328, -60.62289",Calle,,VILLA GOBERNADOR GÁLVEZ,Rosario,Asfalto,No existe,II,S/D,Urbana,Ninguna,No existe,Intersección,Bueno,Buena,Diurna,Buen Tiempo,Lateral,S/D,Colisión,Ninguna,Faltante,Ninguna,Sin restricción
2020,3511,2020-04-25,Sabado,16:00:00,,0.0,1,Automóvil,Bv. Rondeau 4300,1,0,0,0,0,1,0,"-32.87459, -60.69832",Calle,,ROSARIO,Rosario,Asfalto,No existe,II,Dentro,Urbana,S/D,No existe,Recta,Bueno,Reducida,Diurna,Lluvia,Contra objeto fijo,S/D,Colisión,Agua,Horizontal,Ninguna,Sin restricción
2020,3512,2020-06-09,Martes,15:20:00,,0.0,2,"Automóvil,Moto/Ciclomotor",Maipu Y Obrero,3,1,0,0,2,0,0,"-31.30311216175,-60.660349791019",Calle,,LAGUNA PAIVA,La Capital,Asfalto,No existe,I,Dentro,Urbana,Ninguna,No existe,Intersección,Bueno,Buena,Diurna,Buen Tiempo,Lateral,S/D,Colisión,Ninguna,Faltante,Ninguna,Sin restricción
2020,3513,2020-07-03,Viernes,11:10:00,,0.0,2,"Moto/Ciclomotor,Automóvil",Calle 30-Lucas Funes Y Calle 27-Gdor Freyre,2,1,0,0,1,0,0,"-29.14989, -59.65431",S/D,,RECONQUISTA,General Obligado,S/D,S/D,IX,S/D,S/D,S/D,S/D,S/D,S/D,S/D,S/D,S/D,S/D,S/D,S/D,S/D,S/D,S/D,S/D
2020,3514,2020-06-26,Viernes,20:50:00,,0.0,2,"Moto/Ciclomotor,Automóvil",Juan B Alberdi Y 9 de Julio,2,1,0,0,0,0,1,"-31.306465150959,-60.664243959217",Calle,,LAGUNA PAIVA,La Capital,Asfalto,No existe,I,Dentro,Urbana,Ninguna,No existe,Intersección,Con baches,Buena,Nocturna,Buen Tiempo,Frontal,S/D,Colisión,Ninguna,Faltante,Ninguna,Sin restricción
2020,3515,2020-10-14,Miercoles,12:00:00,Ruta Provincial 21,0.0,2,"Automóvil,Automóvil",Av Gral San Martin Y Fray Justo Santa Maria de Oro,2,1,0,0,1,0,0,"-33.02233, -60.62854",Ruta,21,VILLA GOBERNADOR GÁLVEZ,Rosario,Asfalto,No existe,II,Dentro,Urbana,Ninguna,Funciona,Intersección,Bueno,Buena,Diurna,Buen Tiempo,Lateral,S/D,Colisión,Ninguna,Faltante,Ninguna,Sin restricción
2020,3516,2020-10-12,Lunes,18:20:00,,0.0,2,"Moto/Ciclomotor,Automóvil",Pje 4 Y San Nicolas,2,1,0,0,0,0,1,"-33.0287, -60.63979",Calle,,VILLA GOBERNADOR GÁLVEZ,Rosario,S/D,Pavimento,II,S/D,Urbana,S/D,No existe,Otro,Otro,Buena,Diurna,S/D,Otro,S/D,Colisión,Otro,Faltante,S/D,S/D
2020,3517,2020-10-06,Martes,08:30:00,,0.0,2,"Moto/Ciclomotor,Moto/Ciclomotor",Bv. Oroño Y Cafferata,4,1,0,0,3,0,0,"-31.309026760021,-60.660700928537",Avenida,,ROSARIO,Rosario,Asfalto,No existe,II,Dentro,Urbana,Ninguna,No existe,Recta,Bueno,Buena,"Nocturna,Con luz artificial",Buen Tiempo,Lateral,S/D,Colisión,Ninguna,Faltante,Ninguna,Sin restricción
2020,3518,2020-10-12,Lunes,10:30:00,,0.0,2,"Moto/Ciclomotor,Automóvil",Buenos Aires Y Pellegrini,2,1,0,0,1,0,0,"-33.03173, -60.63832",Calle,,VILLA GOBERNADOR GÁLVEZ,Rosario,Asfalto,Pavimento,II,S/D,Urbana,Ninguna,No existe,Intersección,Bueno,Reducida,Nocturna,Otro,Otro,S/D,Colisión,Otro,S/D,S/D,Sin restricción
2020,3519,2020-06-22,Lunes,12:55:00,,0.0,2,"Automóvil,Peatón",Gdor Servando Bayo 7248,2,1,0,0,1,0,0,"-31.594969055228,-60.727962774886",Calle,,SANTA FE,La Capital,Tierra,No existe,I,Dentro,Urbana,Ninguna,No existe,Recta,Deteriorada,Buena,Diurna,Buen Tiempo,S/D,Peatón,Atropello,Ninguna,Faltante,Ninguna,Sin restricción
2020,3520,2020-10-12,Lunes,11:45:00,,0.0,2,"Moto/Ciclomotor,Automóvil",Fraga Y J.J.Paso,2,1,0,0,1,0,0,"-32.92018, -60.71139",Avenida,,ROSARIO,Rosario,Asfalto,No existe,II,Dentro,Urbana,Ninguna,No existe,Intersección,Bueno,Buena,Diurna,Buen Tiempo,Otro,S/D,Colisión,Ninguna,Faltante,Ninguna,Sin restricción
2020,3521,2020-06-08,Lunes,15:20:00,,0.0,2,"Moto/Ciclomotor,Automóvil",Av Blas Parera Y Don Guanella,2,1,0,0,1,0,0,"-31.594368301904,-60.723380092765",Avenida,,SANTA FE,La Capital,Asfalto,No existe,I,Dentro,Urbana,Semáforo,Funciona,Intersección,Con baches,Buena,Diurna,Buen Tiempo,S/D,S/D,Colisión,Ninguna,"Horizontal,Vertical",Ninguna,Sin restricción
2020,3522,2020-10-14,Miercoles,20:05:00,,0.0,2,"Automóvil,Automóvil",Jose Ingenieros Y Donado,2,1,1,0,0,0,0,"-32.91752, -60.72803",Calle,,ROSARIO,Rosario,Asfalto,No existe,II,S/D,Urbana,Ninguna,No existe,Intersección,Deteriorada,Buena,Diurna,Buen Tiempo,Frontal,S/D,Colisión,Ninguna,Faltante,Ninguna,Sin restricción
2020,3523,2020-10-10,Sabado,14:40:00,,0.0,1,Moto/Ciclomotor,Urquiza ,2,2,0,0,0,0,0,"-32.93868, -60.7624",Calle,,ROSARIO,Rosario,Asfalto,No existe,II,Dentro,Urbana,S/D,S/D,Recta,Bueno,Buena,Diurna,Buen Tiempo,S/D,S/D,Cañda ocupante,Ninguna,S/D,S/D,Sin restricción
2020,3524,2020-06-27,Sabado,17:30:00,,0.0,2,"Automóvil,Moto/Ciclomotor",Av Blas Parera Y Alberti,2,1,0,0,1,0,0,"-31.595402688671,-60.723066726897",Avenida,,SANTA FE,La Capital,Asfalto,No existe,I,Dentro,Urbana,Ninguna,Funciona,Intersección,Bueno,Buena,Diurna,Buen Tiempo,Lateral,S/D,Colisión,Ninguna,"Horizontal,Vertical",Ninguna,Sin restricción
2020,3525,2020-06-19,Viernes,12:45:00,,0.0,2,"Automóvil,Moto/Ciclomotor",Av. Pellegrini Y Roullon,3,0,1,0,2,0,0,"-32.948266267776454,-60.70194125175",Avenida,,ROSARIO,Rosario,Hormigón,No existe,II,Dentro,Urbana,Semáforo,Funciona,Recta,Bueno,S/D,Diurna,Otro,Otro,S/D,Colisión,S/D,"Horizontal,Vertical",Cordón divisorio,S/D
2020,3526,2020-06-24,Miercoles,15:55:00,,0.0,2,"Moto/Ciclomotor,Otros",Aguado Y Estanislao Zeballos,2,1,0,0,1,0,0,"-31.600123399048,-60.719151852329",Avenida,,SANTA FE,La Capital,Asfalto,No existe,I,Dentro,Urbana,Ninguna,No existe,Intersección,Bueno,Buena,Diurna,Buen Tiempo,Lateral,S/D,Colisión,Ninguna,Faltante,Ninguna,Sin restricción
2020,3527,2020-06-19,Viernes,12:25:00,,0.0,2,"Camión c / Acoplado,Moto/Ciclomotor",Bv. 27 De Febrero Y Constitucion,4,1,0,0,3,0,0,"-32.961159469405,-60.67900992246",Avenida,,ROSARIO,Rosario,Asfalto,No existe,II,Dentro,Urbana,Semáforo,Funciona,Intersección,Bueno,Buena,Diurna,Otro,S/D,S/D,Colisión,Otro,Vertical,Cordón divisorio,Sin restricción
2020,3528,2020-06-11,Jueves,16:30:00,,0.0,2,"Automóvil,Pickup/Utilitario",3 de Febrero Y Andreu,4,2,0,0,2,0,0,"-33.012671906378,-60.61367873342",Calle,,VILLA GOBERNADOR GÁLVEZ,Rosario,Asfalto,No existe,II,Dentro,Urbana,Ninguna,No existe,Intersección,Bueno,Buena,Diurna,Buen Tiempo,De alcance,S/D,Colisión,Ninguna,Faltante,Ninguna,Sin restricción
2020,3529,2020-06-16,Martes,17:35:00,Ruta Nacional 33,0.0,2,"Moto/Ciclomotor,Automóvil",Av. De Las Palmeras Y Av. Pte.Peron,2,1,0,0,1,0,0,"-32.980377674102805,-60.73609113693",Ruta,33,ROSARIO,Rosario,Asfalto,Pavimento,II,Dentro,Urbana,Semáforo,Funciona,Intersección,Otro,Buena,Diurna,Otro,Lateral,S/D,Colisión,Otro,Vertical,Cordón divisorio,Sin restricción