anio_acci,nro_acci,fecha,desc_dia,hora_aprox,desc_ruta,km,cant_participantes,desc_participante,calle_avenida_km,total,heridos_leves,heridos_graves,heridos_gravisimos,ilesos,fallecidos,sin_datos,posicion_XY,desc_tipo_via,desc_ruta_ori,desc_loc,desc_dpto,desc_tipo_calzada,desc_tipo_banquina,desc_unidad_regional,desc_lugar_calzada,desc_zona,desc_prioridad,desc_estado_semaforo,desc_lugar_via,desc_estado_via,desc_estado_visibilidad,desc_luminosidad,desc_estado_clima,desc_tipo_colision,desc_tipo_atropello,desc_tipo_hecho,desc_pres_calzada,desc_senializacion,desc_separacion_via,desc_restriccion
2020,3530,2020-06-07,Domingo,11:45:00,,0.0,3,"Moto/Ciclomotor,Automóvil,Automóvil",Rivarola 7200,3,1,0,0,2,0,0,"-32.96605467796322,-60.718270540237",Avenida,,ROSARIO,Rosario,Asfalto,No existe,II,Dentro,Urbana,Semáforo,Funciona,Intersección,Bueno,Buena,Diurna,Buen Tiempo,Lateral,S/D,Colisión,Ninguna,"Horizontal,Vertical",Cordón divisorio,Sin restricción
2020,3531,2020-06-16,Martes,14:20:00,Ruta Nacional 33,0.0,2,"Moto/Ciclomotor,Camión",Av. Pte.Peron 8100,2,0,1,0,1,0,0,"-32.976662788694,-60.72894979658",Ruta,33,ROSARIO,Rosario,Hormigón,No existe,II,Dentro,Urbana,Ninguna,No existe,Recta,Bueno,Buena,Diurna,Otro,De alcance,S/D,Colisión,Otro,Faltante,Cordón divisorio,S/D
2020,3532,2020-06-03,Miercoles,15:10:00,Ruta Provincial 21,0.0,2,"Automóvil,Moto/Ciclomotor",Av Juan Domingo Peron Y Av Argentina,2,1,0,0,1,0,0,"-33.026885608961,-60.622950146963",Ruta,21,VILLA GOBERNADOR GÁLVEZ,Rosario,Asfalto,No existe,II,Dentro,Urbana,Semáforo,Funciona,Recta,Bueno,Buena,Diurna,Buen Tiempo,Lateral,S/D,Colisión,Ninguna,"Horizontal,Vertical",Cordón divisorio,Sin restricción
2020,3533,2020-06-13,Sabado,17:00:00,,0.0,2,"Automóvil,Automóvil",Av Filipini Y Bolivar,3,3,0,0,0,0,0,"-33.030525035109,-60.63698724155",Avenida,,VILLA GOBERNADOR GÁLVEZ,Rosario,Asfalto,No existe,II,Dentro,Urbana,Ninguna,No existe,Intersección,Deteriorada,Buena,Diurna,Buen Tiempo,S/D,S/D,Colisión,Ninguna,Faltante,Ninguna,Sin restricción
2020,3534,2020-06-06,Sabado,18:00:00,,0.0,2,"Pickup/Utilitario,Automóvil",BARRA Y DEMESTRI,3,0,2,0,1,0,0,"-32.972445935029,-60.705542425803",Calle,,ROSARIO,Rosario,Asfalto,No existe,II,Dentro,Urbana,Ninguna,No existe,Recta,Bueno,Reducida,Atardecer,Buen Tiempo,De alcance,S/D,Colisión,Ninguna,Faltante,Ninguna,Sin restricción
2020,3535,2020-06-09,Martes,13:10:00,,0.0,2,"Automóvil,Moto/Ciclomotor",Amenabar Y Tte.Agneta,5,1,1,0,3,0,0,"-32.96359777450558,-60.698937177658",Calle,,ROSARIO,Rosario,Asfalto,No existe,II,Dentro,Urbana,Ninguna,No existe,Intersección,Bueno,Buena,Diurna,Otro,Lateral,S/D,Colisión,Otro,Faltante,Ninguna,Sin restricción
2020,3536,2020-06-17,Miercoles,10:00:00,Ruta Provincial 21,0.0,2,"Taxi/Remis,Automóvil",Emilio Zola 2200,4,1,0,0,3,0,0,"-33.028839241027,-60.620828489704",Ruta,21,VILLA GOBERNADOR GÁLVEZ,Rosario,Asfalto,No existe,II,Dentro,Urbana,Paso Peatonal,No existe,Intersección,Con baches,Buena,Diurna,Buen Tiempo,S/D,S/D,Colisión,Ninguna,Horizontal,"Cordón divisorio,Línea divisoria pintada",Sin restricción
2020,3537,2020-06-15,Lunes,22:00:00,,0.0,2,"Vehículo Oficial,Moto/Ciclomotor",Bomberos Voluntarios Y Lavalle,3,1,0,0,2,0,0,"-33.026758150683,-60.633048012484",Calle,,VILLA GOBERNADOR GÁLVEZ,Rosario,Asfalto,No existe,II,Dentro,Urbana,Ninguna,No existe,Intersección,Bueno,Buena,"Nocturna,Con luz artificial",Buen Tiempo,Lateral,S/D,Colisión,Ninguna,Faltante,Ninguna,Sin restricción
2020,3538,2020-04-29,Miercoles,09:00:00,,0.0,2,"Moto/Ciclomotor,Automóvil",Bvard Argentino Y Primera Junta,2,0,0,0,1,1,0,"-32.04091, -61.2149",Calle,,GÁLVEZ,San JERÓNIMO,S/D,S/D,XV,Dentro,Urbana,S/D,S/D,Intersección,S/D,S/D,Diurna,S/D,S/D,S/D,Colisión,S/D,S/D,S/D,S/D
2020,3539,2020-06-01,Lunes,14:30:00,,0.0,2,"Bicicleta,Automóvil",Av Filipini Y Saenz Pe�a,2,1,0,0,1,0,0,"-33.018475, -60.636217",Avenida,,VILLA GOBERNADOR GÁLVEZ,Rosario,Asfalto,No existe,II,Dentro,Urbana,Ninguna,No existe,Intersección,Bueno,Buena,Diurna,Buen Tiempo,S/D,Ciclista,Atropello,Ninguna,Faltante,Ninguna,Sin restricción
2020,3541,2020-06-05,Viernes,13:30:00,,0.0,2,"Pickup/Utilitario,Moto/Ciclomotor",Alsina Y Ituzaingo,2,0,1,0,1,0,0,"-32.953865493077,-60.680008423191",Calle,,ROSARIO,Rosario,Asfalto,No existe,II,Dentro,Urbana,Ninguna,No existe,Intersección,Bueno,Buena,Atardecer,Buen Tiempo,Lateral,S/D,Colisión,Ninguna,Faltante,Ninguna,Sin restricción
2020,3542,2020-06-04,Jueves,10:20:00,,0.0,2,"Automóvil,Moto/Ciclomotor",Bordabhere Y San Lorenzo,2,0,1,0,1,0,0,"-33.028271198272726,-60.64533591270",Calle,,VILLA GOBERNADOR GÁLVEZ,Rosario,Asfalto,No existe,II,Dentro,Urbana,Ninguna,No existe,Intersección,Bueno,Buena,Diurna,Buen Tiempo,S/D,Ciclista,Atropello,Ninguna,Faltante,Ninguna,Sin restricción
2020,3543,2020-06-07,Domingo,08:20:00,,0.0,1,Moto/Ciclomotor,Juan B Justo Y Pasteur,3,3,0,0,0,0,0,"-33.027047552142,-60.624824407289",Calle,,VILLA GOBERNADOR GÁLVEZ,Rosario,Asfalto,No existe,II,Dentro,Urbana,Ninguna,No existe,Intersección,Con baches,Buena,Diurna,Buen Tiempo,Contra objeto fijo,S/D,Colisión,Ninguna,Faltante,Ninguna,Sin restricción
2020,3544,2020-06-20,Sabado,14:30:00,,0.0,2,"Moto/Ciclomotor,Automóvil",Mitre Y Rosario,2,1,0,0,1,0,0,"-33.024756581493,-60.64273085789",Calle,,VILLA GOBERNADOR GÁLVEZ,Rosario,Asfalto,No existe,II,Dentro,Urbana,Ninguna,No existe,Intersección,Bueno,Buena,Diurna,Buen Tiempo,Lateral,S/D,Colisión,Ninguna,Faltante,Ninguna,Sin restricción
2020,3545,2020-06-04,Jueves,,,0.0,2,"Peatón,Moto/Ciclomotor",Alvear Y Bv San diego,2,1,1,0,0,0,0,"-33.018602511495,-60.611386664201",Avenida,,VILLA GOBERNADOR GÁLVEZ,Rosario,Asfalto,No existe,II,Dentro,Urbana,Ninguna,No existe,Intersección,Bueno,Buena,"Nocturna,Con luz artificial",Buen Tiempo,S/D,Peatón,Atropello,Ninguna,Vertical,Ninguna,Sin restricción
2020,3546,2020-04-17,Viernes,12:15:00,Ruta Nacional 33,742.0,2,"Camión c / Acoplado,Camión c / Acoplado",Presidente Bernardino Rivadavi ,2,0,0,0,1,1,0,"-33.05033, -61.15231",Ruta,33,CASILDA,Caseros,Asfalto,Pavimento,IV,Dentro,Urbana,Semáforo,Funciona,Intersección,Bueno,Buena,Diurna,Buen Tiempo,De alcance,S/D,Colisión,Ninguna,Vertical,Línea divisoria pintada,Sin restricción
2020,3547,2020-06-21,Domingo,17:30:00,,0.0,2,"Automóvil,Moto/Ciclomotor",RIO PILCOMAYO Y RIO VILLAGUAY,3,2,0,0,1,0,0,"-33.09002101421356,-60.547733008861",Calle,,PUEBLO ESTHER,Rosario,Ripio,S/D,II,Dentro,Urbana,Ninguna,No existe,Intersección,S/D,S/D,Diurna,S/D,De alcance,S/D,Colisión,S/D,Faltante,Ninguna,S/D
2020,3548,2020-06-01,Lunes,09:35:00,,0.0,2,"Moto/Ciclomotor,Moto/Ciclomotor",Espora Y San Luis,3,3,0,0,0,0,0,"-33.023528455401,-60.604308433499",Calle,,VILLA GOBERNADOR GÁLVEZ,Rosario,Asfalto,No existe,II,Dentro,Urbana,Ninguna,No existe,Intersección,Con baches,Buena,Diurna,Buen Tiempo,Lateral,S/D,Colisión,Ninguna,Faltante,Ninguna,Sin restricción
2020,3549,2020-04-11,Sabado,13:30:00,,0.0,2,"Bicicleta,Pickup/Utilitario",Bv T Madrejon Y Nu�ez y Burges,2,0,0,0,1,1,0,"-30.58358, -59.93388",Calle,,SAN JAVIER,San Javier,S/D,S/D,XIV,Dentro,Urbana,S/D,S/D,Intersección,S/D,S/D,Diurna,S/D,S/D,Ciclista,Atropello,S/D,S/D,S/D,S/D
2020,3550,2020-06-13,Sabado,05:00:00,,0.0,2,"Moto/Ciclomotor,Automóvil",San Luis Y Piazza,2,1,0,0,1,0,0,"-33.019298933731,-60.604466872376",Calle,,VILLA GOBERNADOR GÁLVEZ,Rosario,Asfalto,No existe,II,Dentro,Urbana,Ninguna,No existe,Intersección,Con baches,Buena,"Amanecer,Con luz artificial",Buen Tiempo,Lateral,S/D,Colisión,Ninguna,Faltante,Ninguna,Sin restricción
2020,3551,2020-06-05,Viernes,19:30:00,,0.0,1,Bicicleta,17 de Octubre Y Piazza,1,1,0,0,0,0,0,"-33.019461496915,-60.609048714274",Calle,,VILLA GOBERNADOR GÁLVEZ,Rosario,Asfalto,No existe,II,Dentro,Urbana,Ninguna,No existe,Intersección,Con baches,Buena,Atardecer,Buen Tiempo,Contra objeto fijo,S/D,Colisión,Ninguna,Faltante,Ninguna,Sin restricción
2020,3552,2020-06-03,Miercoles,21:30:00,,0.0,1,Moto/Ciclomotor,Piazza 420,1,1,0,0,0,0,0,"-33.01955642448,-60.611799192472",Calle,,VILLA GOBERNADOR GÁLVEZ,Rosario,Asfalto,No existe,II,Dentro,Urbana,Ninguna,No existe,Recta,Bueno,Buena,"Nocturna,Con luz artificial",Buen Tiempo,Contra objeto fijo,S/D,Colisión,Ninguna,Faltante,Ninguna,Sin restricción
2020,3553,2020-06-18,Jueves,21:30:00,Ruta Provincial 21,0.0,2,"Moto/Ciclomotor,Automóvil",Av Gral San Martin 3100,2,1,0,0,1,0,0,"-33.037238774105,-60.6143200086",Ruta,21,VILLA GOBERNADOR GÁLVEZ,Rosario,Asfalto,No existe,II,Dentro,Urbana,Ninguna,No existe,Recta,Bueno,Buena,"Nocturna,Con luz artificial",Buen Tiempo,De alcance,S/D,Colisión,Ninguna,Faltante,Ninguna,Sin restricción
2020,3554,2020-06-12,Viernes,08:20:00,Ruta Provincial 21,0.0,2,"Automóvil,Automóvil",Av Gral San Martin 3500,2,1,0,0,1,0,0,"-33.04086685180666,-60.611507892608",Ruta,21,VILLA GOBERNADOR GÁLVEZ,Rosario,Asfalto,No existe,II,Dentro,Urbana,Ninguna,No existe,Recta,Bueno,Buena,Diurna,Buen Tiempo,Lateral,S/D,Colisión,Ninguna,Faltante,Ninguna,Sin restricción
2020,3555,2020-08-07,Viernes,18:30:00,Ruta Nacional 11,338.0,2,"Bicicleta,Pickup/Utilitario", ,2,1,0,0,1,0,0,"-32.681091427803054,-60.78196227550",Ruta,11,TIMBÚES,San Lorenzo,Asfalto,No existe,XVII,Dentro,Urbana,Ninguna,No existe,Intersección,Bueno,Buena,Atardecer,Buen Tiempo,S/D,Ciclista,Atropello,Ninguna,Horizontal,Línea divisoria pintada,Sin restricción
2020,3556,2020-08-02,Domingo,13:20:00,Autopista Nacional A008,5.0,2,"Automóvil,Automóvil",Av. Circunvalacion ,3,1,0,0,2,0,0,"-32.881101, -60.709430",Autopista,A008,ROSARIO,Rosario,Hormigón,Pavimento,II,Dentro,Rural,Marca Vial,No existe,Recta,Bueno,Buena,Diurna,S/D,Lateral,S/D,Colisión,S/D,Horizontal,Barrera de alto impacto,Sin restricción
2020,3557,2020-08-22,Sabado,18:15:00,Ruta Provincial 10,7.1,1,Automóvil, ,2,2,0,0,0,0,0,"-32.717757168617055, -60.8052590872",Ruta,10,SAN LORENZO,San Lorenzo,Ripio,No existe,XVII,Dentro,Rural,Ninguna,No existe,Recta,Deteriorada,Buena,Atardecer,Buen Tiempo,S/D,S/D,Vuelco,Ninguna,Faltante,Ninguna,Sin restricción
2020,3558,2020-08-03,Lunes,17:10:00,,0.0,3,"Moto/Ciclomotor,Camión Chasis,Pickup/Utilitario",Caseros 500,5,1,0,0,4,0,0,"-30.317677203508,-61.235376953917",Calle,,SAN CRISTÓBAL,San CRISTÓBAL,Asfalto,No existe,XIII,Dentro,Urbana,Ninguna,No existe,Recta,Bueno,Buena,Diurna,Buen Tiempo,De alcance,S/D,Colisión,Ninguna,Faltante,Ninguna,Sin restricción
2020,3559,2020-08-03,Lunes,00:30:00,Autopista Nacional A008,0.0,1,Automóvil,Av de Circunvalacion ,2,2,0,0,0,0,0,"-33.015105, -60.621405",Autopista,A008,VILLA GOBERNADOR GÁLVEZ,Rosario,Asfalto,No existe,II,Dentro,Urbana,Marca Vial,No existe,Curva,Bueno,Buena,"Nocturna,Con luz artificial",Buen Tiempo,Contra objeto fijo,S/D,Colisión,Ninguna,Horizontal,Guardarrail,Sin restricción
2020,3560,2020-08-09,Domingo,18:30:00,,0.0,1,Moto/Ciclomotor, ,1,1,0,0,0,0,0,"-32.762989997863734,-60.79263210296",Camino Rural,,RICARDONE,San Lorenzo,Tierra,No existe,XVII,Dentro,Rural,Ninguna,No existe,Recta,Bueno,Buena,Diurna,Buen Tiempo,S/D,S/D,Cañda ocupante,Ninguna,Faltante,Ninguna,Sin restricción
2020,3561,2020-08-03,Lunes,17:10:00,,0.0,2,"Moto/Ciclomotor,Automóvil",Gral Alvear Y Sarmiento,2,0,1,0,1,0,0,"-30.309696285234,-61.23952335665",Calle,,SAN CRISTÓBAL,San CRISTÓBAL,Asfalto,No existe,XIII,Dentro,Urbana,Ninguna,No existe,Intersección,Bueno,Buena,Diurna,Buen Tiempo,Lateral,S/D,Colisión,Ninguna,Faltante,Ninguna,Sin restricción
2020,3562,2020-08-28,Viernes,20:30:00,,0.0,1,Moto/Ciclomotor, ,2,0,1,0,1,0,0,"-32.798395156860316,-60.76662540435",Camino Rural,,RICARDONE,San Lorenzo,Tierra,No existe,XVII,Dentro,Rural,Ninguna,No existe,Recta,Bueno,Buena,Nocturna,Buen Tiempo,Contra objeto fijo,S/D,Colisión,Ninguna,Faltante,Ninguna,Desvío Provisorio
2020,3563,2020-08-19,Miercoles,21:30:00,Autopista Nacional A012,0.0,2,"Moto/Ciclomotor,Pickup/Utilitario",Bv Caferatta 400,2,1,0,0,1,0,0,"-32.768445611000075,-60.77964484691",Autopista,A012,RICARDONE,San Lorenzo,Asfalto,No existe,XVII,Dentro,Urbana,Paso Peatonal,No existe,Recta,Bueno,Buena,Diurna,Buen Tiempo,S/D,S/D,Colisión,Ninguna,Horizontal,Línea divisoria pintada,Sin restricción
2020,3564,2020-08-10,Lunes,15:30:00,Autopista Nacional A008,0.0,2,"Automóvil,Taxi/Remis",Av de Circunvalacion Y Juan Lavalle,4,1,0,0,3,0,0,"-33.007942736148834,-60.61801493167",Autopista,A008,VILLA GOBERNADOR GÁLVEZ,Rosario,Asfalto,No existe,II,Dentro,Urbana,Marca Vial,No existe,Recta,Deteriorada,Buena,Diurna,Buen Tiempo,De alcance,S/D,Colisión,Ninguna,Horizontal,Barrera de hormigón,Sin restricción
2020,3565,2020-08-03,Lunes,21:00:00,Autopista Nacional A008,0.0,2,"Moto/Ciclomotor,Pickup/Utilitario",Av. Circunvalacion Y J.J.Paso,2,1,0,0,1,0,0,"-32.922568, -60.723579",Autopista,A008,ROSARIO,Rosario,Asfalto,No existe,II,Dentro,Urbana,Marca Vial,No existe,Recta,Bueno,Buena,Nocturna,Buen Tiempo,Contra objeto fijo,S/D,Colisión,Ninguna,Horizontal,Barrera de hormigón,Sin restricción
2020,3566,2020-08-18,Martes,05:30:00,Autopista Nacional A008,0.0,2,"Bicicleta,Moto/Ciclomotor",Av. Circunvalacion Y J.J.Paso,2,2,0,0,0,0,0,"-32.92054, -60.72362",Autopista,A008,ROSARIO,Rosario,Asfalto,No existe,II,Dentro,Urbana,Marca Vial,No existe,Recta,Bueno,Buena,Nocturna,Buen Tiempo,S/D,Ciclista,Atropello,Ninguna,Horizontal,"Barrera de hormigón,Ninguna",Sin restricción
2020,3567,2020-08-03,Lunes,16:25:00,,0.0,2,"Moto/Ciclomotor,Automóvil",AV URIBURU Y JUAN PABLO II,2,0,1,0,1,0,0,"-32.992291,-60.700488",Avenida,,ROSARIO,Rosario,Asfalto,No existe,II,Dentro,Urbana,Ninguna,No existe,Intersección,Bueno,Buena,Diurna,Buen Tiempo,Otro,S/D,Colisión,Ninguna,Faltante,Ninguna,Sin restricción
2020,3568,2020-06-26,Viernes,14:20:00,,0.0,2,"Automóvil,Moto/Ciclomotor",Almirante Brown Y G Lehmann,2,1,0,0,1,0,0,"-31.45178616848,-60.925636841653",Calle,,ESPERANZA,Las Colonias,Asfalto,No existe,XI,Dentro,Urbana,Ninguna,No existe,Intersección,Bueno,Buena,Diurna,Buen Tiempo,Frontal,S/D,Colisión,Ninguna,Horizontal,Línea divisoria pintada,Sin restricción
2020,3569,2020-08-27,Jueves,11:00:00,Autopista Nacional A008,0.0,2,"Automóvil,Taxi/Remis",Av. Circunvalacion Y Bv. 27 De Febrero,4,4,0,0,0,0,0,"-32.95959055423739,-60.720797181129",Autopista,A008,ROSARIO,Rosario,Asfalto,Pavimento,II,Dentro,Urbana,Marca Vial,No existe,Recta,Bueno,Buena,Diurna,Buen Tiempo,Lateral,S/D,Colisión,Ninguna,Horizontal,Barrera de hormigón,Sin restricción
2020,3570,2020-06-26,Viernes,09:50:00,Ruta Provincial 70,0.0,2,"Moto/Ciclomotor,Pickup/Utilitario",R P A Janssen Y Ruta provincial 70,2,1,0,0,1,0,0,"-31.441217442575,-60.935758370769",Ruta,70,ESPERANZA,Las Colonias,Asfalto,No existe,XI,Dentro,Urbana,Semáforo,Funciona,Intersección,Bueno,Buena,Diurna,Buen Tiempo,Frontal,S/D,Colisión,Ninguna,Vertical,Guardarrail,Sin restricción
2020,3571,2020-06-22,Lunes,16:45:00,Ruta Provincial 70,0.0,2,"Pickup/Utilitario,Moto/Ciclomotor",1 de Mayo Y Ruta provincial 70,2,1,0,0,1,0,0,"-31.444710602471,-60.921080011898",Ruta,70,ESPERANZA,Las Colonias,Asfalto,Pavimento,XI,Dentro,Urbana,Señal Pare,No existe,Intersección,Bueno,Buena,Diurna,Buen Tiempo,S/D,S/D,Colisión,Ninguna,Vertical,Cordón divisorio,Sin restricción
2020,3572,2020-06-11,Jueves,11:20:00,,0.0,2,"Automóvil,Moto/Ciclomotor",Castelli Y Mariano Moreno,3,1,0,0,2,0,0,"-31.451041999174,-60.933114464568",Calle,,ESPERANZA,Las Colonias,Asfalto,No existe,XVI,Dentro,Urbana,Ninguna,No existe,Intersección,Bueno,Buena,Diurna,Buen Tiempo,Frontal,S/D,Colisión,Ninguna,Horizontal,Línea divisoria pintada,Sin restricción
2020,3573,2020-08-06,Jueves,09:15:00,Autopista Nacional A008,19.0,2,"Bicicleta,Automóvil",Av. Circunvalacion ,3,1,0,0,2,0,0,"-33.01459, -60.66422",Autopista,A008,ROSARIO,Rosario,Asfalto,Pavimento,II,Dentro,Urbana,Ninguna,No existe,Recta,Bueno,Buena,Diurna,Buen Tiempo,S/D,Ciclista,Atropello,Ninguna,Horizontal,Guardarrail,Sin restricción
2020,3574,2020-06-27,Sabado,,,0.0,2,"Moto/Ciclomotor,Otros",Cullen Y J M Estrada,2,1,0,0,1,0,0,"-31.45045298312,-60.939667764351",Calle,,ESPERANZA,Las Colonias,Asfalto,No existe,XI,Dentro,Urbana,Ninguna,No existe,Intersección,Bueno,Buena,Diurna,Buen Tiempo,S/D,S/D,Colisión,Ninguna,Faltante,Ninguna,Sin restricción
2020,3576,2020-06-01,Lunes,22:40:00,,0.0,2,"Automóvil,Moto/Ciclomotor",9 de Julio Y Rosario,3,1,0,0,2,0,0,"-31.58130437926,-60.939076788427",Calle,,FRANCK,Las Colonias,Asfalto,No existe,XI,Dentro,Urbana,Ninguna,No existe,Intersección,Bueno,Buena,"Nocturna,Con luz artificial",Buen Tiempo,Lateral,S/D,Colisión,Ninguna,Horizontal,Línea divisoria pintada,Sin restricción
2020,3577,2020-10-21,Miercoles,21:15:00,,0.0,2,"Automóvil,Moto/Ciclomotor",9 de Julio Y Juan Jose Paso,3,1,1,0,1,0,0,"-32.95883, -60.693",Calle,,ROSARIO,Rosario,Asfalto,No existe,II,Dentro,Urbana,Ninguna,No existe,Intersección,Bueno,Buena,Diurna,Buen Tiempo,Frontal,S/D,Colisión,Ninguna,Faltante,Ninguna,Sin restricción
2020,3578,2020-08-12,Miercoles,09:20:00,,0.0,2,"Automóvil,Moto/Ciclomotor",General Lopez Y Tucuman,2,1,0,0,1,0,0,"-32.742151916027076,-60.73511481285",Calle,,SAN LORENZO,San Lorenzo,Asfalto,No existe,XVII,Dentro,Urbana,Ninguna,No existe,Intersección,S/D,S/D,Diurna,S/D,S/D,S/D,Colisión,S/D,Faltante,Ninguna,S/D
2020,3579,2020-08-15,Sabado,20:50:00,,0.0,2,"Automóvil,Moto/Ciclomotor",San Carlos Y San Luis,2,1,0,0,1,0,0,"-32.753519650698,-60.732511050795",Calle,,SAN LORENZO,San Lorenzo,Asfalto,No existe,XVII,Dentro,Urbana,Ninguna,No existe,Intersección,S/D,S/D,Nocturna,S/D,S/D,S/D,Colisión,S/D,Faltante,Ninguna,S/D
2020,3580,2020-08-16,Domingo,07:10:00,,0.0,1,Moto/Ciclomotor,Cayetano Silva Y Fray Garcia,2,0,1,0,1,0,0,"-32.731084078874,-60.747310595152",Calle,,SAN LORENZO,San Lorenzo,Ripio,No existe,XVII,Dentro,Urbana,Ninguna,No existe,Intersección,S/D,S/D,Diurna,S/D,S/D,S/D,Cañda ocupante,S/D,Faltante,Ninguna,S/D
2020,3581,2020-08-19,Miercoles,17:50:00,,0.0,2,"Automóvil,Moto/Ciclomotor",Brown Y Urquiza,2,0,1,0,1,0,0,"-32.747510363801,-60.74163796675",Avenida,,SAN LORENZO,San Lorenzo,Asfalto,No existe,XVII,Dentro,Urbana,Ninguna,No existe,Intersección,S/D,S/D,Diurna,S/D,S/D,S/D,Colisión,S/D,Faltante,Cordón divisorio,S/D
2020,3582,2020-06-05,Viernes,15:25:00,Autovía Nacional 19,14.0,1,Pickup/Utilitario, ,1,0,1,0,0,0,0,"-31.646782013469156, -60.9135319830",Autovía,19,SAN AGUSTÍN,Las Colonias,Asfalto,Natural,XI,Dentro,Rural,Ninguna,No existe,Recta,Ahuellamiento,Reducida,Diurna,Viento Fuerte,S/D,S/D,Vuelco,Agua,Horizontal,Línea divisoria pintada,Sin restricción
2020,3583,2020-06-28,Domingo,14:50:00,Ruta Provincial 4,43.0,1,Moto/Ciclomotor, ,2,1,0,0,0,0,1,"-31.079910443477246, -60.9049665733",Ruta,4,SANTO DOMINGO,Las Colonias,Asfalto,Natural,XI,Dentro,Rural,Ninguna,No existe,Curva,Bueno,Buena,Diurna,Buen Tiempo,S/D,S/D,Despiste,Ninguna,Horizontal,Ninguna,Sin restricción
2020,3584,2020-08-19,Miercoles,18:00:00,,0.0,2,"Moto/Ciclomotor,Automóvil",Colombres Y Jose Manuel Estrada,3,0,2,0,1,0,0,"-32.777971978801,-60.730920680332",Calle,,SAN LORENZO,San Lorenzo,Asfalto,No existe,XVII,Dentro,Urbana,Ninguna,No existe,Intersección,S/D,S/D,Diurna,S/D,S/D,S/D,Colisión,S/D,Faltante,Ninguna,S/D
2020,3585,2020-08-24,Lunes,00:00:00,,0.0,2,"Moto/Ciclomotor,Moto/Ciclomotor",Ayohuma Y Congreso,2,0,1,0,1,0,0,"-32.761699925176,-60.740603053725",Calle,,SAN LORENZO,San Lorenzo,Asfalto,No existe,XVII,Dentro,Urbana,Ninguna,No existe,Intersección,S/D,S/D,Nocturna,S/D,S/D,S/D,Colisión,S/D,Faltante,Ninguna,S/D
2020,3586,2020-08-24,Lunes,16:15:00,,0.0,2,"Moto/Ciclomotor,Automóvil",Irigoyen Y Santiago del Estero,3,1,0,0,2,0,0,"-32.741244714009,-60.736107456316",Calle,,SAN LORENZO,San Lorenzo,Asfalto,No existe,XVII,Dentro,Urbana,Ninguna,No existe,Intersección,S/D,S/D,Diurna,S/D,S/D,S/D,Colisión,S/D,Faltante,Ninguna,S/D
2020,3587,2020-07-27,Lunes,10:00:00,,0.0,1,Moto/Ciclomotor,Thompson Y Urquiza,1,1,0,0,0,0,0,"-32.95883, -60.693",Avenida,,ROSARIO,Rosario,Asfalto,No existe,II,Dentro,Urbana,Ninguna,No existe,Intersección,S/D,S/D,Diurna,Buen Tiempo,S/D,S/D,Cañda ocupante,S/D,Faltante,Cordón divisorio,S/D
2020,3588,2020-08-30,Domingo,01:45:00,,0.0,2,"Automóvil,Automóvil",Artigas Y Dorrego,5,3,2,0,0,0,0,"-32.745759913408,-60.737254231943",Calle,,SAN LORENZO,San Lorenzo,Asfalto,No existe,XVII,Dentro,Urbana,Ninguna,No existe,Intersección,S/D,S/D,Nocturna,S/D,S/D,S/D,Colisión,S/D,Faltante,Ninguna,S/D
2020,3589,2020-08-29,Sabado,14:30:00,,0.0,2,"Automóvil,Moto/Ciclomotor",Terzaghi Y Urquiza,2,1,0,0,1,0,0,"-32.747435978158,-60.747329724868",Avenida,,SAN LORENZO,San Lorenzo,Asfalto,No existe,XVII,Dentro,Rural,Ninguna,No existe,Intersección,S/D,S/D,Diurna,S/D,S/D,S/D,Colisión,S/D,Faltante,Cordón divisorio,S/D
2020,3590,2020-08-02,Domingo,02:15:00,,0.0,2,"Moto/Ciclomotor,Moto/Ciclomotor",Richieri ,4,2,0,0,2,0,0,"-32.748745, -60.734586",Calle,,SAN LORENZO,San Lorenzo,Asfalto,No existe,XVII,Dentro,Urbana,S/D,S/D,Intersección,S/D,S/D,Nocturna,S/D,S/D,S/D,Colisión,S/D,S/D,Ninguna,S/D
2020,3591,2020-08-04,Martes,18:30:00,Ruta Provincial 10,0.0,2,"Automóvil,Moto/Ciclomotor", ,2,1,0,0,1,0,0,"-32.721977, -60.762378",Ruta,10,SAN LORENZO,San Lorenzo,Asfalto,Pavimento,XVII,Dentro,Urbana,Ninguna,No existe,Paso a Nivel FFCC,Con baches,S/D,Diurna,S/D,S/D,S/D,Colisión,S/D,Faltante,Ninguna,S/D