anio_acci,nro_acci,fecha,desc_dia,hora_aprox,desc_ruta,km,cant_participantes,desc_participante,calle_avenida_km,total,heridos_leves,heridos_graves,heridos_gravisimos,ilesos,fallecidos,sin_datos,posicion_XY,desc_tipo_via,desc_ruta_ori,desc_loc,desc_dpto,desc_tipo_calzada,desc_tipo_banquina,desc_unidad_regional,desc_lugar_calzada,desc_zona,desc_prioridad,desc_estado_semaforo,desc_lugar_via,desc_estado_via,desc_estado_visibilidad,desc_luminosidad,desc_estado_clima,desc_tipo_colision,desc_tipo_atropello,desc_tipo_hecho,desc_pres_calzada,desc_senializacion,desc_separacion_via,desc_restriccion
2020,3592,2020-08-05,Miercoles,19:30:00,Ruta Nacional 11,0.0,2,"Moto/Ciclomotor,Automóvil",Av San Martin Y San Juan,2,1,0,0,1,0,0,"-32.751422116987,-60.734243819474",Ruta,11,SAN LORENZO,San Lorenzo,Asfalto,No existe,XVII,Dentro,Urbana,Paso Peatonal,No existe,Intersección,Bueno,S/D,Atardecer,S/D,Lateral,S/D,Colisión,S/D,Horizontal,Cordón divisorio,S/D
2020,3593,2020-08-07,Viernes,11:40:00,,0.0,2,"Automóvil,Moto/Ciclomotor",Brown Y Salta,3,1,0,0,2,0,0,"-32.744756301973,-60.741540461164",Calle,,SAN LORENZO,San Lorenzo,Asfalto,No existe,XVII,Dentro,Urbana,Ninguna,No existe,Intersección,S/D,S/D,Diurna,S/D,S/D,S/D,Colisión,S/D,Faltante,Ninguna,S/D
2020,3594,2020-10-14,Miercoles,10:05:00,,0.0,2,"Moto/Ciclomotor,Automóvil",Italia Y Biedma,2,1,0,0,1,0,0,"-32.97964, -60.65667",Calle,,ROSARIO,Rosario,Asfalto,No existe,II,Dentro,Urbana,Señal Pare,No existe,Intersección,Bueno,Buena,Diurna,Buen Tiempo,Lateral,S/D,Colisión,Ninguna,Vertical,Ninguna,Sin restricción
2020,3595,2020-07-03,Viernes,12:10:00,,0.0,2,"Moto/Ciclomotor,Pickup/Utilitario",Calle 2 Y Calle 6,3,2,0,0,1,0,0,"-29.11358, -59.66432",S/D,,AVELLANEDA,General Obligado,S/D,S/D,IX,S/D,S/D,S/D,S/D,S/D,S/D,S/D,S/D,S/D,S/D,S/D,S/D,S/D,S/D,S/D,S/D
2020,3596,2020-10-12,Lunes,19:10:00,Ruta Nacional 34,0.0,2,"Automóvil,Automóvil",Ruta Nac 34 Y Ruta Pcial Sec 34,7,7,0,0,0,0,0,"-32.8533, -60.78214",Ruta,34,IBARLUCEA,Rosario,Asfalto,Natural,II,Dentro,Urbana,Señal Pare,No existe,Intersección,Bueno,Buena,Atardecer,Buen Tiempo,Lateral,S/D,Colisión,Ninguna,Vertical,Línea divisoria pintada,Sin restricción
2020,3597,2020-08-01,Sabado,19:20:00,Ruta Nacional 11,0.0,2,"Moto/Ciclomotor,Automóvil",Cayetano Silva Y Ruta Nac 11,2,1,0,0,1,0,0,"-32.731956839561484,-60.74247479438",Ruta,11,SAN LORENZO,San Lorenzo,Asfalto,Pavimento,XVII,Dentro,Urbana,Ninguna,No existe,Intersección,S/D,S/D,Atardecer,S/D,Lateral,S/D,Colisión,S/D,Faltante,Ninguna,S/D
2020,3598,2020-10-14,Miercoles,15:55:00,,0.0,2,"Moto/Ciclomotor,Pickup/Utilitario",Ameghino Y L.N.Alem,2,1,0,0,1,0,0,"-32.98889, -60.63852",Calle,,ROSARIO,Rosario,Asfalto,No existe,II,Dentro,Urbana,Ninguna,No existe,Intersección,Bueno,Buena,Diurna,Buen Tiempo,Lateral,S/D,Colisión,Ninguna,Faltante,Ninguna,Sin restricción
2020,3599,2020-08-02,Domingo,20:30:00,,0.0,2,"Automóvil,Moto/Ciclomotor",Av San Martin Y Eva Peron,4,2,0,0,2,0,0,"-32.727026489557,-60.732801025236",Avenida,,SAN LORENZO,San Lorenzo,Hormigón,No existe,XVII,Dentro,Urbana,Ninguna,No existe,Intersección,Bueno,S/D,Nocturna,S/D,Lateral,S/D,Colisión,S/D,Faltante,Cordón divisorio,S/D
2020,3600,2020-10-14,Miercoles,10:00:00,,0.0,2,"Moto/Ciclomotor,Automóvil",Olegario V.Andrade Y San Martin,2,1,0,0,1,0,0,"-32.99583, -60.6478",Calle,,ROSARIO,Rosario,Asfalto,No existe,II,Dentro,Urbana,Semáforo,Funciona,Intersección,Bueno,Buena,Diurna,Buen Tiempo,Lateral,S/D,Colisión,Ninguna,Vertical,Ninguna,Sin restricción
2020,3601,2020-07-04,Sabado,20:00:00,Ruta Nacional 178,0.0,2,"Tren,Automóvil", ,2,2,0,0,0,0,0,"-32.76635, -61.54183",Ruta,178,CAÑADA DE GÓMEZ,Iriondo,S/D,S/D,X,S/D,S/D,S/D,S/D,S/D,S/D,S/D,S/D,S/D,S/D,S/D,S/D,S/D,S/D,S/D,S/D
2020,3602,2020-10-10,Sabado,05:50:00,,0.0,1,Automóvil,Mitre 3100,2,2,0,0,0,0,0,"-32.97314, -60.6463",Calle,,ROSARIO,Rosario,Asfalto,No existe,II,Dentro,Urbana,Ninguna,No existe,Recta,Bueno,Buena,Diurna,Buen Tiempo,Contra objeto fijo,S/D,Colisión,Ninguna,Faltante,Ninguna,Sin restricción
2020,3603,2020-10-13,Martes,15:15:00,,0.0,2,"Transporte de Pasajeros Urbano (> 8 asientos),Automóvil",Milan Y Av. Corrientes,3,1,0,0,1,0,1,"-32.9898, -60.65348",Calle,,ROSARIO,Rosario,Asfalto,No existe,II,Dentro,Urbana,Ninguna,No existe,Recta,Bueno,Buena,Diurna,Buen Tiempo,S/D,S/D,Colisión,Ninguna,Faltante,Ninguna,Sin restricción
2020,3604,2020-07-04,Sabado,19:30:00,Ruta Nacional 9,0.0,2,"Pickup/Utilitario,Camión", ,2,0,1,0,1,0,0,"-33.0576, -60.65422",Ruta,9,ALVEAR,Rosario,S/D,S/D,II,S/D,S/D,S/D,S/D,S/D,S/D,S/D,S/D,S/D,S/D,S/D,S/D,S/D,S/D,S/D,S/D
2020,3605,2020-10-14,Miercoles,17:40:00,,0.0,2,"Bicicleta,Automóvil",Bv. Argentino ,2,1,0,0,1,0,0,"-32.92401, -60.74641",Avenida,,ROSARIO,Rosario,Asfalto,S/D,II,S/D,Urbana,S/D,S/D,Recta,Bueno,S/D,S/D,S/D,S/D,Ciclista,Atropello,S/D,Horizontal,S/D,S/D
2020,3606,2020-07-04,Sabado,,,0.0,2,"Automóvil,Moto/Ciclomotor",Av. Pte.Peron Y Alberdi,3,2,0,0,1,0,0,"-33.24079, -60.33351",S/D,,ROSARIO,Rosario,S/D,S/D,II,S/D,S/D,S/D,S/D,S/D,S/D,S/D,S/D,S/D,S/D,S/D,S/D,S/D,S/D,S/D,S/D
2020,3607,2020-08-13,Jueves,11:25:00,,0.0,1,Bicicleta,Av San Martin 2847,1,1,0,0,0,0,0,"-32.73353302717,-60.733798835952",Avenida,,SAN LORENZO,San Lorenzo,Asfalto,No existe,XVII,Dentro,Urbana,Ninguna,No existe,Intersección,S/D,S/D,Diurna,S/D,Contra objeto fijo,S/D,Colisión,S/D,Faltante,Cordón divisorio,S/D
2020,3608,2020-06-04,Jueves,02:50:00,,0.0,1,Moto/Ciclomotor,CAMINO RURAL ,1,1,0,0,0,0,0,"-31.149715874344114,-60.99233153276",Camino Rural,,PROGRESO,Las Colonias,Tierra,No existe,XI,Dentro,Rural,Ninguna,No existe,Recta,Bueno,Buena,Nocturna,Buen Tiempo,S/D,S/D,Cañda ocupante,Ninguna,Faltante,Ninguna,Sin restricción
2020,3609,2020-10-11,Domingo,03:10:00,,0.0,2,"Automóvil,Moto/Ciclomotor",Bv. Bouchard ,3,2,0,0,1,0,0,"-32.89052, -60.7353",Calle,,ROSARIO,Rosario,Asfalto,No existe,II,S/D,Urbana,Ninguna,S/D,Recta,Bueno,Buena,Nocturna,Buen Tiempo,S/D,S/D,Colisión,Ninguna,S/D,Ninguna,Sin restricción
2020,3610,2020-07-06,Lunes,,,0.0,2,"Automóvil,Automóvil",Castellanos Y E.Zeballos,2,1,0,0,1,0,0,"-32.94843, -60.6772",S/D,,ROSARIO,Rosario,S/D,S/D,II,S/D,S/D,S/D,S/D,S/D,S/D,S/D,S/D,S/D,S/D,S/D,S/D,S/D,S/D,S/D,S/D
2020,3611,2020-10-08,Jueves,,,0.0,2,"Taxi/Remis,Taxi/Remis",Paraguay 1150,5,2,0,0,2,0,1,"-32.94988, -60.64484",Calle,,ROSARIO,Rosario,Asfalto,S/D,II,S/D,Urbana,S/D,S/D,Recta,Bueno,Buena,Diurna,S/D,S/D,S/D,S/D,S/D,S/D,S/D,S/D
2020,3612,2020-06-19,Viernes,07:00:00,Ruta Secundaria 62-s,4.0,1,Camión c / Acoplado, ,1,1,0,0,0,0,0,"-31.009211540222132,-61.02701425552",Ruta,62-s,PROGRESO,Las Colonias,Asfalto,Natural,XI,Dentro,Rural,Ninguna,No existe,Recta,Bueno,Reducida,Diurna,Niebla,S/D,S/D,Vuelco,Ninguna,Faltante,Ninguna,Sin restricción
2020,3613,2020-08-04,Martes,07:15:00,Autopista Nacional A012,47.5,2,"Camión c / Acoplado,Camión Chasis", ,2,1,0,0,1,0,0,"-32.91951, -60.89819",Autopista,A012,ROLDÁN,San Lorenzo,Asfalto,Natural,XVII,Dentro,Rural,Marca Vial,No existe,Recta,Bueno,Buena,Diurna,Buen Tiempo,Frontal,S/D,Colisión,Ninguna,Horizontal,Línea divisoria pintada,Sin restricción
2020,3614,2020-08-07,Viernes,10:00:00,,0.0,2,"Moto/Ciclomotor,Pickup/Utilitario",Belgrano Y Bvard España,3,1,0,0,2,0,0,"-29.881978538567,-61.938440991722",Avenida,,CERES,San CRISTÓBAL,Asfalto,No existe,XIII,Dentro,Urbana,Ninguna,No existe,Rotonda,Bueno,Buena,Diurna,Buen Tiempo,Lateral,S/D,Colisión,Ninguna,Faltante,"Cordón divisorio,Vegetación",Sin restricción
2020,3615,2020-06-16,Martes,09:30:00,,0.0,1,Moto/Ciclomotor,Buenos  Aires Y Julio Calvo,1,0,1,0,0,0,0,"-30.980147279405,-61.022847644144",Calle,,PROVIDENCIA,Las Colonias,Ripio,No existe,XI,Dentro,Urbana,Ninguna,No existe,Intersección,Bueno,Buena,Diurna,Buen Tiempo,Atropello animal,S/D,Colisión,Ninguna,Faltante,Ninguna,Sin restricción
2020,3616,2020-10-15,Jueves,07:00:00,,0.0,2,"Moto/Ciclomotor,Bicicleta",Montevideo Y Av. Corrientes,2,1,0,0,1,0,0,"-32.9554, -60.64478",Calle,,ROSARIO,Rosario,Asfalto,S/D,II,S/D,Urbana,S/D,S/D,Recta,Bueno,S/D,Diurna,S/D,S/D,Ciclista,Atropello,S/D,S/D,S/D,S/D
2020,3617,2020-06-06,Sabado,11:45:00,,0.0,1,Moto/Ciclomotor,KELLER  277,1,0,1,0,0,0,0,"-31.265147924423182,-61.07169985771",Calle,,GRUTLY SUR,Las Colonias,Asfalto,No existe,XI,Dentro,Urbana,Ninguna,No existe,Recta,Resbaladiza,Buena,Diurna,Lluvia,Contra objeto fijo,S/D,Colisión,Agua,Faltante,Ninguna,Sin restricción
2020,3618,2020-10-13,Martes,06:45:00,,0.0,2,"Automóvil,Moto/Ciclomotor",Italia Y Montevideo,3,0,1,0,2,0,0,"-32.9544, -60.6503",Calle,,ROSARIO,Rosario,Asfalto,S/D,II,S/D,Urbana,S/D,S/D,Recta,Bueno,S/D,Diurna,Buen Tiempo,S/D,S/D,Colisión,S/D,S/D,S/D,S/D
2020,3620,2020-08-19,Miercoles,08:40:00,Autopista Nacional A012,0.0,2,"Automóvil,Moto/Ciclomotor",Ruta Nacional 9 ,2,0,1,0,1,0,0,"-32.90803, -60.89492",Autopista,A012,ROLDÁN,San Lorenzo,Asfalto,Ripio,XVII,Dentro,Rural,Semáforo,No funciona,Cruce,Ahuellamiento,Buena,Diurna,Lluvia,Lateral,S/D,Colisión,Agua,"Horizontal,Vertical",Línea divisoria pintada,Sin restricción
2020,3621,2020-06-25,Jueves,18:30:00,,0.0,1,Automóvil,AVENIDA LA TRADICI�N ,1,1,0,0,0,0,0,"-31.5995595656546,-60.8717289646747",Camino Rural,,COLONIA SAN JOSÉ,Las Colonias,Ripio,No existe,XI,Dentro,Rural,Ninguna,No existe,Recta,Ahuellamiento,Reducida,Nocturna,Buen Tiempo,S/D,S/D,Vuelco,Ninguna,Faltante,Ninguna,Sin restricción
2020,3622,2020-10-15,Jueves,11:30:00,,0.0,2,"Moto/Ciclomotor,Automóvil",Guemes Y Alvear,2,1,0,0,1,0,0,"-32.93301, -60.65198",Calle,,ROSARIO,Rosario,Asfalto,S/D,II,S/D,Urbana,S/D,S/D,Recta,Bueno,S/D,Diurna,S/D,S/D,S/D,Colisión,S/D,S/D,S/D,S/D
2020,3623,2020-07-06,Lunes,,,0.0,2,"Moto/Ciclomotor,Automóvil",Calle 64 Y Calle 7,4,1,2,0,1,0,0,"-31.42739, -62.06138",S/D,,FRONTERA,Castellanos,S/D,S/D,V,S/D,S/D,S/D,S/D,S/D,S/D,S/D,S/D,S/D,S/D,S/D,S/D,S/D,S/D,S/D,S/D
2020,3624,2020-06-13,Sabado,12:15:00,,0.0,2,"Moto/Ciclomotor,Pickup/Utilitario",America Y Uruguay,3,2,0,0,1,0,0,"-31.453778612435,-60.906178157717",Calle,,ESPERANZA,Las Colonias,Asfalto,No existe,XI,Dentro,Urbana,Ninguna,No existe,Intersección,Bueno,Buena,Diurna,Buen Tiempo,S/D,S/D,Colisión,Ninguna,Faltante,Ninguna,Sin restricción
2020,3625,2020-08-07,Viernes,14:00:00,,0.0,2,"Moto/Ciclomotor,Automóvil",Gral Belgrano Y Hipolito Irigoyen,3,2,0,0,1,0,0,"-30.305948251078,-61.233842095913",Calle,,SAN CRISTÓBAL,San CRISTÓBAL,Asfalto,No existe,XIII,Dentro,Urbana,Ninguna,No existe,Intersección,Bueno,Buena,Diurna,Buen Tiempo,Frontal,S/D,Colisión,Ninguna,Faltante,Ninguna,Sin restricción
2020,3626,2020-07-06,Lunes,,,0.0,2,"Automóvil,Pickup/Utilitario", ,3,3,0,0,0,0,0,"-31.17445, -61.91788",S/D,,CORONEL FRAGA,Castellanos,S/D,S/D,V,S/D,S/D,S/D,S/D,S/D,S/D,S/D,S/D,S/D,S/D,S/D,S/D,S/D,S/D,S/D,S/D
2020,3627,2020-08-15,Sabado,13:10:00,,0.0,2,"Pickup/Utilitario,Moto/Ciclomotor",Almte Brown Y Galvez,2,1,0,0,1,0,0,"-32.89364576339722,-60.907201319932",Calle,,ROLDÁN,San Lorenzo,Asfalto,No existe,XVII,Dentro,Urbana,Ninguna,No existe,Intersección,Bueno,Buena,Diurna,Buen Tiempo,Lateral,S/D,Colisión,Ninguna,Faltante,Ninguna,Sin restricción
2020,3628,2020-10-10,Sabado,18:00:00,,0.0,2,"Bicicleta,Automóvil",Amenabar Y San Martin,2,1,0,0,1,0,0,"-32.97244, -60.64315",Avenida,,ROSARIO,Rosario,Asfalto,No existe,II,Dentro,Urbana,Semáforo,Funciona,Recta,Bueno,Buena,Diurna,Buen Tiempo,S/D,Ciclista,Atropello,Ninguna,Vertical,Ninguna,Sin restricción
2020,3629,2020-07-06,Lunes,06:30:00,Ruta Nacional 168,0.0,2,"Bicicleta,Automóvil", ,2,0,1,0,1,0,0,"-31.65933, -60.59879",Ruta,168,SANTA FE,La Capital,S/D,S/D,I,S/D,S/D,S/D,S/D,S/D,S/D,S/D,S/D,S/D,S/D,Ciclista,Atropello,S/D,S/D,S/D,S/D
2020,3630,2020-06-18,Jueves,20:30:00,,0.0,2,"Moto/Ciclomotor,Moto/Ciclomotor",Cordoba Y Enrique Senn,3,3,0,0,0,0,0,"-31.242804238045,-61.216651424999",Calle,,FELICIA,Las Colonias,Asfalto,No existe,XI,Dentro,Urbana,Ninguna,No existe,Intersección,Bueno,Buena,"Nocturna,Con luz artificial",Buen Tiempo,S/D,S/D,Colisión,Ninguna,Faltante,Ninguna,Sin restricción
2020,3631,2020-10-10,Sabado,18:50:00,,0.0,2,"Automóvil,Automóvil",Galvez Y Av. Corrientes,2,1,0,0,1,0,0,"-32.968, -60.64796",Calle,,ROSARIO,Rosario,Asfalto,No existe,II,Dentro,Urbana,Señal Pare,No existe,Intersección,Bueno,Buena,Diurna,Buen Tiempo,Lateral,S/D,Colisión,Ninguna,Vertical,Ninguna,Sin restricción
2020,3632,2020-07-06,Lunes,20:40:00,Ruta Nacional 11,927.0,1,Moto/Ciclomotor, ,1,1,0,0,0,0,0,"-28.03278, -59.22381",Ruta,11,FLORENCIA,General Obligado,S/D,S/D,IX,S/D,S/D,S/D,S/D,S/D,S/D,S/D,S/D,S/D,S/D,S/D,Despiste,S/D,S/D,S/D,S/D
2020,3633,2020-10-13,Martes,17:20:00,,0.0,2,"Automóvil,Otros",Av. Ovidio Lagos Y Av. Pte.Peron,2,1,0,0,0,0,1,"-32.95535, -60.66476",Calle,,ROSARIO,Rosario,Asfalto,No existe,II,S/D,Urbana,Semáforo,Funciona,Intersección,Bueno,Buena,Con luz artificial,Buen Tiempo,Otro,S/D,Colisión,Ninguna,Faltante,Ninguna,Sin restricción
2020,3634,2020-05-26,Martes,,,0.0,1,Automóvil,Av. Ovidio Lagos Y Mendoza,2,2,0,0,0,0,0,"    -32.9474, -60.66274",Avenida,,ROSARIO,Rosario,S/D,S/D,II,Dentro,Urbana,S/D,No existe,Intersección,S/D,S/D,S/D,S/D,Contra objeto fijo,S/D,Colisión,S/D,S/D,S/D,S/D
2020,3635,2020-07-06,Lunes,,,0.0,2,"Automóvil,Moto/Ciclomotor",Calle 15 Y Calle 16,2,1,0,0,1,0,0,"-29.12, -59.65644",S/D,,AVELLANEDA,General Obligado,S/D,S/D,IX,S/D,S/D,S/D,S/D,S/D,S/D,S/D,S/D,S/D,S/D,S/D,S/D,S/D,S/D,S/D,S/D
2020,3636,2020-10-10,Sabado,18:45:00,,0.0,2,"Moto/Ciclomotor,Automóvil", ,3,1,0,0,2,0,0,"-31.25582, -61.48973",Calle,,RAFAELA,Castellanos,Hormigón,No existe,V,S/D,Urbana,Ninguna,No existe,Intersección,Bueno,Buena,Diurna,Buen Tiempo,Lateral,S/D,Colisión,S/D,Horizontal,Ninguna,Sin restricción
2020,3637,2020-06-21,Domingo,16:00:00,Ruta Provincial 10,152.0,2,"Automóvil,Moto/Ciclomotor", ,7,7,0,0,0,0,0,"-31.619886608058202, -61.2847880287",Ruta,10,SA PEREIRA,Las Colonias,Hormigón,Natural,XI,Dentro,Rural,Ninguna,No existe,Recta,Bueno,Buena,Diurna,Buen Tiempo,De alcance,S/D,Colisión,Ninguna,Horizontal,Línea divisoria pintada,Sin restricción
2020,3638,2020-08-08,Sabado,18:55:00,,0.0,1,Moto/Ciclomotor,Bv 25 de Mayo Y J B Justo,1,0,1,0,0,0,0,"-30.314304273636,-61.240579361825",Avenida,,SAN CRISTÓBAL,San CRISTÓBAL,Asfalto,No existe,XIII,Dentro,Urbana,Ninguna,No existe,Intersección,Bueno,Buena,Atardecer,Buen Tiempo,Atropello animal,S/D,Colisión,Ninguna,Faltante,Cordón divisorio,Sin restricción
2020,3639,2020-08-04,Martes,08:00:00,,0.0,2,"Pickup/Utilitario,Moto/Ciclomotor",Fray Luis Beltran Y Maciel,3,2,0,0,1,0,0,"-32.894068834484,-60.910113447467",Calle,,ROLDÁN,San Lorenzo,Asfalto,No existe,XVII,Dentro,Urbana,Ninguna,No existe,Intersección,Bueno,Buena,Diurna,Buen Tiempo,Lateral,S/D,Colisión,Ninguna,Faltante,Ninguna,Sin restricción
2020,3640,2020-05-27,Miercoles,08:05:00,Ruta Nacional 11,0.0,2,"Moto/Ciclomotor,Automóvil", ,2,1,0,0,1,0,0,"    -29.15463, -59.65761",Ruta,11,RECONQUISTA,General Obligado,S/D,No existe,IX,Dentro,Urbana,S/D,S/D,Intersección,S/D,S/D,Diurna,S/D,Lateral,S/D,Colisión,S/D,S/D,S/D,S/D
2020,3641,2020-07-06,Lunes,07:35:00,Ruta Nacional 11,0.0,2,"Moto/Ciclomotor,Pickup/Utilitario",Calle 322 ,2,1,0,0,1,0,0,"-29.10747, -59.65077",Ruta,11,AVELLANEDA,General Obligado,Asfalto,Natural,IX,Dentro,Urbana,S/D,S/D,S/D,S/D,S/D,Diurna,S/D,S/D,S/D,Colisión,S/D,Horizontal,"Línea divisoria pintada,S/D",S/D
2020,3642,2020-05-28,Jueves,,,0.0,2,"Moto/Ciclomotor,Moto/Ciclomotor", ,2,2,0,0,0,0,0,"    -28.34678, -59.25762",Calle,,LAS TOSCAS,General Obligado,S/D,No existe,IX,Dentro,Urbana,S/D,S/D,Intersección,S/D,S/D,Diurna,S/D,Lateral,S/D,Colisión,S/D,S/D,S/D,Sin restricción
2020,3643,2020-08-10,Lunes,00:10:00,,0.0,1,Pickup/Utilitario,Avenida Mendoza Y Avenida Irigoyen,2,2,0,0,0,0,0,"-29.889732599258437,-61.94091796875",Avenida,,CERES,San CRISTÓBAL,Tierra,No existe,XIII,Dentro,Urbana,Ninguna,No existe,Curva,Con baches,Buena,Nocturna,Buen Tiempo,S/D,S/D,Vuelco,Ninguna,Faltante,Ninguna,Sin restricción
2020,3644,2020-08-31,Lunes,18:05:00,Ruta Nacional 11,0.0,2,"Moto/Ciclomotor,Moto/Ciclomotor",Bolivia Y Ruta Nac 11,3,3,0,0,0,0,0,"-32.7087986469269,-60.7604402303695",Ruta,11,PUERTO SAN MARTÍN,San Lorenzo,Asfalto,Ripio,XVII,Dentro,Urbana,Ninguna,No existe,Intersección,S/D,Buena,Diurna,Lluvia,Lateral,S/D,Colisión,Ninguna,Faltante,Ninguna,Sin restricción
2020,3645,2020-10-12,Lunes,20:40:00,Ruta Provincial 6,0.0,2,"Automóvil,Bicicleta",Paso Vinal ,2,1,0,0,1,0,0,"-31.41048, -60.90508",Ruta,6,ESPERANZA,Las Colonias,Asfalto,Natural,XI,S/D,Urbana,Marca Vial,Intermitente,Recta,Bueno,Reducida,Nocturna,Buen Tiempo,S/D,Ciclista,Atropello,Ninguna,Faltante,Línea divisoria pintada,Sin restricción
2020,3646,2020-05-29,Viernes,,,0.0,1,Pickup/Utilitario, ,1,1,0,0,0,0,0,"    -34.17729, -61.53115",Calle,,TEODELINA,General LÓPEZ,Tierra,Natural,VIII,Dentro,Rural,Ninguna,No existe,Recta,S/D,S/D,Diurna,S/D,S/D,S/D,Vuelco,S/D,S/D,S/D,Sin restricción
2020,3647,2020-08-28,Viernes,19:25:00,,0.0,2,"Peatón,Automóvil",Pte Hipolito Irigoyen Y Rivadavia,2,1,0,0,1,0,0,"-32.707680599632,-60.747350059077",Calle,,PUERTO SAN MARTÍN,San Lorenzo,Asfalto,No existe,XVII,Dentro,Urbana,Ninguna,No existe,Intersección,Deteriorada,Reducida,Nocturna,Buen Tiempo,S/D,Peatón,Atropello,Ninguna,Faltante,Ninguna,Sin restricción
2020,3648,2020-08-14,Viernes,23:50:00,,0.0,1,Automóvil,Riobamba 1585,2,1,1,0,0,0,0,"-30.302890546233,-61.244763099053",Calle,,SAN CRISTÓBAL,San CRISTÓBAL,Tierra,No existe,XIII,Fuera,Urbana,Ninguna,No existe,Recta,Bueno,Reducida,Nocturna,Buen Tiempo,Contra objeto fijo,S/D,"Colisión,Despiste","Material Suelto,Fluidos",Faltante,Ninguna,Sin restricción
2020,3649,2020-07-06,Lunes,07:00:00,,0.0,2,"Moto/Ciclomotor,Moto/Ciclomotor",Calle 68-Armada Argentina Y Calle 47-Islas Malvinas,2,2,0,0,0,0,0,"-29.1601, -59.66033",S/D,,RECONQUISTA,General Obligado,S/D,S/D,IX,S/D,S/D,S/D,S/D,S/D,S/D,S/D,S/D,S/D,S/D,S/D,S/D,S/D,S/D,S/D,S/D
2020,3650,2020-08-23,Domingo,17:15:00,Ruta Nacional 175,0.0,2,"Moto/Ciclomotor,Automóvil",Av San Martin Y Cordoba,3,2,0,0,1,0,0,"-32.717491842598,-60.731139094683",Ruta,175,PUERTO SAN MARTÍN,San Lorenzo,Asfalto,No existe,XVII,Dentro,Urbana,Paso Peatonal,No existe,Intersección,Bueno,Buena,Diurna,Buen Tiempo,Lateral,S/D,Colisión,Ninguna,Horizontal,Ninguna,Sin restricción
2020,3651,2020-06-30,Martes,17:15:00,,0.0,2,"Automóvil,Pickup/Utilitario",CAMINO RURAL ,5,4,0,0,1,0,0,"-31.15345001220703,-60.993003845214",Camino Rural,,PROGRESO,Las Colonias,Tierra,Natural,XI,Dentro,Rural,Ninguna,No existe,Intersección,Bueno,Buena,Diurna,Buen Tiempo,Lateral,S/D,Colisión,Ninguna,Faltante,Ninguna,Sin restricción
2020,3652,2020-10-12,Lunes,20:40:00,Ruta Provincial 6,0.0,1,Pickup/Utilitario,Paso Vinal ,2,2,0,0,0,0,0,"-31.41048, -60.9051",Ruta,6,ESPERANZA,Las Colonias,Asfalto,Natural,XI,S/D,Urbana,Marca Vial,Intermitente,Recta,Bueno,Reducida,Nocturna,Buen Tiempo,S/D,S/D,Despiste,Ninguna,Faltante,Línea divisoria pintada,Sin restricción
2020,3653,2020-07-06,Lunes,,,0.0,2,"Moto/Ciclomotor,Automóvil",Calle 50 Y Calle 33-Pueyrredon,2,1,0,0,1,0,0,"-29.15174, -59.66756",S/D,,RECONQUISTA,General Obligado,S/D,S/D,IX,S/D,S/D,S/D,S/D,S/D,S/D,S/D,S/D,S/D,S/D,S/D,S/D,S/D,S/D,S/D,S/D
2020,3654,2020-05-29,Viernes,06:45:00,Ruta Provincial 94,0.0,2,"Pickup/Utilitario,Pickup/Utilitario", ,3,1,0,0,2,0,0,"    -34.17341, -61.52888",Ruta,94,MARGARITA,Vera,Tierra,S/D,XIX,Dentro,Urbana,S/D,No existe,Puente,S/D,S/D,Diurna,S/D,S/D,S/D,Colisión,S/D,S/D,S/D,S/D
2020,3655,2020-10-15,Jueves,15:10:00,,0.0,2,"Moto/Ciclomotor,Moto/Ciclomotor",Cavour Y M M T de Hoenfels,2,2,0,0,0,0,0,"-31.41698, -60.93386",Calle,,ESPERANZA,Las Colonias,Tierra,Natural,XI,Dentro,Rural,Ninguna,No existe,Intersección,S/D,Buena,Diurna,Buen Tiempo,S/D,S/D,Colisión,Ninguna,Faltante,Ninguna,Sin restricción
2020,3656,2020-05-02,Sabado,21:30:00,,0.0,2,"Moto/Ciclomotor,Transporte de Pasajeros Urbano (> 8 asientos)",J.B.Justo Y Sarratea Bis,3,1,0,0,1,1,0,"-32.91567, -60.74154",Calle,,ROSARIO,Rosario,Asfalto,No existe,II,Dentro,Urbana,Ninguna,No existe,Intersección,Bueno,S/D,Nocturna,S/D,S/D,S/D,Colisión,Ninguna,Faltante,Ninguna,Sin restricción
2020,3657,2020-08-16,Domingo,18:10:00,,0.0,2,"Pickup/Utilitario,Moto/Ciclomotor",Santa Fe Y Victoria,5,2,0,0,3,0,0,"-29.882018125971,-61.944330299295",Calle,,CERES,San CRISTÓBAL,Asfalto,No existe,XIII,Dentro,Urbana,Ninguna,No existe,Intersección,Bueno,Buena,Diurna,Buen Tiempo,Lateral,S/D,Colisión,Ninguna,Faltante,Ninguna,Sin restricción
2020,3658,2020-07-06,Lunes,12:19:00,Ruta Nacional 11,0.0,1,Moto/Ciclomotor,Calle 1 - Independencia ,1,1,0,0,0,0,0,"-29.135618, -59.654912",Ruta,11,RECONQUISTA,General Obligado,S/D,S/D,IX,S/D,Urbana,S/D,S/D,S/D,S/D,S/D,S/D,S/D,S/D,S/D,Otro,S/D,S/D,S/D,S/D
2020,3659,2020-08-16,Domingo,17:25:00,,0.0,2,"Moto/Ciclomotor,Automóvil",Piton Y Pte Hipolito Irigoyen,2,1,0,0,1,0,0,"-32.709025,-60.747679",Calle,,PUERTO SAN MARTÍN,San Lorenzo,Asfalto,No existe,XVII,Dentro,Urbana,Ninguna,No existe,Intersección,Bueno,Buena,Diurna,Buen Tiempo,Lateral,S/D,Colisión,Ninguna,Faltante,Ninguna,Sin restricción