anio_acci,nro_acci,fecha,desc_dia,hora_aprox,desc_ruta,km,cant_participantes,desc_participante,calle_avenida_km,total,heridos_leves,heridos_graves,heridos_gravisimos,ilesos,fallecidos,sin_datos,posicion_XY,desc_tipo_via,desc_ruta_ori,desc_loc,desc_dpto,desc_tipo_calzada,desc_tipo_banquina,desc_unidad_regional,desc_lugar_calzada,desc_zona,desc_prioridad,desc_estado_semaforo,desc_lugar_via,desc_estado_via,desc_estado_visibilidad,desc_luminosidad,desc_estado_clima,desc_tipo_colision,desc_tipo_atropello,desc_tipo_hecho,desc_pres_calzada,desc_senializacion,desc_separacion_via,desc_restriccion
2020,3660,2020-10-15,Jueves,13:00:00,,0.0,2,"Moto/Ciclomotor,Pickup/Utilitario",Sierras De Cordoba Y Aconcagua,2,1,0,0,1,0,0,"-31.01314, -60.91191",Calle,,MARÍA LUISA,Las Colonias,Ripio,No existe,XI,Dentro,Urbana,Ninguna,No existe,Recta,Bueno,Buena,Diurna,Buen Tiempo,Lateral,S/D,Colisión,Material Suelto,Faltante,Ninguna,Sin restricción
2020,3661,2020-05-02,Sabado,01:30:00,Ruta Nacional 11,334.0,2,"Moto/Ciclomotor,Camión c / Acoplado",Yapeyu ,2,0,0,0,1,1,0,"-32.70584, -60.76269",Ruta,11,PUERTO SAN MARTÍN,San Lorenzo,Asfalto,Natural,XVII,Dentro,Rural,Ninguna,No existe,Recta,Ahuellamiento,Reducida,Nocturna,S/D,De alcance,S/D,Colisión,Ninguna,Horizontal,Ninguna,Sin restricción
2020,3662,2020-07-07,Martes,,,0.0,4,"Pickup/Utilitario,Pickup/Utilitario,Automóvil,Automóvil",Av Facundo Zuviria Y Agustin Delgado,4,4,0,0,0,0,0,"-31.61957, -60.70537",S/D,,SANTA FE,La Capital,S/D,S/D,I,S/D,S/D,S/D,S/D,S/D,S/D,S/D,S/D,S/D,S/D,S/D,S/D,S/D,S/D,S/D,S/D
2020,3663,2020-08-15,Sabado,01:55:00,Ruta Nacional 11,0.0,2,"Automóvil,Moto/Ciclomotor",La Paz Y Ruta Nac 11,3,2,0,0,1,0,0,"-32.708046,-60.760973",Ruta,11,PUERTO SAN MARTÍN,San Lorenzo,Asfalto,Ripio,XVII,Dentro,Urbana,Ninguna,No existe,Intersección,Bueno,Buena,Nocturna,Buen Tiempo,Lateral,S/D,Colisión,Ninguna,Faltante,Ninguna,Sin restricción
2020,3664,2020-06-26,Viernes,09:55:00,,0.0,2,"Pickup/Utilitario,Automóvil",Chacabuco Y Rafaela,5,2,0,0,3,0,0,"-31.450486638586,-60.916981969582",Calle,,ESPERANZA,Las Colonias,Asfalto,No existe,XI,Dentro,Urbana,Ninguna,No existe,Intersección,Bueno,Buena,Diurna,Buen Tiempo,Frontal,S/D,Colisión,Ninguna,Faltante,"Cordón divisorio,Vegetación",Sin restricción
2020,3665,2020-07-07,Martes,19:15:00,,0.0,3,"Moto/Ciclomotor,Automóvil,Automóvil",ARROYO DEL REY ,3,1,0,0,2,0,0,"-29.13261, -59.65443",S/D,,RECONQUISTA,General Obligado,S/D,S/D,IX,S/D,S/D,S/D,S/D,S/D,S/D,S/D,S/D,S/D,S/D,S/D,S/D,S/D,S/D,S/D,S/D
2020,3666,2020-08-09,Domingo,04:20:00,,0.0,1,Automóvil,Pte Hipolito Irigoyen 1000,4,2,0,0,2,0,0,"-32.707680599632,-60.747350059077",Calle,,PUERTO SAN MARTÍN,San Lorenzo,Asfalto,No existe,XVII,Dentro,Urbana,Ninguna,No existe,Recta,S/D,Buena,Nocturna,Buen Tiempo,Contra objeto fijo,S/D,Colisión,Ninguna,Faltante,Ninguna,Sin restricción
2020,3667,2020-05-30,Sabado,,,0.0,2,"Moto/Ciclomotor,Moto/Ciclomotor",Juan Jose Castelli Y Carlos Pellegrini,2,1,0,0,0,0,1,"    -33.73738, -61.97061",Calle,,VENADO TUERTO,General LÓPEZ,S/D,S/D,VIII,Dentro,Urbana,S/D,S/D,Intersección,S/D,S/D,S/D,S/D,Lateral,S/D,Colisión,S/D,S/D,S/D,S/D
2020,3668,2020-10-08,Jueves,20:30:00,,0.0,1,Moto/Ciclomotor,Av San Martin ,1,0,1,0,0,0,0,"-31.39594, -61.08091",Calle,,HUMBOLDT,Las Colonias,Asfalto,Natural,XI,Dentro,Urbana,Ninguna,No existe,Cruce,Bueno,Buena,Atardecer,Buen Tiempo,Atropello animal,S/D,Colisión,Ninguna,Horizontal,Cordón divisorio,Sin restricción
2020,3669,2020-05-03,Domingo,15:00:00,Ruta Nacional 34,188.0,1,Automóvil, ,1,0,0,0,0,1,0,"-31.53604, -61.52796",Ruta,34,ANGÉLICA,Castellanos,Asfalto,Pavimento,V,Fuera,Rural,Ninguna,No existe,Recta,Bueno,Buena,Diurna,Buen Tiempo,Contra objeto fijo,S/D,Colisión,Ninguna,Horizontal,Línea divisoria pintada,Sin restricción
2020,3670,2020-05-31,Domingo,,,0.0,2,"Moto/Ciclomotor,Moto/Ciclomotor", ,3,2,0,0,1,0,0,"    -29.16052, -59.65616",Calle,,RECONQUISTA,General Obligado,S/D,S/D,IX,S/D,S/D,S/D,S/D,Intersección,S/D,S/D,Diurna,S/D,S/D,S/D,Colisión,S/D,S/D,S/D,S/D
2020,3671,2020-05-04,Lunes,06:30:00,Ruta Nacional 98,156.0,1,Moto/Ciclomotor,Ruta Prov 2 Y Saavedra,1,0,0,0,0,1,0,"-29.22899, -61.78508",Ruta,98,TOSTADO,9 de Julio,Asfalto,Natural,XII,Dentro,Urbana,Ninguna,No existe,Recta,Bueno,Reducida,Nocturna,Buen Tiempo,S/D,S/D,Cañda ocupante,Ninguna,Faltante,Ninguna,Sin restricción
2020,3672,2020-08-19,Miercoles,11:20:00,,0.0,2,"Automóvil,Bicicleta",Alberti Y Caseros,2,1,0,0,1,0,0,"-30.303891432619,-61.231966059714",Calle,,SAN CRISTÓBAL,San CRISTÓBAL,Asfalto,No existe,XIII,Dentro,Urbana,Ninguna,No existe,Intersección,Bueno,Buena,Diurna,Buen Tiempo,S/D,Ciclista,Atropello,Ninguna,Faltante,Ninguna,Sin restricción
2020,3673,2020-08-05,Miercoles,19:50:00,Ruta Nacional 175,0.0,2,"Moto/Ciclomotor,Automóvil",Av San Martin Y Cayetano Nerbutti,2,1,0,0,1,0,0,"-32.718378873477,-60.731332994732",Ruta,175,PUERTO SAN MARTÍN,San Lorenzo,Asfalto,No existe,XVII,Dentro,Urbana,Paso Peatonal,No existe,Intersección,Bueno,Buena,Nocturna,Buen Tiempo,Lateral,S/D,Colisión,Ninguna,Horizontal,Ninguna,Sin restricción
2020,3674,2020-07-07,Martes,21:40:00,,0.0,2,"Pickup/Utilitario,Moto/Ciclomotor",Calle 43 Y Calle 20 9 de Julio,2,1,0,0,1,0,0,"-29.15145, -59.64835",S/D,,RECONQUISTA,General Obligado,S/D,S/D,IX,S/D,S/D,S/D,S/D,S/D,S/D,S/D,S/D,S/D,S/D,S/D,S/D,S/D,S/D,S/D,S/D
2020,3675,2020-10-13,Martes,19:50:00,Ruta Provincial 6,48.0,2,"Camión c / Acoplado,Moto/Ciclomotor", ,2,1,0,0,1,0,0,"-31.60434, -60.94418",Ruta,6,FRANCK,Las Colonias,Asfalto,Natural,XI,S/D,Rural,Ninguna,No existe,Recta,Bueno,Reducida,Nocturna,Buen Tiempo,De alcance,S/D,Colisión,Ninguna,Vertical,Ninguna,Sin restricción
2020,3676,2020-05-09,Sabado,14:25:00,,0.0,2,"Moto/Ciclomotor,Automóvil",Bv. Avellaneda 4900,2,0,0,0,1,1,0,"-32.99653, -60.68881",Calle,,ROSARIO,Rosario,Asfalto,No existe,II,Dentro,Urbana,Ninguna,No existe,Recta,Bueno,Buena,Diurna,Buen Tiempo,S/D,S/D,Colisión,Ninguna,Faltante,Ninguna,Sin restricción
2020,3677,2020-06-14,Domingo,15:55:00,,0.0,2,"Automóvil,Automóvil",Mendoza Y Moreno,4,4,0,0,0,0,0,"-31.746754113128,-61.093583629927",Calle,,SAN CARLOS CENTRO,Las Colonias,Ripio,No existe,XI,Dentro,Urbana,Ninguna,No existe,Intersección,Bueno,Buena,Diurna,Buen Tiempo,Lateral,S/D,Colisión,Ninguna,Vertical,Ninguna,Sin restricción
2020,3678,2020-08-20,Jueves,21:40:00,,0.0,2,"Moto/Ciclomotor,Automóvil",Avenida Lassaga Y Azcuenaga,2,0,0,1,1,0,0,"-30.30214369297028,-61.234928369522",Avenida,,SAN CRISTÓBAL,San CRISTÓBAL,Ripio,No existe,XIII,Dentro,Urbana,Ninguna,No existe,Intersección,Bueno,Buena,Nocturna,Buen Tiempo,Lateral,S/D,Colisión,Ninguna,Faltante,Ninguna,Sin restricción
2020,3679,2020-05-16,Sabado,21:52:00,Ruta Nacional 11,484.0,2,"Pickup/Utilitario,Peatón",Lehman ,2,0,0,0,1,1,0,"-31.49008, -60.73185",Ruta,11,RECREO,La Capital,Asfalto,No existe,I,Dentro,Urbana,Ninguna,No existe,Recta,Bueno,Reducida,Nocturna,S/D,S/D,Peatón,Atropello,Ninguna,Faltante,Ninguna,Sin restricción
2020,3680,2020-10-13,Martes,18:00:00,Ruta Secundaria 67-s,0.0,2,"Bicicleta,Automóvil",Urquiza Y Mariano Moreno,2,1,0,0,1,0,0,"-31.58401, -60.93893",Ruta,67-s,FRANCK,Las Colonias,Asfalto,No existe,XI,S/D,Urbana,Ninguna,No existe,Intersección,Bueno,Buena,Diurna,Buen Tiempo,De alcance,Ciclista,Atropello,Ninguna,Vertical,Ninguna,Sin restricción
2020,3681,2020-08-04,Martes,04:00:00,Ruta Nacional 175,0.0,2,"Moto/Ciclomotor,Camión c / Acoplado",Cordoba Y Pte Hipolito Irigoyen,2,1,0,0,1,0,0,"-32.714414, -60.749068",Ruta,175,PUERTO SAN MARTÍN,San Lorenzo,Asfalto,No existe,XVII,Dentro,Urbana,Ninguna,No existe,Intersección,S/D,Buena,Nocturna,Buen Tiempo,De alcance,S/D,Colisión,Ninguna,Faltante,Ninguna,Sin restricción
2020,3682,2020-06-26,Viernes,,,0.0,2,"Moto/Ciclomotor,Moto/Ciclomotor", ,2,1,0,0,0,0,1,"-31.448825188884307,-60.93028956909",S/D,,ESPERANZA,Las Colonias,S/D,S/D,XI,S/D,S/D,S/D,S/D,S/D,S/D,S/D,S/D,S/D,S/D,S/D,Colisión,S/D,S/D,S/D,S/D
2020,3683,2020-08-28,Viernes,11:40:00,,0.0,2,"Moto/Ciclomotor,Automóvil",Bv Rivadavia Y Pringles,2,1,0,0,1,0,0,"-30.308800576509,-61.237911206959",Calle,,SAN CRISTÓBAL,San CRISTÓBAL,Asfalto,No existe,XIII,Dentro,Urbana,Ninguna,No existe,Intersección,Bueno,Buena,Diurna,Buen Tiempo,Lateral,S/D,Colisión,Ninguna,Faltante,Ninguna,Sin restricción
2020,3684,2020-07-07,Martes,08:00:00,,0.0,2,"Moto/Ciclomotor,Automóvil",Belgrano Manuel Y Almafuerte,2,1,0,0,1,0,0,"-31.73271, -61.0929",S/D,,SAN CARLOS CENTRO,Las Colonias,S/D,S/D,XI,S/D,S/D,S/D,S/D,S/D,S/D,S/D,S/D,S/D,S/D,S/D,S/D,S/D,S/D,S/D,S/D
2020,3685,2020-10-10,Sabado,14:50:00,,0.0,2,"Automóvil,Moto/Ciclomotor",Bernardino Rivadavia Y B Mitre,3,1,0,0,2,0,0,"-31.58526, -60.93725",Calle,,FRANCK,Las Colonias,Asfalto,No existe,XI,Dentro,Urbana,Ninguna,No existe,Intersección,Bueno,Buena,Diurna,Buen Tiempo,De alcance,S/D,Colisión,Ninguna,Vertical,Ninguna,Sin restricción
2020,3686,2020-06-20,Sabado,,,0.0,1,Moto/Ciclomotor, ,1,1,0,0,0,0,0,"-31.448825188884307,-60.93028956909",S/D,,ESPERANZA,Las Colonias,Asfalto,S/D,XI,S/D,S/D,S/D,S/D,S/D,Resbaladiza,S/D,S/D,Lluvia,S/D,S/D,Cañda ocupante,Agua,S/D,S/D,S/D
2020,3687,2020-08-04,Martes,20:00:00,Ruta Nacional 11,0.0,2,"Transporte de Pasajeros Urbano (> 8 asientos),Bicicleta",Av San Martin Y Moreno,2,1,0,0,1,0,0,"-32.779201853808,-60.727464634458",Ruta,11,FRAY LUIS BELTRÁN,San Lorenzo,Asfalto,Pavimento,XVII,Dentro,Urbana,Ninguna,No existe,Intersección,Otro,S/D,Nocturna,S/D,S/D,Ciclista,Atropello,Ninguna,Faltante,Ninguna,S/D
2020,3688,2020-08-09,Domingo,13:45:00,,0.0,2,"Automóvil,Moto/Ciclomotor",E Lopez Y Pueyrredon,3,2,0,0,1,0,0,"-30.317877531051604,-61.23405933380",Calle,,SAN CRISTÓBAL,San CRISTÓBAL,Tierra,No existe,XIII,Dentro,Urbana,Ninguna,No existe,Intersección,S/D,Buena,Diurna,Buen Tiempo,S/D,S/D,Colisión,Ninguna,Faltante,Ninguna,Sin restricción
2020,3689,2020-10-14,Miercoles,,,0.0,1,Moto/Ciclomotor,Av Los Colonizadores 300,1,1,0,0,0,0,0,"-31.45199, -60.91747",Calle,,ESPERANZA,Las Colonias,Asfalto,No existe,XI,Dentro,Urbana,Ninguna,No existe,Recta,Bueno,S/D,Diurna,Buen Tiempo,S/D,S/D,S/D,Ninguna,Horizontal,Cordón divisorio,Sin restricción
2020,3690,2020-06-10,Miercoles,,,0.0,2,"Bicicleta,Automóvil", ,2,1,0,0,1,0,0,"-31.448825188884307,-60.93028956909",S/D,,ESPERANZA,Las Colonias,S/D,S/D,XI,S/D,S/D,S/D,S/D,S/D,S/D,S/D,S/D,S/D,S/D,S/D,Atropello,S/D,S/D,S/D,S/D
2020,3691,2020-08-09,Domingo,23:40:00,Ruta Nacional 11,0.0,2,"Automóvil,Transporte de Pasajeros Urbano (> 8 asientos)",Av San Martin Y Guido Spano,3,2,0,0,1,0,0,"-32.781902639026,-60.72664336795",Ruta,11,FRAY LUIS BELTRÁN,San Lorenzo,S/D,Ripio,XVII,Dentro,Urbana,Ninguna,No existe,Intersección,Otro,S/D,Nocturna,S/D,S/D,S/D,Colisión,Ninguna,Faltante,Ninguna,S/D
2020,3692,2020-10-11,Domingo,00:00:00,,0.0,2,"Moto/Ciclomotor,Automóvil", ,2,1,0,0,1,0,0,"-31.448825188884307,-60.93028956909",S/D,,ROSARIO,Rosario,S/D,S/D,II,S/D,S/D,S/D,S/D,S/D,S/D,S/D,S/D,S/D,S/D,S/D,Colisión,S/D,S/D,S/D,S/D
2020,3693,2020-10-13,Martes,,,0.0,2,"Automóvil,Bicicleta",Santa Fe ,2,1,0,0,1,0,0,"-31.468339506382, -60.938382414500",Calle,,ESPERANZA,Las Colonias,Asfalto,Pavimento,XI,Dentro,Urbana,Ninguna,No existe,Intersección,Bueno,Buena,Diurna,Buen Tiempo,S/D,Ciclista,Atropello,Ninguna,Horizontal,"Cordón divisorio,Línea divisoria pintada",Sin restricción
2020,3694,2020-07-29,Miercoles,14:50:00,,0.0,2,"Pickup/Utilitario,Moto/Ciclomotor",Domingo Faustino Sarmiento Y Carlos Bosch,3,1,0,0,2,0,0,"    -31.43102, -60.92592",Calle,,ESPERANZA,Las Colonias,Ripio,Pavimento,XI,Dentro,Urbana,Otra Señal,No existe,Intersección,Bueno,Buena,Diurna,Buen Tiempo,S/D,S/D,Colisión,Ninguna,Vertical,S/D,Sin restricción
2020,3695,2020-07-08,Miercoles,19:43:00,,0.0,2,"Moto/Ciclomotor,Automóvil",Pueyrredon Y Av Brasil,2,1,0,0,1,0,0,"-31.73271, -61.0929",S/D,,RAFAELA,Castellanos,S/D,S/D,V,S/D,S/D,S/D,S/D,S/D,S/D,S/D,S/D,S/D,S/D,S/D,S/D,S/D,S/D,S/D,S/D
2020,3696,2020-06-30,Martes,13:45:00,,0.0,2,"Peatón,Pickup/Utilitario",Av. Francia Y Urquiza,2,0,1,0,1,0,0,"-32.938076002544,-60.664540217063",Avenida,,ROSARIO,Rosario,Asfalto,No existe,II,Dentro,Urbana,Paso Peatonal,No existe,Intersección,Bueno,Buena,Diurna,Buen Tiempo,S/D,Peatón,Atropello,Ninguna,Horizontal,"Cordón divisorio,Vegetación",Sin restricción
2020,3697,2020-08-11,Martes,18:20:00,Ruta Nacional 11,0.0,2,"Moto/Ciclomotor,Peatón",Av San Martin ,2,2,0,0,0,0,0,"-32.780125, -60.727216",Ruta,11,FRAY LUIS BELTRÁN,San Lorenzo,S/D,No existe,XVII,Dentro,Urbana,S/D,No existe,Recta,Otro,S/D,Diurna,S/D,S/D,Peatón,Atropello,S/D,S/D,S/D,S/D
2020,3698,2020-10-10,Sabado,,,0.0,2,"Automóvil,Automóvil",Laprida Y Saavedra,2,1,0,0,1,0,0,"-31.44252, -60.93432",Calle,,ESPERANZA,Las Colonias,Asfalto,No existe,XI,S/D,Urbana,Ninguna,No existe,Intersección,Bueno,Buena,Diurna,Buen Tiempo,S/D,S/D,Colisión,Ninguna,Horizontal,Cordón divisorio,Sin restricción
2020,3699,2020-10-07,Miercoles,,,0.0,2,"Moto/Ciclomotor,Automóvil",Superi Y Medrano,2,1,0,0,0,0,1,"-32.89624, -60.70134",S/D,,ROSARIO,Rosario,Asfalto,No existe,II,S/D,S/D,S/D,No existe,Recta,Con baches,Buena,Diurna,S/D,S/D,S/D,S/D,Ninguna,S/D,S/D,S/D
2020,3700,2020-08-31,Lunes,17:20:00,,0.0,2,"Pickup/Utilitario,Moto/Ciclomotor",Rivadavia Y Rondeau,2,1,0,0,1,0,0,"-29.886256132588,-61.948350490671",Calle,,CERES,San CRISTÓBAL,Asfalto,No existe,XIII,Dentro,Urbana,Ninguna,No existe,Intersección,Bueno,Buena,Diurna,Buen Tiempo,Lateral,S/D,Colisión,Ninguna,Faltante,Ninguna,Sin restricción
2020,3701,2020-06-30,Martes,20:00:00,,0.0,2,"Moto/Ciclomotor,Moto/Ciclomotor",Bv. Avellaneda 7000,2,1,0,0,1,0,0,"-33.019939231616,-60.689247839326",Avenida,,ROSARIO,Rosario,Asfalto,No existe,II,Dentro,Urbana,Otra Señal,No existe,Intersección,Bueno,Buena,Diurna,Buen Tiempo,S/D,S/D,Colisión,Ninguna,Vertical,Ninguna,Sin restricción
2020,3703,2020-10-10,Sabado,,,0.0,2,"Moto/Ciclomotor,Automóvil",Bartolome Mitre Y Marcos Avellaneda,3,1,1,0,0,0,1,"-31.45256, -60.93826",Calle,,ESPERANZA,Las Colonias,Asfalto,No existe,XI,Dentro,Urbana,Ninguna,No existe,Intersección,Bueno,S/D,Diurna,Buen Tiempo,S/D,S/D,Colisión,Ninguna,Horizontal,Cordón divisorio,Sin restricción
2020,3704,2020-08-09,Domingo,23:17:00,Ruta Provincial 30,0.0,1,Pickup/Utilitario, ,2,1,1,0,0,0,0,"   -29.74425, -61.08284",Ruta,30,HUANQUEROS,San CRISTÓBAL,Hormigón,Ripio,XIII,Dentro,Rural,Ninguna,No existe,Recta,Bueno,Buena,Nocturna,Buen Tiempo,S/D,S/D,Vuelco,Ninguna,Faltante,Ninguna,Sin restricción
2020,3705,2020-07-21,Martes,05:15:00,,0.0,1,Moto/Ciclomotor,Roullon Y Bv. Segui,1,0,1,0,0,0,0,"-32.9707, -60.70099",Avenida,,ROSARIO,Rosario,Asfalto,Pavimento,II,S/D,Urbana,Semáforo,Funciona,Intersección,Bueno,Buena,"Nocturna,Con luz artificial",Buen Tiempo,Contra objeto fijo,S/D,Colisión,Ninguna,S/D,Ninguna,Sin restricción
2020,3706,2020-06-22,Lunes,21:30:00,,0.0,2,"Moto/Ciclomotor,Automóvil",Garzon Y Velez Sarsfield,2,1,0,0,1,0,0,"-32.925826107549,-60.706270168295",Calle,,ROSARIO,Rosario,Asfalto,No existe,II,Dentro,Urbana,Ninguna,No existe,Intersección,Bueno,Buena,"Nocturna,Con luz artificial",Buen Tiempo,S/D,S/D,Colisión,Ninguna,Faltante,Ninguna,Sin restricción
2020,3707,2020-07-30,Jueves,19:55:00,,0.0,2,"Moto/Ciclomotor,Pickup/Utilitario",Entre Rios Y Clarke,3,2,0,0,1,0,0,"-32.94967, -60.64187",S/D,,ROSARIO,Rosario,Hormigón,No existe,II,Dentro,Urbana,Ninguna,No existe,Intersección,Bueno,Reducida,Atardecer,Buen Tiempo,Lateral,S/D,Colisión,Ninguna,Faltante,Ninguna,Sin restricción
2020,3708,2020-10-09,Viernes,,Ruta Provincial 6,0.0,2,"Automóvil,Moto/Ciclomotor",Carlos Montalbetti ,2,1,0,0,1,0,0,"-31.47668, -60.91924",Ruta,6,ESPERANZA,Las Colonias,Asfalto,Natural,XI,S/D,Urbana,Ninguna,No existe,Intersección,Bueno,Buena,Diurna,Buen Tiempo,S/D,S/D,Colisión,Ninguna,Horizontal,Línea divisoria pintada,Sin restricción
2020,3709,2020-08-02,Domingo,12:30:00,,0.0,2,"Moto/Ciclomotor,Moto/Ciclomotor",Av Gral Savio Y Julio Roca,2,2,0,0,0,0,0,"-32.7837392139,-60.73023416104",Avenida,,FRAY LUIS BELTRÁN,San Lorenzo,Asfalto,No existe,XVII,Dentro,Urbana,Ninguna,No existe,Intersección,Otro,S/D,Diurna,S/D,S/D,S/D,Colisión,Ninguna,Faltante,Ninguna,S/D
2020,3710,2020-07-27,Lunes,20:20:00,,0.0,2,"Automóvil,Moto/Ciclomotor",Av. Eva Peron Y Mejico,3,1,0,0,2,0,0,"-32.932, -60.71883",Avenida,,ROSARIO,Rosario,Asfalto,No existe,II,Dentro,Urbana,Ninguna,Funciona,Intersección,Bueno,Buena,Atardecer,Buen Tiempo,De alcance,S/D,Colisión,Ninguna,S/D,Cordón divisorio,Sin restricción
2020,3711,2020-06-22,Lunes,23:00:00,,0.0,2,"Bicicleta,Automóvil",Av. Ovidio Lagos Y Lamadrid,2,1,0,0,1,0,0,"-32.997846440095,-60.675031983696",Avenida,,ROSARIO,Rosario,Asfalto,No existe,II,Dentro,Urbana,Paso Peatonal,No existe,Intersección,Bueno,Buena,"Nocturna,Con luz artificial",Buen Tiempo,S/D,Peatón,Atropello,Ninguna,Horizontal,Cordón divisorio,Sin restricción
2020,3712,2020-08-04,Martes,23:30:00,Ruta Nacional 34,398.0,2,"Pickup/Utilitario,Camión c / Semirremolque", ,2,1,0,0,1,0,0,"-29.807907, -62.015166",Ruta,34,CERES,San CRISTÓBAL,Asfalto,Natural,XIII,Dentro,Rural,Ninguna,No existe,Recta,Bueno,Buena,Nocturna,Buen Tiempo,Frontal,S/D,Colisión,Ninguna,Faltante,Ninguna,Sin restricción
2020,3713,2020-10-09,Viernes,,,0.0,2,"Automóvil,Bicicleta",Bartolome Mitre Y G Lehmann,2,1,0,0,1,0,0,"-31.44919, -60.93731",Calle,,ESPERANZA,Las Colonias,Asfalto,No existe,XI,S/D,Urbana,Ninguna,No existe,Intersección,Bueno,Buena,Diurna,Buen Tiempo,S/D,Ciclista,Atropello,Ninguna,Horizontal,Cordón divisorio,Sin restricción
2020,3714,2020-10-05,Lunes,23:50:00,,0.0,2,"Automóvil,Otros",Bv. Rondeau Y Washington,2,0,0,0,0,0,2,"-32.90105, -60.69062",S/D,,ROSARIO,Rosario,S/D,S/D,II,S/D,Urbana,S/D,S/D,S/D,S/D,S/D,S/D,S/D,S/D,S/D,S/D,S/D,S/D,S/D,S/D
2020,3715,2020-08-24,Lunes,14:30:00,,0.0,2,"Moto/Ciclomotor,Taxi/Remis",Artigas Y General Richieri,3,1,0,0,1,0,1,"-32.798102378374,-60.727228839757",Calle,,FRAY LUIS BELTRÁN,San Lorenzo,Asfalto,No existe,XVII,Dentro,Urbana,Ninguna,No existe,Intersección,Otro,S/D,Diurna,S/D,S/D,S/D,Colisión,Ninguna,Faltante,Ninguna,S/D
2020,3716,2020-07-21,Martes,08:20:00,,0.0,2,"Automóvil,Moto/Ciclomotor",San Nicolas 2800,3,2,0,0,1,0,0,"-32.96378, -60.67827",Calle,,ROSARIO,Rosario,Asfalto,No existe,II,Dentro,Urbana,Ninguna,No existe,Intersección,Otro,Buena,Diurna,S/D,S/D,S/D,Colisión,Otro,Faltante,Vegetación,Sin restricción
2020,3717,2020-08-12,Miercoles,11:10:00,Ruta Provincial 39,0.0,2,"Moto/Ciclomotor,Pickup/Utilitario", ,2,0,1,0,1,0,0,"-30.194380, -61.936208",Ruta,39,VILLA TRINIDAD,San CRISTÓBAL,Asfalto,Natural,XIII,Dentro,Rural,Ninguna,No existe,Recta,Deteriorada,Buena,Diurna,Buen Tiempo,Frontal,S/D,Colisión,Ninguna,Faltante,Línea divisoria pintada,Sin restricción
2020,3718,2020-07-21,Martes,08:30:00,,0.0,2,"Bicicleta,Automóvil",Buenos Aires Y Saavedra,2,1,0,0,1,0,0,"-32.97892, -60.64063",Calle,,ROSARIO,Rosario,S/D,S/D,II,Dentro,Urbana,S/D,S/D,Intersección,S/D,S/D,Diurna,S/D,S/D,Ciclista,Atropello,S/D,S/D,S/D,S/D
2020,3719,2020-07-29,Miercoles,18:00:00,,0.0,2,"Automóvil,Bicicleta",25 de Mayo Y Moreno,2,1,0,0,1,0,0,"    -31.43864, -61.26092",Calle,,PILAR,Las Colonias,S/D,Pavimento,XI,Dentro,Urbana,Ninguna,No existe,Intersección,Bueno,Buena,Diurna,Buen Tiempo,Frontal,Ciclista,Atropello,Ninguna,Vertical,Ninguna,Sin restricción
2020,3720,2020-08-06,Jueves,13:15:00,Autopista Provincial Brigadier E.LÓPEZ,13.0,1,Pickup/Utilitario, ,3,3,0,0,0,0,0,"-32.77516, -60.74801",Autopista,Brigadier E.LÓPEZ,FRAY LUIS BELTRÁN,San Lorenzo,Asfalto,Pavimento,XVII,Dentro,Rural,Marca Vial,No existe,Recta,Otro,S/D,Diurna,S/D,S/D,S/D,Despiste,Otro,Horizontal,Vegetación,S/D
2020,3721,2020-07-21,Martes,19:40:00,,0.0,2,"Moto/Ciclomotor,Automóvil",Ayacucho 6700,3,2,0,0,1,0,0,"-33.0124, -60.63559",Calle,,ROSARIO,Rosario,Asfalto,No existe,II,S/D,Urbana,Ninguna,No existe,Recta,Con baches,Buena,Atardecer,Buen Tiempo,De alcance,S/D,Colisión,Ninguna,Faltante,Ninguna,Sin restricción
2020,3722,2020-07-25,Sabado,03:15:00,Ruta Provincial 6,48.4,1,Automóvil, ,1,1,0,0,0,0,0,"    -31.56797, -60.93283",Ruta,6,FRANCK,Las Colonias,Asfalto,Natural,XI,S/D,Rural,S/D,No existe,Recta,Bueno,Reducida,Nocturna,Buen Tiempo,Otro,S/D,Despiste,Ninguna,Horizontal,Ninguna,Sin restricción
2020,3723,2020-08-27,Jueves,20:20:00,Ruta Nacional 34,0.0,2,"Camión c / Acoplado,Automóvil",ruta pcial 39-s ,2,0,1,0,1,0,0,"-30.226288, -61.728962",Ruta,34,ARRUFÓ,San CRISTÓBAL,Asfalto,Natural,XIII,Dentro,Urbana,Señal Pare,No existe,Intersección,Bueno,Reducida,Nocturna,Buen Tiempo,Lateral,S/D,Colisión,Ninguna,Vertical,Línea divisoria pintada,Sin restricción
2020,3724,2020-07-26,Domingo,06:30:00,,0.0,1,Moto/Ciclomotor, ,1,0,1,0,0,0,0,"    -31.56444, -61.08397",Camino Rural,,SAN JERÓNIMO NORTE,Las Colonias,Ripio,Natural,XI,Dentro,Rural,Ninguna,No existe,Recta,Bueno,S/D,Nocturna,Otro,Contra objeto fijo,S/D,Colisión,Ninguna,Faltante,Ninguna,Sin restricción