anio_acci,nro_acci,fecha,desc_dia,hora_aprox,desc_ruta,km,cant_participantes,desc_participante,calle_avenida_km,total,heridos_leves,heridos_graves,heridos_gravisimos,ilesos,fallecidos,sin_datos,posicion_XY,desc_tipo_via,desc_ruta_ori,desc_loc,desc_dpto,desc_tipo_calzada,desc_tipo_banquina,desc_unidad_regional,desc_lugar_calzada,desc_zona,desc_prioridad,desc_estado_semaforo,desc_lugar_via,desc_estado_via,desc_estado_visibilidad,desc_luminosidad,desc_estado_clima,desc_tipo_colision,desc_tipo_atropello,desc_tipo_hecho,desc_pres_calzada,desc_senializacion,desc_separacion_via,desc_restriccion
2020,3725,2020-08-29,Sabado,10:15:00,Ruta Nacional 34,0.0,2,"Pickup/Utilitario,Automóvil",ruta pcial 39-s ,5,2,0,0,3,0,0,"-30.226310, -61.728795",Ruta,34,ARRUFÓ,San CRISTÓBAL,Asfalto,Natural,XIII,Dentro,Urbana,Señal Pare,No existe,Cruce,Bueno,Buena,Diurna,Buen Tiempo,Lateral,S/D,Colisión,Ninguna,Vertical,Línea divisoria pintada,Sin restricción
2020,3726,2020-08-03,Lunes,07:10:00,Ruta Provincial 39,0.0,1,Moto/Ciclomotor, ,1,1,0,0,0,0,0,"-30.262827, -61.490382",Ruta,39,PORTUGALETE,San CRISTÓBAL,Asfalto,Natural,XIII,Dentro,Rural,Ninguna,No existe,Recta,Bueno,Buena,Amanecer,Buen Tiempo,Atropello animal,S/D,Colisión,Ninguna,Faltante,Ninguna,Sin restricción
2020,3727,2020-10-08,Jueves,09:15:00,,0.0,2,"Pickup/Utilitario,Automóvil",Dr Zavalla Y Vera,3,1,0,0,2,0,0,"-31.64093, -60.71873",Calle,,SANTA FE,La Capital,Hormigón,No existe,I,S/D,Urbana,Ninguna,No existe,Intersección,Bueno,Buena,Diurna,Buen Tiempo,Lateral,S/D,Colisión,Ninguna,Faltante,Ninguna,Sin restricción
2020,3728,2020-10-03,Sabado,11:20:00,,0.0,2,"Automóvil,Bicicleta",Albert Sabin Y J.B.Justo,2,1,0,0,1,0,0,"-32.91431, -60.69155",S/D,,ROSARIO,Rosario,Asfalto,Pavimento,II,Dentro,Urbana,Semáforo,Funciona,Recta,Bueno,Buena,Diurna,Buen Tiempo,Frontal,Ciclista,Atropello,Ninguna,Horizontal,Barrera de hormigón,Sin restricción
2020,3729,2020-10-10,Sabado,13:25:00,,0.0,2,"Bicicleta,Pickup/Utilitario",Bv Pellegrini Y Av Urquiza,2,1,0,0,1,0,0,"-31.63408, -60.70984",Avenida,,SANTA FE,La Capital,Hormigón,No existe,I,Dentro,Urbana,Ninguna,Funciona,Intersección,Bueno,Buena,Diurna,Buen Tiempo,Lateral,Ciclista,Atropello,Ninguna,Vertical,Cordón divisorio,Sin restricción
2020,3730,2020-10-04,Domingo,15:10:00,,0.0,2,"Moto/Ciclomotor,Pickup/Utilitario",Baigorria Y Molina,2,1,0,0,1,0,0,"-32.89378, -60.70466",Calle,,ROSARIO,Rosario,Asfalto,Pavimento,II,Dentro,Urbana,Ninguna,No existe,Intersección,Bueno,Buena,Diurna,Buen Tiempo,S/D,S/D,Colisión,Ninguna,Faltante,Ninguna,S/D
2020,3731,2020-10-11,Domingo,,,0.0,2,"Automóvil,Moto/Ciclomotor",Francia Y Primera Junta,2,1,0,0,1,0,0,"-31.64603, -60.71461",Calle,,SANTA FE,La Capital,Hormigón,No existe,I,Dentro,Urbana,Ninguna,No existe,Intersección,Bueno,Buena,Diurna,Buen Tiempo,Lateral,S/D,Colisión,Ninguna,Faltante,Ninguna,Sin restricción
2020,3732,2020-10-13,Martes,12:30:00,,0.0,3,"Moto/Ciclomotor,Pickup/Utilitario,Automóvil",Av Freyre Y Mendoza,5,1,0,0,4,0,0,"-31.64623, -60.71855",Avenida,,SANTA FE,La Capital,Hormigón,No existe,I,Dentro,Urbana,Ninguna,Funciona,Intersección,Bueno,Buena,Diurna,Buen Tiempo,Lateral,S/D,Colisión,Ninguna,Faltante,Cordón divisorio,Sin restricción
2020,3733,2020-07-22,Miercoles,16:20:00,,0.0,2,"Automóvil,Moto/Ciclomotor",Rivadavia Y Marcos Avellaneda,3,2,0,0,1,0,0,"-31.45447, -60.92989",Avenida,,ESPERANZA,Las Colonias,Asfalto,No existe,XI,S/D,Urbana,Ninguna,No existe,Intersección,Con baches,Buena,Diurna,Buen Tiempo,Frontal,S/D,Colisión,Ninguna,Faltante,Ninguna,Sin restricción
2020,3734,2020-08-29,Sabado,04:15:00,,0.0,2,"Moto/Ciclomotor,Vehículo Oficial",Av Belgrano Y Yapeyu,3,0,1,0,2,0,0,"-32.807068410763,-60.728198715683",Avenida,,CAPITÁN BERMÚDEZ,San Lorenzo,Asfalto,No existe,XVII,Dentro,Urbana,Ninguna,No existe,Intersección,Bueno,Buena,"Nocturna,Con luz artificial",S/D,De alcance,S/D,Colisión,Ninguna,Faltante,Ninguna,S/D
2020,3735,2020-10-07,Miercoles,16:48:00,,0.0,2,"Moto/Ciclomotor,Moto/Ciclomotor",Anchoris 2829,2,2,0,0,0,0,0,"-32.88768, -60.70243",S/D,,ROSARIO,Rosario,S/D,S/D,II,S/D,S/D,S/D,S/D,S/D,S/D,S/D,S/D,S/D,S/D,S/D,S/D,S/D,S/D,S/D,S/D
2020,3736,2020-10-08,Jueves,18:30:00,,0.0,2,"Bicicleta,Automóvil",Entre Rios 3400,2,1,0,0,1,0,0,"-31.65827, -60.72106",Calle,,SANTA FE,La Capital,Asfalto,Pavimento,I,Dentro,Urbana,Ninguna,No existe,Recta,Bueno,Buena,Atardecer,Buen Tiempo,S/D,Ciclista,Atropello,Ninguna,Vertical,Ninguna,Sin restricción
2020,3737,2020-10-04,Domingo,04:00:00,,0.0,1,Moto/Ciclomotor,Bv Belgrano Y Rivadavia,1,1,0,0,0,0,0,"-32.88768, -60.70243",S/D,,ÁLVAREZ,Rosario,Asfalto,Pavimento,II,S/D,S/D,Ninguna,No existe,Recta,Bueno,Buena,Nocturna,Buen Tiempo,Otro,S/D,Cañda ocupante,Ninguna,Faltante,Cordón divisorio,Sin restricción
2020,3738,2020-10-02,Viernes,13:00:00,,0.0,2,"Automóvil,Moto/Ciclomotor", ,2,1,0,0,1,0,0,"-32.68916, -61.52328",Calle,,ROSARIO,Rosario,Asfalto,Ripio,III,Fuera,Urbana,Ninguna,Funciona,Recta,Bueno,Buena,Diurna,Buen Tiempo,Lateral,S/D,Colisión,Ninguna,Horizontal,Ninguna,Sin restricción
2020,3739,2020-10-11,Domingo,23:30:00,,0.0,2,"Pickup/Utilitario,Moto/Ciclomotor",Zavalia Y Cristobal Colon,2,1,0,0,1,0,0,"-31.66906, -60.72678",Calle,,SANTA FE,La Capital,Asfalto,No existe,I,Dentro,Urbana,Ninguna,No existe,Intersección,Bueno,Buena,Nocturna,Buen Tiempo,Lateral,S/D,Colisión,Ninguna,Faltante,Ninguna,Sin restricción
2020,3740,2020-10-01,Jueves,18:30:00,,0.0,2,"Moto/Ciclomotor,Automóvil",Bv Belgrano Y Las Heras,2,1,0,0,1,0,0,"-33.1269, -60.80125",S/D,,ÁLVAREZ,Rosario,Asfalto,Pavimento,II,S/D,S/D,Ninguna,S/D,Recta,Bueno,Buena,Diurna,Buen Tiempo,Lateral,S/D,Colisión,Ninguna,Faltante,Ninguna,Sin restricción
2020,3741,2020-08-28,Viernes,11:39:00,,0.0,2,"Moto/Ciclomotor,Automóvil",Av Belgrano Y Florida,2,1,0,0,1,0,0,"-32.826221386609,-60.721723128647",Avenida,,CAPITÁN BERMÚDEZ,San Lorenzo,Asfalto,No existe,XVII,Dentro,Urbana,Ninguna,No existe,Intersección,Bueno,Buena,Diurna,S/D,S/D,S/D,Colisión,Ninguna,Faltante,Ninguna,S/D
2020,3742,2020-07-22,Miercoles,00:50:00,,0.0,2,"Moto/Ciclomotor,Automóvil",Av Blas Parera Y Vieytes,2,1,0,0,1,0,0,"-31.59697, -60.72274",S/D,,SANTA FE,La Capital,Asfalto,Pavimento,I,S/D,Urbana,Semáforo,Funciona,Intersección,Bueno,Buena,Nocturna,Buen Tiempo,Lateral,S/D,Colisión,Ninguna,"Horizontal,Vertical",Cordón divisorio,S/D
2020,3743,2020-10-15,Jueves,08:30:00,,0.0,2,"Automóvil,Moto/Ciclomotor",Bolivar Y Vera Mujica,2,1,0,0,1,0,0,"-31.66408, -60.72393",Calle,,SANTA FE,La Capital,Asfalto,No existe,I,Dentro,Urbana,Ninguna,No existe,Recta,Bueno,Buena,Diurna,Buen Tiempo,Lateral,S/D,Colisión,Ninguna,Faltante,Ninguna,Sin restricción
2020,3744,2020-08-20,Jueves,14:30:00,,0.0,2,"Automóvil,Moto/Ciclomotor",Dr Ghio Y Ombu,4,3,0,0,1,0,0,"-32.749121013617,-60.743726641927",Calle,,SAN LORENZO,San Lorenzo,Asfalto,No existe,XVII,Dentro,Urbana,Ninguna,No existe,Intersección,S/D,S/D,Diurna,S/D,S/D,S/D,Colisión,S/D,Faltante,Ninguna,S/D
2020,3745,2020-10-06,Martes,20:10:00,Autopista Nacional Rosario -Cordoba,302.0,1,Automóvil, ,1,1,0,0,0,0,0,"-32.92829, -60.88546",Autopista,Rosario -Cordoba,FUNES,Rosario,Asfalto,S/D,II,S/D,S/D,Ninguna,No existe,Curva,Con baches,Buena,Nocturna,Buen Tiempo,Otro,S/D,Vuelco,Ninguna,Vertical,Vegetación,Sin restricción
2020,3746,2020-07-22,Miercoles,18:10:00,,0.0,4,"Automóvil,Taxi/Remis,Automóvil,Automóvil",Av Pe�aloza 6700,4,0,0,0,3,0,1,"-31.60265, -60.71267",Calle,,SANTA FE,La Capital,Asfalto,No existe,I,S/D,Urbana,Ninguna,No existe,Recta,Bueno,Buena,Diurna,Buen Tiempo,Múltiple,S/D,Colisión,Ninguna,Faltante,Ninguna,Sin restricción
2020,3747,2020-10-08,Jueves,15:15:00,,0.0,2,"Moto/Ciclomotor,Moto/Ciclomotor",Bv Galvez Y Necochea,2,1,0,0,1,0,0,"-31.63753, -60.69445",Avenida,,SANTA FE,La Capital,Asfalto,No existe,I,Dentro,Urbana,S/D,Funciona,Recta,Bueno,S/D,Diurna,S/D,Lateral,S/D,Colisión,S/D,S/D,S/D,S/D
2020,3748,2020-10-03,Sabado,12:40:00,,0.0,2,"Moto/Ciclomotor,Automóvil",Gral Paz ,3,1,0,0,2,0,0,"-32.91529, -60.80682",S/D,,FUNES,Rosario,Asfalto,No existe,II,S/D,S/D,S/D,No existe,Intersección,Bueno,Buena,Diurna,Buen Tiempo,Frontal,S/D,Colisión,Ninguna,Faltante,Ninguna,Sin restricción
2020,3749,2020-10-12,Lunes,01:10:00,,0.0,2,"Moto/Ciclomotor,Automóvil",Av Leandro Alem ,2,1,0,0,1,0,0,"-31.64297, -60.68671",Calle,,SANTA FE,La Capital,Hormigón,Pavimento,I,S/D,Urbana,S/D,Funciona,Recta,Bueno,S/D,Nocturna,S/D,Lateral,S/D,Colisión,S/D,S/D,S/D,S/D
2020,3750,2020-08-09,Domingo,17:15:00,Autopista Provincial Brigadier E.LÓPEZ,13.0,2,"Automóvil,Automóvil", ,4,4,0,0,0,0,0,"-32.76489, -60.75206",Autopista,Brigadier E.LÓPEZ,SAN LORENZO,San Lorenzo,Asfalto,Ripio,XVII,Dentro,Rural,Ninguna,No existe,Recta,S/D,S/D,Diurna,S/D,S/D,S/D,Colisión,S/D,Horizontal,Vegetación,S/D
2020,3751,2020-07-24,Viernes,21:15:00,,0.0,2,"Bicicleta,Automóvil",Sarmiento Y A Gaminara,2,1,0,0,1,0,0,"    -31.73996, -61.09761",Calle,,SAN CARLOS CENTRO,Las Colonias,Asfalto,No existe,XI,Dentro,Urbana,Ninguna,No existe,Intersección,Bueno,Buena,Nocturna,Buen Tiempo,S/D,Ciclista,Atropello,Ninguna,Vertical,Ninguna,Sin restricción
2020,3752,2020-08-18,Martes,12:21:00,,0.0,2,"Peatón,Moto/Ciclomotor",Av. Ovidio Lagos Y Mendoza,3,2,0,0,1,0,0,"-32.947383936038,-60.662740126343",Avenida,,ROSARIO,Rosario,Asfalto,No existe,II,Dentro,Urbana,Semáforo,No existe,Intersección,Bueno,Buena,Diurna,Buen Tiempo,S/D,Peatón,Atropello,Ninguna,Vertical,Ninguna,Sin restricción
2020,3753,2020-07-22,Miercoles,18:00:00,,0.0,2,"Taxi/Remis,Moto/Ciclomotor",R Godoy Y Candioti,2,1,0,0,1,0,0,"-31.61715, -60.68957",Calle,,SANTA FE,La Capital,Asfalto,No existe,I,Dentro,Urbana,Ninguna,No existe,Intersección,Con baches,Buena,Atardecer,Buen Tiempo,Lateral,S/D,Colisión,Ninguna,S/D,Ninguna,Sin restricción
2020,3754,2020-10-23,Viernes,,,0.0,2,"Taxi/Remis,Moto/Ciclomotor",Lavalle Y Domingo Silva,2,1,0,0,1,0,0,"-32.95883, -60.693",Calle,,ROSARIO,Rosario,Asfalto,No existe,II,S/D,Urbana,S/D,No existe,Intersección,Bueno,S/D,S/D,S/D,Lateral,S/D,Colisión,S/D,S/D,S/D,S/D
2020,3755,2020-07-31,Viernes,11:00:00,,0.0,2,"Pickup/Utilitario,Bicicleta",Colon Y Sarmiento,2,1,0,0,1,0,0,"    -31.73901, -61.09733",Calle,,SAN CARLOS CENTRO,Las Colonias,Asfalto,No existe,XI,Dentro,Urbana,Ninguna,No existe,Intersección,Bueno,Buena,Diurna,Buen Tiempo,S/D,Ciclista,Atropello,Ninguna,Vertical,Ninguna,Sin restricción
2020,3756,2020-10-04,Domingo,12:35:00,,0.0,2,"Automóvil,Moto/Ciclomotor",Leandro Alem 900,3,2,0,0,1,0,0,"-32.99451, -60.76791",Calle,,PEREZ,Rosario,Asfalto,No existe,II,Dentro,Urbana,Ninguna,No existe,Recta,Bueno,Buena,Diurna,Buen Tiempo,Lateral,S/D,Colisión,Ninguna,S/D,Ninguna,Sin restricción
2020,3757,2020-07-22,Miercoles,10:00:00,,0.0,2,"Moto/Ciclomotor,Pickup/Utilitario",Av Facundo Zuviria Y Risso,2,1,0,0,1,0,0,"-31.5992, -60.70106",Avenida,,SANTA FE,La Capital,Asfalto,No existe,I,Dentro,Urbana,Ninguna,No existe,Intersección,Bueno,Buena,Diurna,Buen Tiempo,Lateral,S/D,Colisión,Ninguna,S/D,Ninguna,Sin restricción
2020,3758,2020-10-14,Miercoles,13:55:00,,0.0,2,"Automóvil,Bicicleta",Ituzaingo Y Dorrego,2,1,0,0,1,0,0,"-31.64097, -60.68755",Calle,,SANTA FE,La Capital,Asfalto,No existe,I,S/D,Urbana,S/D,No existe,Intersección,Bueno,S/D,Diurna,S/D,S/D,Ciclista,Atropello,S/D,S/D,S/D,S/D
2020,3759,2020-10-15,Jueves,20:40:00,,0.0,2,"Automóvil,Pickup/Utilitario",Domingo Silva Y Candioti,2,1,0,0,1,0,0,"-31.63261, -60.69412",Calle,,SANTA FE,La Capital,Asfalto,No existe,I,S/D,Urbana,S/D,No existe,Intersección,Bueno,S/D,Nocturna,S/D,Múltiple,S/D,Colisión,S/D,S/D,S/D,S/D
2020,3760,2020-07-31,Viernes,13:30:00,,0.0,2,"Moto/Ciclomotor,Moto/Ciclomotor",Conscriptos Muller y Colombo Y Santiago del Estero,2,2,0,0,0,0,0,"    -31.46757, -60.93909",Calle,,ESPERANZA,Las Colonias,Tierra,Ripio,XI,Dentro,Urbana,Ninguna,No existe,Intersección,Bueno,Buena,Diurna,Buen Tiempo,Lateral,S/D,Colisión,Ninguna,Faltante,Ninguna,Sin restricción
2020,3761,2020-06-01,Lunes,,,0.0,2,"Moto/Ciclomotor,Vehículo Oficial",Juan de Garay Y Salta,5,2,0,0,3,0,0,"-31.670128600167,-60.758121292389",Calle,,SANTO TOMÉ,La Capital,Asfalto,No existe,I,Dentro,Urbana,Ninguna,No existe,Intersección,S/D,Buena,Diurna,Buen Tiempo,S/D,S/D,Colisión,Ninguna,Faltante,Ninguna,Sin restricción
2020,3762,2020-07-22,Miercoles,20:00:00,,0.0,2,"Pickup/Utilitario,Moto/Ciclomotor",Av Freyre Y Monse�or Zaspe,2,1,0,0,1,0,0,"-31.65402, -60.72077",Calle,,SANTA FE,La Capital,Asfalto,No existe,I,Dentro,Urbana,Ninguna,Funciona,Intersección,Bueno,Buena,Nocturna,Buen Tiempo,Lateral,S/D,Colisión,Ninguna,Faltante,Ninguna,Sin restricción
2020,3763,2020-07-27,Lunes,11:40:00,,0.0,2,"Automóvil,Moto/Ciclomotor",Simon de Iriondo Y Almafuerte,2,0,1,0,1,0,0,"    -31.44042, -60.92776",Calle,,ESPERANZA,Las Colonias,Asfalto,No existe,XI,Dentro,Urbana,Ninguna,No existe,Intersección,Bueno,Buena,Diurna,Buen Tiempo,Lateral,S/D,Colisión,Ninguna,Faltante,Ninguna,Sin restricción
2020,3764,2020-10-02,Viernes,08:50:00,,0.0,2,"Moto/Ciclomotor,Automóvil",Jolly Medrano Y Av 9 de Julio,2,1,0,0,1,0,0,"-32.99611, -60.77115",Calle,,PEREZ,Rosario,Asfalto,No existe,II,Dentro,Urbana,Ninguna,No existe,Intersección,Bueno,Buena,Diurna,Buen Tiempo,Frontal,S/D,Colisión,Ninguna,Faltante,Ninguna,Sin restricción
2020,3765,2020-10-10,Sabado,11:05:00,,0.0,2,"Automóvil,Moto/Ciclomotor",Pedro Alejandro Vittori Y Luciano Molinas,2,1,0,0,1,0,0,"-31.63236, -60.69993",Calle,,SANTA FE,La Capital,Asfalto,Pavimento,I,Dentro,Urbana,Ninguna,No existe,Recta,Bueno,Buena,Diurna,Buen Tiempo,Lateral,S/D,Colisión,Ninguna,Faltante,Ninguna,Sin restricción
2020,3766,2020-07-25,Sabado,14:55:00,,0.0,2,"Moto/Ciclomotor,Automóvil",H Irigoyen Y Primitivo Galan,2,1,0,0,1,0,0,"    -34.26373, -62.71031",Calle,,RUFINO,General LÓPEZ,Asfalto,No existe,VII,S/D,Urbana,S/D,No existe,Intersección,Bueno,Buena,Diurna,Buen Tiempo,Lateral,S/D,Colisión,Ninguna,Vertical,Ninguna,Sin restricción
2020,3767,2020-07-22,Miercoles,19:10:00,,0.0,2,"Moto/Ciclomotor,Pickup/Utilitario",Corrientes Y Juan Diaz de Solis,2,1,0,0,0,0,1,"-31.65029, -60.72846",Calle,,SANTA FE,La Capital,Asfalto,No existe,I,Dentro,Urbana,Ninguna,No existe,Intersección,Bueno,Buena,Atardecer,Buen Tiempo,Lateral,S/D,Colisión,Ninguna,Faltante,Ninguna,Sin restricción
2020,3768,2020-10-02,Viernes,,Autopista Nacional A008,0.0,2,"Automóvil,Moto/Ciclomotor",Italia ,2,1,0,0,1,0,0,"-33.00026, -60.77613",Autopista,A008,ROSARIO,Rosario,Asfalto,Pavimento,II,S/D,Urbana,Ninguna,No existe,Recta,Bueno,Buena,Diurna,Buen Tiempo,Otro,S/D,Colisión,Ninguna,S/D,Ninguna,Sin restricción
2020,3769,2020-10-13,Martes,21:30:00,,0.0,2,"Taxi/Remis,Bicicleta",4 de Enero Y Salta,2,1,0,0,1,0,0,"-31.64923, -60.71273",Calle,,SANTA FE,La Capital,Asfalto,Pavimento,I,Dentro,Urbana,Ninguna,No existe,Intersección,Bueno,Buena,Diurna,Buen Tiempo,S/D,Ciclista,Atropello,Ninguna,Faltante,Ninguna,Sin restricción
2020,3770,2020-07-22,Miercoles,18:00:00,,0.0,2,"Automóvil,Moto/Ciclomotor",Av. Pellegrini Y Magallanes,2,1,0,0,1,0,0,"-32.94833, -60.70414",Avenida,,ROSARIO,Rosario,Asfalto,Pavimento,II,Dentro,Urbana,Ninguna,No existe,Intersección,S/D,Reducida,Atardecer,S/D,S/D,S/D,Colisión,S/D,Faltante,"Cordón divisorio,Vegetación,Línea divisoria pintada",Sin restricción
2020,3771,2020-07-22,Miercoles,10:30:00,,0.0,2,"Moto/Ciclomotor,Automóvil",Servando Bayo Y San Luis,2,1,0,0,1,0,0,"-32.94073, -60.68523",Calle,,ROSARIO,Rosario,Asfalto,S/D,II,S/D,Urbana,S/D,S/D,Intersección,S/D,S/D,Diurna,S/D,S/D,S/D,Colisión,S/D,S/D,S/D,S/D
2020,3772,2020-10-12,Lunes,12:30:00,,0.0,2,"Pickup/Utilitario,Moto/Ciclomotor",Santa Fe Y J M De Rosas,2,0,0,0,1,1,0,"-30.79953,-60.59908",Calle,,SAN JUSTO,San Justo,Asfalto,No existe,XVI,Dentro,Urbana,Ninguna,No existe,Intersección,Bueno,Buena,Diurna,Buen Tiempo,Frontal,S/D,Colisión,Ninguna,Faltante,Ninguna,Sin restricción
2020,3773,2020-07-30,Jueves,20:45:00,,0.0,2,"Pickup/Utilitario,Moto/Ciclomotor",California Y Lisandro de la Torre,2,1,0,0,1,0,0,"    -32.77825, -61.59587",Calle,,ARMSTRONG,Belgrano,Asfalto,No existe,III,Dentro,Urbana,Ninguna,No existe,Puente,S/D,Buena,Nocturna,Buen Tiempo,Lateral,S/D,Colisión,S/D,Faltante,Ninguna,Sin restricción
2020,3774,2020-06-30,Martes,16:30:00,Ruta Secundaria 32-s,0.0,2,"Automóvil,Moto/Ciclomotor",Belgrano 400,2,1,0,0,1,0,0,"-32.053768385421,-61.598312682308",Ruta,32-s,CAÑADA ROSQUÍN,San MARTÍN,Asfalto,No existe,XVIII,Dentro,Urbana,Ninguna,No existe,Intersección,Bueno,S/D,Diurna,S/D,S/D,S/D,Colisión,S/D,Faltante,Ninguna,S/D
2020,3775,2020-07-22,Miercoles,09:20:00,,0.0,2,"Pickup/Utilitario,Automóvil",San Juan Y Parana,2,1,0,0,1,0,0,"-32.94061, -60.69234",Calle,,ROSARIO,Rosario,Asfalto,No existe,II,Dentro,Urbana,Ninguna,No existe,Recta,Bueno,Buena,Diurna,Buen Tiempo,De alcance,S/D,Colisión,Ninguna,Faltante,Ninguna,Sin restricción
2020,3776,2020-10-05,Lunes,18:15:00,Ruta Secundaria 22-s,0.0,2,"Automóvil,Moto/Ciclomotor",Soldado Aguirre ,3,2,0,0,0,0,1,"-33.02979, -60.65602",Ruta,22-s,VILLA GOBERNADOR GÁLVEZ,Rosario,Asfalto,Ripio,II,S/D,S/D,Ninguna,No existe,Intersección,Deteriorada,Buena,Atardecer,Buen Tiempo,Lateral,S/D,Colisión,Material Suelto,Faltante,"Cordón divisorio,Línea divisoria pintada",Sin restricción
2020,3777,2020-10-15,Jueves,16:00:00,,0.0,2,"Moto/Ciclomotor,Bicicleta",Gral Belgrano Y Brig. Lopez,2,1,0,0,1,0,0,"-30.35545, -60.40299",Calle,,GOBERNADOR CRESPO,San Justo,Hormigón,No existe,XVI,S/D,Urbana,Ninguna,No existe,Intersección,Bueno,Buena,Diurna,Buen Tiempo,Lateral,S/D,Colisión,Ninguna,S/D,Ninguna,Sin restricción
2020,3778,2020-07-26,Domingo,21:45:00,,0.0,1,Moto/Ciclomotor,Buenos Aires Y Horacio Girlihg,1,1,0,0,0,0,0,"    -32.79086, -61.61164",Calle,,ARMSTRONG,Belgrano,Ripio,S/D,III,Dentro,Urbana,Ninguna,No existe,Recta,Bueno,Buena,Nocturna,Buen Tiempo,Contra objeto fijo,S/D,Colisión,Ninguna,Faltante,Ninguna,Sin restricción
2020,3779,2020-06-01,Lunes,,,0.0,1,Automóvil, ,2,1,0,0,1,0,0,"-31.206138298026517,-60.92996460118",S/D,,CULULÚ,Las Colonias,S/D,S/D,XI,S/D,S/D,S/D,S/D,S/D,S/D,S/D,S/D,S/D,S/D,S/D,Despiste,S/D,S/D,S/D,S/D
2020,3780,2020-06-17,Miercoles,00:30:00,,0.0,1,Moto/Ciclomotor,1 de Mayo 1764,1,1,0,0,0,0,0,"-33.048438105846,-61.164325249122",Calle,,CASILDA,Caseros,Asfalto,No existe,IV,Dentro,Urbana,Ninguna,No existe,Recta,Bueno,Buena,Diurna,Buen Tiempo,Atropello animal,S/D,Colisión,Ninguna,Faltante,Ninguna,Sin restricción
2020,3781,2020-07-22,Miercoles,09:55:00,,0.0,2,"Bicicleta,Automóvil",Dean Funes Y L.N.Alem,2,1,0,0,1,0,0,"-32.97739, -60.63569",Calle,,ROSARIO,Rosario,Asfalto,No existe,II,Dentro,Urbana,Ninguna,No existe,Intersección,Bueno,Buena,Diurna,Buen Tiempo,S/D,Ciclista,Atropello,Ninguna,Faltante,Ninguna,Sin restricción
2020,3782,2020-10-01,Jueves,06:30:00,Ruta Secundaria 22-s,0.0,2,"Moto/Ciclomotor,Otros", ,2,1,0,0,1,0,0,"-33.03036, -60.65603",Ruta,22-s,VILLA GOBERNADOR GÁLVEZ,Rosario,Asfalto,No existe,II,Dentro,Urbana,Ninguna,No existe,Recta,Bueno,Buena,Diurna,Buen Tiempo,Lateral,S/D,Colisión,Material Suelto,Faltante,"Guardarrail,Línea divisoria pintada",Sin restricción
2020,3783,2020-10-08,Jueves,19:30:00,,0.0,2,"Moto/Ciclomotor,Moto/Ciclomotor",Independencia Y Moreno,2,2,0,0,0,0,0,"-29.23513, -61.76868",Calle,,TOSTADO,9 de Julio,Hormigón,No existe,XII,S/D,Urbana,Ninguna,No existe,Recta,Bueno,Buena,Atardecer,Buen Tiempo,Frontal,S/D,Colisión,Ninguna,Faltante,Ninguna,Sin restricción
2020,3784,2020-07-26,Domingo,17:50:00,,0.0,2,"Pickup/Utilitario,Tren",Paraguay ,4,2,1,0,1,0,0,"    -32.78764, -61.59685",Calle,,ARMSTRONG,Belgrano,S/D,No existe,III,S/D,Urbana,S/D,No existe,Paso a Nivel FFCC,S/D,Buena,Diurna,S/D,Lateral,S/D,Colisión,Ninguna,Faltante,Ninguna,Sin restricción
2020,3785,2020-05-18,Lunes,08:30:00,,0.0,2,"Moto/Ciclomotor,Pickup/Utilitario",L N Alem Y J Neme,2,0,0,0,1,1,0,"-30.79852, -60.58885",Calle,,SAN JUSTO,San Justo,Asfalto,No existe,XVI,Dentro,Urbana,Ninguna,No existe,Intersección,Bueno,Buena,Diurna,Buen Tiempo,Lateral,S/D,Colisión,Ninguna,Faltante,Ninguna,Sin restricción
2020,3786,2020-10-04,Domingo,18:00:00,,0.0,2,"Moto/Ciclomotor,Automóvil",UBOLDI Y OLMOS,2,1,0,0,0,0,1,"-33.03862, -60.62846",Calle,,VILLA GOBERNADOR GÁLVEZ,Rosario,Tierra,No existe,II,S/D,Urbana,Ninguna,No existe,Intersección,Con baches,Buena,Diurna,Otro,Otro,S/D,Colisión,Otro,Faltante,Ninguna,Sin restricción
2020,3787,2020-07-22,Miercoles,15:00:00,,0.0,2,"Moto/Ciclomotor,Automóvil",Colon 2900,3,2,0,0,0,0,1,"-32.97338, -60.63168",Calle,,ROSARIO,Rosario,Asfalto,S/D,II,S/D,Urbana,S/D,S/D,Recta,S/D,S/D,Diurna,S/D,S/D,S/D,Colisión,S/D,S/D,S/D,S/D
2020,3788,2020-06-17,Miercoles,13:00:00,Ruta Provincial 26,0.0,2,"Moto/Ciclomotor,Automóvil",Boulevard Lisandro de la Torre Y San Lorenzo,2,1,0,0,1,0,0,"-33.042783033369,-61.161162496589",Ruta,26,CASILDA,Caseros,Asfalto,No existe,IV,Dentro,Urbana,Otra Señal,No existe,Recta,S/D,Buena,Diurna,Buen Tiempo,Lateral,S/D,Colisión,Ninguna,Vertical,Ninguna,Sin restricción
2020,3789,2020-06-30,Martes,17:05:00,,0.0,1,Moto/Ciclomotor,Bme Mitre Y Lucio V Lopez,1,1,0,0,0,0,0,"-32.021914005205,-61.224767691655",Calle,,GÁLVEZ,San JERÓNIMO,Asfalto,No existe,XV,Dentro,Urbana,Ninguna,No existe,Intersección,S/D,S/D,Diurna,S/D,S/D,S/D,Cañda ocupante,S/D,Faltante,Ninguna,S/D