anio_acci,nro_acci,fecha,desc_dia,hora_aprox,desc_ruta,km,cant_participantes,desc_participante,calle_avenida_km,total,heridos_leves,heridos_graves,heridos_gravisimos,ilesos,fallecidos,sin_datos,posicion_XY,desc_tipo_via,desc_ruta_ori,desc_loc,desc_dpto,desc_tipo_calzada,desc_tipo_banquina,desc_unidad_regional,desc_lugar_calzada,desc_zona,desc_prioridad,desc_estado_semaforo,desc_lugar_via,desc_estado_via,desc_estado_visibilidad,desc_luminosidad,desc_estado_clima,desc_tipo_colision,desc_tipo_atropello,desc_tipo_hecho,desc_pres_calzada,desc_senializacion,desc_separacion_via,desc_restriccion
2020,3790,2020-10-15,Jueves,02:15:00,Ruta Secundaria 26-s,0.0,1,Automóvil, ,4,3,0,0,1,0,0,"-33.2891, -61.0408",Ruta,26-s,VILLA MUGUETA,San Lorenzo,Tierra,No existe,XVII,S/D,Urbana,Ninguna,No existe,Recta,Bueno,Buena,Nocturna,Buen Tiempo,S/D,S/D,Despiste,Ninguna,Faltante,Ninguna,Sin restricción
2020,3791,2020-06-02,Martes,,Ruta Provincial 64,0.0,2,"Moto/Ciclomotor,Automóvil",Av Gral San Martin Y L N Alem,2,1,0,0,1,0,0,"-31.766978339391,-61.832141455105",Ruta,64,SASTRE,San MARTÍN,Asfalto,No existe,XVIII,Dentro,Urbana,Ninguna,No existe,Intersección,Bueno,Buena,Diurna,Buen Tiempo,S/D,S/D,Colisión,Ninguna,Faltante,Ninguna,Sin restricción
2020,3792,2020-05-19,Martes,16:15:00,,0.0,2,"Moto/Ciclomotor,Automóvil",Sarmiento Y Bv. Segui,2,0,0,0,1,1,0,"-32.97901, -60.64634",Calle,,ROSARIO,Rosario,Asfalto,No existe,II,Dentro,Urbana,Ninguna,No existe,Intersección,Bueno,Buena,Diurna,Buen Tiempo,Lateral,S/D,Colisión,Ninguna,Faltante,Cordón divisorio,Sin restricción
2020,3793,2020-10-08,Jueves,13:00:00,,0.0,2,"Automóvil,Moto/Ciclomotor",España ,4,0,1,0,3,0,0,"-32.6586, -60.79309",Calle,,TIMBÚES,San Lorenzo,Ripio,No existe,XVII,Dentro,Urbana,Ninguna,No existe,Recta,Con baches,Reducida polvo,Diurna,Buen Tiempo,De alcance,S/D,Colisión,Ninguna,Faltante,Ninguna,Sin restricción
2020,3794,2020-06-17,Miercoles,16:40:00,,0.0,2,"Moto/Ciclomotor,Automóvil",Avda 25 de Mayo Y Dorrego,2,1,0,0,1,0,0,"-32.027994909136,-61.218344175465",Avenida,,GÁLVEZ,San JERÓNIMO,Asfalto,No existe,XV,Dentro,Urbana,Ninguna,S/D,Intersección,Bueno,Buena,Diurna,Buen Tiempo,Lateral,S/D,Colisión,Ninguna,S/D,S/D,Sin restricción
2020,3795,2020-06-29,Lunes,09:00:00,Ruta Nacional 11,480.0,1,Automóvil, ,1,1,0,0,0,0,0,"-31.52969, -60.7226",Ruta,11,RECREO,La Capital,Asfalto,Ripio,I,Dentro,Rural,S/D,No existe,Recta,S/D,S/D,Diurna,S/D,Contra objeto fijo,S/D,Colisión,S/D,Faltante,S/D,S/D
2020,3796,2020-06-03,Miercoles,,,0.0,2,"Moto/Ciclomotor,Automóvil",Boulevard 25 de Mayo Y Mendoza,2,1,0,0,1,0,0,"-33.053019775774,-61.170418409258",Avenida,,CASILDA,Caseros,Hormigón,No existe,IV,Dentro,Urbana,Ninguna,No existe,Intersección,Bueno,Buena,S/D,Buen Tiempo,S/D,S/D,Colisión,Ninguna,Faltante,Ninguna,Sin restricción
2020,3797,2020-07-30,Jueves,09:05:00,Ruta Nacional 178,0.0,2,"Automóvil,Camión Chasis", ,2,1,0,0,1,0,0,"    -32.68078, -61.52676",Ruta,178,ARMSTRONG,Belgrano,Asfalto,Ripio,III,Dentro,Urbana,S/D,Funciona,Recta,Bueno,Buena,Diurna,Buen Tiempo,Frontal,S/D,Colisión,Ninguna,Horizontal,Línea divisoria pintada,Sin restricción
2020,3798,2020-10-02,Viernes,18:30:00,,0.0,2,"Automóvil,Moto/Ciclomotor",J.D PERON Y SARMIENTO,2,1,0,0,1,0,0,"-33.07257, -60.57064",S/D,,PUEBLO ESTHER,Rosario,Asfalto,S/D,II,S/D,S/D,S/D,S/D,Intersección,S/D,S/D,S/D,S/D,S/D,S/D,S/D,S/D,S/D,S/D,S/D
2020,3799,2020-10-14,Miercoles,11:30:00,,0.0,2,"Automóvil,Moto/Ciclomotor",Gral Roca Y Lucia Miranda,2,1,0,0,1,0,0,"-32.66642, -60.79272",Calle,,TIMBÚES,San Lorenzo,Hormigón,No existe,XVII,S/D,Urbana,Ninguna,No existe,Intersección,Bueno,Buena,Diurna,Buen Tiempo,De alcance,S/D,Colisión,Ninguna,Faltante,Ninguna,Sin restricción
2020,3800,2020-07-25,Sabado,19:00:00,,0.0,2,"Moto/Ciclomotor,Pickup/Utilitario",Bv San Martin Y Rivadavia,2,1,0,0,1,0,0,"    -32.90008, -60.90878",Calle,,ROLDÁN,San Lorenzo,Asfalto,Pavimento,XVII,Dentro,Urbana,Otra Señal,No existe,Intersección,Bueno,Buena,Atardecer,Buen Tiempo,Lateral,S/D,Colisión,Ninguna,Horizontal,Cordón divisorio,Sin restricción
2020,3801,2020-07-29,Miercoles,18:55:00,,0.0,2,"Moto/Ciclomotor,Moto/Ciclomotor",Urquiza 700,3,3,0,0,0,0,0,"    -32.90741, -60.90923",Calle,,ROLDÁN,San Lorenzo,Asfalto,Natural,XVII,Dentro,Urbana,Ninguna,No existe,Recta,Bueno,Reducida polvo,Atardecer,Buen Tiempo,Lateral,S/D,Colisión,Ninguna,Horizontal,Ninguna,Sin restricción
2020,3802,2020-07-23,Jueves,14:00:00,,0.0,2,"Automóvil,Moto/Ciclomotor",C Escalada Y Entre Rios,3,0,2,0,1,0,0,"-32.81944, -60.71502",Calle,,CAPITÁN BERMÚDEZ,San Lorenzo,Asfalto,Pavimento,XVII,Dentro,Urbana,S/D,No existe,Cruce,Bueno,Buena,Atardecer,S/D,S/D,S/D,Colisión,Ninguna,Faltante,S/D,S/D
2020,3803,2020-10-14,Miercoles,16:40:00,,0.0,2,"Moto/Ciclomotor,Moto/Ciclomotor",Genaro Roldan Y Clemente Albelo,3,0,1,0,2,0,0,"-32.73182, -60.7403",Calle,,SAN LORENZO,San Lorenzo,Hormigón,No existe,XVII,S/D,Urbana,S/D,No existe,Recta,S/D,S/D,S/D,S/D,S/D,S/D,Colisión,S/D,S/D,S/D,S/D
2020,3804,2020-05-25,Lunes,02:20:00,Autopista Nacional A008,20.0,1,Moto/Ciclomotor,Av. Circunvalacion Y San Martin,1,0,0,0,0,1,0,"-33.016284, -60.652166",Autopista,A008,ROSARIO,Rosario,Asfalto,No existe,II,Dentro,Urbana,Ninguna,No existe,Intersección,Bueno,Buena,"Nocturna,Con luz artificial",S/D,S/D,S/D,Cañda ocupante,Ninguna,Faltante,Ninguna,Sin restricción
2020,3805,2020-06-01,Lunes,20:20:00,Autopista Provincial Brigadier E.LÓPEZ,78.0,2,"Camión c / Acoplado,Automóvil", ,2,0,1,0,1,0,0,"-32.24523246288301,-60.994876027107",Autopista,Brigadier E.LÓPEZ,BARRANCAS,San JERÓNIMO,Hormigón,Pavimento,XV,Dentro,Rural,Ninguna,No existe,Recta,Bueno,Buena,Diurna,Buen Tiempo,De alcance,S/D,Colisión,Ninguna,Horizontal,Línea divisoria pintada,Sin restricción
2020,3806,2020-05-25,Lunes,23:44:00,,0.0,1,Moto/Ciclomotor,Francia Y E Gimenez,1,0,0,0,0,1,0,"-31.24931, -61.47311",Calle,,RAFAELA,Castellanos,Asfalto,No existe,V,Dentro,Urbana,Ninguna,No existe,Intersección,Bueno,S/D,Nocturna,S/D,Contra objeto fijo,S/D,Colisión,Ninguna,Faltante,Ninguna,Sin restricción
2020,3807,2020-10-08,Jueves,15:00:00,Ruta Nacional 11,0.0,2,"Moto/Ciclomotor,Camión Chasis",Yapeyu Y Ruta Nac 11,2,1,0,0,1,0,0,"-32.70586, -60.76269",Ruta,11,PUERTO SAN MARTÍN,San Lorenzo,Asfalto,Natural,XVII,S/D,Rural,Ninguna,No existe,Intersección,Deteriorada,Buena,Diurna,Buen Tiempo,Lateral,S/D,Colisión,S/D,S/D,Ninguna,Sin restricción
2020,3808,2020-07-23,Jueves,12:00:00,,0.0,2,"Pickup/Utilitario,Moto/Ciclomotor",Peru Y España,4,2,0,0,2,0,0,"-32.72372, -60.73677",Calle,,SAN LORENZO,San Lorenzo,Asfalto,No existe,XVII,S/D,Urbana,S/D,No existe,Intersección,Bueno,Buena,Diurna,Buen Tiempo,S/D,S/D,Colisión,S/D,S/D,S/D,S/D
2020,3809,2020-10-04,Domingo,18:00:00,,0.0,2,"Automóvil,Moto/Ciclomotor",Sanchez de Loria Y J.B.Justo,3,0,2,0,1,0,0,"-32.93626, -60.73184",S/D,,ROSARIO,Rosario,Asfalto,No existe,II,Dentro,Urbana,Ninguna,No existe,Intersección,S/D,Buena,Diurna,S/D,S/D,S/D,S/D,S/D,Faltante,Ninguna,S/D
2020,3810,2020-06-28,Domingo,,,0.0,2,"Moto/Ciclomotor,Moto/Ciclomotor",ANTARTIDA ARGENTINA  Y GDOR TESSIO ,2,1,1,0,0,0,0,"-33.760446,-61.94015",Calle,,VENADO TUERTO,General LÓPEZ,S/D,No existe,VIII,Dentro,Urbana,S/D,S/D,Intersección,S/D,S/D,S/D,S/D,S/D,S/D,Colisión,S/D,S/D,Ninguna,S/D
2020,3811,2020-07-29,Miercoles,20:30:00,,0.0,2,"Bicicleta,Moto/Ciclomotor",Piton Y Falucho,2,1,0,0,1,0,0,"    -32.71083, -60.73601",Calle,,PUERTO SAN MARTÍN,San Lorenzo,Asfalto,No existe,XVII,Dentro,Urbana,Ninguna,No existe,Intersección,S/D,Buena,Nocturna,Buen Tiempo,Lateral,Ciclista,Atropello,Ninguna,S/D,Ninguna,Sin restricción
2020,3812,2020-10-09,Viernes,10:20:00,,0.0,2,"Moto/Ciclomotor,Pickup/Utilitario",Chaco Y Bolivia,3,1,0,0,2,0,0,"-32.71146, -60.76521",Calle,,PUERTO SAN MARTÍN,San Lorenzo,Asfalto,No existe,XVII,S/D,Urbana,Ninguna,No existe,Intersección,Bueno,Buena,Diurna,Buen Tiempo,Lateral,S/D,Colisión,Ninguna,Horizontal,Ninguna,Sin restricción
2020,3813,2020-05-27,Miercoles,11:00:00,,0.0,2,"Camión c / Acoplado,Bicicleta",General Paz Y Aristobulo del Valle,2,0,0,0,1,1,0,"-32.237972, -60.979023",Calle,,BARRANCAS,San JERÓNIMO,S/D,S/D,XV,Dentro,Urbana,S/D,S/D,Intersección,S/D,S/D,Diurna,S/D,S/D,Ciclista,Atropello,S/D,S/D,S/D,S/D
2020,3814,2020-06-02,Martes,14:30:00,Autopista Provincial Brigadier E.LÓPEZ,19.0,1,Automóvil, ,2,1,1,0,0,0,0,"-32.7234436004451, -60.767528560015",Autopista,Brigadier E.LÓPEZ,PUERTO SAN MARTÍN,San Lorenzo,Asfalto,Pavimento,XVII,Dentro,Urbana,Ninguna,No existe,Recta,Bueno,Buena,Diurna,Buen Tiempo,S/D,S/D,Vuelco,Ninguna,Horizontal,Línea divisoria pintada,Sin restricción
2020,3815,2020-06-17,Miercoles,19:55:00,,0.0,2,"Moto/Ciclomotor,Automóvil", ,3,2,0,0,1,0,0,"-28.67178241189822,-59.845568480573",Calle,,TARTAGAL,Vera,S/D,S/D,XIX,Dentro,Urbana,S/D,S/D,Intersección,S/D,S/D,Nocturna,S/D,Lateral,S/D,Colisión,S/D,S/D,S/D,Sin restricción
2020,3816,2020-07-23,Jueves,15:20:00,,0.0,2,"Transporte de Pasajeros (H/ 8 asientos),Automóvil",Pte Juan D Peron Y Pte Hipolito Irigoyen,5,1,0,0,4,0,0,"-32.6957, -60.74436",Calle,,PUERTO SAN MARTÍN,San Lorenzo,Asfalto,Ripio,XVII,Dentro,Urbana,Ninguna,No existe,Intersección,Bueno,Buena,Diurna,Buen Tiempo,De alcance,S/D,Colisión,Ninguna,Faltante,Ninguna,Sin restricción
2020,3817,2020-10-10,Sabado,18:20:00,,0.0,2,"Automóvil,Moto/Ciclomotor",America Y Pte Hipolito Irigoyen,3,1,1,0,1,0,0,"-32.70509,-60.74672",Calle,,PUERTO SAN MARTÍN,San Lorenzo,Asfalto,Natural,XVII,S/D,Urbana,Ninguna,No existe,Intersección,Ahuellamiento,Buena,Diurna,S/D,Lateral,S/D,Colisión,Ninguna,Horizontal,Ninguna,Sin restricción
2020,3818,2020-10-01,Jueves,06:00:00,,0.0,2,"Automóvil,Automóvil",Mendoza ,3,1,0,0,2,0,0,"-32.94424, -60.68053",Calle,,ROSARIO,Rosario,Asfalto,No existe,II,Dentro,Urbana,S/D,S/D,Intersección,Bueno,Buena,Con luz artificial,Buen Tiempo,S/D,S/D,Colisión,Ninguna,S/D,S/D,Sin restricción
2020,3819,2020-06-04,Jueves,,,0.0,2,"Bicicleta,Automóvil",Alvear Y Buenos Aires,2,1,0,0,1,0,0,"-33.053285109675,-61.182434120153",Calle,,CASILDA,Caseros,Asfalto,No existe,IV,Dentro,Urbana,Ninguna,No existe,Intersección,Bueno,Buena,S/D,Buen Tiempo,S/D,Ciclista,Atropello,Ninguna,Faltante,Ninguna,Sin restricción
2020,3820,2020-06-28,Domingo,,,0.0,2,"Automóvil,Moto/Ciclomotor",Cafferata Y Beruti,3,1,0,0,2,0,0,"-31.58406175747,-60.731818099324",Calle,,SANTA FE,La Capital,Asfalto,No existe,I,Dentro,Urbana,Ninguna,No existe,Intersección,S/D,S/D,S/D,S/D,S/D,S/D,Colisión,S/D,Faltante,Ninguna,S/D
2020,3821,2020-05-30,Sabado,22:35:00,Ruta Nacional 11,727.0,2,"Moto/Ciclomotor,Automóvil", ,3,0,0,0,2,1,0,"-29.44646, -60.15381",Ruta,11,VERA,Vera,Asfalto,Natural,XIX,Dentro,Rural,Ninguna,No existe,Recta,Bueno,S/D,Nocturna,S/D,S/D,S/D,Colisión,Ninguna,Faltante,Línea divisoria pintada,Sin restricción
2020,3822,2020-10-12,Lunes,19:30:00,,0.0,2,"Automóvil,Otros", ,2,0,1,0,1,0,0,"-32.78196, -60.73106",Calle,,FRAY LUIS BELTRÁN,San Lorenzo,Asfalto,S/D,XVII,S/D,Urbana,Ninguna,S/D,Intersección,Bueno,S/D,S/D,Buen Tiempo,Lateral,S/D,Colisión,Ninguna,S/D,Ninguna,Sin restricción
2020,3823,2020-10-05,Lunes,17:10:00,,0.0,2,"Moto/Ciclomotor,Automóvil",Fraga Y Viamonte,3,0,1,0,0,0,2,"-32.95687, -60.70961",Calle,,ROSARIO,Rosario,Asfalto,Pavimento,II,S/D,Urbana,Ninguna,No existe,Otro,Otro,Buena,Diurna,Buen Tiempo,Otro,S/D,Colisión,Ninguna,Faltante,Ninguna,Sin restricción
2020,3824,2020-06-18,Jueves,13:00:00,,0.0,2,"Moto/Ciclomotor,Automóvil",España Y 5 DE AGOSTO,2,1,0,0,1,0,0,"-33.016966, -60.656758",Calle,,ROSARIO,Rosario,Asfalto,No existe,II,Dentro,Urbana,Ninguna,No existe,Intersección,Deteriorada,Buena,Diurna,Buen Tiempo,Lateral,S/D,Colisión,Ninguna,Faltante,Ninguna,Sin restricción
2020,3825,2020-06-27,Sabado,14:20:00,,0.0,1,Moto/Ciclomotor,E Aleman Y Santa Fe,2,0,1,0,1,0,0,"-29.46258119806,-60.202619498791",Calle,,VERA,Vera,S/D,No existe,XIX,Dentro,Urbana,S/D,S/D,Intersección,S/D,S/D,Diurna,S/D,S/D,S/D,Cañda ocupante,S/D,S/D,Ninguna,S/D
2020,3826,2020-10-15,Jueves,14:30:00,,0.0,2,"Moto/Ciclomotor,Moto/Ciclomotor", ,2,2,0,0,0,0,0,"-32.78103, -60.72823",Avenida,,FRAY LUIS BELTRÁN,San Lorenzo,Hormigón,Natural,XVII,S/D,Urbana,Ninguna,No existe,Recta,Bueno,Buena,Diurna,Buen Tiempo,Lateral,S/D,Colisión,Ninguna,Horizontal,Ninguna,Sin restricción
2020,3827,2020-10-03,Sabado,18:40:00,,0.0,2,"Moto/Ciclomotor,Automóvil",Bv. Segui Y Solis,2,0,1,0,0,0,1,"-32.97088, -60.70224",Avenida,,ROSARIO,Rosario,Asfalto,Pavimento,II,S/D,Urbana,Ninguna,No existe,Otro,Bueno,Buena,Diurna,Buen Tiempo,Otro,S/D,Colisión,Ninguna,Faltante,Ninguna,Sin restricción
2020,3828,2020-07-27,Lunes,17:25:00,,0.0,2,"Bicicleta,Otros",Urquiza Y Sargento Cabral,2,1,0,0,1,0,0,"    -32.74785, -60.73068",Calle,,SAN LORENZO,San Lorenzo,S/D,S/D,XVII,Dentro,Urbana,S/D,S/D,Intersección,S/D,S/D,Diurna,S/D,S/D,S/D,Colisión,S/D,S/D,S/D,S/D
2020,3829,2020-06-03,Miercoles,13:15:00,,0.0,2,"Pickup/Utilitario,Moto/Ciclomotor",Bv Lisandro de la Torre Y Urquiza,2,1,0,0,1,0,0,"-32.368985804415,-61.36422287641",Avenida,,SAN GENARO,San JERÓNIMO,Asfalto,No existe,XV,Dentro,Urbana,Ninguna,No existe,Intersección,Bueno,Buena,Diurna,Buen Tiempo,S/D,S/D,Colisión,Ninguna,Faltante,"Cordón divisorio,Vegetación",Sin restricción
2020,3830,2020-06-18,Jueves,15:00:00,,0.0,2,"Moto/Ciclomotor,Automóvil",Lisandro de la Torre Y Rivadavia,2,1,0,0,1,0,0,"-32.031962857118,-61.222990775748",Calle,,GÁLVEZ,San JERÓNIMO,Asfalto,No existe,XV,Dentro,Urbana,Ninguna,No existe,Intersección,Bueno,Buena,Diurna,Buen Tiempo,Lateral,S/D,Colisión,Ninguna,Faltante,Ninguna,Sin restricción
2020,3831,2020-05-08,Viernes,03:30:00,,0.0,1,Automóvil,Bv. Segui 4900,2,0,0,0,1,1,0,"-32.97055, -60.69124",Calle,,ROSARIO,Rosario,Asfalto,No existe,II,Dentro,Urbana,Otra Señal,No existe,Paso a Nivel FFCC,Bueno,S/D,Nocturna,S/D,Contra objeto fijo,S/D,Colisión,Ninguna,Vertical,Cordón divisorio,Sin restricción
2020,3832,2020-10-13,Martes,17:15:00,Ruta Nacional 11,0.0,2,"Moto/Ciclomotor,Automóvil",Av San Lorenzo Y Rosario,2,1,1,0,0,0,0,"-32.82402, -60.71393",Ruta,11,CAPITÁN BERMÚDEZ,San Lorenzo,Asfalto,Pavimento,XVII,S/D,Urbana,S/D,No funciona,Cruce,Bueno,Buena,Atardecer,S/D,S/D,S/D,Colisión,Ninguna,Vertical,S/D,S/D
2020,3833,2020-07-23,Jueves,20:30:00,,0.0,2,"Automóvil,Moto/Ciclomotor",Pres Domingo Faustino Sarmient Y Juan Jose Paso,3,1,0,0,2,0,0,"-31.65961, -60.77453",Calle,,SANTO TOMÉ,La Capital,Asfalto,No existe,I,S/D,Urbana,Ninguna,No existe,Intersección,Bueno,S/D,Nocturna,Buen Tiempo,Lateral,S/D,Colisión,Ninguna,Faltante,Ninguna,Sin restricción
2020,3834,2020-06-27,Sabado,18:45:00,,0.0,1,Moto/Ciclomotor,Calle sin nombre ,2,2,0,0,0,0,0,"-29.580954015254974,-60.38178205490",Calle,,LA GALLARETA,Vera,S/D,S/D,XIX,Dentro,Urbana,S/D,S/D,Recta,S/D,S/D,Diurna,S/D,S/D,S/D,Cañda ocupante,S/D,S/D,Ninguna,S/D
2020,3835,2020-10-03,Sabado,16:30:00,,0.0,2,"Moto/Ciclomotor,Automóvil",Roullon Y Gaboto,2,0,0,0,0,0,2,"-32.96487, -60.70136",Calle,,ROSARIO,Rosario,Asfalto,Pavimento,II,S/D,Urbana,Otra Señal,Funciona,Otro,Bueno,Buena,Diurna,Buen Tiempo,Otro,S/D,Colisión,Ninguna,"Horizontal,Vertical",Ninguna,Sin restricción
2020,3836,2020-06-06,Sabado,10:00:00,,0.0,2,"Vehículo Oficial,Taxi/Remis",Av. Uriburu Y Anchorena,3,2,0,0,1,0,0,"-32.997765926869,-60.649120408985",Avenida,,ROSARIO,Rosario,Asfalto,No existe,II,Dentro,Urbana,Ninguna,No existe,Intersección,Bueno,Buena,Diurna,Buen Tiempo,Lateral,S/D,Colisión,Ninguna,Faltante,Ninguna,Sin restricción
2020,3837,2020-10-24,Sabado,16:00:00,Ruta Nacional 11,0.0,2,"Moto/Ciclomotor,Automóvil",Av San Lorenzo Y Juan de Garay,4,2,0,0,0,0,2,"-32.811, -60.71791",Ruta,11,CAPITÁN BERMÚDEZ,San Lorenzo,Asfalto,Pavimento,XVII,Dentro,Urbana,S/D,Funciona,Cruce,Bueno,Buena,Atardecer,S/D,S/D,S/D,Colisión,Ninguna,Horizontal,S/D,S/D
2020,3838,2020-06-19,Viernes,23:50:00,,0.0,2,"Vehículo Oficial,Pickup/Utilitario",Bv. Segui 5300,3,2,0,0,0,0,1,"-32.970468244672,-60.694799458315",Avenida,,ROSARIO,Rosario,Asfalto,No existe,II,Dentro,Urbana,Ninguna,No existe,Recta,Bueno,Buena,"Nocturna,Con luz artificial",Buen Tiempo,De alcance,S/D,Colisión,Ninguna,Faltante,Cordón divisorio,Sin restricción
2020,3839,2020-10-02,Viernes,05:30:00,,0.0,2,"Moto/Ciclomotor,Automóvil",Av. De Las Palmeras Y Av. Pte.Peron,2,1,0,0,0,0,1,"-32.98023, -60.7362",Avenida,,ROSARIO,Rosario,Asfalto,S/D,II,S/D,Urbana,Semáforo,Funciona,Otro,Bueno,Buena,"Nocturna,Con luz artificial",Buen Tiempo,Otro,S/D,Colisión,Ninguna,"Horizontal,Vertical",Ninguna,Sin restricción
2020,3840,2020-06-27,Sabado,13:15:00,,0.0,1,Moto/Ciclomotor,A Lezama Y Juan de Garay,1,0,1,0,0,0,0,"-29.456571313734,-60.206483526353",Calle,,VERA,Vera,S/D,No existe,XIX,Dentro,Urbana,S/D,S/D,Intersección,S/D,S/D,Diurna,S/D,Atropello animal,S/D,Colisión,S/D,S/D,Ninguna,S/D
2020,3841,2020-07-23,Jueves,19:30:00,,0.0,2,"Automóvil,Peatón",Necochea Y J Castelli,2,1,0,0,1,0,0,"-31.60832, -60.68583",Calle,,SANTA FE,La Capital,Asfalto,No existe,I,Dentro,Urbana,Ninguna,No existe,Intersección,Bueno,Reducida,Nocturna,Buen Tiempo,S/D,Peatón,Atropello,Ninguna,S/D,Ninguna,Sin restricción
2020,3842,2020-07-27,Lunes,20:00:00,,0.0,2,"Automóvil,Moto/Ciclomotor",Maipu Y Juan B Alberdi,2,1,0,0,1,0,0,"    -31.30664, -60.66055",Calle,,LAGUNA PAIVA,La Capital,Asfalto,No existe,I,Dentro,Urbana,S/D,No existe,Intersección,Bueno,Reducida,Nocturna,S/D,Lateral,S/D,Colisión,S/D,Faltante,S/D,Sin restricción
2020,3843,2020-10-11,Domingo,17:10:00,,0.0,2,"Automóvil,Automóvil",Juan M De Rosas 1100,3,2,0,0,1,0,0,"-32.75055, -60.74048",Calle,,SAN LORENZO,San Lorenzo,S/D,S/D,XVII,S/D,Urbana,S/D,S/D,S/D,S/D,S/D,S/D,S/D,S/D,S/D,Colisión,S/D,S/D,S/D,S/D
2020,3844,2020-06-05,Viernes,11:45:00,,0.0,2,"Moto/Ciclomotor,Automóvil",Buenos Aires Y Francisco A. Candioti,3,0,2,0,1,0,0,"-32.204239996154,-61.69991016656",Calle,,EL TRÉBOL,San MARTÍN,Asfalto,No existe,XVIII,Dentro,Urbana,Paso Peatonal,No existe,Intersección,Bueno,Buena,Diurna,Buen Tiempo,Lateral,S/D,Colisión,Ninguna,Horizontal,Ninguna,Sin restricción
2020,3845,2020-10-07,Miercoles,16:30:00,,0.0,2,"Bicicleta,Automóvil",Av. Battle y Ordo�ez Y Bv. Oro�o,2,1,0,0,1,0,0,"-33.0093, -60.66437",Avenida,,ROSARIO,Rosario,Asfalto,No existe,II,S/D,Urbana,Ninguna,Funciona,Intersección,Bueno,Buena,Diurna,Buen Tiempo,S/D,Ciclista,Atropello,Ninguna,Faltante,Ninguna,Sin restricción
2020,3846,2020-07-23,Jueves,19:30:00,,0.0,2,"Automóvil,Moto/Ciclomotor",Estanislao Zeballos Y Av Gral Paz,3,1,0,0,2,0,0,"-31.60912, -60.67764",Avenida,,SANTA FE,La Capital,Asfalto,Pavimento,I,Dentro,Urbana,Semáforo,Funciona,Intersección,Bueno,Buena,"Nocturna,Con luz artificial",Buen Tiempo,Lateral,S/D,Colisión,Ninguna,S/D,Cordón divisorio,Sin restricción
2020,3847,2020-07-31,Viernes,13:45:00,Ruta Provincial 2,13.5,2,"Moto/Ciclomotor,Camión c / Acoplado", ,2,1,0,0,1,0,0,"    -31.50378, -60.67708",Ruta,2,MONTE VERA,La Capital,Asfalto,Natural,I,Dentro,Rural,Ninguna,No existe,Recta,Bueno,Buena,Diurna,Buen Tiempo,Otro,S/D,Cañda ocupante,Ninguna,Faltante,Línea divisoria pintada,Sin restricción
2020,3848,2020-10-10,Sabado,,Ruta Nacional A012,0.0,2,"Moto/Ciclomotor,Automóvil", ,2,0,1,0,1,0,0,"-32.76623, -60.7445",Ruta,A012,SAN LORENZO,San Lorenzo,S/D,S/D,XVIII,S/D,Urbana,S/D,S/D,S/D,S/D,S/D,S/D,S/D,S/D,S/D,Colisión,S/D,S/D,S/D,S/D
2020,3849,2020-07-23,Jueves,16:45:00,,0.0,2,"Bicicleta,Automóvil",Bv Pellegrini Y Av Freyre,2,1,0,0,0,0,1,"-31.63308, -60.71471",Avenida,,SANTA FE,La Capital,Hormigón,No existe,I,Dentro,Urbana,Semáforo,Funciona,Intersección,Bueno,Buena,Diurna,Lluvia,S/D,Ciclista,Atropello,Ninguna,Faltante,Ninguna,Sin restricción
2020,3850,2020-10-07,Miercoles,13:35:00,,0.0,2,"Moto/Ciclomotor,Automóvil",Comodoro Rivadavia Y Pje. Spezia,3,2,0,0,1,0,0,"-32.99045, -60.67001",S/D,,ROSARIO,Rosario,Asfalto,No existe,II,S/D,Urbana,S/D,No existe,Intersección,Bueno,Buena,Diurna,S/D,Lateral,S/D,Colisión,Ninguna,Faltante,S/D,Sin restricción
2020,3851,2020-06-19,Viernes,18:10:00,,0.0,2,"Moto/Ciclomotor,Automóvil",Matienzo Y San Lorenzo,2,1,0,0,1,0,0,"-32.934027198211,-60.694922420211",Calle,,ROSARIO,Rosario,Asfalto,No existe,II,Dentro,Urbana,Ninguna,No existe,Intersección,Bueno,Buena,Diurna,Buen Tiempo,Lateral,S/D,Colisión,Ninguna,Faltante,Ninguna,Sin restricción
2020,3852,2020-06-27,Sabado,21:25:00,Ruta Provincial 20,0.0,1,Moto/Ciclomotor, ,1,0,1,0,0,0,0,"-31.79557, -62.10772",Ruta,20,LAS PETACAS,San MARTÍN,S/D,Pavimento,XVIII,Dentro,Rural,S/D,S/D,Recta,S/D,S/D,Nocturna,S/D,S/D,S/D,Cañda ocupante,S/D,S/D,S/D,S/D
2020,3853,2020-10-13,Martes,,Ruta Nacional 11,0.0,2,"Automóvil,Moto/Ciclomotor",Salta Y Av San Martin,3,2,0,0,1,0,0,"-32.74493, -60.73414",Ruta,11,SAN LORENZO,San Lorenzo,S/D,S/D,XVII,S/D,Urbana,S/D,S/D,S/D,S/D,S/D,S/D,S/D,S/D,S/D,Colisión,S/D,S/D,S/D,S/D
2020,3854,2020-07-23,Jueves,17:00:00,,0.0,1,Moto/Ciclomotor,Av del Libertador Y J J Paso,2,1,0,0,1,0,0,"-33.03311, -60.62984",Calle,,VILLA GOBERNADOR GÁLVEZ,Rosario,"Asfalto,Ripio",No existe,II,Dentro,Urbana,S/D,No existe,Intersección,Con baches,Reducida,Atardecer,S/D,S/D,S/D,Despiste,Ninguna,Faltante,Ninguna,Sin restricción