anio_acci,nro_acci,fecha,desc_dia,hora_aprox,desc_ruta,km,cant_participantes,desc_participante,calle_avenida_km,total,heridos_leves,heridos_graves,heridos_gravisimos,ilesos,fallecidos,sin_datos,posicion_XY,desc_tipo_via,desc_ruta_ori,desc_loc,desc_dpto,desc_tipo_calzada,desc_tipo_banquina,desc_unidad_regional,desc_lugar_calzada,desc_zona,desc_prioridad,desc_estado_semaforo,desc_lugar_via,desc_estado_via,desc_estado_visibilidad,desc_luminosidad,desc_estado_clima,desc_tipo_colision,desc_tipo_atropello,desc_tipo_hecho,desc_pres_calzada,desc_senializacion,desc_separacion_via,desc_restriccion
2020,3855,2020-10-05,Lunes,14:30:00,,0.0,2,"Moto/Ciclomotor,Automóvil",Bv. Avellaneda Y Av. Battle y Ordo�ez,2,1,0,0,1,0,0,"-33.01009, -60.6894",Avenida,,ROSARIO,Rosario,Asfalto,No existe,II,Dentro,Urbana,S/D,Funciona,Intersección,Bueno,S/D,Diurna,S/D,S/D,S/D,S/D,Ninguna,Faltante,S/D,S/D
2020,3856,2020-10-08,Jueves,,,0.0,2,"Automóvil,Moto/Ciclomotor",Mariano Moreno Y Lopez y Planes,2,1,0,0,1,0,0,"-31.45528, -60.93436",Calle,,ESPERANZA,Las Colonias,Asfalto,No existe,XI,Dentro,Urbana,Ninguna,No existe,Intersección,Bueno,Buena,Diurna,Buen Tiempo,S/D,S/D,Colisión,Ninguna,Horizontal,Cordón divisorio,Sin restricción
2020,3857,2020-06-06,Sabado,10:50:00,,0.0,2,"Moto/Ciclomotor,Automóvil",Bme Mitre Y Rivadavia,3,1,0,0,2,0,0,"-32.029761388616,-61.218907406386",Calle,,GÁLVEZ,San JERÓNIMO,Asfalto,No existe,XVIII,Dentro,Urbana,Ninguna,No existe,Intersección,Bueno,Buena,Diurna,Buen Tiempo,S/D,S/D,Colisión,Ninguna,Faltante,Ninguna,Sin restricción
2020,3858,2020-10-15,Jueves,17:40:00,,0.0,2,"Moto/Ciclomotor,Pickup/Utilitario",Calle 22 Y Calle 7,2,1,0,0,1,0,0,"-32.68578, -61.51399",Calle,,LAS PAREJAS,Belgrano,Ripio,Pavimento,III,Dentro,Urbana,Policía de tránsito,No existe,Intersección,Bueno,Buena,"Diurna,Con luz artificial",Buen Tiempo,Lateral,S/D,Colisión,Ninguna,Faltante,Ninguna,Sin restricción
2020,3859,2020-07-23,Jueves,16:00:00,Ruta Nacional 9,259.0,2,"Camión Chasis,Camión Chasis", ,3,1,0,0,2,0,0,"-33.14364, -60.55991",Ruta,9,GENERAL LAGOS,Rosario,Hormigón,Pavimento,II,Dentro,Rural,Semáforo,Intermitente,Recta,Resbaladiza,Reducida,"Diurna,Con luz artificial",Lluvia,De alcance,S/D,Colisión,Agua,"Horizontal,Vertical","Guardarrail,Vegetación",Sin restricción
2020,3860,2020-07-18,Sabado,19:00:00,,0.0,2,"Moto/Ciclomotor,Automóvil",Roque Saenz Pe�a Y Corrientes,2,1,0,0,1,0,0,"-32.95883, -60.693",Calle,,ROSARIO,Rosario,Asfalto,No existe,II,Dentro,Urbana,Ninguna,No existe,Intersección,Bueno,Buena,Atardecer,Buen Tiempo,Lateral,S/D,Colisión,Ninguna,Faltante,Ninguna,Sin restricción
2020,3861,2020-06-27,Sabado,18:00:00,,0.0,2,"Pickup/Utilitario,Bicicleta",España Y Sgo de Liniers,2,1,0,0,1,0,0,"-32.024580114333,-61.21711879141",Calle,,GÁLVEZ,San JERÓNIMO,Hormigón,No existe,XV,Dentro,Urbana,Ninguna,No existe,Intersección,Bueno,Buena,Diurna,Buen Tiempo,S/D,Ciclista,Atropello,Ninguna,Faltante,Ninguna,S/D
2020,3863,2020-07-23,Jueves,13:20:00,Ruta Provincial 14,2.0,2,"Automóvil,Moto/Ciclomotor", ,2,1,0,0,1,0,0,"-33.01063, -60.75228",Ruta,14,PEREZ,Rosario,Asfalto,No existe,II,Dentro,Rural,Ninguna,No existe,Recta,Con baches,Buena,Diurna,Buen Tiempo,Lateral,S/D,Colisión,Ninguna,S/D,Ninguna,Sin restricción
2020,3864,2020-06-27,Sabado,17:00:00,,0.0,1,Moto/Ciclomotor,Falucho Y Yapey�,2,1,1,0,0,0,0,"-32.018767188294,-61.223344627424",Calle,,GÁLVEZ,San JERÓNIMO,S/D,No existe,XV,Dentro,Urbana,S/D,S/D,Intersección,S/D,S/D,Diurna,S/D,S/D,S/D,Cañda ocupante,S/D,S/D,Ninguna,S/D
2020,3865,2020-06-06,Sabado,15:30:00,,0.0,2,"Moto/Ciclomotor,Automóvil",Pueyrredon Y Uspallata,2,1,0,0,1,0,0,"-31.881612076533,-61.861659267517",Calle,,SAN JORGE,San MARTÍN,Tierra,No existe,XVIII,Dentro,Urbana,Ninguna,No existe,Intersección,Bueno,Buena,Diurna,Buen Tiempo,S/D,S/D,Colisión,Ninguna,Faltante,Ninguna,Sin restricción
2020,3866,2020-06-19,Viernes,,Ruta Nacional 33,740.0,1,Moto/Ciclomotor, ,1,1,0,0,0,0,0,"-33.068737, -61.185848",Ruta,33,CASILDA,Caseros,Asfalto,Ripio,IV,Dentro,Rural,S/D,No existe,Recta,Bueno,S/D,S/D,S/D,S/D,S/D,Cañda ocupante,Ninguna,Faltante,Línea divisoria pintada,Sin restricción
2020,3867,2020-07-30,Jueves,19:00:00,Ruta Nacional 11,480.0,1,Moto/Ciclomotor,Ruta Nacional 11 ,2,1,0,0,1,0,0,"    -31.53123, -60.72235",Ruta,11,RECREO,La Capital,Asfalto,Pavimento,I,Dentro,Rural,S/D,No existe,Intersección,Bueno,Buena,"Diurna,Con luz artificial",S/D,S/D,S/D,Despiste,S/D,S/D,S/D,Sin restricción
2020,3868,2020-07-23,Jueves,17:20:00,,0.0,2,"Moto/Ciclomotor,Automóvil",Bv. Oroño Y Coulin,2,1,0,0,1,0,0,"-32.98896, -60.66477",Avenida,,ROSARIO,Rosario,Asfalto,No existe,II,Dentro,Urbana,Ninguna,No existe,Intersección,Bueno,Buena,Diurna,Buen Tiempo,S/D,S/D,Colisión,Ninguna,Faltante,Ninguna,Sin restricción
2020,3869,2020-06-19,Viernes,20:40:00,Ruta Nacional 11,696.0,1,Moto/Ciclomotor, ,1,1,0,0,0,0,0,"-29.664721, -60.246147",Ruta,11,MARGARITA,Vera,Asfalto,Natural,XIX,Dentro,Urbana,Ninguna,No existe,Recta,Bueno,S/D,Nocturna,S/D,Atropello animal,S/D,Colisión,Ninguna,Faltante,Línea divisoria pintada,Sin restricción
2020,3870,2020-06-27,Sabado,21:00:00,Autopista Nacional A008,0.0,1,Otros,Av. Circunvalacion Y Av. Jorge Newbery,1,0,1,0,0,0,0,"-32.908449, -60.724329",Autopista,A008,ROSARIO,Rosario,Asfalto,Pavimento,II,Dentro,Urbana,Marca Vial,No existe,Recta,S/D,S/D,Nocturna,S/D,S/D,S/D,Otro,S/D,Horizontal,Guardarrail,S/D
2020,3871,2020-07-23,Jueves,18:05:00,,0.0,2,"Moto/Ciclomotor,Automóvil",Italia Y San Luis,3,2,0,0,1,0,0,"-32.94731, -60.64852",Calle,,ROSARIO,Rosario,Asfalto,S/D,II,S/D,Urbana,S/D,S/D,Intersección,S/D,S/D,Atardecer,S/D,S/D,S/D,Colisión,S/D,S/D,S/D,S/D
2020,3872,2020-07-30,Jueves,12:00:00,Ruta Nacional 11,0.0,2,"Moto/Ciclomotor,Moto/Ciclomotor",A Contini Y Av Santa Fe,2,1,0,0,1,0,0,"    -31.27265, -60.76005",Ruta,11,NELSON,La Capital,Asfalto,Natural,I,Dentro,Urbana,Ninguna,No existe,Intersección,Bueno,Buena,Diurna,Buen Tiempo,De alcance,S/D,Colisión,Ninguna,S/D,Línea divisoria pintada,Sin restricción
2020,3873,2020-06-19,Viernes,20:20:00,,0.0,2,"Moto/Ciclomotor,Pickup/Utilitario", ,3,2,0,0,1,0,0,"-28.67178241189822,-59.845568480573",S/D,,TARTAGAL,Vera,S/D,S/D,XIX,Dentro,Urbana,S/D,S/D,Intersección,S/D,S/D,Nocturna,S/D,S/D,S/D,Colisión,S/D,S/D,S/D,S/D
2020,3874,2020-07-23,Jueves,15:00:00,,0.0,2,"Moto/Ciclomotor,Automóvil",Italia Y Cerrito,2,1,0,0,1,0,0,"-32.96016, -60.65179",Calle,,ROSARIO,Rosario,Hormigón,No existe,II,Dentro,Urbana,Señal Pare,No existe,Intersección,Resbaladiza,Reducida,Diurna,Lluvia,Lateral,S/D,Colisión,Agua,Vertical,Ninguna,Sin restricción
2020,3875,2020-06-08,Lunes,,,0.0,2,"Automóvil,Moto/Ciclomotor",Cafferata Y Pedro Espinosa,3,1,1,0,1,0,0,"-31.564159124909,-60.72846064367",Calle,,SANTA FE,La Capital,Asfalto,No existe,I,Dentro,Urbana,Ninguna,No existe,Intersección,Bueno,Buena,Diurna,Buen Tiempo,S/D,S/D,Colisión,Ninguna,Faltante,Ninguna,Sin restricción
2020,3876,2020-06-20,Sabado,21:00:00,,0.0,2,"Moto/Ciclomotor,Moto/Ciclomotor",Av Republica Y F Vicente Solano,2,2,0,0,0,0,0,"-32.028094470556,-61.212661371442",Avenida,,GÁLVEZ,San JERÓNIMO,Asfalto,No existe,XV,Dentro,Urbana,Ninguna,No existe,Intersección,Bueno,Buena,Nocturna,Buen Tiempo,Lateral,S/D,Colisión,Ninguna,Faltante,Ninguna,Sin restricción
2020,3877,2020-10-04,Domingo,19:40:00,,0.0,2,"Bicicleta,Pickup/Utilitario",Bv. Segui Y Bv. Avellaneda,2,1,0,0,1,0,0,"-32.97168, -60.68744",Avenida,,ROSARIO,Rosario,Asfalto,No existe,II,Dentro,Urbana,Ninguna,Funciona,Intersección,Bueno,Buena,Atardecer,Buen Tiempo,Lateral,Ciclista,Atropello,Ninguna,S/D,Ninguna,Sin restricción
2020,3878,2020-10-14,Miercoles,06:00:00,Ruta Provincial 18,0.0,2,"Moto/Ciclomotor,Automóvil",Av. Ovidio Lagos Y Camino Nuevo Soldini,2,1,0,0,1,0,0,"-33.02092, -60.67991",Ruta,18,ROSARIO,Rosario,Asfalto,No existe,II,Dentro,Urbana,Ninguna,No existe,Intersección,Bueno,Buena,Amanecer,Buen Tiempo,Lateral,S/D,Colisión,Ninguna,Faltante,Cordón divisorio,Sin restricción
2020,3880,2020-10-13,Martes,16:45:00,,0.0,2,"Camión Chasis,Peatón",Bv. Segui Y Pueyrredon,2,1,0,0,1,0,0,"-32.97573, -60.66563",Calle,,ROSARIO,Rosario,Asfalto,No existe,II,Dentro,Urbana,Ninguna,No existe,Intersección,Bueno,Buena,Diurna,Buen Tiempo,S/D,Peatón,Atropello,Ninguna,Faltante,Ninguna,Sin restricción
2020,3881,2020-10-12,Lunes,18:55:00,,0.0,2,"Moto/Ciclomotor,Automóvil",Italia Y H. Brandoni,3,2,0,0,1,0,0,"-33.00632, -60.659",Calle,,ROSARIO,Rosario,Asfalto,No existe,II,Dentro,Urbana,Ninguna,No existe,Intersección,Bueno,Buena,Atardecer,Buen Tiempo,Lateral,S/D,Colisión,Ninguna,Faltante,Ninguna,Sin restricción
2020,3882,2020-10-10,Sabado,20:50:00,,0.0,2,"Moto/Ciclomotor,Automóvil",24 De Setiembre Y Lavalle,2,1,0,0,1,0,0,"-32.97315, -60.68632",Calle,,ROSARIO,Rosario,Asfalto,No existe,II,Dentro,Urbana,Ninguna,No existe,Intersección,Bueno,Buena,Con luz artificial,Buen Tiempo,Lateral,S/D,Colisión,Ninguna,Faltante,Ninguna,Sin restricción
2020,3883,2020-10-10,Sabado,17:55:00,,0.0,2,"Moto/Ciclomotor,Automóvil",Lamadrid Y Bv. Avellaneda,3,2,0,0,1,0,0,"-32.99829, -60.68882",Calle,,ROSARIO,Rosario,Asfalto,No existe,II,Dentro,Urbana,Ninguna,No existe,Intersección,Bueno,Buena,Atardecer,Buen Tiempo,Lateral,S/D,Colisión,Ninguna,Faltante,Ninguna,Sin restricción
2020,3884,2020-07-23,Jueves,18:45:00,,0.0,2,"Moto/Ciclomotor,Pickup/Utilitario",Saavedra Y Laprida,4,1,0,0,3,0,0,"-32.97864, -60.64218",Calle,,ROSARIO,Rosario,Asfalto,No existe,II,Dentro,Urbana,Ninguna,No existe,Intersección,S/D,S/D,Atardecer,S/D,Lateral,S/D,Colisión,Otro,Faltante,Ninguna,Sin restricción
2020,3885,2020-10-06,Martes,12:10:00,,0.0,2,"Bicicleta,Automóvil",Laprida Y Anchorena,2,1,0,0,1,0,0,"-32.99777, -60.64716",Calle,,ROSARIO,Rosario,Asfalto,No existe,II,Dentro,Urbana,Ninguna,No existe,Intersección,Con baches,Buena,Diurna,Buen Tiempo,Lateral,Ciclista,Atropello,Ninguna,Vertical,Ninguna,Sin restricción
2020,3886,2020-10-09,Viernes,17:50:00,Ruta Provincial 21,0.0,2,"Moto/Ciclomotor,Automóvil",Av. Circunvalacion Y San Martin,2,1,0,0,1,0,0,"-33.01669, -60.63383",Ruta,21,ROSARIO,Rosario,Asfalto,No existe,II,S/D,Urbana,Semáforo,Funciona,Intersección,Bueno,Buena,Diurna,Buen Tiempo,De alcance,S/D,Colisión,Ninguna,Horizontal,Cordón divisorio,Sin restricción
2020,3887,2020-10-15,Jueves,19:15:00,,0.0,2,"Automóvil,Bicicleta",Presbitero Jose Houriet Y Ruta Nacional 11,4,1,0,0,3,0,0,"-29.464579, -60.194588",Calle,,ROSARIO,Rosario,Asfalto,Ripio,II,Dentro,Urbana,Marca Vial,No existe,Recta,S/D,S/D,Diurna,S/D,S/D,Ciclista,Atropello,S/D,Horizontal,Línea divisoria pintada,S/D
2020,3888,2020-10-09,Viernes,19:10:00,,0.0,2,"Bicicleta,Pickup/Utilitario",España Y Av. Battle y Ordo�ez,2,1,0,0,1,0,0,"-33.00916, -60.65731",Calle,,ROSARIO,Rosario,Asfalto,No existe,II,Dentro,Urbana,Ninguna,Funciona,Intersección,Bueno,Buena,Atardecer,Buen Tiempo,S/D,Ciclista,Atropello,Ninguna,Faltante,Ninguna,Sin restricción
2020,3889,2020-10-14,Miercoles,15:10:00,,0.0,2,"Automóvil,Automóvil",Biedma Y Amenabar,2,2,0,0,0,0,0,"-32.97198, -60.64601",S/D,,ROSARIO,Rosario,Asfalto,No existe,II,S/D,S/D,Ninguna,No existe,Intersección,Bueno,Buena,Diurna,Buen Tiempo,Lateral,S/D,Colisión,Ninguna,Faltante,Ninguna,Sin restricción
2020,3890,2020-07-23,Jueves,12:20:00,,0.0,2,"Automóvil,Pickup/Utilitario",Estado de Israel Y Av. Corrientes,4,2,0,0,2,0,0,"-32.99198, -60.6537",Calle,,ROSARIO,Rosario,Hormigón,No existe,II,Dentro,Urbana,Ninguna,No existe,Intersección,Con baches,Reducida polvo,Diurna,Buen Tiempo,Lateral,S/D,Colisión,Ninguna,Faltante,Ninguna,Sin restricción
2020,3891,2020-10-09,Viernes,08:50:00,,0.0,2,"Bicicleta,Automóvil",Ayacucho Y Benito Juarez,2,1,0,0,0,0,1,"-32.99254, -60.6368",Calle,,ROSARIO,Rosario,Asfalto,No existe,II,Dentro,Urbana,Ninguna,No existe,Intersección,Bueno,Buena,Diurna,Buen Tiempo,S/D,Ciclista,Atropello,Ninguna,Faltante,Ninguna,Sin restricción
2020,3892,2020-10-08,Jueves,19:45:00,Ruta Provincial 22,0.0,2,"Moto/Ciclomotor,Automóvil",San Martin Y Arequito,2,1,0,0,1,0,0,"-33.01745, -60.65251",Ruta,22,ROSARIO,Rosario,Asfalto,No existe,II,Dentro,Urbana,Ninguna,S/D,Intersección,Bueno,Buena,Diurna,Buen Tiempo,Lateral,S/D,Colisión,Ninguna,Faltante,Ninguna,Sin restricción
2020,3893,2020-10-03,Sabado,18:30:00,,0.0,2,"Moto/Ciclomotor,Moto/Ciclomotor",Sadi Carnot Y Rui Barbosa,3,3,0,0,0,0,0,"-33.00635, -60.64856",Calle,,ROSARIO,Rosario,Asfalto,No existe,II,Dentro,Urbana,Ninguna,No existe,Intersección,Bueno,Buena,Diurna,Buen Tiempo,Lateral,S/D,Colisión,Ninguna,Faltante,Ninguna,Sin restricción
2020,3895,2020-10-13,Martes,08:00:00,,0.0,2,"Automóvil,Pickup/Utilitario",Necochea Y Virasoro,2,1,0,0,1,0,0,"-32.97243, -60.63004",Calle,,ROSARIO,Rosario,Asfalto,No existe,II,Dentro,Urbana,Ninguna,S/D,Intersección,Bueno,Buena,Diurna,Buen Tiempo,Lateral,S/D,Colisión,Ninguna,Faltante,Ninguna,Sin restricción
2020,3896,2020-07-23,Jueves,13:35:00,Autopista Provincial Brigadier E.LÓPEZ,1.0,3,"Automóvil,Camión c / Acoplado,Camión c / Acoplado", ,6,5,0,0,1,0,0,"-32.87479, -60.71614",Autopista,Brigadier E.LÓPEZ,ROSARIO,Rosario,Hormigón,No existe,II,Dentro,Urbana,S/D,Funciona,Recta,Otro,Reducida,Nocturna,S/D,Múltiple,S/D,Colisión,Fluidos,Horizontal,Vegetación,Sin restricción
2020,3897,2020-10-13,Martes,13:40:00,,0.0,2,"Moto/Ciclomotor,Automóvil",Centeno Y L.N.Alem,3,1,1,0,1,0,0,"-32.9866, -60.63797",Calle,,ROSARIO,Rosario,Asfalto,No existe,II,S/D,Urbana,Ninguna,No existe,Intersección,Bueno,Buena,Diurna,Buen Tiempo,Lateral,S/D,Colisión,Ninguna,Faltante,Ninguna,Sin restricción
2020,3898,2020-10-06,Martes,18:35:00,,0.0,2,"Moto/Ciclomotor,Automóvil",San Martin Y Garibaldi,2,1,0,0,1,0,0,"-32.98655, -60.64562",Avenida,,ROSARIO,Rosario,Asfalto,No existe,II,Dentro,Urbana,Ninguna,No existe,Intersección,Bueno,Buena,Atardecer,Buen Tiempo,Lateral,S/D,Colisión,Ninguna,Faltante,Ninguna,Sin restricción
2020,3899,2020-10-10,Sabado,14:00:00,Ruta Provincial 2,0.0,2,"Automóvil,Moto/Ciclomotor",Tucuman Y Av L de la Torre,3,1,0,0,2,0,0,"-31.29502, -60.65633",Ruta,2,LAGUNA PAIVA,La Capital,Asfalto,S/D,I,S/D,Urbana,Ninguna,No existe,Recta,Bueno,Buena,Diurna,Buen Tiempo,Lateral,S/D,Colisión,Ninguna,Faltante,Línea divisoria pintada,Sin restricción
2020,3900,2020-06-26,Viernes,19:30:00,,0.0,2,"Moto/Ciclomotor,Automóvil",Buenos Aires Y Independencia,2,1,0,0,1,0,0,"-32.052993178367636,-61.59447312355",Calle,,CAÑADA ROSQUÍN,San MARTÍN,Asfalto,No existe,XVIII,Dentro,Urbana,Ninguna,No existe,Intersección,S/D,S/D,Atardecer,S/D,S/D,S/D,Colisión,S/D,Faltante,Ninguna,S/D
2020,3901,2020-06-08,Lunes,21:50:00,,0.0,1,Moto/Ciclomotor,Bv. Avellaneda Y Pje. Cagancha,1,1,0,0,0,0,0,"-32.982073, -60.688583",Avenida,,ROSARIO,Rosario,Asfalto,No existe,II,Dentro,Urbana,Ninguna,No existe,Intersección,"Con baches,Deteriorada",Buena,Nocturna,Buen Tiempo,Contra objeto fijo,S/D,Colisión,Ninguna,Faltante,Cordón divisorio,Sin restricción
2020,3902,2020-06-21,Domingo,,,0.0,2,"Pickup/Utilitario,Pickup/Utilitario",Boulevard Ovidio Lagos Y  General Juan Las Heras,2,1,0,0,1,0,0,"-33.040282130241394,-61.16783559322",Avenida,,CASILDA,Caseros,Asfalto,No existe,IV,Dentro,Urbana,Ninguna,No existe,Intersección,Bueno,S/D,S/D,S/D,Lateral,S/D,Colisión,Ninguna,Faltante,"Cordón divisorio,Vegetación",Sin restricción
2020,3903,2020-10-14,Miercoles,19:50:00,,0.0,2,"Moto/Ciclomotor,Bicicleta", ,2,2,0,0,0,0,0,"-31.55456, -60.68474",Avenida,,ANGEL GALLARDO,La Capital,Asfalto,Natural,I,Dentro,Urbana,Ninguna,No existe,Recta,Bueno,Buena,Nocturna,Buen Tiempo,S/D,Ciclista,Atropello,Ninguna,Faltante,Ninguna,Sin restricción
2020,3904,2020-06-08,Lunes,,,0.0,1,Moto/Ciclomotor,26 de Agosto Y Bv. Rondeau,1,1,0,0,0,0,0,"-32.873845341853,-60.698897267272",Avenida,,ROSARIO,Rosario,Asfalto,No existe,II,Dentro,Urbana,Ninguna,No existe,Intersección,Bueno,Buena,S/D,Buen Tiempo,S/D,S/D,Cañda ocupante,Ninguna,Horizontal,"Cordón divisorio,Vegetación,Línea divisoria pintada",Sin restricción
2020,3905,2020-10-08,Jueves,09:30:00,Ruta Provincial 1,0.0,2,"Camión c / Acoplado,Camión c / Acoplado", ,3,1,0,0,2,0,0,"-31.62288, -60.59859",Ruta,1,COLASTINE,La Capital,Asfalto,Natural,I,Dentro,Urbana,Ninguna,No existe,Recta,Bueno,Buena,Diurna,Buen Tiempo,Lateral,S/D,Colisión,Ninguna,Faltante,Guardarrail,Sin restricción
2020,3906,2020-10-15,Jueves,00:20:00,Ruta Provincial 1,0.0,2,"Pickup/Utilitario,Automóvil", ,3,1,0,0,2,0,0,"-31.63249, -60.61594",Ruta,1,COLASTINE,La Capital,Asfalto,Natural,I,S/D,Urbana,Semáforo,No existe,Recta,Bueno,Buena,Nocturna,Buen Tiempo,De alcance,S/D,Colisión,Ninguna,Vertical,Cordón divisorio,Sin restricción
2020,3907,2020-10-01,Jueves,16:55:00,,0.0,2,"Moto/Ciclomotor,Automóvil",San Martin Y Cabildo,3,1,0,0,2,0,0,"-33.00742, -60.65018",Calle,,ROSARIO,Rosario,Asfalto,No existe,II,Dentro,Urbana,S/D,No existe,Intersección,Bueno,Buena,Diurna,S/D,S/D,S/D,S/D,Ninguna,Faltante,S/D,S/D
2020,3908,2020-07-28,Martes,07:45:00,,0.0,2,"Moto/Ciclomotor,Automóvil",Av Pe�aloza Y Pavon,2,1,0,0,1,0,0,"    -31.59193, -60.71205",Avenida,,SANTA FE,La Capital,Asfalto,Pavimento,I,Dentro,Urbana,Ninguna,No existe,Intersección,Bueno,Buena,Diurna,S/D,Lateral,S/D,Colisión,Ninguna,Faltante,Cordón divisorio,Sin restricción
2020,3909,2020-06-08,Lunes,16:30:00,Ruta Nacional 98,0.0,2,"Pickup/Utilitario,Moto/Ciclomotor",La Pampa Y Reconquista,2,1,0,0,1,0,0,"-29.220121647622,-61.76631248949",Ruta,98,TOSTADO,9 de Julio,"Asfalto,Ripio",No existe,XII,Dentro,Urbana,Ninguna,No existe,Intersección,Bueno,Buena,Diurna,Buen Tiempo,Lateral,S/D,Colisión,Ninguna,Faltante,Ninguna,Sin restricción
2020,3910,2020-06-26,Viernes,,,0.0,1,Moto/Ciclomotor, ,2,2,0,0,0,0,0,"-32.25814, -60.96233",Camino Rural,,BARRANCAS,San JERÓNIMO,S/D,No existe,XV,Dentro,Rural,S/D,S/D,Recta,S/D,S/D,Diurna,S/D,S/D,S/D,Cañda ocupante,S/D,S/D,S/D,S/D
2020,3911,2020-10-02,Viernes,13:00:00,,0.0,2,"Moto/Ciclomotor,Automóvil",Hilarion de la Quintana Y Laprida,2,1,0,0,1,0,0,"-32.98322, -60.64332",Calle,,ROSARIO,Rosario,Asfalto,No existe,II,Dentro,Urbana,Ninguna,No existe,Intersección,Bueno,Buena,Diurna,Buen Tiempo,Lateral,S/D,Colisión,Ninguna,Faltante,Ninguna,Sin restricción
2020,3912,2020-06-21,Domingo,,,0.0,2,"Pickup/Utilitario,Automóvil",SAN MARTIN  Y E CIANCIO ,2,1,0,0,1,0,0,"-33.60514461994171,-61.613323688507",Calle,,CHOVET,General LÓPEZ,Asfalto,S/D,VIII,Dentro,Urbana,S/D,S/D,Intersección,S/D,S/D,S/D,S/D,Lateral,S/D,Colisión,S/D,S/D,S/D,S/D
2020,3913,2020-10-14,Miercoles,09:15:00,,0.0,2,"Moto/Ciclomotor,Automóvil",Aritobulo del Valle Y Juan Jose Castelli,2,1,0,0,1,0,0,"-31.6762, -60.76752",Calle,,SANTO TOMÉ,La Capital,Asfalto,No existe,I,Dentro,Urbana,Ninguna,No existe,Intersección,Bueno,Buena,Diurna,Buen Tiempo,De alcance,S/D,Colisión,Ninguna,Faltante,Ninguna,Sin restricción
2020,3914,2020-10-02,Viernes,12:30:00,,0.0,2,"Moto/Ciclomotor,Automóvil",Pte.Roca Y Dr.Rivas,3,2,0,0,1,0,0,"-32.98244, -60.65445",S/D,,ROSARIO,Rosario,Asfalto,No existe,II,S/D,S/D,Ninguna,No existe,Intersección,Bueno,Buena,Diurna,Buen Tiempo,Lateral,S/D,Colisión,Ninguna,Faltante,Ninguna,Sin restricción
2020,3915,2020-06-26,Viernes,,,0.0,2,"Moto/Ciclomotor,Bicicleta", ,2,2,0,0,0,0,0,"-28.222675323486346,-61.52950465679",S/D,,GREGORIA P. DE DENIS,9 de Julio,S/D,No existe,XII,Dentro,Urbana,S/D,S/D,S/D,S/D,S/D,S/D,S/D,S/D,Ciclista,Atropello,S/D,S/D,S/D,S/D
2020,3916,2020-10-15,Jueves,13:20:00,,0.0,2,"Moto/Ciclomotor,Moto/Ciclomotor",Valentin Alsina Y Juan Bautista Alberdi,2,1,0,0,1,0,0,"-31.68251, -60.7611",Calle,,SANTO TOMÉ,La Capital,Asfalto,No existe,I,S/D,Urbana,Ninguna,No existe,Intersección,Bueno,Buena,Diurna,Buen Tiempo,De alcance,S/D,Colisión,Ninguna,Faltante,Ninguna,Sin restricción
2020,3917,2020-07-30,Jueves,22:45:00,,0.0,2,"Pickup/Utilitario,Bicicleta",French Y Rivadavia,2,1,0,0,1,0,0,"    -31.59331, -60.68857",Avenida,,SANTA FE,La Capital,Asfalto,S/D,I,Dentro,Urbana,Ninguna,S/D,Intersección,Bueno,S/D,Nocturna,Buen Tiempo,S/D,Ciclista,Atropello,S/D,Vertical,Cordón divisorio,Sin restricción
2020,3918,2020-06-08,Lunes,,,0.0,1,Moto/Ciclomotor,Avenida Independencia Y Guemes,2,2,0,0,0,0,0,"-31.857392810405,-61.571957737701",Avenida,,SAN MARTIN DE LAS ESCOBAS,San MARTÍN,S/D,No existe,XVIII,Dentro,Urbana,S/D,S/D,Intersección,S/D,Buena,S/D,S/D,Contra objeto fijo,S/D,Colisión,Material Suelto,S/D,S/D,Sin restricción
2020,3919,2020-10-03,Sabado,10:51:00,,0.0,2,"Moto/Ciclomotor,Automóvil",Sarmiento Y 24 De Setiembre,2,1,0,0,1,0,0,"-32.98022, -60.64664",Calle,,ROSARIO,Rosario,Asfalto,No existe,II,Dentro,Urbana,Ninguna,No existe,Intersección,Bueno,Buena,Diurna,Buen Tiempo,Lateral,S/D,Colisión,Ninguna,Faltante,Ninguna,Sin restricción
2020,3920,2020-10-08,Jueves,17:15:00,,0.0,2,"Automóvil,Moto/Ciclomotor",Juan Jose Paso Y  Frenguelli,2,1,0,0,1,0,0,"-31.69059, -60.78256",Calle,,SANTO TOMÉ,La Capital,Asfalto,Pavimento,I,Dentro,Urbana,Ninguna,No existe,Intersección,Bueno,Buena,Diurna,Buen Tiempo,De alcance,S/D,Colisión,Ninguna,Faltante,Cordón divisorio,Sin restricción