anio_acci,nro_acci,fecha,desc_dia,hora_aprox,desc_ruta,km,cant_participantes,desc_participante,calle_avenida_km,total,heridos_leves,heridos_graves,heridos_gravisimos,ilesos,fallecidos,sin_datos,posicion_XY,desc_tipo_via,desc_ruta_ori,desc_loc,desc_dpto,desc_tipo_calzada,desc_tipo_banquina,desc_unidad_regional,desc_lugar_calzada,desc_zona,desc_prioridad,desc_estado_semaforo,desc_lugar_via,desc_estado_via,desc_estado_visibilidad,desc_luminosidad,desc_estado_clima,desc_tipo_colision,desc_tipo_atropello,desc_tipo_hecho,desc_pres_calzada,desc_senializacion,desc_separacion_via,desc_restriccion
2020,3986,2020-10-11,Domingo,09:10:00,,0.0,2,"Pickup/Utilitario,Automóvil",Av de los Olmos Y Mitre,4,1,0,0,3,0,0,"-32.92316, -60.80051",Calle,,FUNES,Rosario,Asfalto,Ripio,II,Dentro,Urbana,Ninguna,No existe,Intersección,Bueno,Buena,Diurna,Buen Tiempo,Lateral,S/D,Colisión,Ninguna,Faltante,Ninguna,Sin restricción
2020,3987,2020-10-04,Domingo,22:20:00,,0.0,2,"Automóvil,Moto/Ciclomotor",Domingo Faustino Sarmiento Y Cullen,2,1,0,0,1,0,0,"-31.45213, -60.93242",Calle,,ESPERANZA,Las Colonias,Asfalto,No existe,XI,Dentro,Urbana,Ninguna,No existe,Intersección,Bueno,Buena,Nocturna,Buen Tiempo,S/D,S/D,Colisión,Ninguna,Horizontal,Cordón divisorio,Sin restricción
2020,3988,2020-10-23,Viernes,07:00:00,,0.0,1,Moto/Ciclomotor,Ruta Prov 1 ,1,0,1,0,0,0,0,"-32.95883, -60.693",Calle,,ROSARIO,Rosario,Asfalto,Natural,II,Dentro,Rural,Ninguna,No existe,Curva,Bueno,Buena,Diurna,Buen Tiempo,Atropello animal,S/D,Colisión,Ninguna,Vertical,Ninguna,Sin restricción
2020,3989,2020-10-07,Miercoles,10:15:00,,0.0,2,"Pickup/Utilitario,Moto/Ciclomotor",Calle 8 Y Avenida 21,2,0,1,0,1,0,0,"-32.68124, -61.52601",Avenida,,LAS PAREJAS,Belgrano,Asfalto,Pavimento,III,Dentro,Urbana,Ninguna,No existe,Intersección,Bueno,Buena,Diurna,Buen Tiempo,Lateral,S/D,Colisión,Ninguna,Faltante,Ninguna,Sin restricción
2020,3990,2020-10-09,Viernes,18:15:00,,0.0,2,"Moto/Ciclomotor,Moto/Ciclomotor",Alvear Y Bv T Madrejon,3,3,0,0,0,0,0,"-30.58467, -59.92976",Avenida,,SAN JAVIER,San Javier,Hormigón,Pavimento,XIV,Dentro,Urbana,Ninguna,No existe,Intersección,Bueno,Buena,Atardecer,Buen Tiempo,De alcance,S/D,Colisión,Ninguna,S/D,Ninguna,Sin restricción
2020,3991,2020-06-11,Jueves,,Ruta Nacional 11,0.0,2,"Moto/Ciclomotor,Automóvil",Avenida Nuestra Se�ora del Luj Y La Rioja,2,1,0,0,1,0,0,"-31.673900762685,-60.769751660037",Ruta,11,SANTO TOMÉ,La Capital,Asfalto,No existe,I,Dentro,Urbana,Semáforo,Funciona,Intersección,Bueno,Buena,S/D,Buen Tiempo,S/D,S/D,Colisión,Ninguna,"Horizontal,Vertical",Línea divisoria pintada,Sin restricción
2020,3992,2020-07-28,Martes,13:40:00,,0.0,2,"Moto/Ciclomotor,Pickup/Utilitario",Pedro Diaz Colodrero 2839,2,1,0,0,1,0,0,"    -31.62489, -60.70324",Calle,,SANTA FE,La Capital,Asfalto,No existe,I,Dentro,Urbana,Ninguna,No existe,Intersección,Bueno,Buena,Diurna,Buen Tiempo,Lateral,S/D,Colisión,Ninguna,S/D,Ninguna,Sin restricción
2020,3993,2020-10-02,Viernes,12:45:00,,0.0,2,"Moto/Ciclomotor,Automóvil",Avenida 21 Y Calle 34 bis,2,1,0,0,1,0,0,"-32.67544, -61.5104",Calle,,LAS PAREJAS,Belgrano,"Tierra,Ripio",No existe,III,Dentro,Urbana,Ninguna,No existe,Intersección,Bueno,Buena,Diurna,Buen Tiempo,Lateral,S/D,Colisión,Ninguna,Faltante,Ninguna,Sin restricción
2020,3994,2020-07-30,Jueves,16:30:00,,0.0,2,"Automóvil,Moto/Ciclomotor",Pedro Diaz Colodrero Y Pedro Alejandro Vittori,3,2,0,0,1,0,0,"    -31.6264, -60.69788",Calle,,SANTA FE,La Capital,Asfalto,No existe,I,Dentro,Urbana,Ninguna,No existe,Intersección,S/D,Buena,Diurna,Buen Tiempo,Lateral,S/D,Colisión,Ninguna,S/D,Línea divisoria pintada,Sin restricción
2020,3995,2020-10-11,Domingo,,,0.0,2,"Moto/Ciclomotor,Automóvil", ,3,1,1,0,1,0,0,"-31.52107, -60.72591",S/D,,ROSARIO,Rosario,S/D,S/D,II,S/D,S/D,S/D,S/D,S/D,S/D,S/D,S/D,S/D,S/D,S/D,Colisión,S/D,S/D,S/D,S/D
2020,3996,2020-10-01,Jueves,12:35:00,,0.0,2,"Pickup/Utilitario,Bicicleta",Calle 10 ,2,1,0,0,1,0,0,"-32.68846, -61.5213",Calle,,LAS PAREJAS,Belgrano,Asfalto,Pavimento,III,Dentro,Urbana,Ninguna,No existe,Intersección,Bueno,Buena,Diurna,Buen Tiempo,Lateral,Ciclista,Atropello,Ninguna,Faltante,Ninguna,Sin restricción
2020,3997,2020-06-23,Martes,18:30:00,,0.0,2,"Moto/Ciclomotor,Automóvil",Bme Mitre Y Gro Baigorria,2,1,0,0,1,0,0,"-32.021369000901,-61.22517851436",Calle,,GÁLVEZ,San JERÓNIMO,Asfalto,No existe,XV,Dentro,Urbana,Ninguna,No existe,Intersección,Bueno,Buena,Diurna,Buen Tiempo,Lateral,S/D,Colisión,Ninguna,Faltante,Ninguna,Sin restricción
2020,3998,2020-06-20,Sabado,03:45:00,,0.0,1,Moto/Ciclomotor,Edison Y Necochea,1,1,0,0,0,0,0,"-32.03688517212868,-61.218949109315",Calle,,GÁLVEZ,San JERÓNIMO,Asfalto,No existe,XV,Dentro,Urbana,Otra Señal,No existe,Intersección,Bueno,Buena,Nocturna,Buen Tiempo,Contra objeto fijo,S/D,Colisión,Ninguna,Vertical,Ninguna,Reparación de Va
2020,3999,2020-10-01,Jueves,,,0.0,2,"Moto/Ciclomotor,Otros", ,3,2,0,0,0,0,1,"-31.65661, -60.71782",S/D,,SANTA FE,La Capital,S/D,S/D,I,S/D,S/D,S/D,S/D,S/D,S/D,S/D,S/D,S/D,S/D,S/D,Colisión,S/D,S/D,S/D,S/D
2020,4000,2020-07-26,Domingo,06:45:00,,0.0,2,"Automóvil,Pickup/Utilitario",Av Urquiza Y Amenabar,3,1,0,0,2,0,0,"    -31.65807, -60.71689",Calle,,ROSARIO,Rosario,Asfalto,No existe,II,Dentro,Urbana,Ninguna,No existe,Intersección,Bueno,Buena,Diurna,Buen Tiempo,Lateral,S/D,Colisión,S/D,Faltante,Ninguna,Sin restricción
2020,4001,2020-10-09,Viernes,14:00:00,,0.0,1,Moto/Ciclomotor,De los Duendes Y De Los Lapachos,3,2,0,0,1,0,0,"-31.60979, -60.58744",Calle,,SAN JOSÉ DEL RINCÓN,La Capital,Asfalto,Natural,I,S/D,Urbana,Ninguna,No existe,Intersección,Bueno,Buena,Diurna,Buen Tiempo,S/D,S/D,S/D,Ninguna,Faltante,Vegetación,Sin restricción
2020,4002,2020-10-05,Lunes,16:00:00,,0.0,2,"Moto/Ciclomotor,Pickup/Utilitario",Av Gral Paz Y Lavaisse,2,1,0,0,1,0,0,"-31.61579, -60.68246",Calle,,SANTA FE,La Capital,Asfalto,No existe,I,Dentro,Urbana,Ninguna,No existe,Intersección,Bueno,Buena,Diurna,Buen Tiempo,Lateral,S/D,Colisión,Ninguna,S/D,Ninguna,Sin restricción
2020,4003,2020-06-15,Lunes,,,0.0,1,Moto/Ciclomotor,Cordoba Y San Luis,1,1,0,0,0,0,0,"-32.457529306411764,-60.89364409446",Calle,,MACIEL,San JERÓNIMO,S/D,No existe,XV,Dentro,Urbana,S/D,S/D,Recta,S/D,S/D,S/D,S/D,Atropello animal,S/D,Colisión,S/D,S/D,Ninguna,S/D
2020,4004,2020-06-11,Jueves,,,0.0,2,"Moto/Ciclomotor,Pickup/Utilitario",Av J J Paso Y Gdor Freyre,2,1,0,0,1,0,0,"-31.661583006304,-60.723288862821",Avenida,,SANTA FE,La Capital,Asfalto,No existe,I,Dentro,Urbana,Ninguna,No existe,Intersección,Bueno,Buena,Diurna,Buen Tiempo,S/D,S/D,Colisión,Ninguna,Faltante,"Cordón divisorio,Vegetación",Sin restricción
2020,4005,2020-10-08,Jueves,08:00:00,,0.0,2,"Moto/Ciclomotor,Moto/Ciclomotor",Av. Pellegrini Y Av. Circunvalacion,2,1,0,0,1,0,0,"-32.94872, -60.72193",Calle,,ROSARIO,Rosario,Asfalto,No existe,II,S/D,Urbana,S/D,No existe,Intersección,Bueno,Buena,Diurna,Buen Tiempo,S/D,S/D,Colisión,Ninguna,S/D,S/D,Sin restricción
2020,4006,2020-07-29,Miercoles,13:20:00,,0.0,2,"Bicicleta,Pickup/Utilitario",J J Paso Y Dr Zavalla,2,1,0,0,1,0,0,"    -31.66122, -60.72461",Calle,,SANTA FE,La Capital,Asfalto,No existe,I,Dentro,Urbana,Ninguna,No existe,Intersección,Bueno,Buena,Diurna,Buen Tiempo,S/D,Ciclista,Atropello,Ninguna,Faltante,Ninguna,Sin restricción
2020,4007,2020-10-08,Jueves,15:30:00,,0.0,2,"Moto/Ciclomotor,Automóvil",España Y Av. Circunvalacion,3,1,0,0,2,0,0,"-33.0159, -60.65679",Avenida,,ROSARIO,Rosario,Asfalto,No existe,II,S/D,Urbana,Ninguna,No existe,Intersección,Bueno,Buena,Diurna,Buen Tiempo,Lateral,S/D,Colisión,Ninguna,Faltante,Ninguna,Sin restricción
2020,4008,2020-10-03,Sabado,19:00:00,Autopista Nacional A008,0.0,1,Moto/Ciclomotor,Av. Circunvalacion Y San Martin,1,0,1,0,0,0,0,"-33.01648, -60.65243",Autopista,A008,ROSARIO,Rosario,Asfalto,Pavimento,II,S/D,Urbana,Ninguna,No existe,Recta,Bueno,Buena,Con luz artificial,Buen Tiempo,Otro,S/D,Despiste,Ninguna,Faltante,Barrera de hormigón,Sin restricción
2020,4009,2020-10-05,Lunes,15:50:00,,0.0,2,"Automóvil,Automóvil",Av. Circunvalacion Y Av. Uriburu,3,2,0,0,1,0,0,"-32.99235, -60.70181",Avenida,,ROSARIO,Rosario,S/D,Pavimento,II,S/D,Urbana,Señal Pare,Funciona,Otro,Bueno,Buena,Diurna,Buen Tiempo,Otro,S/D,Colisión,Ninguna,"Horizontal,Vertical",S/D,Sin restricción
2020,4010,2020-06-14,Domingo,,,0.0,2,"Automóvil,Moto/Ciclomotor",Brown Y Urquiza,3,1,1,0,1,0,0,"-29.583178, -60.380786",Calle,,LA GALLARETA,Vera,S/D,No existe,XIX,Dentro,Urbana,S/D,S/D,Intersección,S/D,S/D,S/D,S/D,S/D,S/D,Colisión,S/D,S/D,"Ninguna,S/D",S/D
2020,4011,2020-07-18,Sabado,21:45:00,,0.0,1,Moto/Ciclomotor, ,1,1,0,0,0,0,0,"-28.67076, -59.8454",S/D,,TARTAGAL,Vera,S/D,S/D,XIX,S/D,Urbana,S/D,S/D,S/D,S/D,S/D,Nocturna,S/D,S/D,S/D,Cañda ocupante,S/D,S/D,S/D,S/D
2020,4012,2020-07-30,Jueves,10:30:00,,0.0,2,"Automóvil,Moto/Ciclomotor",Junin Y San Luis,2,1,0,0,1,0,0,"    -31.63962, -60.70106",Calle,,SANTA FE,La Capital,Asfalto,Pavimento,I,Dentro,Urbana,Ninguna,No existe,Intersección,Bueno,Buena,Diurna,Buen Tiempo,Lateral,S/D,Colisión,Ninguna,Faltante,Ninguna,Sin restricción
2020,4013,2020-06-11,Jueves,,,0.0,2,"Pickup/Utilitario,Bicicleta",Fray Luis Beltran Y España,2,1,0,0,1,0,0,"-33.043674436074,-61.169491912471",Calle,,CASILDA,Caseros,Asfalto,No existe,IV,Dentro,Urbana,Ninguna,No existe,Intersección,Bueno,Buena,Diurna,Buen Tiempo,S/D,Ciclista,Atropello,Ninguna,Faltante,Ninguna,Sin restricción
2020,4014,2020-07-30,Jueves,13:10:00,,0.0,2,"Moto/Ciclomotor,Moto/Ciclomotor",L Alem Y R Mudry,4,2,0,0,2,0,0,"    -29.45441, -60.21403",Calle,,VERA,Vera,Tierra,No existe,XIX,Dentro,Urbana,Ninguna,No existe,Intersección,S/D,Buena,Diurna,Buen Tiempo,Lateral,S/D,Colisión,S/D,Faltante,Ninguna,Sin restricción
2020,4015,2020-06-14,Domingo,12:20:00,,0.0,1,Taxi/Remis,Av Gral Paz Y Derqui,2,1,0,0,1,0,0,"-31.619070768356288,-60.68500041961",Avenida,,SANTA FE,La Capital,Asfalto,No existe,I,Dentro,Urbana,Ninguna,No existe,Recta,Bueno,Buena,Diurna,Buen Tiempo,Contra objeto fijo,S/D,Colisión,Ninguna,Faltante,"Guardarrail,Cordón divisorio",Sin restricción
2020,4016,2020-07-25,Sabado,02:30:00,Ruta Provincial 23,22.0,1,Automóvil, ,2,0,1,0,0,1,0,"    -30.33067, -61.90343",Ruta,23,SAN GUILLERMO,San CRISTÓBAL,Hormigón,Natural,XIII,Dentro,Rural,Ninguna,No existe,Recta,Bueno,S/D,Nocturna,Buen Tiempo,S/D,S/D,"Vuelco,Despiste",Ninguna,S/D,Ninguna,Sin restricción
2020,4017,2020-10-11,Domingo,19:45:00,Ruta Nacional 34,398.0,1,Automóvil, ,3,1,2,0,0,0,0,"-29.90648, -61.9236",Ruta,34,ROSARIO,Rosario,Asfalto,Natural,II,Fuera,Urbana,Ninguna,No existe,Recta,Bueno,Buena,Nocturna,Buen Tiempo,S/D,S/D,Vuelco,Ninguna,"Horizontal,Vertical",Línea divisoria pintada,Sin restricción
2020,4018,2020-06-13,Sabado,11:25:00,Ruta Provincial 10,0.0,2,"Moto/Ciclomotor,Moto/Ciclomotor",4 de Enero Y Bvard 20 de Junio,2,1,0,0,1,0,0,"-32.022637983086,-61.215124423698",Ruta,10,GÁLVEZ,San JERÓNIMO,Asfalto,No existe,XV,Dentro,Urbana,Ninguna,No existe,Intersección,Bueno,Buena,Diurna,Buen Tiempo,Lateral,S/D,Colisión,Ninguna,Faltante,"Ninguna,S/D",Sin restricción
2020,4019,2020-10-04,Domingo,23:40:00,,0.0,2,"Moto/Ciclomotor,Moto/Ciclomotor",Rondeau Y Juan Jose Castelli,2,1,0,0,1,0,0,"-29.88895, -61.95208",Calle,,CERES,San CRISTÓBAL,Tierra,No existe,XIII,Dentro,Urbana,Ninguna,No existe,Intersección,Bueno,Buena,Nocturna,Buen Tiempo,Frontal,S/D,Colisión,Ninguna,Faltante,Ninguna,Sin restricción
2020,4020,2020-07-19,Domingo,15:05:00,Autopista Nacional A008,6.0,2,"Moto/Ciclomotor,Camión", ,2,0,1,0,1,0,0,"-32.9163, -60.72399",Autopista,A008,ROSARIO,Rosario,S/D,S/D,II,S/D,Urbana,S/D,S/D,Recta,S/D,S/D,Diurna,S/D,S/D,S/D,Colisión,S/D,S/D,S/D,S/D
2020,4021,2020-10-02,Viernes,16:40:00,,0.0,2,"Pickup/Utilitario,Moto/Ciclomotor",J B Justo Y Laprida,2,1,0,0,1,0,0,"-30.31362, -61.24465",Calle,,SAN CRISTÓBAL,San CRISTÓBAL,Ripio,No existe,XIII,S/D,Urbana,Ninguna,No existe,Intersección,Bueno,Buena,Diurna,Buen Tiempo,Lateral,S/D,Colisión,Ninguna,Faltante,Ninguna,Sin restricción
2020,4022,2020-06-13,Sabado,11:25:00,Ruta Nacional 11,0.0,2,"Bicicleta,Moto/Ciclomotor", ,3,1,0,0,2,0,0,"-31.960780, -60.927709",Ruta,11,CORONDA,San JERÓNIMO,Asfalto,S/D,XV,Dentro,Urbana,S/D,S/D,Recta,S/D,S/D,Diurna,S/D,S/D,Ciclista,Atropello,S/D,S/D,S/D,S/D
2020,4023,2020-07-19,Domingo,04:30:00,Ruta Nacional 11,108.0,1,Moto/Ciclomotor, ,1,1,0,0,0,0,0,"-31.96829, -60.92587",Ruta,11,CORONDA,San JERÓNIMO,S/D,S/D,XV,S/D,Urbana,S/D,S/D,Recta,S/D,S/D,Nocturna,S/D,S/D,S/D,Cañda ocupante,S/D,S/D,S/D,S/D
2020,4024,2020-07-31,Viernes,23:30:00,Ruta Nacional 34,344.0,1,Camión c / Semirremolque, ,1,1,0,0,0,0,0,"    -30.24482, -61.7222",Ruta,34,ARRUFÓ,San CRISTÓBAL,Asfalto,Natural,XIII,Fuera,Rural,Ninguna,No existe,Curva,Bueno,S/D,Nocturna,Buen Tiempo,Otro,S/D,Vuelco,Ninguna,"Horizontal,Vertical",Ninguna,S/D
2020,4025,2020-10-01,Jueves,11:10:00,,0.0,2,"Automóvil,Moto/Ciclomotor",Uruguay Y San Martin,2,1,0,0,1,0,0,"-31.4215, -60.33468",Calle,,SANTA ROSA DE CALCHINES,Garay,Asfalto,Pavimento,VII,Dentro,Urbana,Ninguna,No existe,Intersección,Bueno,Buena,Diurna,Buen Tiempo,S/D,S/D,Otro,Ninguna,Faltante,Ninguna,Sin restricción
2020,4026,2020-07-19,Domingo,03:10:00,,0.0,1,Moto/Ciclomotor,Buenos Aires 100,1,1,0,0,0,0,0,"-32.05254, -61.59359",Calle,,CAÑADA ROSQUÍN,San MARTÍN,S/D,S/D,XVIII,S/D,Urbana,S/D,S/D,Recta,S/D,S/D,Nocturna,S/D,Contra objeto fijo,S/D,Colisión,S/D,S/D,S/D,S/D
2020,4027,2020-06-14,Domingo,10:20:00,,0.0,2,"Automóvil,Moto/Ciclomotor",Bv. Avellaneda Y Cnel.Winter,3,0,2,0,1,0,0,"-32.984996722533,-60.688800925971",Avenida,,ROSARIO,Rosario,Asfalto,No existe,III,Dentro,Urbana,Ninguna,No existe,Intersección,S/D,S/D,Diurna,S/D,S/D,S/D,Colisión,S/D,Faltante,Cordón divisorio,S/D
2020,4028,2020-10-08,Jueves,,Ruta Provincial 94,0.0,1,Automóvil, ,1,1,0,0,0,0,0,"-34.08954, -61.54991",Ruta,94,TEODELINA,General LÓPEZ,Asfalto,S/D,VIII,S/D,Urbana,S/D,S/D,Recta,S/D,S/D,S/D,S/D,S/D,S/D,Despiste,S/D,S/D,S/D,S/D
2020,4029,2020-06-13,Sabado,20:20:00,,0.0,2,"Moto/Ciclomotor,Pickup/Utilitario",Avda. Jorge Newbery Y Primera Junta,2,1,0,0,1,0,0,"-32.035844593349,-61.214568409527",Avenida,,GÁLVEZ,San JERÓNIMO,Asfalto,No existe,XV,Dentro,Urbana,Ninguna,No existe,Intersección,Bueno,Buena,"Nocturna,Con luz artificial",Buen Tiempo,Lateral,S/D,Colisión,Ninguna,Faltante,Ninguna,Sin restricción
2020,4030,2020-10-01,Jueves,19:10:00,,0.0,1,Moto/Ciclomotor,Gral Lavalle ,1,1,0,0,0,0,0,"-30.58129, -59.93541",Calle,,SAN JAVIER,San Javier,Tierra,Natural,XIV,Dentro,Urbana,Ninguna,No existe,Intersección,Bueno,Buena,Nocturna,Buen Tiempo,Atropello animal,S/D,Colisión,Ninguna,S/D,Ninguna,Sin restricción
2020,4031,2020-07-25,Sabado,13:00:00,,0.0,2,"Pickup/Utilitario,Automóvil", ,8,1,0,0,7,0,0,"-32.95883, -60.693",Calle,,ROSARIO,Rosario,Asfalto,Natural,II,S/D,Rural,Ninguna,No existe,Recta,Bueno,Buena,Diurna,Buen Tiempo,Otro,S/D,Vuelco,Ninguna,Faltante,Línea divisoria pintada,Sin restricción
2020,4032,2020-10-05,Lunes,13:00:00,,0.0,2,"Moto/Ciclomotor,Automóvil",Pastor Barrios Y Las Heras,2,1,0,0,1,0,0,"-31.30629, -60.66805",Calle,,LAGUNA PAIVA,La Capital,Asfalto,Natural,I,S/D,Urbana,Ninguna,No existe,Recta,Bueno,Buena,Diurna,Buen Tiempo,De alcance,S/D,Colisión,Ninguna,Faltante,Ninguna,Sin restricción
2020,4033,2020-06-12,Viernes,12:30:00,Ruta Nacional 34,153.0,2,"Camión,Moto/Ciclomotor", ,2,0,1,0,1,0,0,"-31.84528745438093, -61.58141072896",Ruta,34,SAN MARTIN DE LAS ESCOBAS,San MARTÍN,Asfalto,Natural,XVIII,Dentro,Urbana,Ninguna,No existe,Intersección,Bueno,Buena,Diurna,Buen Tiempo,Lateral,S/D,Colisión,Ninguna,Horizontal,Línea divisoria pintada,Sin restricción
2020,4034,2020-07-19,Domingo,20:00:00,Ruta Provincial 13,53.0,2,"Pickup/Utilitario,Camión c / Acoplado", ,2,0,1,0,1,0,0,"-32.0392, -61.79928",Ruta,13,CARLOS PELLEGRINI,San MARTÍN,S/D,S/D,XVIII,S/D,Rural,S/D,S/D,Intersección,S/D,S/D,Nocturna,S/D,S/D,S/D,Colisión,S/D,S/D,S/D,S/D
2020,4036,2020-06-14,Domingo,01:25:00,,0.0,1,Moto/Ciclomotor,25 de mayo 1900,1,0,1,0,0,0,0,"-31.664217510192,-60.762591433334",Calle,,SANTO TOMÉ,La Capital,Asfalto,No existe,I,Dentro,Urbana,Semáforo,Funciona,Intersección,S/D,S/D,Nocturna,S/D,S/D,S/D,Cañda ocupante,S/D,Vertical,Ninguna,S/D
2020,4037,2020-06-12,Viernes,12:20:00,Ruta Provincial 10,0.0,2,"Moto/Ciclomotor,Pickup/Utilitario",Necochea Y Silvio Arcas,2,1,0,0,1,0,0,"-32.037024516599,-61.216118956002",Ruta,10,GÁLVEZ,San JERÓNIMO,Asfalto,No existe,XV,Dentro,Urbana,Ninguna,No existe,Intersección,Bueno,Buena,Diurna,Buen Tiempo,Lateral,S/D,Colisión,Ninguna,Faltante,Ninguna,Sin restricción
2020,4039,2020-10-03,Sabado,21:30:00,,0.0,2,"Pickup/Utilitario,Moto/Ciclomotor",Ruta pcial 2 Av San Martin Y Buenos Aires,2,1,0,0,1,0,0,"-31.51752, -60.68128",Calle,,MONTE VERA,La Capital,Asfalto,Ripio,I,Dentro,Urbana,Ninguna,No existe,Intersección,Bueno,Buena,Nocturna,Buen Tiempo,Lateral,S/D,Colisión,Ninguna,Vertical,Ninguna,Sin restricción
2020,4040,2020-06-13,Sabado,,,0.0,1,Moto/Ciclomotor,Uriarte 709,1,1,0,0,0,0,0,"-32.899087036271,-60.691323105948",Calle,,ROSARIO,Rosario,Asfalto,No existe,II,Dentro,Urbana,Paso Peatonal,No existe,Intersección,Bueno,Buena,Diurna,Buen Tiempo,S/D,S/D,Cañda ocupante,Ninguna,Horizontal,Ninguna,Sin restricción
2020,4043,2020-06-14,Domingo,,,0.0,1,Moto/Ciclomotor,Azcuenaga Y Balcarce,2,2,0,0,0,0,0,"-31.676344, -60.776809",Calle,,SANTO TOMÉ,La Capital,Asfalto,No existe,I,Dentro,Urbana,Ninguna,No existe,Intersección,S/D,S/D,S/D,S/D,S/D,S/D,Cañda ocupante,S/D,Faltante,Ninguna,S/D
2020,4044,2020-07-26,Domingo,19:30:00,,0.0,2,"Moto/Ciclomotor,Automóvil",17 de Octubre Y G Lopez,2,1,0,0,1,0,0,"    -33.01665, -60.60921",Calle,,VILLA GOBERNADOR GÁLVEZ,Rosario,Asfalto,No existe,II,S/D,Urbana,Ninguna,No existe,Recta,Bueno,Buena,Diurna,Buen Tiempo,De alcance,S/D,Colisión,S/D,Faltante,Ninguna,S/D
2020,4045,2020-10-03,Sabado,20:00:00,,0.0,2,"Automóvil,Moto/Ciclomotor",Ruta pcial 2 Av San Martin Y Santa Fe,2,1,0,0,1,0,0,"-31.51592, -60.68092",Avenida,,MONTE VERA,La Capital,Asfalto,Ripio,I,Dentro,Urbana,Ninguna,No existe,Intersección,Bueno,Buena,Nocturna,Buen Tiempo,Lateral,S/D,Colisión,Ninguna,Vertical,Ninguna,Sin restricción
2020,4046,2020-10-09,Viernes,,,0.0,2,"Pickup/Utilitario,Moto/Ciclomotor",Washington Y Fray Luis Beltran,2,1,0,0,1,0,0,"-33.04592, -61.17363",Calle,,CASILDA,Caseros,Asfalto,S/D,IV,S/D,Urbana,S/D,S/D,Intersección,S/D,S/D,S/D,S/D,S/D,S/D,Colisión,S/D,S/D,S/D,S/D
2020,4047,2020-06-12,Viernes,,,0.0,2,"Bicicleta,Automóvil",Bogado Y Dante Alighieri,2,1,0,0,1,0,0,"-33.04488480091097,-61.162524819374",Avenida,,CASILDA,Caseros,Asfalto,No existe,IV,Dentro,Urbana,Ninguna,No existe,Intersección,Bueno,S/D,S/D,Buen Tiempo,S/D,Ciclista,Atropello,Ninguna,Faltante,S/D,Sin restricción
2020,4048,2020-07-20,Lunes,,,0.0,1,Automóvil,25 de Mayo Y Obispo Gelabert,1,1,0,0,0,0,0,"-31.63698, -60.70291",Calle,,SANTA FE,La Capital,S/D,S/D,I,S/D,Urbana,S/D,S/D,Intersección,S/D,S/D,S/D,S/D,Contra objeto fijo,S/D,Colisión,S/D,S/D,S/D,S/D
2020,4049,2020-06-01,Lunes,11:50:00,,0.0,2,"Automóvil,Moto/Ciclomotor",A Alvarez Y Bv G L Lhemann,2,1,0,0,1,0,0,"-31.246919329795,-61.490437585014",Avenida,,RAFAELA,Castellanos,Asfalto,No existe,V,Dentro,Urbana,Ninguna,No existe,Intersección,S/D,Buena,Diurna,Buen Tiempo,S/D,S/D,Colisión,Ninguna,Faltante,"Cordón divisorio,Vegetación",Sin restricción
2020,4050,2020-07-25,Sabado,17:50:00,,0.0,2,"Automóvil,Moto/Ciclomotor",Av 9 de Julio Y Lamadrid,2,1,0,0,1,0,0,"    -33.00143, -60.76735",Avenida,,PEREZ,Rosario,Asfalto,No existe,II,Dentro,Urbana,Ninguna,No existe,Intersección,Bueno,Reducida,"Atardecer,Con luz artificial",Buen Tiempo,Frontal,S/D,Colisión,Ninguna,Faltante,Ninguna,Sin restricción
2020,4051,2020-10-09,Viernes,,,0.0,2,"Automóvil,Moto/Ciclomotor",Belgrano ,2,0,1,0,1,0,0,"-34.19007, -61.52916",Calle,,TEODELINA,General LÓPEZ,Asfalto,S/D,VIII,S/D,Urbana,S/D,S/D,Intersección,S/D,S/D,S/D,S/D,S/D,S/D,Colisión,S/D,S/D,S/D,S/D
2020,4052,2020-07-20,Lunes,01:45:00,,0.0,2,"Moto/Ciclomotor,Automóvil",Cerrito Y Doctor Estanislao Zeballos Sev,2,0,1,0,1,0,0,"-33.0418, -61.15453",Calle,,CASILDA,Caseros,S/D,S/D,IV,S/D,Urbana,S/D,S/D,Intersección,S/D,S/D,Nocturna,S/D,S/D,S/D,Colisión,S/D,S/D,S/D,S/D
2020,4053,2020-06-10,Miercoles,20:00:00,Ruta Nacional 33,780.0,2,"Moto/Ciclomotor,Automóvil", ,2,0,0,0,1,1,0,"-33.00253, -60.78065",Ruta,33,PEREZ,Rosario,Asfalto,No existe,II,Dentro,Rural,Ninguna,No existe,Recta,Bueno,Reducida,Nocturna,Niebla,Frontal,S/D,Colisión,Ninguna,Faltante,Ninguna,Sin restricción
2020,4054,2020-10-03,Sabado,16:40:00,,0.0,2,"Automóvil,Moto/Ciclomotor",4 de enero Y Obispo Gelabert,5,4,0,0,1,0,0,"-31.63568, -60.70885",S/D,,SANTO TOMÉ,La Capital,Tierra,S/D,I,S/D,Urbana,S/D,No existe,Intersección,Bueno,Buena,Diurna,Buen Tiempo,S/D,S/D,Colisión,Ninguna,Faltante,S/D,S/D
2020,4055,2020-06-11,Jueves,14:00:00,Ruta Nacional 11,316.0,2,"Peatón,Pickup/Utilitario",Av San Martin 1600,2,0,0,0,1,1,0,"-32.85625, -60.70389",Ruta,11,GRANADERO BAIGORRIA,Rosario,Asfalto,Pavimento,II,Dentro,Urbana,Ninguna,No existe,Recta,Bueno,Buena,Diurna,Buen Tiempo,S/D,Peatón,Atropello,Ninguna,Horizontal,Cordón divisorio,Sin restricción