anio_acci,nro_acci,fecha,desc_dia,hora_aprox,desc_ruta,km,cant_participantes,desc_participante,calle_avenida_km,total,heridos_leves,heridos_graves,heridos_gravisimos,ilesos,fallecidos,sin_datos,posicion_XY,desc_tipo_via,desc_ruta_ori,desc_loc,desc_dpto,desc_tipo_calzada,desc_tipo_banquina,desc_unidad_regional,desc_lugar_calzada,desc_zona,desc_prioridad,desc_estado_semaforo,desc_lugar_via,desc_estado_via,desc_estado_visibilidad,desc_luminosidad,desc_estado_clima,desc_tipo_colision,desc_tipo_atropello,desc_tipo_hecho,desc_pres_calzada,desc_senializacion,desc_separacion_via,desc_restriccion
2020,4056,2020-06-02,Martes,,,0.0,2,"Moto/Ciclomotor,Pickup/Utilitario",Av Roque Saenz Pe�a Y Reconquista,2,1,0,0,1,0,0,"-31.252799247092,-61.476742293868",Avenida,,RAFAELA,Castellanos,Asfalto,No existe,V,Dentro,Urbana,Paso Peatonal,No existe,Intersección,Bueno,Buena,Diurna,Buen Tiempo,S/D,S/D,Colisión,Ninguna,Horizontal,Línea divisoria pintada,Sin restricción
2020,4057,2020-10-10,Sabado,,,0.0,2,"Moto/Ciclomotor,Moto/Ciclomotor",Santa Fe Y Pueyrredon,3,1,0,0,0,0,2,"-31.89704, -61.86545",Calle,,SAN JORGE,San MARTÍN,Asfalto,S/D,XVIII,S/D,Urbana,S/D,S/D,Intersección,S/D,S/D,S/D,S/D,S/D,S/D,Colisión,S/D,S/D,S/D,S/D
2020,4058,2020-07-24,Viernes,11:00:00,Ruta Provincial 21,0.0,1,Moto/Ciclomotor,Garay ,1,1,0,0,0,0,0,"    -33.18888, -60.47053",Ruta,21,FIGHIERA,Rosario,Asfalto,Natural,II,Dentro,Urbana,S/D,Funciona,Intersección,Bueno,Buena,Diurna,Buen Tiempo,S/D,S/D,Vuelco,Ninguna,S/D,S/D,S/D
2020,4059,2020-07-20,Lunes,21:00:00,,0.0,2,"Moto/Ciclomotor,Moto/Ciclomotor",Montevideo Y Juan Martin de Pueyrredon,3,2,1,0,0,0,0,"-33.05195, -61.19572",Calle,,CASILDA,Caseros,S/D,S/D,IV,S/D,Urbana,S/D,S/D,Intersección,S/D,S/D,Nocturna,S/D,S/D,S/D,Colisión,S/D,S/D,S/D,S/D
2020,4060,2020-06-18,Jueves,14:50:00,Autovía Nacional 19,78.0,1,Automóvil, ,1,0,0,0,0,1,0,"-31.5258, -61.5685",Autovía,19,ANGÉLICA,Castellanos,Asfalto,Natural,V,Dentro,Rural,Ninguna,No existe,Recta,Bueno,Buena,Diurna,Buen Tiempo,S/D,S/D,Vuelco,Ninguna,"Horizontal,Vertical",Ninguna,Sin restricción
2020,4061,2020-10-10,Sabado,,Ruta Provincial 64,0.0,1,Moto/Ciclomotor, ,1,1,0,0,0,0,0,"-31.89967, -61.36838",Ruta,64,COLONIA BELGRANO,San MARTÍN,Asfalto,S/D,XVIII,S/D,Urbana,S/D,S/D,Recta,S/D,S/D,S/D,S/D,S/D,S/D,Cañda ocupante,S/D,S/D,S/D,S/D
2020,4062,2020-07-25,Sabado,18:30:00,,0.0,1,Moto/Ciclomotor,San Martin Y Ameghino,2,1,0,0,1,0,0,"    -33.19316, -60.46777",Calle,,FIGHIERA,Rosario,Asfalto,Pavimento,II,Dentro,Urbana,S/D,No existe,Intersección,Bueno,Buena,Nocturna,Buen Tiempo,S/D,S/D,Vuelco,Ninguna,S/D,S/D,Sin restricción
2020,4063,2020-10-12,Lunes,,,0.0,1,Moto/Ciclomotor, ,3,3,0,0,0,0,0,"-29.34281, -60.30197",Calle,,ROSARIO,Rosario,Asfalto,S/D,II,S/D,Urbana,S/D,S/D,S/D,S/D,S/D,S/D,S/D,Atropello animal,S/D,Colisión,S/D,S/D,S/D,S/D
2020,4064,2020-07-29,Miercoles,18:40:00,,0.0,2,"Bicicleta,Automóvil",Colombia Y Juan B.De La Salle,2,1,0,0,1,0,0,"    -32.92262, -60.71691",Calle,,ROSARIO,Rosario,Asfalto,No existe,II,Dentro,Urbana,Ninguna,No existe,Intersección,Bueno,Buena,Atardecer,Buen Tiempo,S/D,Ciclista,Atropello,Ninguna,Faltante,S/D,Sin restricción
2020,4065,2020-06-02,Martes,11:45:00,,0.0,1,Moto/Ciclomotor,Av Aristobulo del Valle Y Ruben Dario,1,1,0,0,0,0,0,"-31.260339030386,-61.475883409247",Avenida,,RAFAELA,Castellanos,Asfalto,No existe,V,Dentro,Urbana,Ninguna,No existe,Intersección,Bueno,Buena,Diurna,Buen Tiempo,Atropello animal,S/D,Colisión,Ninguna,Faltante,"Cordón divisorio,Vegetación",Sin restricción
2020,4066,2020-10-10,Sabado,,,0.0,1,Moto/Ciclomotor,Bv 25 de mayo Y Hipolito Irigoyen,1,0,1,0,0,0,0,"-31.89838, -61.8546",Calle,,SAN JORGE,San MARTÍN,Asfalto,S/D,XVIII,S/D,Urbana,S/D,S/D,Intersección,S/D,S/D,S/D,S/D,S/D,S/D,Cañda ocupante,S/D,S/D,S/D,S/D
2020,4067,2020-07-20,Lunes,01:20:00,Ruta Nacional 11,119.0,2,"Moto/Ciclomotor,Otros", ,2,1,0,0,1,0,0,"-31.88697, -60.89262",Ruta,11,DESVÍO ARIJÓN,San JERÓNIMO,S/D,S/D,XV,S/D,Urbana,S/D,S/D,Recta,S/D,S/D,Nocturna,S/D,S/D,S/D,Colisión,S/D,S/D,S/D,S/D
2020,4068,2020-10-02,Viernes,19:00:00,,0.0,2,"Moto/Ciclomotor,Automóvil",Lisandro de La Torre Y Juan Jose Castelli,4,2,0,0,2,0,0,"-31.67945, -60.76816",Calle,,SANTO TOMÉ,La Capital,Asfalto,No existe,I,S/D,Urbana,Ninguna,No existe,Intersección,Bueno,Buena,Atardecer,Buen Tiempo,De alcance,S/D,Colisión,Ninguna,Faltante,Ninguna,Sin restricción
2020,4069,2020-10-11,Domingo,,,0.0,2,"Moto/Ciclomotor,Automóvil",Av Blas Parera Y Teniente Loza,2,0,1,0,1,0,0,"-31.56773, -60.73013",Calle,,SANTA FE,La Capital,Asfalto,S/D,I,S/D,Urbana,S/D,S/D,Intersección,S/D,S/D,S/D,S/D,S/D,S/D,Colisión,S/D,S/D,S/D,S/D
2020,4070,2020-06-11,Jueves,17:45:00,Autopista Provincial Brigadier E.LÓPEZ,58.0,1,Camión c / Acoplado, ,2,1,0,0,1,0,0,"-32.425387, -60.927256",Autopista,Brigadier E.LÓPEZ,MACIEL,San JERÓNIMO,Asfalto,Natural,XV,Dentro,Rural,Ninguna,No existe,Recta,Bueno,Buena,Diurna,Buen Tiempo,S/D,S/D,Vuelco,Ninguna,Faltante,Vegetación,Sin restricción
2020,4071,2020-10-11,Domingo,,,0.0,1,Moto/Ciclomotor, ,1,1,0,0,0,0,0,"-33.79021, -61.21848",Calle,,WHEELWRIGHT,General LÓPEZ,Asfalto,S/D,VIII,S/D,Urbana,S/D,S/D,Intersección,S/D,S/D,S/D,S/D,Contra objeto fijo,S/D,Colisión,S/D,S/D,S/D,S/D
2020,4072,2020-06-27,Sabado,00:45:00,Autopista Provincial Brigadier E.LÓPEZ,17.0,1,Automóvil, ,1,0,1,0,0,0,0,"-32.74036, -60.76239",Autopista,Brigadier E.LÓPEZ,SAN LORENZO,San Lorenzo,Asfalto,Pavimento,II,Dentro,Rural,Marca Vial,No existe,Recta,S/D,S/D,Nocturna,S/D,S/D,S/D,Vuelco,S/D,Horizontal,Vegetación,S/D
2020,4073,2020-10-02,Viernes,11:30:00,,0.0,2,"Moto/Ciclomotor,Automóvil",Avenida General Bartolome Mitr Y Balcarce,3,2,0,0,1,0,0,"-31.67883, -60.75505",Calle,,SANTO TOMÉ,La Capital,Asfalto,No existe,I,S/D,Urbana,Ninguna,No existe,Intersección,Bueno,Buena,Diurna,Buen Tiempo,De alcance,S/D,Colisión,Ninguna,Faltante,Ninguna,Sin restricción
2020,4074,2020-07-24,Viernes,16:20:00,,0.0,2,"Taxi/Remis,Automóvil", ,4,1,0,0,3,0,0,"    -32.92979, -60.73078",Calle,,ROSARIO,Rosario,Asfalto,No existe,II,Dentro,Urbana,Ninguna,No existe,Recta,Bueno,Buena,Diurna,Buen Tiempo,Múltiple,S/D,Colisión,Ninguna,S/D,Cordón divisorio,Sin restricción
2020,4075,2020-10-11,Domingo,,Ruta Provincial 94,0.0,1,Automóvil,Ruta Nac 33 ,6,2,0,0,4,0,0,"-33.64653, -61.85755",Ruta,94,MURPHY,General LÓPEZ,Asfalto,S/D,VIII,S/D,Urbana,S/D,S/D,Intersección,S/D,S/D,S/D,S/D,S/D,S/D,Vuelco,S/D,S/D,S/D,S/D
2020,4076,2020-07-20,Lunes,,Ruta Provincial 80,1.0,2,"Pickup/Utilitario,Automóvil", ,2,1,0,0,1,0,0,"-32.07371, -60.98299",Ruta,80,AROCENA,San JERÓNIMO,S/D,S/D,XV,S/D,Rural,S/D,S/D,Recta,S/D,S/D,S/D,S/D,Lateral,S/D,Colisión,S/D,S/D,S/D,S/D
2020,4077,2020-10-05,Lunes,11:00:00,,0.0,2,"Automóvil,Bicicleta",Av Almte Brown Y Pedro de Vega,2,1,0,0,1,0,0,"-31.61595, -60.67295",Calle,,SANTA FE,La Capital,Asfalto,No existe,I,Dentro,Urbana,Ninguna,No existe,Intersección,Bueno,Buena,Diurna,Buen Tiempo,Lateral,Ciclista,Atropello,Ninguna,S/D,Ninguna,Sin restricción
2020,4078,2020-10-11,Domingo,,,0.0,1,Moto/Ciclomotor, ,1,1,0,0,0,0,0,"-31.44593, -60.93149",S/D,,ESPERANZA,Las Colonias,S/D,S/D,XI,S/D,S/D,S/D,S/D,S/D,S/D,S/D,S/D,S/D,Atropello animal,S/D,Colisión,S/D,S/D,S/D,S/D
2020,4079,2020-06-28,Domingo,03:20:00,Autopista Nacional A008,0.0,1,Automóvil,Av. Circunvalacion Y Bv. Oro�o,2,2,0,0,0,0,0,"-33.014685,-60.66455",Autopista,A008,ROSARIO,Rosario,Asfalto,Pavimento,II,Dentro,Urbana,Marca Vial,No existe,Recta,S/D,S/D,Nocturna,S/D,S/D,S/D,Vuelco,S/D,Horizontal,Guardarrail,S/D
2020,4080,2020-10-11,Domingo,,,0.0,1,Automóvil, ,2,0,2,0,0,0,0,"-32.14201, -61.73621",Camino Rural,,EL TRÉBOL,San MARTÍN,S/D,S/D,XVIII,S/D,Rural,S/D,S/D,S/D,S/D,S/D,S/D,S/D,S/D,S/D,Vuelco,S/D,S/D,S/D,S/D
2020,4081,2020-10-02,Viernes,08:45:00,,0.0,2,"Automóvil,Automóvil",Av Gral Paz Y Huergo,3,1,0,0,2,0,0,"-31.61742, -60.68377",Avenida,,SANTA FE,La Capital,Asfalto,No existe,I,Dentro,Urbana,Ninguna,No existe,Intersección,Bueno,Buena,Diurna,Buen Tiempo,Lateral,S/D,Colisión,Ninguna,S/D,Ninguna,Sin restricción
2020,4082,2020-06-12,Viernes,23:00:00,Autovía Nacional 19,80.0,1,Camión c / Acoplado, ,1,1,0,0,0,0,0,"-31.529834, -61.544732",Autovía,19,ANGÉLICA,Castellanos,Asfalto,Natural,V,Dentro,Rural,Ninguna,No existe,Intersección,Bueno,Buena,Nocturna,Buen Tiempo,S/D,S/D,Vuelco,Ninguna,Faltante,Ninguna,Sin restricción
2020,4083,2020-07-21,Martes,18:40:00,,0.0,2,"Bicicleta,Taxi/Remis",Julio A Roca Y Ortiz,2,0,0,1,1,0,0,"-31.76641, -61.82968",Calle,,SASTRE,San MARTÍN,S/D,S/D,XVIII,S/D,Urbana,S/D,S/D,Intersección,S/D,S/D,Diurna,S/D,S/D,Ciclista,Atropello,S/D,S/D,S/D,S/D
2020,4084,2020-10-06,Martes,08:10:00,,0.0,2,"Camión Chasis,Moto/Ciclomotor",Salvador del Carril Y Necochea,2,1,0,0,1,0,0,"-31.61996, -60.68925",Avenida,,SANTA FE,La Capital,Asfalto,No existe,I,Dentro,Urbana,Ninguna,No existe,Intersección,Bueno,Buena,Diurna,Buen Tiempo,Lateral,S/D,Colisión,Ninguna,S/D,Ninguna,Sin restricción
2020,4085,2020-06-18,Jueves,,Ruta Provincial 91,15.0,2,"Camión c / Acoplado,Camión c / Acoplado", ,2,1,1,0,0,0,0,"-32.60658878638171, -60.96899150801",Ruta,91,SERODINO,Iriondo,Asfalto,No existe,X,Dentro,Urbana,Ninguna,No existe,Intersección,Bueno,Buena,Diurna,Buen Tiempo,S/D,S/D,Colisión,Ninguna,Horizontal,Línea divisoria pintada,Sin restricción
2020,4086,2020-10-11,Domingo,,Ruta Nacional 34,0.0,2,"Moto/Ciclomotor,Automóvil",Ruta Nacional 34 ,4,0,1,0,3,0,0,"-31.84866, -61.58221",Ruta,34,SAN MARTIN DE LAS ESCOBAS,San MARTÍN,Asfalto,S/D,XVIII,S/D,Urbana,S/D,S/D,Recta,S/D,S/D,S/D,S/D,S/D,S/D,Colisión,S/D,S/D,S/D,S/D
2020,4087,2020-06-21,Domingo,22:15:00,Ruta Nacional 11,0.0,1,Automóvil, ,1,1,0,0,0,0,0,"-31.519610, -60.724659",Ruta,11,RECREO,La Capital,Asfalto,Natural,I,Fuera,Rural,Ninguna,No existe,Recta,Bueno,Buena,Diurna,Buen Tiempo,S/D,S/D,Despiste,Ninguna,Faltante,Línea divisoria pintada,Sin restricción
2020,4088,2020-06-28,Domingo,,Ruta Provincial 5,0.0,1,Moto/Ciclomotor,9 de Julio Y Ruta Nacional 11,1,1,0,0,0,0,0,"-31.531351, -60.722244",Ruta,5,RECREO,La Capital,Asfalto,Ripio,I,Dentro,Urbana,Ninguna,No existe,Cruce,S/D,S/D,S/D,S/D,S/D,S/D,Cañda ocupante,S/D,Faltante,Cordón divisorio,S/D
2020,4089,2020-10-06,Martes,08:50:00,,0.0,2,"Automóvil,Moto/Ciclomotor",Castellanos Y Agustin Delgado,2,1,0,0,1,0,0,"-31.63694, -60.69202",Calle,,SANTA FE,La Capital,Asfalto,No existe,I,Dentro,Urbana,Ninguna,No existe,Intersección,Bueno,Buena,Diurna,Buen Tiempo,Lateral,S/D,Colisión,Ninguna,S/D,S/D,Sin restricción
2020,4090,2020-07-21,Martes,,,0.0,2,"Moto/Ciclomotor,Automóvil", ,2,1,0,0,1,0,0,"-33.04453, -61.16502",S/D,,CASILDA,Caseros,S/D,S/D,IV,S/D,S/D,S/D,S/D,S/D,S/D,S/D,S/D,S/D,S/D,S/D,Colisión,S/D,S/D,S/D,S/D
2020,4091,2020-10-11,Domingo,,,0.0,1,Moto/Ciclomotor,Avda. Jorge Newbery Y Av Republica,1,1,0,0,0,0,0,"-32.03605, -61.21313",Avenida,,GÁLVEZ,San JERÓNIMO,Asfalto,S/D,XV,S/D,Urbana,S/D,S/D,Intersección,S/D,S/D,S/D,S/D,S/D,S/D,Cañda ocupante,S/D,S/D,S/D,S/D
2020,4092,2020-07-01,Miercoles,11:20:00,,0.0,2,"Automóvil,Peatón",9 de Julio Y J M Zuviria,2,1,0,0,1,0,0,"-31.61676, -60.70047",Calle,,SANTA FE,La Capital,Asfalto,No existe,I,S/D,Urbana,Ninguna,No existe,Intersección,Bueno,Buena,Diurna,Buen Tiempo,S/D,Peatón,Atropello,Ninguna,S/D,Ninguna,Sin restricción
2020,4093,2020-10-11,Domingo,,,0.0,2,"Automóvil,Moto/Ciclomotor",Bv 9 de Julio ,4,2,0,0,2,0,0,"-31.89142, -61.86552",Avenida,,SAN JORGE,San MARTÍN,Asfalto,S/D,XVII,S/D,Urbana,S/D,S/D,Recta,S/D,S/D,S/D,S/D,S/D,S/D,Colisión,S/D,S/D,S/D,S/D
2020,4094,2020-06-25,Jueves,13:40:00,Autopista Nacional Gral. Juan Jose Valle,270.0,2,"Automóvil,Camión Chasis", ,2,1,0,0,1,0,0,"-33.030891, -60.663719",Autopista,Gral. Juan Jose Valle,VILLA GOBERNADOR GÁLVEZ,Rosario,Asfalto,Natural,II,Dentro,Rural,Ninguna,No existe,Recta,Bueno,Buena,Diurna,Buen Tiempo,De alcance,S/D,Colisión,Ninguna,Faltante,"Guardarrail,Vegetación",Sin restricción
2020,4095,2020-06-02,Martes,07:45:00,,0.0,2,"Pickup/Utilitario,Moto/Ciclomotor",Calle 19-Habegger Y Calle 44-27 de Abril,2,1,0,0,1,0,0,"-29.144743078222,-59.662796114462",Calle,,RECONQUISTA,General Obligado,Asfalto,No existe,IX,Dentro,Urbana,Ninguna,No existe,Intersección,Bueno,Buena,Diurna,Buen Tiempo,S/D,S/D,Colisión,Ninguna,Faltante,Ninguna,Sin restricción
2020,4096,2020-07-22,Miercoles,,,0.0,2,"Moto/Ciclomotor,Automóvil",Av Pe�aloza Y J Castelli,2,1,0,0,1,0,0,"-31.60248, -60.71279",Calle,,SANTA FE,La Capital,S/D,S/D,I,S/D,Urbana,S/D,S/D,Intersección,S/D,S/D,S/D,S/D,S/D,S/D,Colisión,S/D,S/D,S/D,S/D
2020,4097,2020-10-07,Miercoles,,Autopista Provincial Brigadier E.LÓPEZ,0.0,2,"Automóvil,Automóvil", ,2,0,0,0,0,0,2,"-31.62425, -60.75981",Autopista,Brigadier E.LÓPEZ,SANTA FE,La Capital,"Asfalto,Hormigón",Natural,I,S/D,S/D,Marca Vial,No existe,Recta,Bueno,Buena,Diurna,Buen Tiempo,Lateral,S/D,Colisión,Ninguna,Vertical,Guardarrail,Sin restricción
2020,4098,2020-06-02,Martes,18:50:00,,0.0,2,"Moto/Ciclomotor,Pickup/Utilitario",Calle 17-Bartolome Mitre Y Roca Pte,2,1,0,0,1,0,0,"-29.145551060054,-59.643811539988",Calle,,RECONQUISTA,General Obligado,Asfalto,No existe,IX,Dentro,Urbana,Paso Peatonal,No existe,Intersección,Bueno,Buena,Atardecer,Buen Tiempo,S/D,S/D,Colisión,Ninguna,Horizontal,Cordón divisorio,Sin restricción
2020,4099,2020-10-05,Lunes,22:45:00,,0.0,2,"Moto/Ciclomotor,Automóvil",Artigas Y Av Pte Peron,2,0,0,0,0,0,2,"-31.62062, -60.71854",Avenida,,SANTA FE,La Capital,Asfalto,No existe,I,S/D,Urbana,Semáforo,Funciona,Intersección,Otro,Buena,Nocturna,Buen Tiempo,Lateral,S/D,Colisión,S/D,Vertical,Línea divisoria pintada,Sin restricción
2020,4100,2020-06-30,Martes,21:00:00,Ruta Secundaria 22-s,0.0,2,"Peatón,Automóvil",Garcia Gonzalez Y Ruta Prov 22 S,2,0,0,1,1,0,0,"-33.033452, -60.655971",Ruta,22-s,VILLA GOBERNADOR GÁLVEZ,Rosario,Asfalto,Ripio,II,Dentro,Urbana,Marca Vial,No existe,Recta,S/D,S/D,Nocturna,S/D,S/D,Peatón,Atropello,S/D,Horizontal,Línea divisoria pintada,S/D
2020,4101,2020-10-03,Sabado,11:30:00,,0.0,2,"Moto/Ciclomotor,Otros",Av Lopez y Planes ,3,1,0,0,1,0,1,"-31.62456, -60.71367",Avenida,,SANTA FE,La Capital,Asfalto,No existe,I,S/D,Urbana,Semáforo,Funciona,Intersección,Bueno,Buena,S/D,Buen Tiempo,Lateral,S/D,Colisión,Ninguna,Vertical,Línea divisoria pintada,Sin restricción
2020,4102,2020-07-22,Miercoles,,,0.0,1,Moto/Ciclomotor, ,1,1,0,0,0,0,0,"-31.44898, -60.93036",S/D,,ESPERANZA,Las Colonias,S/D,S/D,XI,S/D,S/D,S/D,S/D,S/D,S/D,S/D,S/D,S/D,S/D,S/D,Cañda ocupante,S/D,S/D,S/D,S/D
2020,4103,2020-10-11,Domingo,,,0.0,1,Moto/Ciclomotor,25 de Mayo 2000,1,1,0,0,0,0,0,"-29.45975, -60.21505",Calle,,VERA,Vera,Asfalto,S/D,XIX,S/D,Urbana,S/D,S/D,Recta,S/D,S/D,S/D,S/D,Atropello animal,S/D,Colisión,S/D,S/D,S/D,S/D
2020,4104,2020-10-02,Viernes,20:00:00,,0.0,2,"Moto/Ciclomotor,Moto/Ciclomotor",Av Circunvalaci�n ,2,0,0,0,0,0,2,"-31.64735, -60.70378",S/D,,ROSARIO,Rosario,Asfalto,Natural,II,S/D,S/D,Marca Vial,No existe,Recta,Bueno,Buena,Nocturna,Buen Tiempo,S/D,S/D,Colisión,Ninguna,Vertical,Guardarrail,Sin restricción
2020,4105,2020-10-07,Miercoles,15:00:00,,0.0,2,"Moto/Ciclomotor,Moto/Ciclomotor",Mitre ,2,2,0,0,0,0,0,"-29.88457, -60.28766",Calle,,ROSARIO,Rosario,Asfalto,Natural,II,S/D,Urbana,Ninguna,No existe,Recta,Bueno,Buena,S/D,Buen Tiempo,Lateral,S/D,Colisión,Ninguna,Vertical,"Ninguna,S/D",Sin restricción
2020,4106,2020-10-01,Jueves,00:00:00,,0.0,2,"Moto/Ciclomotor,Automóvil",Av Lopez y Planes Y Martin Zapata,2,1,0,0,0,0,1,"-31.617, -60.71322",Calle,,ROSARIO,Rosario,Asfalto,No existe,I,S/D,S/D,S/D,Funciona,Intersección,Bueno,Buena,Diurna,S/D,S/D,S/D,S/D,Ninguna,Vertical,Línea divisoria pintada,S/D
2020,4107,2020-07-22,Miercoles,17:25:00,,0.0,2,"Moto/Ciclomotor,Automóvil",Dr Brarda ,2,0,1,0,1,0,0,"-32.02403, -61.22114",Calle,,GÁLVEZ,San JERÓNIMO,S/D,S/D,XV,S/D,Urbana,S/D,S/D,Recta,S/D,S/D,Diurna,S/D,S/D,S/D,Colisión,S/D,S/D,S/D,S/D
2020,4108,2020-10-13,Martes,,,0.0,2,"Automóvil,Moto/Ciclomotor",San Luis Y Larrea,2,1,0,0,1,0,0,"-32.93953, -60.6973",Calle,,ROSARIO,Rosario,Asfalto,S/D,II,S/D,Urbana,S/D,S/D,Intersección,S/D,S/D,S/D,S/D,S/D,S/D,Colisión,S/D,S/D,S/D,S/D
2020,4109,2020-10-07,Miercoles,22:30:00,,0.0,2,"Automóvil,Moto/Ciclomotor",Dr Zavalla Y Hipolito Yrigoyen,2,1,0,0,1,0,0,"-31.63987, -60.71844",Calle,,SANTA FE,La Capital,Hormigón,No existe,I,Dentro,Urbana,Ninguna,No existe,Intersección,Con baches,Reducida,Nocturna,Buen Tiempo,Lateral,S/D,Colisión,Ninguna,Faltante,Ninguna,Sin restricción
2020,4110,2020-07-28,Martes,10:50:00,,0.0,2,"Automóvil,Peatón",P.L.Funes Y J.J.Paso,2,1,0,0,1,0,0,"    -32.92013, -60.70969",Avenida,,ROSARIO,Rosario,Asfalto,No existe,II,Dentro,Urbana,Ninguna,No existe,Intersección,Bueno,Buena,Diurna,S/D,S/D,Peatón,Atropello,S/D,Faltante,Cordón divisorio,Sin restricción
2020,4111,2020-10-16,Viernes,09:30:00,,0.0,2,"Automóvil,Moto/Ciclomotor",Edmundo Rivero Y Roullon,3,0,1,0,2,0,0,"-32.97473, -60.70082",Calle,,ROSARIO,Rosario,Asfalto,Pavimento,II,S/D,Urbana,Semáforo,Funciona,Intersección,Bueno,S/D,S/D,Buen Tiempo,Frontal,S/D,Colisión,Ninguna,"Horizontal,Vertical",S/D,Sin restricción
2020,4112,2020-06-05,Viernes,20:20:00,,0.0,2,"Peatón,Automóvil",Av Brasil 1700,2,1,0,0,1,0,0,"-31.246604888146,-61.470602504211",Avenida,,RAFAELA,Castellanos,Asfalto,No existe,V,Dentro,Urbana,Ninguna,No existe,Recta,Bueno,Buena,Diurna,Buen Tiempo,S/D,S/D,Colisión,Ninguna,Faltante,Ninguna,Sin restricción
2020,4113,2020-10-28,Miercoles,18:00:00,,0.0,2,"Moto/Ciclomotor,Pickup/Utilitario",La Rioja Y Saavedra,2,1,0,0,1,0,0,"-31.64357, -60.71534",Calle,,ROSARIO,Rosario,Hormigón,No existe,II,Dentro,Urbana,Ninguna,No existe,Intersección,Con baches,Buena,Atardecer,Buen Tiempo,Lateral,S/D,Colisión,Ninguna,Faltante,Ninguna,Sin restricción
2020,4115,2020-10-05,Lunes,09:00:00,,0.0,2,"Automóvil,Moto/Ciclomotor",Primera Junta 3700,2,1,0,0,1,0,0,"-31.64437, -60.7211",Calle,,SANTA FE,La Capital,Hormigón,No existe,I,Dentro,Urbana,Ninguna,No existe,Recta,Bueno,Buena,Diurna,Buen Tiempo,De alcance,S/D,Colisión,Ninguna,Faltante,Ninguna,Sin restricción
2020,4116,2020-10-23,Viernes,,,0.0,1,Moto/Ciclomotor,Boulevard America 1600,1,1,0,0,0,0,0,"-32.95883, -60.693",Avenida,,ROSARIO,Rosario,Asfalto,S/D,II,S/D,Urbana,S/D,S/D,Recta,S/D,S/D,S/D,S/D,S/D,S/D,Cañda ocupante,S/D,S/D,S/D,S/D
2020,4117,2020-10-02,Viernes,13:00:00,,0.0,2,"Moto/Ciclomotor,Automóvil",Lamadrid Y Gdor Crespo,3,1,0,0,2,0,0,"-31.63761, -60.72606",Avenida,,SANTA FE,La Capital,Hormigón,No existe,I,Dentro,Urbana,Ninguna,No existe,Intersección,Con baches,Buena,Diurna,Buen Tiempo,Lateral,S/D,Colisión,Ninguna,Faltante,Ninguna,Sin restricción
2020,4118,2020-10-11,Domingo,20:40:00,,0.0,2,"Automóvil,Moto/Ciclomotor",Catamarca Y Corrientes,2,1,0,0,1,0,0,"-33.740007925346,-61.95410749241",Calle,,ROSARIO,Rosario,Asfalto,No existe,II,Dentro,Urbana,Ninguna,No existe,Intersección,Bueno,Buena,Diurna,Buen Tiempo,S/D,S/D,Colisión,Ninguna,Faltante,Ninguna,Sin restricción
2020,4119,2020-10-12,Lunes,,Ruta Secundaria 26-s,0.0,2,"Automóvil,Moto/Ciclomotor", ,4,0,1,0,3,0,0,"-33.09743, -61.12306",Ruta,26-s,CASILDA,Caseros,Asfalto,S/D,IV,S/D,Urbana,S/D,S/D,Recta,S/D,S/D,S/D,S/D,S/D,S/D,Colisión,S/D,S/D,S/D,S/D
2020,4120,2020-06-06,Sabado,19:35:00,,0.0,1,Bicicleta,E Eterovich 790,1,1,0,0,0,0,0,"-33.766387162706,-61.954053770078",Calle,,VENADO TUERTO,General LÓPEZ,Ripio,No existe,VIII,Dentro,Urbana,Ninguna,No existe,Recta,Bueno,Buena,Diurna,Buen Tiempo,S/D,S/D,Cañda ocupante,Ninguna,Faltante,Ninguna,Sin restricción
2020,4121,2020-06-30,Martes,20:00:00,Ruta Provincial 21,0.0,2,"Camión,Moto/Ciclomotor",Av Gral San Martin Y Moreno,2,0,1,0,1,0,0,"-33.024576340064,-60.625861241204",Ruta,21,VILLA GOBERNADOR GÁLVEZ,Rosario,Asfalto,No existe,II,Dentro,Urbana,Paso Peatonal,No existe,Intersección,S/D,S/D,Nocturna,S/D,Lateral,S/D,Colisión,S/D,Horizontal,Cordón divisorio,S/D
2020,4122,2020-07-28,Martes,18:30:00,,0.0,2,"Peatón,Automóvil",Av. Genova 7100,2,1,0,0,1,0,0,"    -32.91613, -60.71776",Avenida,,ROSARIO,Rosario,Asfalto,No existe,II,Dentro,Urbana,Ninguna,No existe,Recta,Bueno,Buena,Atardecer,Buen Tiempo,Otro,Peatón,Atropello,Ninguna,Faltante,Ninguna,Sin restricción
2020,4123,2020-10-02,Viernes,08:40:00,,0.0,2,"Moto/Ciclomotor,Bicicleta",Av Freyre Y Obispo Gelabert,2,1,0,0,1,0,0,"-31.63427, -60.71542",Avenida,,SANTA FE,La Capital,Hormigón,S/D,I,Dentro,Urbana,S/D,S/D,Intersección,Bueno,S/D,S/D,S/D,S/D,Ciclista,Atropello,Ninguna,Faltante,S/D,S/D
2020,4124,2020-06-06,Sabado,16:00:00,,0.0,2,"Moto/Ciclomotor,Automóvil",Los Andes Y Turner S,3,2,0,0,1,0,0,"-33.765320927033,-61.964157643907",Calle,,VENADO TUERTO,General LÓPEZ,Tierra,No existe,VIII,Dentro,Urbana,Ninguna,No existe,Intersección,Bueno,Buena,Diurna,Buen Tiempo,S/D,S/D,Colisión,Ninguna,Faltante,Ninguna,Sin restricción
2020,4125,2020-10-02,Viernes,17:25:00,Ruta Nacional 11,0.0,2,"Automóvil,Moto/Ciclomotor", ,3,0,0,0,0,0,3,"-31.66517, -60.73612",Ruta,11,SANTA FE,La Capital,S/D,S/D,I,S/D,S/D,S/D,S/D,S/D,S/D,S/D,S/D,S/D,S/D,S/D,S/D,S/D,S/D,S/D,S/D