anio_acci,nro_acci,fecha,desc_dia,hora_aprox,desc_ruta,km,cant_participantes,desc_participante,calle_avenida_km,total,heridos_leves,heridos_graves,heridos_gravisimos,ilesos,fallecidos,sin_datos,posicion_XY,desc_tipo_via,desc_ruta_ori,desc_loc,desc_dpto,desc_tipo_calzada,desc_tipo_banquina,desc_unidad_regional,desc_lugar_calzada,desc_zona,desc_prioridad,desc_estado_semaforo,desc_lugar_via,desc_estado_via,desc_estado_visibilidad,desc_luminosidad,desc_estado_clima,desc_tipo_colision,desc_tipo_atropello,desc_tipo_hecho,desc_pres_calzada,desc_senializacion,desc_separacion_via,desc_restriccion
2020,4126,2020-07-22,Miercoles,23:40:00,,0.0,1,Moto/Ciclomotor,Santa Rosa Y Alte. Brown,2,1,0,0,1,0,0,"-31.86745, -60.88795",Calle,,DESVÍO ARIJÓN,San JERÓNIMO,S/D,S/D,XV,S/D,Urbana,S/D,S/D,Intersección,S/D,S/D,Nocturna,S/D,Atropello animal,S/D,Colisión,S/D,S/D,S/D,S/D
2020,4127,2020-07-24,Viernes,11:15:00,,0.0,2,"Moto/Ciclomotor,Automóvil",Roullon 4100,2,0,1,0,1,0,0,"    -32.97662, -60.70091",Calle,,ROSARIO,Rosario,Asfalto,Pavimento,II,Dentro,Urbana,Otra Señal,No existe,Recta,Bueno,Buena,Diurna,Buen Tiempo,Otro,S/D,Colisión,Ninguna,S/D,Ninguna,Sin restricción
2020,4128,2020-10-02,Viernes,07:59:00,,0.0,2,"Automóvil,Taxi/Remis",Av Gral Lopez Y San Jose,3,0,0,0,0,0,3,"-31.65463, -60.72569",Calle,,ROSARIO,Rosario,S/D,S/D,I,S/D,Urbana,S/D,S/D,S/D,S/D,S/D,S/D,S/D,S/D,S/D,S/D,S/D,S/D,S/D,S/D
2020,4129,2020-06-30,Martes,11:40:00,,0.0,2,"Automóvil,Moto/Ciclomotor",Calle 4 Y Calle 11,2,1,0,0,1,0,0,"-29.116948049114,-59.663616278855",Calle,,AVELLANEDA,General Obligado,Asfalto,No existe,IX,Dentro,Urbana,Ninguna,No existe,Intersección,S/D,S/D,Diurna,S/D,S/D,S/D,Colisión,S/D,Faltante,Ninguna,S/D
2020,4130,2020-06-15,Lunes,03:40:00,,0.0,1,Taxi/Remis,Fiambala ,1,1,0,0,0,0,0,"-32.905015375725,-60.883001650412",Calle,,ROLDÁN,San Lorenzo,S/D,S/D,XVII,Dentro,Urbana,Ninguna,S/D,Recta,S/D,S/D,Nocturna,Buen Tiempo,Contra objeto fijo,S/D,Colisión,S/D,S/D,Ninguna,Sin restricción
2020,4131,2020-06-15,Lunes,16:30:00,,0.0,2,"Moto/Ciclomotor,Peatón",Dorrego ,3,3,0,0,0,0,0,"-32.93363749980928,-60.646483898162",Calle,,ROSARIO,Rosario,Asfalto,No existe,II,Dentro,Urbana,Policía de tránsito,Funciona,Recta,Bueno,Buena,Diurna,Buen Tiempo,S/D,Peatón,"Cañda ocupante,Atropello",Ninguna,"Horizontal,Vertical","Cordón divisorio,Vegetación",Sin restricción
2020,4132,2020-07-24,Viernes,11:10:00,,0.0,2,"Automóvil,Pickup/Utilitario",Alsina Y Cerrito,3,1,1,0,1,0,0,"    -32.95504, -60.68032",Calle,,ROSARIO,Rosario,Asfalto,S/D,II,Dentro,Urbana,Ninguna,No existe,Intersección,Bueno,Buena,Diurna,Buen Tiempo,Otro,S/D,Colisión,Ninguna,Faltante,Ninguna,Sin restricción
2020,4133,2020-07-22,Miercoles,,Ruta Nacional 11,108.0,2,"Bicicleta,Moto/Ciclomotor", ,2,2,0,0,0,0,0,"-31.97277, -60.92675",Ruta,11,CORONDA,San JERÓNIMO,S/D,S/D,XV,S/D,Urbana,S/D,S/D,Cruce,S/D,S/D,S/D,S/D,S/D,Ciclista,Atropello,S/D,S/D,S/D,S/D
2020,4134,2020-06-06,Sabado,17:35:00,Ruta Provincial 70,75.0,2,"Automóvil,Moto/Ciclomotor", ,3,1,1,0,1,0,0,"-31.259830126930662, -61.4510680117",Ruta,70,RAFAELA,Castellanos,Asfalto,No existe,V,Dentro,Urbana,Ninguna,No existe,Intersección,Bueno,Buena,Diurna,Buen Tiempo,S/D,S/D,Colisión,Ninguna,Horizontal,Línea divisoria pintada,Sin restricción
2020,4135,2020-06-16,Martes,17:50:00,,0.0,2,"Vehículo Oficial,Moto/Ciclomotor",JORGE NEWBERY Y ROCA,3,1,0,0,2,0,0,"-29.153089, -59.644828",Calle,,RECONQUISTA,General Obligado,Asfalto,No existe,IX,Dentro,Urbana,Ninguna,No existe,Intersección,Bueno,Buena,Diurna,Buen Tiempo,Lateral,S/D,Colisión,Ninguna,Faltante,Ninguna,Sin restricción
2020,4136,2020-07-26,Domingo,17:20:00,,0.0,2,"Moto/Ciclomotor,Moto/Ciclomotor",Gaboto Y Rio De Janeiro,2,0,1,0,1,0,0,"    -32.96581, -60.6873",Calle,,ROSARIO,Rosario,Asfalto,Pavimento,II,Dentro,Urbana,Ninguna,No existe,Intersección,S/D,Buena,Diurna,Buen Tiempo,Otro,S/D,Colisión,Ninguna,Faltante,Ninguna,Sin restricción
2020,4137,2020-10-05,Lunes,18:35:00,,0.0,2,"Moto/Ciclomotor,Moto/Ciclomotor",Bv Galvez ,2,1,0,0,1,0,0,"-31.6378, -60.69285",Avenida,,SANTA FE,La Capital,Asfalto,No existe,I,Dentro,Urbana,S/D,Funciona,Intersección,Bueno,S/D,Atardecer,S/D,S/D,S/D,Colisión,S/D,S/D,S/D,S/D
2020,4138,2020-10-09,Viernes,,,0.0,2,"Moto/Ciclomotor,Moto/Ciclomotor",Montevideo Y Juan Martin de Pueyrredon,2,2,0,0,0,0,0,"-33.05197, -61.19573",Calle,,CASILDA,Caseros,Asfalto,S/D,IV,S/D,Urbana,S/D,S/D,Intersección,S/D,S/D,S/D,S/D,S/D,S/D,Colisión,S/D,S/D,S/D,S/D
2020,4139,2020-10-12,Lunes,,,0.0,2,"Bicicleta,Vehículo Oficial",Catamarca 1600,2,1,0,0,1,0,0,"-33.04922, -61.15458",Calle,,CASILDA,Caseros,Asfalto,S/D,IV,S/D,Urbana,S/D,S/D,Recta,S/D,S/D,S/D,S/D,S/D,Ciclista,Atropello,S/D,S/D,S/D,S/D
2020,4140,2020-10-02,Viernes,21:10:00,,0.0,2,"Moto/Ciclomotor,Automóvil", ,2,1,0,0,0,0,1,"-31.64088, -60.68135",Calle,,SANTA FE,La Capital,Asfalto,No existe,I,Dentro,Urbana,S/D,No existe,Curva,Bueno,S/D,Nocturna,S/D,S/D,S/D,S/D,S/D,S/D,S/D,S/D
2020,4141,2020-10-12,Lunes,,,0.0,2,"Moto/Ciclomotor,Automóvil",Rio Negro Y Saavedra,3,2,0,0,0,0,1,"-29.22913, -61.76338",Calle,,TOSTADO,9 de Julio,Asfalto,S/D,XII,S/D,Urbana,S/D,S/D,Intersección,S/D,S/D,S/D,S/D,S/D,S/D,Colisión,S/D,S/D,S/D,S/D
2020,4142,2020-10-13,Martes,,,0.0,2,"Automóvil,Moto/Ciclomotor", ,2,0,1,0,1,0,0,"-34.18755, -61.52607",S/D,,TEODELINA,General LÓPEZ,S/D,S/D,VIII,S/D,S/D,S/D,S/D,S/D,S/D,S/D,S/D,S/D,S/D,S/D,Colisión,S/D,S/D,S/D,S/D
2020,4143,2020-10-02,Viernes,14:45:00,,0.0,2,"Automóvil,Bicicleta", ,2,1,0,0,1,0,0,"-31.63964, -60.68307",Calle,,SANTA FE,La Capital,Hormigón,No existe,I,Dentro,Urbana,S/D,No existe,Recta,Bueno,S/D,Diurna,S/D,S/D,Ciclista,Atropello,S/D,S/D,S/D,S/D
2020,4144,2020-10-13,Martes,,Ruta Nacional 34,0.0,2,"Moto/Ciclomotor,Bicicleta",Ruta Nacional 34 ,2,0,2,0,0,0,0,"-31.86387, -61.58585",Ruta,34,SAN MARTIN DE LAS ESCOBAS,San MARTÍN,Asfalto,S/D,XVIII,S/D,Urbana,S/D,S/D,S/D,S/D,S/D,S/D,S/D,S/D,Ciclista,Atropello,S/D,S/D,S/D,S/D
2020,4145,2020-06-30,Martes,,,0.0,2,"Automóvil,Peatón",Av. Battle y Ordo�ez Y Bv. Oro�o,2,1,0,0,1,0,0,"-33.00931334495546,-60.664916038513",Avenida,,ROSARIO,Rosario,Asfalto,No existe,II,Dentro,Urbana,Policía de tránsito,Funciona,Rotonda,S/D,S/D,S/D,S/D,S/D,Peatón,Atropello,S/D,Vertical,Cordón divisorio,S/D
2020,4146,2020-10-03,Sabado,09:48:00,,0.0,2,"Pickup/Utilitario,Moto/Ciclomotor",4 de Enero Y Monse�or Zaspe,3,2,0,0,1,0,0,"-31.65506, -60.71448",Calle,,SANTA FE,La Capital,Asfalto,Pavimento,I,Dentro,Urbana,Ninguna,No existe,Intersección,Bueno,Buena,Diurna,Buen Tiempo,Lateral,S/D,Colisión,Ninguna,S/D,Ninguna,Sin restricción
2020,4147,2020-10-13,Martes,,,0.0,2,"Moto/Ciclomotor,Automóvil",Capitan Bermudez 1200,2,1,0,0,1,0,0,"-32.02073, -61.21799",Calle,,GÁLVEZ,San JERÓNIMO,Asfalto,S/D,XV,S/D,Urbana,S/D,S/D,Recta,S/D,S/D,S/D,S/D,S/D,S/D,Colisión,S/D,S/D,S/D,S/D
2020,4148,2020-06-30,Martes,11:00:00,,0.0,2,"Moto/Ciclomotor,Automóvil",Alvear Y Juan Jose Castelli,2,1,0,0,1,0,0,"-33.747255630279,-61.962866160008",Calle,,VENADO TUERTO,General LÓPEZ,Asfalto,No existe,VIII,Dentro,Urbana,Ninguna,No existe,Intersección,S/D,S/D,Diurna,S/D,S/D,S/D,Colisión,S/D,Faltante,Ninguna,S/D
2020,4149,2020-10-14,Miercoles,,,0.0,2,"Moto/Ciclomotor,Bicicleta",Boulevard Villada Y General Juan Lavalle,2,2,0,0,0,0,0,"-33.03452, -61.16167",Calle,,CASILDA,Caseros,Asfalto,S/D,IV,S/D,Urbana,S/D,S/D,Intersección,S/D,S/D,S/D,S/D,S/D,Ciclista,Atropello,S/D,S/D,S/D,S/D
2020,4150,2020-10-03,Sabado,07:50:00,,0.0,2,"Automóvil,Moto/Ciclomotor",25 de Mayo Y Irigoyen Freyre,2,1,0,0,1,0,0,"-31.64354, -60.70488",Calle,,SANTA FE,La Capital,Asfalto,Pavimento,I,Dentro,Urbana,Ninguna,No existe,Intersección,Bueno,Buena,Diurna,Buen Tiempo,Lateral,S/D,Colisión,Ninguna,Faltante,Ninguna,Sin restricción
2020,4151,2020-10-14,Miercoles,,,0.0,2,"Moto/Ciclomotor,Automóvil",25 de Mayo Y Sarmiento,2,1,0,0,1,0,0,"-32.86056, -61.13882",Calle,,CARCARAÑÁ,San Lorenzo,Asfalto,S/D,XVII,S/D,Urbana,S/D,S/D,Intersección,S/D,S/D,S/D,S/D,S/D,S/D,Colisión,S/D,S/D,S/D,S/D
2020,4152,2020-06-06,Sabado,10:30:00,,0.0,2,"Moto/Ciclomotor,Bicicleta",Calle 112 Y Calle 119,2,1,0,0,1,0,0,"-29.120363456669,-59.672949983582",Calle,,AVELLANEDA,General Obligado,Tierra,No existe,IX,Dentro,Urbana,Ninguna,No existe,Intersección,Bueno,Buena,Diurna,Buen Tiempo,S/D,Ciclista,Atropello,Ninguna,Faltante,Ninguna,Sin restricción
2020,4153,2020-06-30,Martes,07:10:00,,0.0,2,"Moto/Ciclomotor,Automóvil",Almafuerte Y Bartolome Mitre,3,1,0,0,2,0,0,"-33.746526006804,-61.95914859404",Calle,,VENADO TUERTO,General LÓPEZ,Asfalto,No existe,VIII,Dentro,Urbana,Ninguna,No existe,Intersección,S/D,S/D,Diurna,S/D,S/D,S/D,Colisión,S/D,Faltante,Ninguna,S/D
2020,4154,2020-06-06,Sabado,12:30:00,,0.0,2,"Automóvil,Moto/Ciclomotor",Calle 13 Y Calle 20,2,1,0,0,1,0,0,"-29.119165316355,-59.653899614351",Calle,,AVELLANEDA,General Obligado,Asfalto,No existe,IX,Dentro,Urbana,Ninguna,No existe,Intersección,Bueno,Buena,Diurna,Buen Tiempo,S/D,S/D,Colisión,Ninguna,Faltante,Ninguna,Sin restricción
2020,4155,2020-10-07,Miercoles,09:40:00,,0.0,2,"Automóvil,Moto/Ciclomotor",Rivadavia Y Santiago del Estero,2,1,0,0,1,0,0,"-31.63836, -60.70178",Calle,,SANTA FE,La Capital,Asfalto,Pavimento,I,Dentro,Urbana,Semáforo,Funciona,Intersección,Bueno,Buena,S/D,Buen Tiempo,Lateral,S/D,Colisión,Ninguna,Faltante,Ninguna,Sin restricción
2020,4156,2020-06-30,Martes,09:00:00,,0.0,2,"Moto/Ciclomotor,Moto/Ciclomotor",Alberdi Juan Bautista Y French,2,1,0,0,1,0,0,"-33.75932295723,-61.972314041149",Calle,,VENADO TUERTO,General LÓPEZ,Asfalto,No existe,VIII,Dentro,Urbana,Ninguna,No existe,Intersección,S/D,S/D,Diurna,S/D,S/D,S/D,Colisión,S/D,Faltante,Ninguna,S/D
2020,4157,2020-10-14,Miercoles,,,0.0,2,"Pickup/Utilitario,Bicicleta",Salta Y Avenida Alberdi,2,1,0,0,1,0,0,"-32.90493, -60.90575",Calle,,ROLDÁN,San Lorenzo,Asfalto,S/D,XVII,S/D,Urbana,S/D,S/D,Intersección,S/D,S/D,S/D,S/D,S/D,Ciclista,Atropello,S/D,S/D,S/D,S/D
2020,4158,2020-06-16,Martes,11:00:00,,0.0,1,Automóvil,Colon Y Ocampo,1,1,0,0,0,0,0,"-32.820534700354,-61.386341580616",Calle,,CAÑADA DE GÓMEZ,Iriondo,Asfalto,No existe,X,Dentro,Urbana,Ninguna,No existe,Recta,Bueno,Buena,Diurna,Buen Tiempo,Contra objeto fijo,S/D,Colisión,Ninguna,Faltante,Ninguna,Sin restricción
2020,4159,2020-10-14,Miercoles,,,0.0,2,"Automóvil,Moto/Ciclomotor",Corrientes Y San Martin,2,1,0,0,1,0,0,"-29.46571, -60.21175",Calle,,VERA,Vera,Asfalto,S/D,XIX,S/D,Urbana,S/D,S/D,Intersección,S/D,S/D,S/D,S/D,S/D,S/D,Colisión,S/D,S/D,S/D,S/D
2020,4160,2020-06-06,Sabado,11:45:00,Ruta Provincial 6,0.0,2,"Automóvil,Automóvil",San Luis Y San Martin,2,1,0,0,1,0,0,"-31.746996704578,-61.097881565827",Ruta,6,SAN CARLOS CENTRO,Las Colonias,Asfalto,No existe,XI,Dentro,Urbana,Ninguna,No existe,Intersección,Bueno,Buena,Diurna,Buen Tiempo,S/D,S/D,Colisión,Ninguna,Faltante,Ninguna,Sin restricción
2020,4161,2020-10-06,Martes,09:30:00,,0.0,2,"Pickup/Utilitario,Moto/Ciclomotor",H Irigoyen Y Primitivo Galan,2,1,0,0,1,0,0,"-34.26377, -62.71031",Calle,,RUFINO,General LÓPEZ,Asfalto,S/D,VIII,S/D,Urbana,Ninguna,No existe,Intersección,Bueno,Buena,Diurna,Buen Tiempo,Lateral,S/D,Colisión,Ninguna,Vertical,Ninguna,Sin restricción
2020,4162,2020-07-28,Martes,19:45:00,,0.0,2,"Moto/Ciclomotor,Automóvil",Rueda 3700,2,1,1,0,0,0,0,"    -32.9647, -60.67992",Calle,,ROSARIO,Rosario,Asfalto,Pavimento,II,S/D,Urbana,Ninguna,No existe,Otro,Bueno,S/D,Nocturna,S/D,S/D,S/D,Colisión,Ninguna,S/D,Ninguna,Sin restricción
2020,4163,2020-06-28,Domingo,20:10:00,Ruta Nacional 11,0.0,2,"Automóvil,Moto/Ciclomotor",Calle 29-Alte Brown Y Ruta Nacional 11,2,1,0,0,1,0,0,"-29.150679409503937,-59.65720474720",Ruta,11,RECONQUISTA,General Obligado,Asfalto,No existe,IX,Dentro,Urbana,Paso Peatonal,No existe,Intersección,S/D,Buena,"Nocturna,Con luz artificial",S/D,S/D,S/D,Colisión,S/D,Horizontal,Cordón divisorio,S/D
2020,4164,2020-06-06,Sabado,07:15:00,,0.0,2,"Automóvil,Moto/Ciclomotor",Laprida Y Necochea,4,1,2,0,1,0,0,"-32.814089861501,-61.402390270609",Calle,,CAÑADA DE GÓMEZ,Iriondo,Asfalto,No existe,X,Dentro,Urbana,Ninguna,No existe,Intersección,Bueno,Buena,Amanecer,Buen Tiempo,S/D,S/D,Colisión,Ninguna,Faltante,Ninguna,Sin restricción
2020,4165,2020-06-18,Jueves,22:00:00,,0.0,1,Automóvil,Gral Manuel Belgrano 1045,4,3,0,0,1,0,0,"-33.743614817214,-61.968661519576",Calle,,VENADO TUERTO,General LÓPEZ,Asfalto,No existe,VIII,Dentro,Urbana,Ninguna,No existe,Recta,Bueno,Buena,"Nocturna,Con luz artificial",Buen Tiempo,Contra objeto fijo,S/D,Colisión,Ninguna,Faltante,Ninguna,Sin restricción
2020,4166,2020-10-15,Jueves,,,0.0,1,Moto/Ciclomotor,Santa Fe Y Urquiza,1,1,0,0,0,0,0,"-31.89854, -61.8569",Calle,,SAN JORGE,San MARTÍN,Asfalto,S/D,XVII,S/D,Urbana,S/D,S/D,Intersección,S/D,S/D,S/D,S/D,S/D,S/D,Cañda ocupante,S/D,S/D,S/D,S/D
2020,4167,2020-06-06,Sabado,,,0.0,1,Automóvil, ,1,1,0,0,0,0,0,"-32.46914863586426,-61.615018844604",Camino Rural,,LAS ROSAS,Belgrano,Tierra,No existe,III,Dentro,Rural,Ninguna,No existe,Recta,Bueno,Buena,Atardecer,Buen Tiempo,S/D,S/D,Despiste,Ninguna,Faltante,Ninguna,Sin restricción
2020,4168,2020-07-25,Sabado,20:45:00,,0.0,2,"Automóvil,Moto/Ciclomotor",Av. Pellegrini 1164,3,1,0,0,2,0,0,"    -32.95704, -60.64167",Avenida,,ROSARIO,Rosario,Asfalto,S/D,II,S/D,Urbana,S/D,S/D,Recta,Bueno,Buena,"Nocturna,Con luz artificial",S/D,S/D,S/D,Colisión,S/D,S/D,S/D,S/D
2020,4169,2020-10-14,Miercoles,13:20:00,,0.0,2,"Automóvil,Moto/Ciclomotor",Fragata Sarmiento Y Rodriguez,2,1,0,0,1,0,0,"-32.98916, -60.67044",S/D,,ROSARIO,Rosario,Asfalto,No existe,II,S/D,S/D,Ninguna,No existe,Intersección,Bueno,S/D,Diurna,Buen Tiempo,Lateral,S/D,Colisión,S/D,Faltante,"Ninguna,S/D",Sin restricción
2020,4170,2020-07-24,Viernes,09:15:00,,0.0,2,"Automóvil,Moto/Ciclomotor",Lavalle Y 9 De Julio,2,1,0,0,1,0,0,"    -32.94675, -60.67963",Calle,,ROSARIO,Rosario,Asfalto,S/D,II,S/D,Urbana,S/D,S/D,Intersección,S/D,S/D,Diurna,S/D,S/D,S/D,Colisión,S/D,S/D,S/D,S/D
2020,4171,2020-10-15,Jueves,,,0.0,1,Automóvil,Dr Ghio Y Ombu,1,1,0,0,0,0,0,"-32.74917, -60.74376",Calle,,SAN LORENZO,San Lorenzo,Asfalto,S/D,XVII,S/D,Urbana,S/D,S/D,Intersección,S/D,S/D,S/D,S/D,S/D,S/D,S/D,S/D,S/D,S/D,S/D
2020,4172,2020-10-07,Miercoles,18:10:00,,0.0,2,"Moto/Ciclomotor,Automóvil",Av Iriondo Y 9 de Julio,3,1,0,0,0,0,2,"-30.78861, -60.59244",Avenida,,SAN JUSTO,San Justo,Asfalto,No existe,XVI,Dentro,Urbana,Semáforo,Funciona,Intersección,Bueno,Buena,Diurna,Buen Tiempo,S/D,S/D,Colisión,S/D,Vertical,Barrera de hormigón,Sin restricción
2020,4173,2020-07-27,Lunes,07:20:00,,0.0,2,"Moto/Ciclomotor,Automóvil",Av. Francia 100,2,1,0,0,1,0,0,"    -32.94018, -60.66512",Avenida,,ROSARIO,Rosario,Asfalto,No existe,II,S/D,Urbana,Ninguna,No existe,Recta,Bueno,Buena,Diurna,Buen Tiempo,De alcance,S/D,Colisión,Ninguna,Faltante,Ninguna,Sin restricción
2020,4174,2020-06-06,Sabado,13:10:00,Ruta Provincial 2,7.7,1,Automóvil, ,1,1,0,0,0,0,0,"-31.505949944257736,-60.67739501595",Ruta,2,MONTE VERA,La Capital,Asfalto,Ripio,II,Dentro,Urbana,Ninguna,No existe,Curva,Bueno,Buena,Diurna,Buen Tiempo,Contra objeto fijo,S/D,Colisión,Ninguna,Faltante,Línea divisoria pintada,Sin restricción
2020,4175,2020-10-15,Jueves,,,0.0,2,"Moto/Ciclomotor,Moto/Ciclomotor",Santa Fe Y Urquiza,2,2,0,0,0,0,0,"-32.3695, -61.36167",Calle,,SAN GENARO,San JERÓNIMO,Asfalto,S/D,XV,S/D,Urbana,S/D,S/D,Intersección,S/D,S/D,S/D,S/D,S/D,S/D,Colisión,S/D,S/D,S/D,S/D
2020,4176,2020-07-28,Martes,11:50:00,,0.0,2,"Automóvil,Moto/Ciclomotor",Garay Y Maipu,3,2,0,0,1,0,0,"    -32.975, -60.64245",Calle,,ROSARIO,Rosario,Asfalto,No existe,II,Dentro,Urbana,Señal Pare,No existe,Intersección,Bueno,Buena,Diurna,Buen Tiempo,Lateral,S/D,Colisión,S/D,Vertical,Ninguna,Sin restricción
2020,4177,2020-06-07,Domingo,,,0.0,2,"Automóvil,Moto/Ciclomotor",Aaron Castellanos Y Mariano Moreno,2,1,0,0,1,0,0,"-31.449345747618,-60.932603221781",Calle,,ESPERANZA,Las Colonias,Asfalto,No existe,XI,Dentro,Urbana,Ninguna,No existe,Intersección,Bueno,Buena,S/D,Buen Tiempo,S/D,S/D,Colisión,Ninguna,Horizontal,Línea divisoria pintada,Sin restricción
2020,4178,2020-10-15,Jueves,,,0.0,1,Bicicleta,Rivadavia Y Urquiza,1,1,0,0,0,0,0,"-32.05272, -61.60405",Calle,,CAÑADA ROSQUÍN,San MARTÍN,Asfalto,S/D,XVIII,S/D,Urbana,S/D,S/D,Intersección,S/D,S/D,S/D,S/D,S/D,Ciclista,"Cañda ocupante,Atropello",S/D,S/D,S/D,S/D
2020,4179,2020-10-15,Jueves,,,0.0,2,"Moto/Ciclomotor,Automóvil",Mitre Y Av L de la Torre-Ruta Nac 11,4,3,0,0,1,0,0,"-31.97647, -60.92748",Calle,,ROSARIO,Rosario,Asfalto,S/D,II,S/D,Urbana,S/D,S/D,Intersección,S/D,S/D,S/D,S/D,S/D,S/D,Colisión,S/D,S/D,S/D,S/D
2020,4180,2020-06-27,Sabado,,,0.0,2,"Automóvil,Moto/Ciclomotor",Av Brasil Y Victor Manuel,2,1,0,0,1,0,0,"-31.244536245042,-61.482454696348",Avenida,,RAFAELA,Castellanos,Asfalto,No existe,V,Dentro,Urbana,Semáforo,Funciona,Intersección,S/D,S/D,S/D,S/D,S/D,S/D,Colisión,S/D,Vertical,Ninguna,S/D
2020,4181,2020-06-19,Viernes,01:45:00,Ruta Nacional 34,395.0,2,"Camión c / Acoplado,Camión c / Acoplado", ,2,0,0,0,1,1,0,"-29.82535, -61.99879",Ruta,34,CERES,San CRISTÓBAL,Asfalto,Natural,XIII,Dentro,Rural,Ninguna,No existe,Recta,Bueno,Reducida,Nocturna,S/D,De alcance,S/D,Colisión,Ninguna,Faltante,Ninguna,Sin restricción
2020,4182,2020-07-28,Martes,16:10:00,,0.0,2,"Peatón,Moto/Ciclomotor",Esmeralda Y Amenabar,2,1,0,0,1,0,0,"    -32.97518, -60.62793",Calle,,ROSARIO,Rosario,Asfalto,S/D,II,S/D,Urbana,S/D,No existe,Intersección,S/D,S/D,Diurna,Buen Tiempo,S/D,S/D,Colisión,S/D,S/D,Ninguna,S/D
2020,4183,2020-06-08,Lunes,11:30:00,,0.0,2,"Automóvil,Moto/Ciclomotor",Bv Pte Roca Y Parana,2,1,0,0,1,0,0,"-31.250719428762,-61.503292689296",Avenida,,RAFAELA,Castellanos,Asfalto,No existe,V,Dentro,Urbana,Señal Pare,No existe,Intersección,Bueno,Buena,Diurna,Buen Tiempo,S/D,S/D,Colisión,Ninguna,"Horizontal,Vertical","Cordón divisorio,Vegetación",Sin restricción
2020,4184,2020-06-20,Sabado,20:00:00,Ruta Nacional 11,560.0,2,"Automóvil,Camión c / Acoplado", ,2,1,0,0,0,1,0,"-30.83927, -60.60485",Ruta,11,SAN JUSTO,San Justo,Asfalto,Natural,XVI,Dentro,Rural,Ninguna,No existe,Curva,Bueno,Buena,Nocturna,Buen Tiempo,Lateral,S/D,Colisión,Ninguna,Faltante,Línea divisoria pintada,Sin restricción
2020,4185,2020-06-26,Viernes,22:10:00,,0.0,2,"Bicicleta,Automóvil",Calle 8-Chacabuco Y Calle 27-Gdor Freyre,2,1,0,0,1,0,0,"-29.151321876764,-59.640883033496",Calle,,RECONQUISTA,General Obligado,Asfalto,No existe,IX,Dentro,Urbana,Ninguna,No existe,Intersección,Bueno,Buena,"Nocturna,Con luz artificial",Buen Tiempo,S/D,Ciclista,Atropello,Ninguna,Faltante,Ninguna,Sin restricción
2020,4186,2020-06-19,Viernes,07:50:00,,0.0,2,"Automóvil,Moto/Ciclomotor",Calle 32 - Amenabar Y Calle 17-Bartolome Mitre,2,1,0,0,1,0,0,"-29.144357501964,-59.654868624482",Calle,,RECONQUISTA,General Obligado,Asfalto,No existe,IX,Dentro,Urbana,Ninguna,No existe,Intersección,Bueno,Buena,Diurna,Buen Tiempo,Lateral,S/D,Colisión,Ninguna,Faltante,Ninguna,Sin restricción
2020,4187,2020-10-02,Viernes,13:20:00,,0.0,2,"Moto/Ciclomotor,Automóvil",Independencia Y Gral Urquiza,3,2,0,0,1,0,0,"-30.79047, -60.58978",Calle,,SAN JUSTO,San Justo,Asfalto,No existe,XVI,Dentro,Urbana,Ninguna,No existe,Intersección,Bueno,Buena,Diurna,Buen Tiempo,S/D,S/D,Colisión,Ninguna,Vertical,S/D,Sin restricción
2020,4188,2020-06-08,Lunes,09:20:00,,0.0,2,"Tractor,Peatón",Antartida Argentina 300,2,0,1,0,1,0,0,"-33.74955207109451,-61.948025822639",Calle,,VENADO TUERTO,General LÓPEZ,Asfalto,No existe,VIII,Dentro,Urbana,Ninguna,No existe,Intersección,Bueno,Buena,Diurna,Buen Tiempo,S/D,Peatón,Atropello,Ninguna,Faltante,Ninguna,Sin restricción
2020,4189,2020-10-12,Lunes,20:30:00,Ruta Nacional 98,0.0,1,Automóvil, ,1,1,0,0,0,0,0,"-29.45938, -60.24814",Ruta,98,VERA,Vera,S/D,S/D,XIX,S/D,Urbana,S/D,S/D,S/D,S/D,S/D,S/D,S/D,S/D,S/D,Vuelco,S/D,S/D,S/D,S/D
2020,4190,2020-06-08,Lunes,12:35:00,Ruta Secundaria 4-s,0.0,2,"Moto/Ciclomotor,Automóvil",Alvear Y Junin,2,1,0,0,1,0,0,"-33.751244601461,-61.970192101198",Ruta,4-s,VENADO TUERTO,General LÓPEZ,Asfalto,No existe,VIII,Dentro,Rural,Ninguna,No existe,Intersección,Bueno,Buena,Diurna,Buen Tiempo,S/D,S/D,Colisión,Ninguna,Faltante,Ninguna,Sin restricción
2020,4191,2020-06-21,Domingo,21:35:00,,0.0,2,"Moto/Ciclomotor,Moto/Ciclomotor",17 de Octubre Y T A Edison bis,2,1,0,0,0,1,0,"-33.01573, -60.60926",Calle,,VILLA GOBERNADOR GÁLVEZ,Rosario,Asfalto,No existe,II,Dentro,Urbana,Ninguna,No existe,Recta,Deteriorada,Reducida,"Nocturna,Con luz artificial",Buen Tiempo,De alcance,S/D,Colisión,Ninguna,Faltante,Ninguna,Sin restricción
2020,4192,2020-10-05,Lunes,07:45:00,,0.0,2,"Automóvil,Moto/Ciclomotor",6 de Caballeria Y Belgrano,2,0,1,0,1,0,0,"-29.23809, -61.7716",Calle,,TOSTADO,9 de Julio,Hormigón,No existe,XII,Dentro,Urbana,S/D,No existe,Intersección,Bueno,Buena,Diurna,Buen Tiempo,Frontal,S/D,Colisión,Ninguna,Faltante,Ninguna,Sin restricción
2020,4193,2020-06-21,Domingo,,,0.0,2,"Automóvil,Automóvil", ,3,1,0,0,2,0,0,"-31.19090635335053,-61.833724960117",Camino Rural,,VILA,Castellanos,Tierra,S/D,V,Dentro,Rural,S/D,S/D,Intersección,S/D,S/D,S/D,S/D,Lateral,S/D,Colisión,S/D,S/D,S/D,S/D