anio_acci,nro_acci,fecha,desc_dia,hora_aprox,desc_ruta,km,cant_participantes,desc_participante,calle_avenida_km,total,heridos_leves,heridos_graves,heridos_gravisimos,ilesos,fallecidos,sin_datos,posicion_XY,desc_tipo_via,desc_ruta_ori,desc_loc,desc_dpto,desc_tipo_calzada,desc_tipo_banquina,desc_unidad_regional,desc_lugar_calzada,desc_zona,desc_prioridad,desc_estado_semaforo,desc_lugar_via,desc_estado_via,desc_estado_visibilidad,desc_luminosidad,desc_estado_clima,desc_tipo_colision,desc_tipo_atropello,desc_tipo_hecho,desc_pres_calzada,desc_senializacion,desc_separacion_via,desc_restriccion
2020,4194,2020-06-25,Jueves,07:30:00,Autopista Nacional A008,27.0,3,"Pickup/Utilitario,Bicicleta,Moto/Ciclomotor",Av. Circunvalacion Y Av. Uriburu,4,0,1,0,2,1,0,"-32.99241, -60.70142",Autopista,A008,ROSARIO,Rosario,Asfalto,No existe,II,Dentro,Urbana,Ninguna,No existe,Intersección,Bueno,Buena,Diurna,S/D,Múltiple,S/D,Colisión,S/D,Faltante,Guardarrail,Sin restricción
2020,4195,2020-10-01,Jueves,16:30:00,,0.0,2,"Automóvil,Moto/Ciclomotor",España ,2,0,1,0,1,0,0,"-32.66961, -60.79538",S/D,,TIMBÚES,San Lorenzo,Ripio,No existe,XVII,S/D,S/D,Ninguna,No existe,Intersección,Con baches,Reducida polvo,Diurna,Buen Tiempo,De alcance,S/D,Colisión,Ninguna,Faltante,Ninguna,Sin restricción
2020,4196,2020-06-26,Viernes,12:00:00,Ruta Nacional 34,0.0,3,"Camión,Camión,Automóvil", ,7,5,0,0,2,0,0,"-31.151261329650843,-61.47957801818",Ruta,34,LEHMANN,Castellanos,Asfalto,No existe,V,Dentro,Rural,Marca Vial,No existe,Recta,S/D,S/D,Diurna,S/D,Múltiple,S/D,Colisión,S/D,Horizontal,Línea divisoria pintada,S/D
2020,4197,2020-07-28,Martes,17:05:00,,0.0,2,"Automóvil,Automóvil",Av. Corrientes Y Juan Canals,3,2,0,0,1,0,0,"-32.98866, -60.65317",Avenida,,ROSARIO,Rosario,Asfalto,No existe,II,Dentro,Urbana,Ninguna,S/D,Intersección,Bueno,Buena,Diurna,Buen Tiempo,Lateral,S/D,Colisión,S/D,Faltante,Ninguna,Sin restricción
2020,4198,2020-10-06,Martes,15:45:00,Ruta Nacional 11,0.0,2,"Automóvil,Pickup/Utilitario",España ,2,2,0,0,0,0,0,"-32.66492, -60.79435",Ruta,11,TIMBÚES,San Lorenzo,Hormigón,Pavimento,XVII,Dentro,Urbana,Ninguna,No existe,Recta,Bueno,Buena,Diurna,Buen Tiempo,Lateral,S/D,Colisión,Ninguna,Vertical,Línea divisoria pintada,Sin restricción
2020,4199,2020-06-08,Lunes,08:05:00,,0.0,2,"Moto/Ciclomotor,Automóvil",9 de Julio Y Italia,2,1,0,0,1,0,0,"-33.74073318263,-61.962366881073",Calle,,VENADO TUERTO,General LÓPEZ,Asfalto,No existe,VIII,Dentro,Urbana,Ninguna,No existe,Intersección,Bueno,Buena,Diurna,Buen Tiempo,S/D,S/D,Colisión,Ninguna,Faltante,Ninguna,Sin restricción
2020,4200,2020-06-27,Sabado,04:30:00,Ruta Nacional 34,221.0,2,"Automóvil,Moto/Ciclomotor",Ruta Prov 70 ,2,0,0,0,1,1,0,"-31.25049, -61.50588",Ruta,34,RAFAELA,Castellanos,Asfalto,No existe,V,Dentro,Urbana,Semáforo,Funciona,Cruce,Bueno,Buena,Nocturna,Buen Tiempo,Frontal,S/D,Colisión,Ninguna,"Horizontal,Vertical","Cordón divisorio,Línea divisoria pintada",Sin restricción
2020,4201,2020-07-28,Martes,07:30:00,,0.0,2,"Bicicleta,Moto/Ciclomotor",Ayacucho Y Pje. 525,2,1,0,0,1,0,0,"    -33.01126, -60.63574",Calle,,ROSARIO,Rosario,Asfalto,No existe,II,Dentro,Urbana,Ninguna,No existe,Intersección,Bueno,Buena,Diurna,S/D,S/D,Ciclista,Atropello,S/D,Faltante,Ninguna,Sin restricción
2020,4202,2020-06-25,Jueves,17:00:00,,0.0,2,"Automóvil,Moto/Ciclomotor",Bolivar Y Ovidio Lagos,2,1,0,0,1,0,0,"-32.827532455123,-61.399985306729",Avenida,,CAÑADA DE GÓMEZ,Iriondo,S/D,No existe,X,Dentro,Urbana,S/D,S/D,Intersección,S/D,S/D,Diurna,S/D,S/D,S/D,Colisión,S/D,S/D,Ninguna,S/D
2020,4203,2020-06-08,Lunes,14:25:00,,0.0,2,"Bicicleta,Automóvil",Formosa Y Malvinas,2,1,0,0,1,0,0,"-33.73983339775,-61.949183709297",Calle,,VENADO TUERTO,General LÓPEZ,Asfalto,No existe,VIII,Dentro,Urbana,Ninguna,No existe,Intersección,Bueno,Buena,Diurna,Buen Tiempo,S/D,Ciclista,Atropello,Ninguna,Faltante,Ninguna,Sin restricción
2020,4204,2020-06-25,Jueves,22:00:00,,0.0,2,"Moto/Ciclomotor,Automóvil",Lavalle Y Moreno,3,1,0,0,2,0,0,"-32.820026618625,-61.396765706932",Calle,,CAÑADA DE GÓMEZ,Iriondo,Asfalto,No existe,X,Dentro,Urbana,Ninguna,No existe,Intersección,S/D,S/D,Nocturna,S/D,S/D,S/D,Colisión,S/D,Faltante,Ninguna,S/D
2020,4205,2020-07-24,Viernes,13:40:00,,0.0,2,"Moto/Ciclomotor,Automóvil",Juan Canals Y Sarmiento,3,2,0,0,1,0,0,"    -32.98944, -60.64898",Calle,,ROSARIO,Rosario,Asfalto,No existe,II,Dentro,Urbana,Ninguna,No existe,Intersección,Bueno,S/D,Diurna,Buen Tiempo,Lateral,S/D,Colisión,Ninguna,S/D,Cordón divisorio,Sin restricción
2020,4206,2020-10-07,Miercoles,19:40:00,,0.0,1,Moto/Ciclomotor,Bv B Mitre ,1,0,1,0,0,0,0,"-32.72196, -60.73421",S/D,,SAN LORENZO,San Lorenzo,S/D,S/D,XVII,S/D,Urbana,S/D,S/D,S/D,S/D,S/D,S/D,S/D,S/D,S/D,S/D,S/D,S/D,S/D,S/D
2020,4207,2020-06-22,Lunes,10:40:00,,0.0,2,"Taxi/Remis,Moto/Ciclomotor",Dr Jose Andres Valdez Y Juan Jose Castelli,2,1,0,0,1,0,0,"-33.727188697274,-61.978552464976",Calle,,VENADO TUERTO,General LÓPEZ,Asfalto,No existe,VIII,Dentro,Urbana,Ninguna,No existe,Intersección,Deteriorada,Buena,Diurna,Buen Tiempo,Lateral,S/D,Colisión,S/D,Faltante,Ninguna,Sin restricción
2020,4208,2020-10-03,Sabado,15:08:00,,0.0,2,"Moto/Ciclomotor,Pickup/Utilitario",Bv San Martin Y Malvinas Argentinas,2,1,0,0,1,0,0,"-32.89966, -60.9107",Calle,,ROLDÁN,San Lorenzo,Asfalto,Pavimento,XVII,Dentro,Urbana,Ninguna,No existe,Intersección,Bueno,Buena,Diurna,Buen Tiempo,Lateral,S/D,Colisión,Ninguna,Faltante,Ninguna,Sin restricción
2020,4209,2020-06-24,Miercoles,,,0.0,2,"Automóvil,Moto/Ciclomotor",San Martin Y Santa Fe,2,1,0,0,1,0,0,"-31.870536543316,-61.127605472848",Calle,,GESSLER,San JERÓNIMO,S/D,No existe,XV,Dentro,Urbana,Ninguna,S/D,Intersección,S/D,S/D,Diurna,S/D,S/D,S/D,Colisión,S/D,Faltante,Ninguna,S/D
2020,4210,2020-06-25,Jueves,20:45:00,Autopista Nacional A008,5.0,2,"Moto/Ciclomotor,Moto/Ciclomotor",Av. Circunvalacion Y Av. Jorge Newbery,2,0,0,1,0,1,0,"-32.9085, -60.72431",Autopista,A008,ROSARIO,Rosario,Asfalto,No existe,II,Dentro,Urbana,Ninguna,No existe,Recta,Bueno,Buena,Nocturna,S/D,Frontal,S/D,Colisión,Ninguna,Faltante,Barrera de hormigón,Sin restricción
2020,4211,2020-06-08,Lunes,18:15:00,,0.0,2,"Automóvil,Moto/Ciclomotor",Calle 16 Gral Obligado Y CAlle 37-Bvard. lovato,2,0,1,0,1,0,0,"-29.156010415036,-59.646565990259",Calle,,RECONQUISTA,General Obligado,Asfalto,No existe,VIII,Dentro,Urbana,Ninguna,No existe,Intersección,Bueno,Buena,Diurna,Buen Tiempo,S/D,S/D,Colisión,Ninguna,Faltante,"Cordón divisorio,Vegetación",Sin restricción
2020,4212,2020-10-04,Domingo,14:00:00,,0.0,2,"Moto/Ciclomotor,Automóvil",Bv Pellegrini Y Fray Luis Beltran,2,1,0,0,1,0,0,"-32.8983, -60.9112",Calle,,ROLDÁN,San Lorenzo,Asfalto,Pavimento,XVII,Dentro,Urbana,S/D,No existe,Intersección,Bueno,Buena,Diurna,Buen Tiempo,Lateral,S/D,Colisión,Ninguna,Faltante,Ninguna,Sin restricción
2020,4213,2020-06-22,Lunes,22:30:00,Autopista Nacional A008,0.0,1,Pickup/Utilitario, ,1,1,0,0,0,0,0,"-33.01550388336178,-60.628180503845",Autopista,A008,VILLA GOBERNADOR GÁLVEZ,Rosario,Asfalto,Natural,II,Dentro,Urbana,Otra Señal,No existe,Recta,Bueno,Buena,Nocturna,Buen Tiempo,S/D,S/D,Vuelco,Ninguna,Vertical,"Guardarrail,Vegetación",Sin restricción
2020,4214,2020-07-29,Miercoles,00:00:00,,0.0,2,"Tren,Automóvil",Baigorria ,2,1,0,0,1,0,0,"    -32.89284, -60.69923",Calle,,ROSARIO,Rosario,Asfalto,No existe,II,Dentro,Urbana,Ninguna,No existe,Paso a Nivel FFCC,S/D,S/D,Diurna,Buen Tiempo,Lateral,S/D,Colisión,S/D,S/D,Ninguna,Sin restricción
2020,4215,2020-10-07,Miercoles,16:30:00,,0.0,2,"Moto/Ciclomotor,Automóvil",Juan Jose Paso Y Avellaneda,3,2,0,0,1,0,0,"-32.89075, -60.90219",Calle,,ROLDÁN,San Lorenzo,Asfalto,Natural,XVII,Dentro,Urbana,Ninguna,No existe,Intersección,Bueno,Buena,Diurna,Buen Tiempo,Lateral,S/D,Colisión,Ninguna,Faltante,Ninguna,Sin restricción
2020,4216,2020-06-24,Miercoles,16:15:00,Autopista Nacional A008,0.0,2,"Moto/Ciclomotor,Automóvil",Av. Circunvalacion Y Bv. Oro�o,3,2,0,0,1,0,0,"-33.01466166973116,-60.664567351341",Autopista,A008,ROSARIO,Rosario,Asfalto,Pavimento,II,Dentro,Urbana,Marca Vial,No existe,Recta,Bueno,Buena,Diurna,Buen Tiempo,De alcance,S/D,Colisión,Ninguna,Horizontal,"Guardarrail,Línea divisoria pintada,S/D",Sin restricción
2020,4217,2020-10-01,Jueves,12:05:00,,0.0,1,Moto/Ciclomotor,Garay 900,1,1,0,0,0,0,0,"-32.70919, -60.73444",Calle,,PUERTO SAN MARTÍN,San Lorenzo,Asfalto,No existe,XVII,S/D,Urbana,Ninguna,No existe,Recta,Bueno,Buena,Diurna,Buen Tiempo,S/D,S/D,Vuelco,Ninguna,Horizontal,Ninguna,Sin restricción
2020,4218,2020-06-08,Lunes,18:00:00,,0.0,2,"Pickup/Utilitario,Moto/Ciclomotor",Calle 47-Islas Malvinas Y Calle 54,2,1,0,0,1,0,0,"-29.15902257775,-59.670884923984",Calle,,RECONQUISTA,General Obligado,Asfalto,No existe,IX,Dentro,Urbana,S/D,S/D,Intersección,Bueno,Buena,Diurna,Buen Tiempo,S/D,S/D,Colisión,Ninguna,S/D,Ninguna,Sin restricción
2020,4219,2020-10-03,Sabado,15:30:00,,0.0,2,"Moto/Ciclomotor,Automóvil",Cordoba 1900,3,2,0,0,1,0,0,"-32.7149, -60.74642",Avenida,,PUERTO SAN MARTÍN,San Lorenzo,Asfalto,No existe,XVII,Dentro,Urbana,Ninguna,No existe,Recta,Bueno,Buena,Diurna,Buen Tiempo,De alcance,S/D,Colisión,Ninguna,Horizontal,Ninguna,Sin restricción
2020,4220,2020-10-08,Jueves,,,0.0,2,"Moto/Ciclomotor,Pickup/Utilitario",Lisandro de la Torre Y Nicolas Avellaneda,2,1,0,0,1,0,0,"-33.74241, -61.97863",Calle,,VENADO TUERTO,General LÓPEZ,Asfalto,S/D,VIII,S/D,Urbana,S/D,S/D,Intersección,S/D,S/D,S/D,S/D,S/D,S/D,Colisión,S/D,S/D,S/D,S/D
2020,4221,2020-10-28,Miercoles,19:10:00,,0.0,2,"Bicicleta,Automóvil",Independencia Y Humberto Primo,2,1,0,0,1,0,0,"-33.15796, -60.50669",Calle,,ROSARIO,Rosario,S/D,S/D,II,S/D,Urbana,S/D,S/D,Recta,S/D,S/D,Atardecer,S/D,S/D,Ciclista,Atropello,S/D,S/D,S/D,S/D
2020,4222,2020-07-30,Jueves,,,0.0,2,"Moto/Ciclomotor,Moto/Ciclomotor",CALLE 6 Y CALLE 9,3,1,2,0,0,0,0,"-32.95883, -60.693",Calle,,ROSARIO,Rosario,Asfalto,No existe,II,Dentro,Urbana,Ninguna,No existe,Intersección,Bueno,S/D,S/D,Buen Tiempo,Lateral,S/D,Colisión,S/D,Faltante,Ninguna,Sin restricción
2020,4223,2020-10-05,Lunes,20:15:00,,0.0,2,"Moto/Ciclomotor,Automóvil",Cordoba Y Av San Martin,2,1,0,0,1,0,0,"-32.7175, -60.73121",Avenida,,PUERTO SAN MARTÍN,San Lorenzo,Asfalto,No existe,XVII,Dentro,Urbana,Ninguna,No existe,Intersección,Bueno,Buena,Nocturna,Buen Tiempo,Lateral,S/D,Colisión,Ninguna,Horizontal,Ninguna,Sin restricción
2020,4224,2020-10-08,Jueves,18:05:00,,0.0,2,"Automóvil,Moto/Ciclomotor",Santa Fe Y Carlos Pellegrini,2,1,0,0,1,0,0,"-33.7458, -61.95576",Calle,,VENADO TUERTO,General LÓPEZ,Asfalto,S/D,VIII,S/D,Urbana,S/D,S/D,Intersección,S/D,S/D,S/D,S/D,S/D,S/D,Colisión,S/D,S/D,S/D,S/D
2020,4225,2020-10-05,Lunes,12:20:00,,0.0,2,"Automóvil,Moto/Ciclomotor",Sargento Cabral Y L N Alem,2,1,0,0,1,0,0,"-32.73991, -60.73054",Calle,,SAN LORENZO,San Lorenzo,S/D,S/D,XVII,S/D,Urbana,S/D,S/D,S/D,S/D,S/D,S/D,S/D,S/D,S/D,S/D,S/D,S/D,S/D,S/D
2020,4226,2020-06-23,Martes,12:05:00,,0.0,2,"Moto/Ciclomotor,Pickup/Utilitario",Calle 47-Islas Malvinas Y Calle 62,2,1,0,0,1,0,0,"-29.158736990042,-59.674005357884",Calle,,RECONQUISTA,General Obligado,S/D,No existe,IX,Dentro,Urbana,S/D,S/D,Intersección,S/D,S/D,Diurna,S/D,S/D,S/D,Colisión,S/D,S/D,Ninguna,S/D
2020,4227,2020-06-10,Miercoles,09:55:00,Ruta Nacional 11,0.0,2,"Automóvil,Camión c / Acoplado",Calle 309 Y Ruta Nacional 11,2,1,0,0,1,0,0,"-29.108055520308,-59.650782848099",Ruta,11,AVELLANEDA,General Obligado,Asfalto,Ripio,IX,Dentro,Urbana,Ninguna,No existe,Intersección,Bueno,Buena,Diurna,Buen Tiempo,S/D,S/D,Colisión,Ninguna,Horizontal,Línea divisoria pintada,Sin restricción
2020,4228,2020-07-23,Jueves,20:40:00,,0.0,2,"Moto/Ciclomotor,Moto/Ciclomotor",Necochea Y Pasco,2,0,1,0,1,0,0,"-32.96208, -60.62745",Calle,,ROSARIO,Rosario,S/D,S/D,II,S/D,Urbana,S/D,S/D,Intersección,S/D,S/D,Nocturna,S/D,S/D,S/D,Colisión,S/D,S/D,S/D,S/D
2020,4229,2020-10-08,Jueves,19:25:00,,0.0,1,Moto/Ciclomotor,Jujuy Y Roberta Cavanagh,1,1,0,0,0,0,0,"-33.73339, -61.94649",Calle,,VENADO TUERTO,General LÓPEZ,Asfalto,S/D,VIII,S/D,Urbana,S/D,S/D,Intersección,S/D,S/D,S/D,S/D,Atropello animal,S/D,"Cañda ocupante,Colisión",S/D,S/D,S/D,S/D
2020,4230,2020-10-03,Sabado,17:48:00,,0.0,2,"Moto/Ciclomotor,Automóvil",Av Carlos A Poucel Y Tucuman,2,1,0,0,1,0,0,"-32.74216, -60.73823",S/D,,SAN LORENZO,San Lorenzo,S/D,S/D,XVII,S/D,Urbana,S/D,S/D,S/D,S/D,S/D,S/D,S/D,S/D,S/D,S/D,S/D,S/D,S/D,S/D
2020,4231,2020-06-23,Martes,10:00:00,,0.0,2,"Pickup/Utilitario,Moto/Ciclomotor",Calle 12 San Martin Y Calle 19-Habegger,3,2,0,0,1,0,0,"-29.146734619737,-59.642743758966",Calle,,RECONQUISTA,General Obligado,Asfalto,No existe,IX,Dentro,Urbana,Ninguna,No existe,Intersección,Bueno,Buena,Diurna,Buen Tiempo,S/D,S/D,Colisión,Ninguna,Faltante,Ninguna,Sin restricción
2020,4232,2020-06-23,Martes,,,0.0,2,"Automóvil,Moto/Ciclomotor",G Mainardi Y Simon de Iriondo,2,1,0,0,1,0,0,"-31.238499470431,-61.507596316141",Calle,,RAFAELA,Castellanos,Asfalto,No existe,V,Dentro,Urbana,Ninguna,No existe,Intersección,Bueno,S/D,S/D,Buen Tiempo,Lateral,S/D,Colisión,Ninguna,Faltante,Ninguna,Sin restricción
2020,4233,2020-10-07,Miercoles,13:15:00,Ruta Nacional A012,0.0,2,"Moto/Ciclomotor,Automóvil", ,2,1,0,0,1,0,0,"-32.76573, -60.74733",Ruta,A012,SAN LORENZO,San Lorenzo,S/D,S/D,XVII,S/D,S/D,S/D,S/D,S/D,S/D,S/D,S/D,S/D,S/D,S/D,S/D,S/D,S/D,S/D,S/D
2020,4234,2020-06-10,Miercoles,17:25:00,,0.0,2,"Pickup/Utilitario,Moto/Ciclomotor",Entre Rios Y Sarmiento,2,1,0,0,1,0,0,"-29.354298976568,-59.970186841945",Calle,,MALABRIGO,General Obligado,S/D,No existe,IX,Dentro,Urbana,S/D,S/D,Intersección,S/D,Buena,Atardecer,Buen Tiempo,S/D,S/D,Colisión,S/D,S/D,S/D,S/D
2020,4235,2020-10-08,Jueves,,Ruta Provincial 13,0.0,1,Camión,Ruta Prov. n� 13 ,2,1,0,0,1,0,0,"-32.19866, -61.71282",Ruta,13,EL TRÉBOL,San MARTÍN,Asfalto,S/D,XVIII,S/D,Urbana,S/D,S/D,Recta,S/D,S/D,S/D,S/D,Contra objeto fijo,S/D,Colisión,S/D,S/D,S/D,S/D
2020,4236,2020-07-25,Sabado,11:00:00,,0.0,2,"Moto/Ciclomotor,Automóvil",Nicolas Laguna Y Pje. 1348,2,1,0,0,1,0,0,"    -32.88287, -60.72367",Calle,,ROSARIO,Rosario,Hormigón,No existe,II,Dentro,Urbana,Otra Señal,No existe,Recta,Bueno,Buena,Diurna,S/D,Lateral,S/D,Colisión,Ninguna,Faltante,Ninguna,Sin restricción
2020,4237,2020-10-08,Jueves,,Ruta Nacional 34,0.0,2,"Pickup/Utilitario,Bicicleta",Falucho Y Ruta Nac 34 Gral Guemes,2,0,1,0,1,0,0,"-31.25532, -61.50602",Ruta,34,RAFAELA,Castellanos,Asfalto,S/D,V,S/D,Urbana,S/D,S/D,Intersección,S/D,S/D,S/D,S/D,S/D,Ciclista,Atropello,S/D,S/D,S/D,S/D
2020,4238,2020-10-09,Viernes,21:40:00,,0.0,2,"Moto/Ciclomotor,Moto/Ciclomotor",Calle 19 ,2,0,2,0,0,0,0,"-28.35423, -59.25794",Calle,,LAS TOSCAS,General Obligado,S/D,S/D,IX,S/D,Urbana,S/D,S/D,S/D,S/D,S/D,S/D,S/D,S/D,S/D,Colisión,S/D,S/D,S/D,S/D
2020,4239,2020-07-18,Sabado,21:00:00,Ruta Nacional 11,614.0,2,"Bicicleta,Automóvil", ,2,0,1,0,0,0,1,"-28.04887, -59.225",Ruta,11,FLORENCIA,General Obligado,S/D,S/D,IX,S/D,Rural,S/D,S/D,Recta,S/D,S/D,Nocturna,S/D,S/D,Ciclista,Atropello,S/D,S/D,S/D,S/D
2020,4240,2020-07-29,Miercoles,12:00:00,,0.0,1,Moto/Ciclomotor,Bv. Rondeau Y 26 de Agosto,1,1,0,0,0,0,0,"-32.87378, -60.69877",Avenida,,ROSARIO,Rosario,Asfalto,S/D,II,Dentro,Urbana,S/D,No existe,Curva,Bueno,S/D,Diurna,S/D,Contra objeto fijo,S/D,Colisión,S/D,S/D,S/D,S/D
2020,4241,2020-10-09,Viernes,10:20:00,Ruta Provincial 32,0.0,1,Automóvil,Ruta Provincial 32 ,4,4,0,0,0,0,0,"-28.49206, -59.38037",Ruta,32,VILLA OCAMPO,General Obligado,S/D,S/D,IX,S/D,Urbana,S/D,S/D,S/D,S/D,S/D,S/D,S/D,Contra objeto fijo,S/D,Colisión,S/D,S/D,S/D,S/D
2020,4242,2020-10-06,Martes,13:30:00,,0.0,2,"Pickup/Utilitario,Pickup/Utilitario", ,2,2,0,0,0,0,0,"-31.61124, -60.69664",S/D,,SANTA FE,La Capital,S/D,S/D,I,S/D,S/D,S/D,S/D,S/D,S/D,S/D,S/D,S/D,S/D,S/D,S/D,S/D,S/D,S/D,S/D
2020,4243,2020-07-25,Sabado,19:00:00,,0.0,2,"Moto/Ciclomotor,Peatón",Bv. Avellaneda Y J.J.Paso,2,1,0,0,1,0,0,"    -32.9683, -60.68649",Avenida,,ROSARIO,Rosario,Asfalto,S/D,II,S/D,Urbana,S/D,Intermitente,Intersección,Bueno,Buena,Diurna,Buen Tiempo,S/D,Peatón,Atropello,S/D,Faltante,Ninguna,S/D
2020,4244,2020-06-14,Domingo,11:00:00,Ruta Nacional 9,0.0,2,"Pickup/Utilitario,Automóvil",Av L N Alem Y San Martin,3,1,0,0,2,0,0,"-32.807670235633864,-61.40986740589",Ruta,9,CAÑADA DE GÓMEZ,Iriondo,Asfalto,Pavimento,X,Dentro,Urbana,Marca Vial,S/D,Intersección,S/D,S/D,Diurna,S/D,S/D,S/D,Colisión,S/D,Horizontal,Línea divisoria pintada,S/D
2020,4245,2020-07-25,Sabado,12:00:00,,0.0,2,"Moto/Ciclomotor,Automóvil",Av. Carlos Colombres ,2,1,0,0,1,0,0,"    -32.89872, -60.6835",Avenida,,ROSARIO,Rosario,Asfalto,S/D,II,Dentro,Urbana,Ninguna,S/D,Recta,Bueno,Buena,Diurna,S/D,S/D,S/D,Colisión,S/D,S/D,S/D,Sin restricción
2020,4246,2020-10-07,Miercoles,03:10:00,Autopista Provincial Brigadier E.LÓPEZ,394.0,1,Tractor, ,1,1,0,0,0,0,0,"-32.94932, -60.77749",Autopista,Brigadier E.LÓPEZ,ROSARIO,Rosario,S/D,S/D,II,S/D,S/D,S/D,S/D,S/D,S/D,S/D,S/D,S/D,S/D,S/D,Despiste,S/D,S/D,S/D,S/D
2020,4248,2020-06-14,Domingo,,,0.0,2,"Automóvil,Peatón",Juan B Justo Y Monse�or A Brasca,2,1,0,0,1,0,0,"-31.255919928271,-61.515047985041",Calle,,RAFAELA,Castellanos,Asfalto,No existe,V,Dentro,Urbana,Ninguna,No existe,Intersección,S/D,S/D,Diurna,S/D,S/D,Peatón,Atropello,S/D,Faltante,Ninguna,S/D
2020,4249,2020-06-12,Viernes,,,0.0,1,Moto/Ciclomotor,Baroni Y Perusia,1,1,0,0,0,0,0,"-31.236414, -61.483620",Calle,,RAFAELA,Castellanos,Asfalto,No existe,V,Dentro,Urbana,Ninguna,No existe,Recta,Bueno,S/D,S/D,Buen Tiempo,Atropello animal,S/D,Colisión,Ninguna,Faltante,Ninguna,Sin restricción
2020,4250,2020-06-11,Jueves,02:30:00,Ruta Nacional 34,357.0,1,Taxi/Remis, ,5,5,0,0,0,0,0,"-30.04688970752078, -61.81986260393",Ruta,34,HERSILIA,San CRISTÓBAL,Asfalto,Natural,XIII,Dentro,Rural,Ninguna,No existe,Recta,Bueno,Buena,Diurna,Buen Tiempo,S/D,S/D,Vuelco,Ninguna,Horizontal,Línea divisoria pintada,Sin restricción
2020,4252,2020-06-14,Domingo,17:30:00,,0.0,2,"Moto/Ciclomotor,Moto/Ciclomotor",Fray Justo Santa Maria de Oro Y R Casabella,2,1,0,0,1,0,0,"-31.263053415496,-61.510800054227",Calle,,RAFAELA,Castellanos,Asfalto,No existe,V,Dentro,Urbana,Ninguna,No existe,Intersección,S/D,S/D,Diurna,S/D,De alcance,S/D,Colisión,S/D,Faltante,Ninguna,S/D
2020,4253,2020-06-13,Sabado,,,0.0,2,"Moto/Ciclomotor,Pickup/Utilitario",Calle 5 Y Calle 56,2,1,0,0,1,0,0,"-31.423414672086,-62.061240314986",Calle,,FRONTERA,Castellanos,Asfalto,No existe,V,Dentro,Urbana,Ninguna,No existe,Intersección,Bueno,Buena,Diurna,Buen Tiempo,Lateral,S/D,Colisión,Ninguna,Faltante,Ninguna,Sin restricción
2020,4254,2020-07-26,Domingo,19:00:00,,0.0,2,"Moto/Ciclomotor,Automóvil",Montecaseros Y Bolivar,3,2,0,0,1,0,0,"    -33.03102, -60.65214",Calle,,VILLA GOBERNADOR GÁLVEZ,Rosario,Ripio,No existe,II,Dentro,Urbana,Ninguna,No existe,Intersección,S/D,Buena,Atardecer,Buen Tiempo,Lateral,S/D,Colisión,S/D,Faltante,Ninguna,Sin restricción
2020,4255,2020-06-14,Domingo,20:50:00,,0.0,2,"Moto/Ciclomotor,Automóvil",Dean Funes Y Juan Jose Castelli,2,1,0,0,1,0,0,"-33.738618,-61.969637",Calle,,VENADO TUERTO,General LÓPEZ,Asfalto,No existe,VIII,Dentro,Urbana,Ninguna,No existe,Intersección,S/D,S/D,Nocturna,S/D,S/D,S/D,Colisión,S/D,Faltante,Ninguna,S/D
2020,4256,2020-07-18,Sabado,15:20:00,Ruta Nacional 11,323.0,3,"Automóvil,Camión,Camión", ,4,4,0,0,0,0,0,"-30.22864, -60.36045",Ruta,11,LA CRIOLLA,San Justo,S/D,S/D,XVI,S/D,Urbana,S/D,S/D,Recta,S/D,S/D,Diurna,S/D,Múltiple,S/D,Colisión,S/D,S/D,S/D,S/D
2020,4257,2020-06-11,Jueves,12:30:00,,0.0,2,"Pickup/Utilitario,Moto/Ciclomotor",Calle 18 - Gral Belgrano Y Calle 47-Islas Malvinas,3,1,0,0,2,0,0,"-29.161352077343,-59.648510938958",Calle,,RECONQUISTA,General Obligado,Asfalto,No existe,IX,Dentro,Urbana,Ninguna,No existe,Intersección,Bueno,Buena,Diurna,Buen Tiempo,Lateral,S/D,Colisión,Ninguna,Faltante,Ninguna,Sin restricción
2020,4258,2020-10-10,Sabado,,,0.0,2,"Camión,Otros",25 DE MAYO Y VIRGEN DEL CARMEN,3,1,0,0,2,0,0,"-28.23897, -59.45817",Calle,,VILLA GUILLERMINA,General Obligado,S/D,S/D,IX,S/D,Urbana,S/D,S/D,Intersección,S/D,S/D,S/D,S/D,S/D,S/D,Colisión,S/D,S/D,S/D,S/D
2020,4259,2020-10-01,Jueves,18:50:00,,0.0,2,"Moto/Ciclomotor,Moto/Ciclomotor",24 de Setiembre Y Gral Lopez,2,2,0,0,0,0,0,"-32.03448, -61.22714",S/D,,GÁLVEZ,San JERÓNIMO,S/D,S/D,XV,S/D,S/D,S/D,S/D,S/D,S/D,S/D,S/D,S/D,S/D,S/D,S/D,S/D,S/D,S/D,S/D
2020,4260,2020-10-10,Sabado,18:15:00,,0.0,1,Otros,Cordoba Y Rivadavia,1,1,0,0,0,0,0,"-31.74262, -61.09392",Calle,,SAN CARLOS CENTRO,Las Colonias,Asfalto,S/D,XI,S/D,Urbana,S/D,S/D,Intersección,S/D,S/D,S/D,S/D,S/D,S/D,Otro,S/D,S/D,S/D,S/D
2020,4261,2020-10-01,Jueves,19:40:00,,0.0,2,"Automóvil,Moto/Ciclomotor",Doctor Estanislao Zeballos Sev Y Presidente Bernardino Rivadavi,2,1,0,0,1,0,0,"-33.04353, -61.15764",S/D,,CASILDA,Caseros,S/D,S/D,IV,S/D,S/D,S/D,S/D,S/D,S/D,S/D,S/D,S/D,S/D,S/D,S/D,S/D,S/D,S/D,S/D
2020,4262,2020-10-11,Domingo,,,0.0,2,"Moto/Ciclomotor,Automóvil",Av Independencia Y Santa Fe,5,2,0,0,3,0,0,"-30.94574, -61.56384",Calle,,SUNCHALES,Castellanos,Asfalto,S/D,V,S/D,Urbana,S/D,S/D,Intersección,S/D,S/D,S/D,S/D,S/D,S/D,Colisión,S/D,S/D,S/D,S/D