anio_acci,nro_acci,fecha,desc_dia,hora_aprox,desc_ruta,km,cant_participantes,desc_participante,calle_avenida_km,total,heridos_leves,heridos_graves,heridos_gravisimos,ilesos,fallecidos,sin_datos,posicion_XY,desc_tipo_via,desc_ruta_ori,desc_loc,desc_dpto,desc_tipo_calzada,desc_tipo_banquina,desc_unidad_regional,desc_lugar_calzada,desc_zona,desc_prioridad,desc_estado_semaforo,desc_lugar_via,desc_estado_via,desc_estado_visibilidad,desc_luminosidad,desc_estado_clima,desc_tipo_colision,desc_tipo_atropello,desc_tipo_hecho,desc_pres_calzada,desc_senializacion,desc_separacion_via,desc_restriccion
2020,4263,2020-09-30,Miercoles,21:05:00,,0.0,2,"Camión Chasis,Moto/Ciclomotor",Saavedra Y Paraguay,2,0,1,0,1,0,0,"-32.97694, -60.65165",S/D,,ROSARIO,Rosario,S/D,S/D,II,S/D,S/D,S/D,S/D,S/D,S/D,S/D,Nocturna,S/D,S/D,S/D,S/D,S/D,S/D,S/D,S/D
2020,4264,2020-10-12,Lunes,,,0.0,2,"Tractor,Peatón", ,2,1,0,0,1,0,0,"-28.71987, -59.47667",S/D,,ARROYO CEIBAL,General Obligado,S/D,S/D,IX,S/D,S/D,S/D,S/D,S/D,S/D,S/D,S/D,S/D,S/D,Peatón,Atropello,S/D,S/D,S/D,S/D
2020,4265,2020-10-02,Viernes,,,0.0,2,"Moto/Ciclomotor,Automóvil", ,2,1,0,0,1,0,0,"-31.44985, -60.93",S/D,,ESPERANZA,Las Colonias,S/D,S/D,XI,S/D,S/D,S/D,S/D,S/D,S/D,S/D,S/D,S/D,S/D,S/D,S/D,S/D,S/D,S/D,S/D
2020,4266,2020-10-13,Martes,09:00:00,,0.0,2,"Automóvil,Pickup/Utilitario",Calle 30-Lucas Funes Y Calle 65-Canada,2,2,0,0,0,0,0,"-29.16771, -59.65674",Calle,,RECONQUISTA,General Obligado,Asfalto,S/D,IX,S/D,Urbana,S/D,S/D,Intersección,S/D,S/D,S/D,S/D,S/D,S/D,Colisión,S/D,S/D,S/D,S/D
2020,4267,2020-10-13,Martes,,Ruta Nacional 11,0.0,2,"Pickup/Utilitario,Moto/Ciclomotor",Saavedra Y Ruta Nac 11,2,1,0,0,1,0,0,"-28.04139, -59.22444",Ruta,11,FLORENCIA,General Obligado,Asfalto,S/D,IX,S/D,Urbana,S/D,S/D,Intersección,S/D,S/D,S/D,S/D,S/D,S/D,Colisión,S/D,S/D,S/D,S/D
2020,4268,2020-10-02,Viernes,18:50:00,,0.0,2,"Automóvil,Moto/Ciclomotor",San Lorenzo Y Parana,2,1,0,0,1,0,0,"-32.85845, -61.16519",S/D,,CARCARAÑÁ,San Lorenzo,S/D,S/D,XVII,S/D,S/D,S/D,S/D,S/D,S/D,S/D,S/D,S/D,S/D,S/D,S/D,S/D,S/D,S/D,S/D
2020,4269,2020-07-22,Miercoles,17:20:00,Ruta Nacional 168,3.0,1,Moto/Ciclomotor, ,1,1,0,0,0,0,0,"-31.64039, -60.68313",Ruta,168,SANTA FE,La Capital,S/D,S/D,I,S/D,Urbana,S/D,S/D,Recta,S/D,S/D,Diurna,S/D,S/D,S/D,Cañda ocupante,S/D,S/D,S/D,S/D
2020,4270,2020-10-13,Martes,,,0.0,2,"Moto/Ciclomotor,Peatón",Pte Hipolito Irigoyen ,2,1,0,0,1,0,0,"-32.70593, -60.74693",Calle,,PUERTO SAN MARTÍN,San Lorenzo,Asfalto,S/D,XVII,S/D,Urbana,S/D,S/D,Recta,S/D,S/D,S/D,S/D,S/D,Peatón,Atropello,S/D,S/D,S/D,S/D
2020,4271,2020-10-01,Jueves,17:20:00,,0.0,2,"Automóvil,Moto/Ciclomotor",Urquiza 2000,3,2,0,0,1,0,0,"-32.747341651427,-60.750536316216",Calle,,SAN LORENZO,San Lorenzo,Asfalto,No existe,XVII,Dentro,Urbana,Paso Peatonal,No existe,Intersección,Bueno,S/D,Diurna,S/D,S/D,S/D,Colisión,S/D,Horizontal,"Cordón divisorio,Línea divisoria pintada,S/D",S/D
2020,4272,2020-10-14,Miercoles,,,0.0,2,"Moto/Ciclomotor,Automóvil",Bartolome Mitre Y Gral Manuel Belgrano,2,1,0,0,1,0,0,"-33.74928, -61.96426",Calle,,VENADO TUERTO,General LÓPEZ,Asfalto,S/D,VIII,S/D,Urbana,S/D,S/D,Intersección,S/D,S/D,S/D,S/D,S/D,S/D,Colisión,S/D,S/D,S/D,S/D
2020,4273,2020-10-14,Miercoles,,,0.0,2,"Bicicleta,Automóvil",Runciman Y Juan Carlos Alberdi,2,1,0,0,1,0,0,"-33.75308, -61.96089",Calle,,VENADO TUERTO,General LÓPEZ,Asfalto,S/D,VIII,S/D,Urbana,S/D,S/D,Intersección,S/D,S/D,S/D,S/D,S/D,Ciclista,Atropello,S/D,S/D,S/D,S/D
2020,4274,2020-10-02,Viernes,13:00:00,,0.0,1,Moto/Ciclomotor,Bme Mitre Y Colon,1,1,0,0,0,0,0,"-32.03281, -61.21658",S/D,,GÁLVEZ,San JERÓNIMO,S/D,S/D,XV,S/D,S/D,S/D,S/D,S/D,S/D,S/D,S/D,S/D,S/D,S/D,Despiste,S/D,S/D,S/D,S/D
2020,4275,2020-10-14,Miercoles,10:45:00,Ruta Provincial 94,0.0,2,"Pickup/Utilitario,Camión",Av 64 Y Ruta N 94,2,2,0,0,0,0,0,"-34.00148, -61.61761",Ruta,94,VILLA CAÑAS,General LÓPEZ,Asfalto,S/D,VIII,S/D,Urbana,S/D,S/D,Intersección,S/D,S/D,S/D,S/D,S/D,S/D,Colisión,S/D,S/D,S/D,S/D
2020,4276,2020-10-03,Sabado,,,0.0,1,Moto/Ciclomotor, ,1,1,0,0,0,0,0,"-31.49146, -60.7352",S/D,,RECREO,La Capital,S/D,S/D,I,S/D,S/D,S/D,S/D,S/D,S/D,S/D,S/D,S/D,S/D,S/D,Despiste,S/D,S/D,S/D,S/D
2020,4277,2020-10-14,Miercoles,07:40:00,Ruta Nacional 11,0.0,2,"Camión,Moto/Ciclomotor",Ruta Nacional 11 ,3,0,1,0,2,0,0,"-29.15453, -59.65755",Ruta,11,RECONQUISTA,General Obligado,Asfalto,S/D,IX,S/D,Urbana,S/D,S/D,Recta,S/D,S/D,S/D,S/D,S/D,S/D,Colisión,S/D,S/D,S/D,S/D
2020,4278,2020-10-03,Sabado,,,0.0,2,"Moto/Ciclomotor,Automóvil",Ayacucho Y Azopardo,2,1,0,0,1,0,0,"-31.59185, -60.71953",S/D,,SANTA FE,La Capital,S/D,S/D,I,S/D,S/D,S/D,S/D,S/D,S/D,S/D,S/D,S/D,S/D,S/D,S/D,S/D,S/D,S/D,S/D
2020,4279,2020-07-17,Viernes,08:20:00,,0.0,2,"Moto/Ciclomotor,Pickup/Utilitario",Calle 8-Chacabuco Y Calle 17-Bartolome Mitre,3,1,0,0,2,0,0,"-29.146, -59.64015",Calle,,RECONQUISTA,General Obligado,S/D,S/D,IX,S/D,Urbana,S/D,S/D,Intersección,S/D,S/D,Diurna,S/D,S/D,S/D,Colisión,S/D,S/D,S/D,S/D
2020,4280,2020-10-15,Jueves,,,0.0,2,"Moto/Ciclomotor,Otros",Av Brasil Y Av Italia,2,1,0,0,0,0,1,"-31.24567, -61.476",Avenida,,RAFAELA,Castellanos,Asfalto,S/D,V,S/D,Urbana,S/D,S/D,Intersección,S/D,S/D,S/D,S/D,S/D,S/D,Colisión,S/D,S/D,S/D,S/D
2020,4281,2020-10-15,Jueves,,Ruta Provincial 70,0.0,2,"Automóvil,Moto/Ciclomotor",Eusebio Marcilla Y A Lincoln,3,1,0,0,2,0,0,"-31.25924, -61.51075",Ruta,70,RAFAELA,Castellanos,Asfalto,S/D,V,S/D,Urbana,S/D,S/D,Intersección,S/D,S/D,S/D,S/D,S/D,S/D,Colisión,S/D,S/D,S/D,S/D
2020,4282,2020-10-03,Sabado,,,0.0,1,Moto/Ciclomotor,Juan XXIII Y Buenos Aires,1,1,0,0,0,0,0,"-32.20335, -61.7055",S/D,,EL TRÉBOL,San MARTÍN,S/D,S/D,XVIII,S/D,S/D,S/D,S/D,S/D,S/D,S/D,S/D,S/D,Contra objeto fijo,S/D,Colisión,S/D,S/D,S/D,S/D
2020,4283,2020-07-17,Viernes,11:00:00,,0.0,2,"Moto/Ciclomotor,Automóvil",Calle 25-Rivadavia Y Calle 10-Ludue�a,2,1,0,0,1,0,0,"-29.15013, -59.64192",Calle,,RECONQUISTA,General Obligado,S/D,Ripio,IX,S/D,Urbana,S/D,S/D,Intersección,S/D,S/D,Diurna,S/D,S/D,S/D,Colisión,S/D,S/D,S/D,S/D
2020,4284,2020-10-15,Jueves,,,0.0,2,"Pickup/Utilitario,Moto/Ciclomotor",Montes de Oca Y J Goffet,2,1,0,0,1,0,0,"-31.25123, -61.46552",Calle,,RAFAELA,Castellanos,Asfalto,S/D,V,S/D,Urbana,S/D,S/D,Intersección,S/D,S/D,S/D,S/D,S/D,S/D,Colisión,S/D,S/D,S/D,S/D
2020,4285,2020-10-07,Miercoles,13:00:00,,0.0,2,"Automóvil,Moto/Ciclomotor",San Juan Y San Martin,3,1,0,0,2,0,0,"-32.45505, -60.89216",S/D,,ROSARIO,Rosario,S/D,S/D,II,S/D,S/D,S/D,S/D,S/D,S/D,S/D,S/D,S/D,S/D,S/D,S/D,S/D,S/D,S/D,S/D
2020,4287,2020-07-17,Viernes,,,0.0,1,Moto/Ciclomotor,Almafuerte Y 1 de Mayo,2,2,0,0,0,0,0,"-31.44218, -60.92022",Calle,,ESPERANZA,Las Colonias,S/D,S/D,XI,S/D,Urbana,S/D,S/D,Intersección,S/D,S/D,Atardecer,S/D,Atropello animal,S/D,Colisión,S/D,S/D,S/D,S/D
2020,4288,2020-10-15,Jueves,,,0.0,2,"Automóvil,Moto/Ciclomotor",F Dentesano Y Av Roque Saenz Pe�a,3,2,0,0,1,0,0,"-31.25057, -61.47741",Avenida,,RAFAELA,Castellanos,Asfalto,S/D,V,S/D,Urbana,S/D,S/D,Intersección,S/D,S/D,S/D,S/D,S/D,S/D,Colisión,S/D,S/D,S/D,S/D
2020,4289,2020-07-17,Viernes,20:45:00,Ruta Secundaria 89-s,59.0,2,"Bicicleta,Moto/Ciclomotor", ,2,1,0,0,1,0,0,"-28.03504, -59.25585",Ruta,89-s,FLORENCIA,General Obligado,S/D,S/D,IX,S/D,Rural,S/D,S/D,Recta,S/D,S/D,Nocturna,S/D,S/D,Ciclista,Atropello,S/D,S/D,S/D,S/D
2020,4290,2020-07-24,Viernes,,,0.0,2,"Moto/Ciclomotor,Automóvil",Casado 2100,2,1,0,0,1,0,0,"    -33.04319, -61.16381",Calle,,CASILDA,Caseros,Hormigón,No existe,IV,Dentro,Urbana,S/D,No existe,Recta,S/D,S/D,S/D,S/D,S/D,S/D,Colisión,S/D,S/D,S/D,S/D
2020,4291,2020-10-15,Jueves,,,0.0,2,"Automóvil,Moto/Ciclomotor",Av Gral Bartolome Mitre 500,2,0,1,0,1,0,0,"-31.2526, -61.48087",Calle,,RAFAELA,Castellanos,Asfalto,S/D,V,S/D,Urbana,S/D,S/D,Recta,S/D,S/D,S/D,S/D,S/D,S/D,Colisión,S/D,S/D,S/D,S/D
2020,4292,2020-10-04,Domingo,01:50:00,,0.0,2,"Automóvil,Moto/Ciclomotor",Av. Jorge Newbery ,3,2,0,0,1,0,0,"-32.90913, -60.7559",S/D,,ROSARIO,Rosario,S/D,S/D,II,S/D,S/D,S/D,S/D,S/D,S/D,S/D,S/D,S/D,S/D,S/D,S/D,S/D,S/D,S/D,S/D
2020,4293,2020-06-21,Domingo,06:10:00,,0.0,1,Moto/Ciclomotor,Av. Pellegrini Y Rodriguez,1,0,0,0,0,1,0,"-32.95358, -60.66145",Calle,,ROSARIO,Rosario,Asfalto,No existe,II,Dentro,Urbana,Semáforo,Funciona,Intersección,Bueno,S/D,Nocturna,S/D,Contra objeto fijo,S/D,Colisión,Ninguna,"Horizontal,Vertical",Cordón divisorio,Sin restricción
2020,4294,2020-07-24,Viernes,,,0.0,2,"Moto/Ciclomotor,Automóvil",Washington Y Boulevard Villada,2,1,0,0,1,0,0,"    -33.04257, -61.17622",Calle,,CASILDA,Caseros,S/D,S/D,IV,Dentro,Urbana,S/D,S/D,Intersección,S/D,Buena,S/D,Buen Tiempo,S/D,S/D,Colisión,S/D,S/D,S/D,S/D
2020,4295,2020-10-15,Jueves,,Ruta Provincial 70,0.0,2,"Automóvil,Moto/Ciclomotor",Suiza Y Bv Santa Fe,2,1,0,0,1,0,0,"-31.25631, -61.47085",Ruta,70,RAFAELA,Castellanos,Asfalto,S/D,V,S/D,Urbana,S/D,S/D,Intersección,S/D,S/D,S/D,S/D,S/D,S/D,Colisión,S/D,S/D,S/D,S/D
2020,4296,2020-10-15,Jueves,,,0.0,2,"Moto/Ciclomotor,Bicicleta",Mejico Y Hipolito Vieytes,3,1,1,0,1,0,0,"-31.27084, -61.49817",Calle,,RAFAELA,Castellanos,Asfalto,S/D,V,S/D,Urbana,S/D,S/D,Intersección,S/D,S/D,S/D,S/D,S/D,Ciclista,Atropello,S/D,S/D,S/D,S/D
2020,4297,2020-07-25,Sabado,,,0.0,2,"Automóvil,Automóvil",Dante Alighieri Y Garibaldi,2,1,0,0,1,0,0,"    -33.05238, -61.17597",Calle,,CASILDA,Caseros,S/D,S/D,IV,Dentro,Urbana,S/D,S/D,Intersección,S/D,S/D,S/D,S/D,Lateral,S/D,Colisión,S/D,S/D,S/D,Sin restricción
2020,4298,2020-10-04,Domingo,,Ruta Nacional 33,545.0,2,"Camión,Camión", ,2,1,1,0,0,0,0,"-34.24369, -62.64707",Ruta,33,RUFINO,General LÓPEZ,S/D,S/D,VIII,S/D,S/D,S/D,S/D,S/D,S/D,S/D,S/D,S/D,S/D,S/D,S/D,S/D,S/D,S/D,S/D
2020,4299,2020-10-10,Sabado,,,0.0,2,"Moto/Ciclomotor,Automóvil",Suipacha-Calle 74 ,3,1,2,0,0,0,0,"-31.43233, -62.06094",Calle,,FRONTERA,Castellanos,Asfalto,S/D,V,S/D,Urbana,S/D,S/D,Recta,S/D,S/D,S/D,S/D,S/D,S/D,Colisión,S/D,S/D,S/D,S/D
2020,4300,2020-07-18,Sabado,01:22:00,,0.0,1,Moto/Ciclomotor,Guillermo Brown Y Almafuerte,1,0,1,0,0,0,0,"-33.73774, -61.96601",Calle,,VENADO TUERTO,General LÓPEZ,S/D,S/D,VIII,S/D,Urbana,S/D,S/D,Intersección,S/D,S/D,Nocturna,S/D,S/D,S/D,Cañda ocupante,S/D,S/D,S/D,S/D
2020,4301,2020-10-04,Domingo,10:30:00,,0.0,1,Moto/Ciclomotor, ,1,1,0,0,0,0,0,"-32.45737, -60.88747",S/D,,MACIEL,San JERÓNIMO,S/D,S/D,XVII,S/D,S/D,S/D,S/D,S/D,S/D,S/D,S/D,S/D,S/D,S/D,S/D,S/D,S/D,S/D,S/D
2020,4302,2020-07-18,Sabado,05:50:00,,0.0,1,Moto/Ciclomotor,Roca Y Bv 12 de octubre,1,1,0,0,0,0,0,"-33.75703, -61.97251",Calle,,VENADO TUERTO,General LÓPEZ,S/D,S/D,VIII,S/D,Urbana,S/D,S/D,Intersección,S/D,S/D,Nocturna,S/D,S/D,S/D,Cañda ocupante,S/D,S/D,S/D,S/D
2020,4304,2020-10-04,Domingo,14:45:00,,0.0,1,Moto/Ciclomotor,9 de Julio Y Av Paganini,1,1,0,0,0,0,0,"-32.23113, -60.98024",S/D,,BARRANCAS,San JERÓNIMO,S/D,S/D,XV,S/D,S/D,S/D,S/D,S/D,S/D,S/D,S/D,S/D,S/D,S/D,Despiste,S/D,S/D,S/D,S/D
2020,4305,2020-06-27,Sabado,09:40:00,,0.0,2,"Moto/Ciclomotor,Automóvil",Reg 12 de Infanteria Y Republica de Siria,2,0,0,0,1,1,0,"-31.599, -60.68874",Calle,,SANTA FE,La Capital,Asfalto,No existe,I,Dentro,Urbana,S/D,No existe,Intersección,Bueno,S/D,Diurna,S/D,S/D,S/D,Colisión,Ninguna,Faltante,Ninguna,S/D
2020,4306,2020-07-18,Sabado,10:10:00,,0.0,2,"Moto/Ciclomotor,Pickup/Utilitario",Carlos Pellegrini Y Almafuerte,2,1,0,0,1,0,0,"-33.74733, -61.95858",Calle,,VENADO TUERTO,General LÓPEZ,S/D,S/D,VIII,S/D,Urbana,S/D,S/D,Intersección,S/D,S/D,Diurna,S/D,S/D,S/D,Colisión,S/D,S/D,S/D,S/D
2020,4307,2020-10-15,Jueves,17:35:00,,0.0,2,"Moto/Ciclomotor,Automóvil",Av. Provincias Unidas Y La Paz,2,1,0,0,1,0,0,"-32.95571, -60.7119",Calle,,ROSARIO,Rosario,Asfalto,Pavimento,II,S/D,Urbana,Ninguna,No existe,Intersección,Bueno,Buena,"Diurna,Con luz artificial",Buen Tiempo,Otro,S/D,Colisión,Ninguna,Faltante,Ninguna,Sin restricción
2020,4308,2020-10-05,Lunes,02:45:00,,0.0,1,Moto/Ciclomotor,Av Pte Peron Y Candido Pujato,2,2,0,0,0,0,0,"-31.63112, -60.71757",S/D,,SANTA FE,La Capital,S/D,S/D,I,S/D,S/D,S/D,S/D,S/D,S/D,S/D,S/D,S/D,S/D,S/D,S/D,S/D,S/D,S/D,S/D
2020,4309,2020-07-18,Sabado,10:50:00,,0.0,2,"Moto/Ciclomotor,Pickup/Utilitario",P Jose T Maxwell Y Lisandro de la Torre,2,1,0,0,1,0,0,"-33.73265, -61.98629",Calle,,VENADO TUERTO,General LÓPEZ,S/D,S/D,VIII,S/D,Urbana,S/D,S/D,Intersección,S/D,S/D,Diurna,S/D,S/D,S/D,Colisión,S/D,S/D,S/D,S/D
2020,4310,2020-10-15,Jueves,17:20:00,,0.0,2,"Automóvil,Moto/Ciclomotor",Bertole Y C.Larralde,4,2,0,0,2,0,0,"-32.96543, -60.72607",Calle,,ROSARIO,Rosario,Asfalto,Pavimento,II,S/D,Urbana,Ninguna,No existe,Intersección,Bueno,Buena,Diurna,Buen Tiempo,Otro,S/D,Colisión,Ninguna,Faltante,Ninguna,Sin restricción
2020,4311,2020-10-05,Lunes,,,0.0,2,"Automóvil,Automóvil",CLUCELLAS Y RICARDO ALDAO,4,1,0,0,3,0,0,"-31.63112, -60.71757",S/D,,SANTA FE,La Capital,S/D,S/D,I,S/D,S/D,S/D,S/D,S/D,S/D,S/D,S/D,S/D,S/D,S/D,S/D,S/D,S/D,S/D,S/D
2020,4312,2020-10-09,Viernes,08:00:00,,0.0,2,"Moto/Ciclomotor,Moto/Ciclomotor",Bv. 27 De Febrero Y J.Colombres,2,0,1,0,0,0,1,"-32.95977, -60.72508",Avenida,,ROSARIO,Rosario,Asfalto,Pavimento,II,S/D,Urbana,Otra Señal,Funciona,Otro,Bueno,Buena,Diurna,Buen Tiempo,Lateral,S/D,Colisión,Ninguna,"Horizontal,Vertical",Ninguna,Sin restricción
2020,4313,2020-07-18,Sabado,13:05:00,,0.0,2,"Moto/Ciclomotor,Moto/Ciclomotor",Lopez Y Lisandro de la Torre,2,1,0,0,0,0,1,"-33.74573, -61.97605",Calle,,VENADO TUERTO,General LÓPEZ,S/D,S/D,VIII,S/D,Urbana,S/D,S/D,Intersección,S/D,S/D,Diurna,S/D,S/D,S/D,Colisión,S/D,S/D,S/D,S/D
2020,4314,2020-10-09,Viernes,09:30:00,,0.0,2,"Automóvil,Moto/Ciclomotor",Av. Pte.Peron Y Garzon,2,1,0,0,1,0,0,"-32.96455, -60.70471",Calle,,ROSARIO,Rosario,Asfalto,Pavimento,II,S/D,Urbana,Semáforo,Funciona,Intersección,Bueno,Buena,Diurna,Buen Tiempo,Otro,S/D,Colisión,Ninguna,"Horizontal,Vertical",Ninguna,Sin restricción
2020,4315,2020-07-18,Sabado,18:11:00,,0.0,3,"Moto/Ciclomotor,Moto/Ciclomotor,Automóvil",Chile Y Falucho,3,2,0,0,1,0,0,"-33.75567, -61.95344",Calle,,VENADO TUERTO,General LÓPEZ,S/D,S/D,VIII,S/D,Urbana,S/D,S/D,Intersección,S/D,S/D,Atardecer,S/D,Múltiple,S/D,Colisión,S/D,S/D,S/D,S/D
2020,4316,2020-07-18,Sabado,,,0.0,2,"Automóvil,Moto/Ciclomotor",Av. Eva Peron Y Rio De Janeiro,2,2,0,0,0,0,0,"-32.93883, -60.6805",Avenida,,ROSARIO,Rosario,S/D,S/D,II,S/D,Urbana,S/D,S/D,Intersección,S/D,S/D,S/D,S/D,S/D,S/D,Colisión,S/D,S/D,S/D,S/D
2020,4317,2020-10-08,Jueves,15:00:00,,0.0,2,"Automóvil,Automóvil",Bv. 27 De Febrero Y P.L.Funes,2,1,0,0,1,0,0,"-32.95882,-60.70045",Calle,,ROSARIO,Rosario,Asfalto,Pavimento,II,S/D,Urbana,Otra Señal,No existe,Intersección,Bueno,Buena,Diurna,Buen Tiempo,Otro,S/D,Colisión,Ninguna,Horizontal,Ninguna,Sin restricción
2020,4318,2020-07-19,Domingo,,,0.0,1,Moto/Ciclomotor,Lavalle Y Oro�o,1,0,1,0,0,0,0,"-31.43454, -60.92975",Calle,,ESPERANZA,Las Colonias,S/D,S/D,XI,S/D,Urbana,S/D,S/D,Intersección,S/D,S/D,Nocturna,S/D,S/D,S/D,Despiste,S/D,S/D,S/D,S/D
2020,4319,2020-10-06,Martes,22:30:00,,0.0,1,Moto/Ciclomotor,Pasco Y  Valentin Alsina,2,2,0,0,0,0,0,"-33.04846, -61.19403",S/D,,CASILDA,Caseros,S/D,S/D,IV,S/D,S/D,S/D,S/D,S/D,S/D,S/D,S/D,S/D,S/D,S/D,Despiste,S/D,S/D,S/D,S/D
2020,4320,2020-10-05,Lunes,12:30:00,,0.0,2,"Automóvil,Automóvil",Amenabar Y Italia,3,1,0,0,2,0,0,"-32.85933, -61.15691",Calle,,ROSARIO,Rosario,S/D,S/D,II,Dentro,Urbana,S/D,S/D,S/D,S/D,S/D,S/D,S/D,S/D,S/D,S/D,S/D,S/D,S/D,S/D
2020,4321,2020-07-25,Sabado,,,0.0,1,Moto/Ciclomotor,Francia ,2,2,0,0,0,0,0,"    -31.63876, -60.71257",Calle,,SANTA FE,La Capital,Asfalto,No existe,I,Dentro,Urbana,S/D,No existe,Intersección,S/D,S/D,Nocturna,S/D,S/D,S/D,Cañda ocupante,S/D,S/D,S/D,S/D
2020,4322,2020-07-19,Domingo,,,0.0,2,"Moto/Ciclomotor,Automóvil",Av Almte Brown Y Pje Calcena,3,2,0,0,0,0,1,"-31.62623, -60.679",Calle,,SANTA FE,La Capital,S/D,S/D,I,S/D,Urbana,S/D,S/D,Intersección,S/D,S/D,Atardecer,S/D,S/D,S/D,Colisión,S/D,S/D,S/D,S/D
2020,4323,2020-06-03,Miercoles,08:40:00,Ruta Secundaria 81-s,73.0,2,"Moto/Ciclomotor,Camión", ,2,0,0,0,1,1,0,"-31.05707, -61.77444",Ruta,81-s,COLONIA FIDELA,Castellanos,S/D,S/D,V,Dentro,Rural,S/D,S/D,Recta,S/D,S/D,Diurna,S/D,S/D,S/D,Colisión,S/D,S/D,S/D,S/D
2020,4324,2020-10-06,Martes,12:55:00,,0.0,1,Automóvil, ,1,1,0,0,0,0,0,"-32.14346, -61.15087",S/D,,BERNARDO DE IRIGOYEN,San JERÓNIMO,S/D,S/D,XV,S/D,S/D,S/D,S/D,S/D,S/D,S/D,S/D,S/D,S/D,S/D,S/D,S/D,S/D,S/D,S/D
2020,4325,2020-07-19,Domingo,21:20:00,,0.0,2,"Moto/Ciclomotor,Automóvil",Nicolas Avellaneda Y Gral Jose de San Martin,2,1,0,0,1,0,0,"-33.73842, -61.97126",Calle,,VENADO TUERTO,General LÓPEZ,S/D,S/D,VIII,S/D,Urbana,S/D,S/D,Intersección,S/D,S/D,Nocturna,S/D,S/D,S/D,Colisión,S/D,S/D,S/D,S/D
2020,4326,2020-10-07,Miercoles,,,0.0,1,Moto/Ciclomotor,Bv. Oroño Y Pje. J.De La Cosa,1,0,1,0,0,0,0,"-32.93073, -60.65008",S/D,,ROSARIO,Rosario,S/D,S/D,II,S/D,S/D,S/D,S/D,S/D,S/D,S/D,S/D,S/D,S/D,S/D,S/D,S/D,S/D,S/D,S/D
2020,4327,2020-07-19,Domingo,21:25:00,,0.0,2,"Moto/Ciclomotor,Ambulancia",Gral Jose de San Martin Y Guillermo Brown,2,1,0,0,1,0,0,"-33.73999, -61.97005",Calle,,VENADO TUERTO,General LÓPEZ,S/D,S/D,VIII,S/D,Urbana,S/D,S/D,Intersección,S/D,S/D,Nocturna,S/D,S/D,S/D,Colisión,S/D,S/D,S/D,S/D
2020,4328,2020-10-07,Miercoles,08:05:00,Ruta Provincial 80,0.0,2,"Moto/Ciclomotor,Pickup/Utilitario", ,3,0,1,0,2,0,0,"-32.07323, -60.98621",Ruta,80,AROCENA,San JERÓNIMO,S/D,S/D,XV,S/D,S/D,S/D,S/D,S/D,S/D,S/D,S/D,S/D,S/D,S/D,S/D,S/D,S/D,S/D,S/D
2020,4329,2020-07-20,Lunes,,,0.0,2,"Moto/Ciclomotor,Automóvil",Cordoba Y Matheu,2,1,0,0,1,0,0,"-33.7489, -61.94065",Calle,,VENADO TUERTO,General LÓPEZ,S/D,S/D,VIII,S/D,Urbana,S/D,S/D,Intersección,S/D,S/D,S/D,S/D,S/D,S/D,Colisión,S/D,S/D,S/D,S/D
2020,4330,2020-07-26,Domingo,,Ruta Nacional 11,0.0,2,"Moto/Ciclomotor,Automóvil",Av San Martin Y Estrada,2,1,0,0,1,0,0,"    -32.78896, -60.72453",Ruta,11,FRAY LUIS BELTRÁN,San Lorenzo,Asfalto,S/D,XVII,Dentro,Urbana,S/D,S/D,Intersección,S/D,S/D,S/D,S/D,Lateral,S/D,Colisión,S/D,S/D,Ninguna,S/D
2020,4331,2020-07-28,Martes,,,0.0,2,"Bicicleta,Automóvil",Urquiza Y Balcarce,2,1,0,0,1,0,0,"    -32.94051, -60.65106",Calle,,ROSARIO,Rosario,Asfalto,S/D,II,Dentro,Urbana,S/D,S/D,Intersección,S/D,S/D,S/D,S/D,S/D,S/D,Colisión,S/D,S/D,S/D,S/D
2020,4332,2020-07-20,Lunes,18:10:00,,0.0,1,Automóvil,Chile Y 3 de Febrero,1,0,1,0,0,0,0,"-33.75987, -61.96119",Calle,,VENADO TUERTO,General LÓPEZ,S/D,S/D,VIII,S/D,Urbana,S/D,S/D,Intersección,S/D,S/D,Atardecer,S/D,Contra objeto fijo,S/D,Colisión,S/D,S/D,S/D,S/D
2020,4333,2020-07-20,Lunes,09:50:00,,0.0,2,"Moto/Ciclomotor,Automóvil",Dean Funes Y Gral Jose de San Martin,2,1,0,0,1,0,0,"-33.73917, -61.97068",Calle,,VENADO TUERTO,General LÓPEZ,S/D,S/D,VIII,S/D,Urbana,S/D,S/D,Intersección,S/D,S/D,Diurna,S/D,S/D,S/D,Colisión,S/D,S/D,S/D,S/D
2020,4334,2020-07-20,Lunes,13:55:00,,0.0,2,"Moto/Ciclomotor,Pickup/Utilitario",Leandro N Alem Y Paz,3,1,0,0,2,0,0,"-33.75515, -61.96109",Calle,,VENADO TUERTO,General LÓPEZ,S/D,S/D,VIII,S/D,Urbana,S/D,S/D,Intersección,S/D,S/D,Diurna,S/D,S/D,S/D,Colisión,S/D,S/D,S/D,S/D
2020,4335,2020-07-20,Lunes,11:20:00,,0.0,2,"Automóvil,Moto/Ciclomotor",Calle 20 Y Calle 5,2,1,0,0,1,0,0,"-29.11482, -59.65318",Calle,,AVELLANEDA,General Obligado,S/D,S/D,IX,S/D,Urbana,S/D,S/D,Intersección,S/D,S/D,Diurna,S/D,S/D,S/D,Colisión,S/D,S/D,S/D,S/D
2020,4336,2020-05-27,Miercoles,,,0.0,2,"Moto/Ciclomotor,Automóvil",Fray Luis Beltran Y Eva Peron,2,1,0,0,1,0,0,"    -31.8968, -61.85041",Calle,,SAN JORGE,San MARTÍN,S/D,S/D,III,Dentro,Urbana,S/D,S/D,Intersección,S/D,S/D,S/D,S/D,S/D,S/D,Colisión,S/D,S/D,S/D,S/D
2020,4337,2020-07-27,Lunes,,Ruta Provincial 20,0.0,1,Automóvil,Av Cincuentenario ,1,1,0,0,0,0,0,"    -32.27359, -61.90152",Ruta,20,MARÍA SUSANA,San MARTÍN,Hormigón,S/D,III,Dentro,Urbana,S/D,No existe,Recta,S/D,S/D,S/D,S/D,Contra objeto fijo,S/D,Colisión,S/D,S/D,S/D,S/D
2020,4338,2020-07-20,Lunes,16:46:00,Ruta Nacional 11,615.0,2,"Moto/Ciclomotor,Pickup/Utilitario", ,3,1,0,0,2,0,0,"-28.04032, -59.22431",Ruta,11,FLORENCIA,General Obligado,S/D,S/D,IX,S/D,Urbana,S/D,S/D,Recta,S/D,S/D,Diurna,S/D,S/D,S/D,Colisión,S/D,S/D,S/D,S/D
2020,4339,2020-07-21,Martes,13:41:00,Ruta Nacional 8,334.0,2,"Moto/Ciclomotor,Pickup/Utilitario", ,2,1,0,0,1,0,0,"-33.75871, -61.97117",Ruta,8,VENADO TUERTO,General LÓPEZ,S/D,S/D,VIII,S/D,Urbana,S/D,S/D,Recta,S/D,S/D,Diurna,S/D,S/D,S/D,Colisión,S/D,S/D,S/D,S/D
2020,4340,2020-07-21,Martes,16:55:00,,0.0,2,"Moto/Ciclomotor,Moto/Ciclomotor",Chaco Y Dr Angel Re,4,3,0,0,1,0,0,"-33.73483, -61.95483",Calle,,VENADO TUERTO,General LÓPEZ,S/D,S/D,VIII,S/D,Urbana,S/D,S/D,Intersección,S/D,S/D,Diurna,S/D,S/D,S/D,Colisión,S/D,S/D,S/D,S/D
2020,4341,2020-07-21,Martes,11:00:00,,0.0,2,"Automóvil,Transporte de Pasajeros Urbano (> 8 asientos)",Av Blas Parera Y M De Polonia,5,4,0,0,1,0,0,"-31.61404, -60.71782",Avenida,,SANTA FE,La Capital,S/D,S/D,I,S/D,Urbana,S/D,S/D,Intersección,S/D,S/D,Diurna,S/D,Frontal,S/D,Colisión,S/D,S/D,S/D,S/D
2020,4343,2020-11-09,Lunes,11:00:00,,0.0,2,"Automóvil,Moto/Ciclomotor",Dr Zavalla Y Larrea,2,1,0,0,1,0,0,"-31.59254, -60.70479",Calle,,SANTA FE,La Capital,Asfalto,Pavimento,I,S/D,Urbana,Ninguna,No existe,Intersección,Bueno,Buena,Diurna,Buen Tiempo,Lateral,S/D,Colisión,Ninguna,Vertical,Ninguna,Sin restricción