anio_acci,nro_acci,fecha,desc_dia,hora_aprox,desc_ruta,km,cant_participantes,desc_participante,calle_avenida_km,total,heridos_leves,heridos_graves,heridos_gravisimos,ilesos,fallecidos,sin_datos,posicion_XY,desc_tipo_via,desc_ruta_ori,desc_loc,desc_dpto,desc_tipo_calzada,desc_tipo_banquina,desc_unidad_regional,desc_lugar_calzada,desc_zona,desc_prioridad,desc_estado_semaforo,desc_lugar_via,desc_estado_via,desc_estado_visibilidad,desc_luminosidad,desc_estado_clima,desc_tipo_colision,desc_tipo_atropello,desc_tipo_hecho,desc_pres_calzada,desc_senializacion,desc_separacion_via,desc_restriccion
2020,4344,2020-10-01,Jueves,10:30:00,,0.0,2,"Moto/Ciclomotor,Pickup/Utilitario",Arenales Y Bv Pte Roca,2,1,0,0,1,0,0,"-31.25244, -61.49391",S/D,,RAFAELA,Castellanos,S/D,S/D,V,S/D,S/D,S/D,S/D,S/D,S/D,S/D,S/D,S/D,S/D,S/D,S/D,S/D,S/D,S/D,S/D
2020,4345,2020-11-09,Lunes,15:40:00,,0.0,2,"Automóvil,Moto/Ciclomotor",Av J J Paso Y Dr Zavalla,2,1,0,0,1,0,0,"-31.6612, -60.72459",Avenida,,SANTA FE,La Capital,Asfalto,S/D,I,S/D,Urbana,Ninguna,S/D,Intersección,Bueno,Buena,Diurna,Buen Tiempo,S/D,S/D,Colisión,Ninguna,Vertical,Ninguna,Sin restricción
2020,4346,2020-11-10,Martes,08:00:00,,0.0,2,"Moto/Ciclomotor,Moto/Ciclomotor",Av Freyre Y Juan de Garay,3,1,0,0,1,0,1,"-31.65046, -60.71974",Calle,,SANTA FE,La Capital,Asfalto,S/D,I,S/D,Urbana,Ninguna,S/D,Intersección,Bueno,Buena,Diurna,Buen Tiempo,S/D,S/D,Colisión,Ninguna,S/D,S/D,Sin restricción
2020,4347,2020-11-10,Martes,23:00:00,,0.0,2,"Bicicleta,Automóvil",Av J J Paso Y Dr Zavalla,2,1,0,0,0,0,1,"-31.6612, -60.72458",Calle,,SANTA FE,La Capital,Asfalto,No existe,I,S/D,Urbana,Ninguna,No existe,Intersección,Bueno,S/D,Con luz artificial,Buen Tiempo,S/D,Ciclista,Atropello,Ninguna,Vertical,Barrera de hormigón,Sin restricción
2020,4348,2020-10-01,Jueves,11:00:00,,0.0,2,"Pickup/Utilitario,Camión",Calle 107 Y Calle 2-Constituyentes,4,3,0,0,1,0,0,"-29.14853, -59.63669",S/D,,RECONQUISTA,General Obligado,S/D,S/D,IX,S/D,S/D,S/D,S/D,S/D,S/D,S/D,S/D,S/D,S/D,S/D,S/D,S/D,S/D,S/D,S/D
2020,4349,2020-11-11,Miercoles,05:20:00,,0.0,2,"Moto/Ciclomotor,Moto/Ciclomotor",Av Freyre 1900,2,2,0,0,0,0,0,"-31.65167, -60.72006",Avenida,,SANTA FE,La Capital,Asfalto,S/D,I,S/D,Urbana,Ninguna,S/D,Recta,Con baches,S/D,Amanecer,S/D,S/D,S/D,"Cañda ocupante,Colisión",Agua,S/D,S/D,Sin restricción
2020,4350,2020-07-21,Martes,09:18:00,,0.0,2,"Bicicleta,Pickup/Utilitario",Calle 26 - Bolivar Y Calle 21-Gdor. iriondo,2,1,0,0,1,0,0,"-29.14689, -59.65143",Calle,,RECONQUISTA,General Obligado,S/D,S/D,IX,S/D,Urbana,S/D,S/D,Intersección,S/D,S/D,Diurna,S/D,S/D,Ciclista,Atropello,S/D,S/D,S/D,S/D
2020,4351,2020-10-01,Jueves,18:15:00,,0.0,1,Moto/Ciclomotor,Juan Jose Castelli Y Aguero,2,1,0,0,1,0,0,"-33.73713, -61.97079",S/D,,VENADO TUERTO,General LÓPEZ,S/D,S/D,VIII,S/D,S/D,S/D,S/D,S/D,S/D,S/D,S/D,S/D,Contra objeto fijo,S/D,Colisión,S/D,S/D,S/D,S/D
2020,4352,2020-11-12,Jueves,13:00:00,,0.0,3,"Pickup/Utilitario,Bicicleta,Bicicleta",Entre Rios Y Gdor Freyre,3,2,0,0,1,0,0,"-31.65803, -60.72231",Calle,,SANTA FE,La Capital,Asfalto,No existe,I,S/D,Urbana,Ninguna,S/D,Intersección,Con baches,Buena,Diurna,Buen Tiempo,S/D,Ciclista,Atropello,Ninguna,Vertical,Ninguna,Sin restricción
2020,4353,2020-07-21,Martes,16:20:00,,0.0,2,"Moto/Ciclomotor,Automóvil",Urquiza Y General Lopez,3,2,0,0,1,0,0,"-32.74769, -60.73525",Calle,,SAN LORENZO,San Lorenzo,S/D,S/D,XVII,S/D,Urbana,S/D,S/D,Intersección,S/D,S/D,Diurna,S/D,S/D,S/D,Colisión,S/D,S/D,S/D,S/D
2020,4354,2020-10-01,Jueves,12:05:00,,0.0,1,Bicicleta,Falucho Y Turner S,1,1,0,0,0,0,0,"-33.75843, -61.95129",S/D,,VENADO TUERTO,General LÓPEZ,"Asfalto,Ripio",No existe,VIII,S/D,S/D,Ninguna,No existe,Intersección,Bueno,Buena,Diurna,Buen Tiempo,S/D,S/D,Cañda ocupante,Ninguna,Faltante,"Ninguna,S/D",Sin restricción
2020,4355,2020-11-13,Viernes,10:35:00,,0.0,2,"Automóvil,Bicicleta",Av Freyre Y Av Gral Lopez,2,1,0,0,1,0,0,"-31.65511, -60.72105",Avenida,,SANTA FE,La Capital,Asfalto,No existe,I,S/D,Urbana,Ninguna,No existe,Intersección,Con baches,Buena,Diurna,Buen Tiempo,S/D,Ciclista,Atropello,Ninguna,Vertical,Ninguna,Sin restricción
2020,4356,2020-07-22,Miercoles,,,0.0,2,"Moto/Ciclomotor,Automóvil",San Luis Y Servando Bayo,2,1,0,0,1,0,0,"-32.94073, -60.68523",Calle,,ROSARIO,Rosario,S/D,S/D,II,S/D,Urbana,S/D,S/D,Intersección,S/D,S/D,S/D,S/D,S/D,S/D,Colisión,S/D,S/D,S/D,S/D
2020,4357,2020-10-01,Jueves,,,0.0,1,Moto/Ciclomotor,San Lorenzo Y Pueyrredon,1,1,0,0,0,0,0,"-32.94072, -60.65684",S/D,,ROSARIO,Rosario,S/D,S/D,II,S/D,S/D,S/D,S/D,S/D,S/D,S/D,S/D,S/D,S/D,S/D,S/D,S/D,S/D,S/D,S/D
2020,4358,2020-11-13,Viernes,20:00:00,Ruta Nacional 11,0.0,2,"Automóvil,Bicicleta", ,2,1,0,0,1,0,0,"-31.66382, -60.73371",Ruta,11,SANTA FE,La Capital,Asfalto,Natural,I,S/D,Urbana,Ninguna,No existe,Rotonda,Con baches,Reducida,Con luz artificial,Buen Tiempo,S/D,Ciclista,Atropello,Ninguna,"Horizontal,Vertical",Cordón divisorio,Sin restricción
2020,4359,2020-11-10,Martes,18:45:00,,0.0,2,"Moto/Ciclomotor,Pickup/Utilitario",San Lorenzo Y Santiago del Estero,3,2,0,0,1,0,0,"-31.63556, -60.7144",Calle,,SANTA FE,La Capital,Hormigón,No existe,I,Dentro,Urbana,Ninguna,No existe,Intersección,Bueno,Reducida,Atardecer,Buen Tiempo,Lateral,S/D,Colisión,Ninguna,Faltante,Ninguna,Sin restricción
2020,4360,2020-07-22,Miercoles,11:15:00,Autovía Nacional 19,25.0,1,Automóvil, ,1,1,0,0,0,0,0,"-31.62704, -61.03485",Autovía,19,SAN CARLOS NORTE,Las Colonias,S/D,S/D,XI,S/D,Rural,S/D,S/D,Recta,S/D,S/D,Diurna,S/D,S/D,S/D,Vuelco,S/D,S/D,S/D,S/D
2020,4361,2020-10-02,Viernes,,,0.0,2,"Moto/Ciclomotor,Moto/Ciclomotor",Bv Santa Fe Y 9 de Julio,2,2,0,0,0,0,0,"-31.25289, -61.49066",S/D,,RAFAELA,Castellanos,S/D,S/D,V,S/D,S/D,S/D,S/D,S/D,S/D,S/D,S/D,S/D,S/D,S/D,S/D,S/D,S/D,S/D,S/D
2020,4362,2020-10-02,Viernes,,,0.0,2,"Moto/Ciclomotor,Automóvil",A Aguado Y Aaron Castellanos,2,1,0,0,1,0,0,"-31.26315, -61.4811",S/D,,RAFAELA,Castellanos,S/D,S/D,V,S/D,S/D,S/D,S/D,S/D,S/D,S/D,S/D,S/D,S/D,S/D,S/D,S/D,S/D,S/D,S/D
2020,4363,2020-11-12,Jueves,16:45:00,,0.0,2,"Moto/Ciclomotor,Automóvil",Francia Y Salvador Caputo,2,1,0,0,1,0,0,"-31.6383, -60.71251",Calle,,SANTA FE,La Capital,Hormigón,No existe,I,Dentro,Urbana,Semáforo,Funciona,Intersección,Bueno,Buena,Diurna,Buen Tiempo,Lateral,S/D,Colisión,Ninguna,Faltante,Ninguna,Sin restricción
2020,4364,2020-07-22,Miercoles,17:20:00,Ruta Nacional 11,476.0,2,"Moto/Ciclomotor,Automóvil", ,2,1,0,0,1,0,0,"-29.12886, -59.65395",Ruta,11,RECONQUISTA,General Obligado,S/D,S/D,IX,S/D,Urbana,S/D,S/D,Recta,S/D,S/D,Diurna,S/D,S/D,S/D,Colisión,S/D,S/D,S/D,S/D
2020,4365,2020-11-13,Viernes,17:20:00,,0.0,2,"Automóvil,Peatón",Av Freyre Y Vera,2,1,0,0,1,0,0,"-31.64121, -60.71737",Avenida,,SANTA FE,La Capital,Hormigón,No existe,I,Dentro,Urbana,Ninguna,No existe,Intersección,Bueno,Buena,Diurna,Buen Tiempo,S/D,Peatón,Atropello,Ninguna,Faltante,Ninguna,Sin restricción
2020,4366,2020-07-17,Viernes,,,0.0,2,"Automóvil,Automóvil",Urquiza ,5,4,0,0,1,0,0,"-32.95883, -60.693",S/D,,ROSARIO,Rosario,S/D,S/D,II,S/D,S/D,S/D,S/D,S/D,S/D,S/D,S/D,S/D,S/D,S/D,S/D,S/D,S/D,S/D,S/D
2020,4367,2020-07-28,Martes,,,0.0,2,"Bicicleta,Automóvil",Washington Y Tucuman,2,1,0,0,1,0,0,"    -33.05126, -61.16947",Calle,,CASILDA,Caseros,Asfalto,S/D,IV,Dentro,Urbana,S/D,S/D,Intersección,S/D,S/D,S/D,S/D,S/D,Ciclista,Atropello,S/D,S/D,S/D,S/D
2020,4368,2020-11-10,Martes,11:05:00,,0.0,2,"Automóvil,Pickup/Utilitario",Saavedra Y Juan Del Campillo,2,0,0,0,0,0,2,"-31.62811, -60.71074",Calle,,SANTA FE,La Capital,Asfalto,No existe,I,S/D,Urbana,Semáforo,Funciona,Intersección,Bueno,Buena,Diurna,Buen Tiempo,Lateral,S/D,Colisión,Ninguna,Vertical,Línea divisoria pintada,Sin restricción
2020,4370,2020-11-10,Martes,20:30:00,,0.0,2,"Moto/Ciclomotor,Pickup/Utilitario",Av Lopez y Planes Y Luciano Molinas,2,1,0,0,0,0,1,"-31.62936, -60.71397",Avenida,,SANTA FE,La Capital,Asfalto,No existe,I,S/D,Urbana,Semáforo,Funciona,Intersección,Bueno,Buena,Atardecer,Buen Tiempo,Lateral,S/D,Colisión,Ninguna,Vertical,Línea divisoria pintada,Sin restricción
2020,4371,2020-10-02,Viernes,,Ruta Secundaria 36-s,0.0,2,"Automóvil,Moto/Ciclomotor", ,2,1,0,0,1,0,0,"-31.79578, -60.97733",Ruta,36-s,MATILDE,Las Colonias,S/D,S/D,XI,S/D,S/D,S/D,S/D,S/D,S/D,S/D,S/D,S/D,S/D,S/D,S/D,S/D,S/D,S/D,S/D
2020,4372,2020-07-29,Miercoles,,,0.0,2,"Peatón,Automóvil",9 de Julio Y Mariano Comas,2,1,0,0,1,0,0,"    -31.63243, -60.70492",Calle,,SANTA FE,La Capital,Asfalto,S/D,I,Dentro,Urbana,S/D,S/D,Intersección,S/D,S/D,S/D,S/D,S/D,Peatón,Atropello,S/D,S/D,S/D,S/D
2020,4373,2020-11-12,Jueves,12:40:00,,0.0,2,"Moto/Ciclomotor,Moto/Ciclomotor",Av Lopez y Planes Y Pje Diego de Leiva,3,1,0,0,0,0,2,"-31.62799, -60.71388",Avenida,,SANTA FE,La Capital,Asfalto,No existe,I,S/D,Urbana,Semáforo,Funciona,Intersección,Bueno,Buena,Diurna,Buen Tiempo,Lateral,S/D,Colisión,Ninguna,Vertical,Línea divisoria pintada,Sin restricción
2020,4374,2020-07-22,Miercoles,08:30:00,,0.0,2,"Moto/Ciclomotor,Automóvil",Calle 5-Colon Y Roca Pte,2,1,0,0,1,0,0,"-29.13911, -59.64292",Calle,,RECONQUISTA,General Obligado,S/D,S/D,IX,S/D,Urbana,S/D,S/D,Intersección,S/D,S/D,Diurna,S/D,S/D,S/D,Colisión,S/D,S/D,S/D,S/D
2020,4375,2020-10-02,Viernes,,,0.0,2,"Moto/Ciclomotor,Automóvil",Libertad Y Av Gral San Martin,2,0,1,0,1,0,0,"-33.02108, -60.62972",S/D,,VILLA GOBERNADOR GÁLVEZ,Rosario,S/D,S/D,II,S/D,S/D,S/D,S/D,S/D,S/D,S/D,S/D,S/D,S/D,S/D,S/D,S/D,S/D,S/D,S/D
2020,4376,2020-11-11,Miercoles,08:20:00,,0.0,2,"Pickup/Utilitario,Moto/Ciclomotor",Lavaisse Y Mitre,2,1,0,0,1,0,0,"-31.61536, -60.68451",Calle,,SANTA FE,La Capital,Asfalto,No existe,I,S/D,Urbana,Ninguna,No existe,Intersección,Bueno,S/D,S/D,Buen Tiempo,Lateral,S/D,Colisión,Ninguna,S/D,Ninguna,Sin restricción
2020,4377,2020-07-29,Miercoles,,,0.0,2,"Automóvil,Automóvil",Av Circunvalaci�n ,4,2,0,0,2,0,0,"    -31.65967, -60.73429",Avenida,,SANTA FE,La Capital,Asfalto,Pavimento,I,Dentro,Rural,S/D,No existe,Recta,S/D,S/D,Con luz artificial,S/D,De alcance,S/D,Colisión,S/D,S/D,S/D,S/D
2020,4378,2020-11-15,Domingo,12:55:00,,0.0,2,"Moto/Ciclomotor,Peatón",Av Galicia Y Candioti,3,3,0,0,0,0,0,"-31.60674, -60.68646",Calle,,SANTA FE,La Capital,Asfalto,No existe,I,S/D,Urbana,Ninguna,No existe,Intersección,Ahuellamiento,Reducida,Diurna,Otro,S/D,Peatón,Atropello,Otro,Faltante,Ninguna,Sin restricción
2020,4379,2020-07-29,Miercoles,12:00:00,,0.0,2,"Moto/Ciclomotor,Pickup/Utilitario",Av. Battle y Ordo�ez 3100,2,1,0,0,1,0,0,"    -33.00974, -60.67733",Avenida,,ROSARIO,Rosario,Asfalto,S/D,II,Dentro,Urbana,S/D,S/D,Intersección,S/D,S/D,S/D,S/D,S/D,S/D,Colisión,S/D,S/D,S/D,S/D
2020,4380,2020-10-03,Sabado,10:10:00,,0.0,2,"Moto/Ciclomotor,Pickup/Utilitario",Juan Lavalle Y Quintana,2,1,0,0,1,0,0,"-33.73739, -61.97806",S/D,,VENADO TUERTO,General LÓPEZ,S/D,S/D,VIII,S/D,S/D,S/D,S/D,S/D,S/D,S/D,S/D,S/D,S/D,S/D,S/D,S/D,S/D,S/D,S/D
2020,4381,2020-07-23,Jueves,19:30:00,,0.0,2,"Moto/Ciclomotor,Automóvil",Velez Sarfield Y Antonio Podio,3,1,1,0,1,0,0,"-31.25240676319,-61.512430652585",Calle,,RAFAELA,Castellanos,S/D,S/D,V,S/D,Urbana,S/D,S/D,Intersección,S/D,S/D,Atardecer,S/D,S/D,S/D,Colisión,S/D,S/D,S/D,S/D
2020,4382,2020-11-11,Miercoles,11:00:00,,0.0,2,"Pickup/Utilitario,Automóvil", ,2,2,0,0,0,0,0,"-31.60236, -60.67467",Calle,,SANTA FE,La Capital,S/D,No existe,I,S/D,Urbana,Ninguna,No existe,Otro,Otro,Reducida,Con luz artificial,Otro,Otro,S/D,Colisión,Otro,Faltante,Ninguna,Sin restricción
2020,4383,2020-07-23,Jueves,,,0.0,2,"Moto/Ciclomotor,Automóvil",Alfonsina Storni Y Remedios de Escalada,2,0,1,0,1,0,0,"-31.26284, -61.48906",Calle,,RAFAELA,Castellanos,S/D,S/D,V,S/D,Urbana,S/D,S/D,Intersección,S/D,S/D,S/D,S/D,S/D,S/D,Colisión,S/D,S/D,S/D,S/D
2020,4384,2020-10-03,Sabado,10:45:00,Ruta Nacional 8,0.0,2,"Pickup/Utilitario,Camión",Roque Saenz Pe�a ,4,4,0,0,0,0,0,"-33.74287, -61.98344",Ruta,8,VENADO TUERTO,General LÓPEZ,S/D,S/D,VIII,S/D,S/D,S/D,S/D,S/D,S/D,S/D,S/D,S/D,S/D,S/D,S/D,S/D,S/D,S/D,S/D
2020,4385,2020-11-09,Lunes,22:20:00,,0.0,2,"Moto/Ciclomotor,Automóvil",Av Gral Paz Y Padre Genesio,2,2,0,0,0,0,0,"-31.60405, -60.67513",Avenida,,SANTA FE,La Capital,Asfalto,No existe,I,Dentro,Urbana,Ninguna,No existe,Intersección,S/D,Reducida,Diurna,Otro,S/D,S/D,Colisión,Otro,Faltante,Ninguna,Sin restricción
2020,4386,2020-07-31,Viernes,,,0.0,2,"Pickup/Utilitario,Moto/Ciclomotor", ,2,1,0,0,1,0,0,"    -31.44885, -60.93045",S/D,,ESPERANZA,Las Colonias,S/D,S/D,XI,S/D,S/D,S/D,S/D,S/D,S/D,S/D,S/D,S/D,S/D,S/D,Colisión,S/D,S/D,S/D,S/D
2020,4387,2020-07-23,Jueves,,,0.0,2,"Moto/Ciclomotor,Automóvil",Rosario Y G Mainardi,2,0,1,0,1,0,0,"-31.24008, -61.49867",Calle,,RAFAELA,Castellanos,S/D,S/D,V,S/D,Urbana,S/D,S/D,Intersección,S/D,S/D,S/D,S/D,S/D,S/D,Colisión,S/D,S/D,S/D,S/D
2020,4388,2020-10-03,Sabado,11:42:00,,0.0,1,Moto/Ciclomotor,Jujuy Y Corrientes,3,2,0,0,1,0,0,"-33.73828, -61.95541",S/D,,VENADO TUERTO,General LÓPEZ,S/D,S/D,VIII,S/D,S/D,S/D,S/D,S/D,S/D,S/D,S/D,S/D,S/D,S/D,S/D,S/D,S/D,S/D,S/D
2020,4389,2020-11-09,Lunes,18:20:00,,0.0,2,"Automóvil,Moto/Ciclomotor",Saavedra Lamas Y Chaplin,2,1,0,0,1,0,0,"-31.50474, -60.73122",Calle,,RECREO,La Capital,Ripio,No existe,I,Dentro,Urbana,Ninguna,No existe,Intersección,Bueno,Buena,Diurna,Buen Tiempo,S/D,S/D,Colisión,Ninguna,Faltante,Ninguna,Sin restricción
2020,4390,2020-07-23,Jueves,17:00:00,,0.0,2,"Automóvil,Moto/Ciclomotor",Maipu Y P Avanthay,2,0,0,0,0,0,2,"-31.24943, -61.49992",Calle,,RAFAELA,Castellanos,S/D,S/D,V,S/D,Urbana,S/D,S/D,Intersección,S/D,S/D,Diurna,S/D,S/D,S/D,Colisión,S/D,S/D,S/D,S/D
2020,4391,2020-07-24,Viernes,,Ruta Provincial 62,0.0,1,Pickup/Utilitario, ,2,2,0,0,0,0,0,"    -31.11876, -60.54722",Ruta,62,CAYASTA,Garay,Asfalto,Natural,VII,Fuera,Rural,S/D,No existe,Recta,S/D,S/D,Con luz artificial,S/D,S/D,S/D,Despiste,S/D,S/D,S/D,S/D
2020,4392,2020-10-03,Sabado,12:16:00,,0.0,2,"Moto/Ciclomotor,Pickup/Utilitario",Piacenza Y Mariano Moreno,4,1,0,0,3,0,0,"-33.73594, -61.97779",S/D,,VENADO TUERTO,General LÓPEZ,S/D,S/D,VIII,S/D,S/D,S/D,S/D,S/D,S/D,S/D,S/D,S/D,S/D,S/D,S/D,S/D,S/D,S/D,S/D
2020,4393,2020-07-24,Viernes,,,0.0,1,Moto/Ciclomotor,Av Circunvalaci�n ,2,2,0,0,0,0,0,"    -31.62973, -60.73213",Avenida,,SANTA FE,La Capital,Asfalto,Pavimento,I,Dentro,Rural,S/D,No existe,Recta,S/D,S/D,Con luz artificial,S/D,S/D,S/D,Cañda ocupante,S/D,S/D,S/D,S/D
2020,4394,2020-07-23,Jueves,,,0.0,2,"Moto/Ciclomotor,Automóvil",Calle 21-Gdor. iriondo 1634,2,1,0,0,1,0,0,"-29.14507, -59.66536",Calle,,RECONQUISTA,General Obligado,S/D,S/D,IX,S/D,Urbana,S/D,S/D,Intersección,S/D,S/D,S/D,S/D,S/D,S/D,Colisión,S/D,S/D,S/D,S/D
2020,4395,2020-11-12,Jueves,13:10:00,,0.0,2,"Camión Chasis,Moto/Ciclomotor",Pautaso P Y Mariano Moreno,2,0,1,0,1,0,0,"-31.18272, -60.74997",Calle,,LLAMBI CAMPBELL,La Capital,Asfalto,S/D,I,S/D,Urbana,Ninguna,S/D,Intersección,Bueno,Buena,Diurna,Buen Tiempo,Lateral,S/D,Colisión,Ninguna,Vertical,S/D,S/D
2020,4396,2020-06-10,Miercoles,19:40:00,,0.0,2,"Peatón,Pickup/Utilitario",Moreno Y Lavalle,2,0,0,0,1,1,0,"-32.82007, -61.39679",Calle,,CAÑADA DE GÓMEZ,Iriondo,Asfalto,No existe,X,Dentro,Urbana,Ninguna,No existe,Intersección,Bueno,S/D,Nocturna,S/D,S/D,Peatón,Atropello,Ninguna,Faltante,Ninguna,Sin restricción
2020,4397,2020-11-10,Martes,08:15:00,Ruta Nacional 11,0.0,2,"Bicicleta,Automóvil",Juan Diaz De Solis Y Ruta Nac 11,2,1,0,0,1,0,0,"-31.703844643532, -60.801333253751",Ruta,11,SAUCE VIEJO,La Capital,Asfalto,Natural,I,S/D,Urbana,Ninguna,No existe,Recta,Bueno,S/D,Diurna,Buen Tiempo,S/D,Ciclista,Atropello,Ninguna,Horizontal,Línea divisoria pintada,Sin restricción
2020,4398,2020-10-03,Sabado,20:25:00,,0.0,2,"Moto/Ciclomotor,Automóvil",Libertad Y H L Amincton,2,1,0,0,1,0,0,"-33.73736, -61.94682",S/D,,VENADO TUERTO,General LÓPEZ,S/D,S/D,VIII,S/D,S/D,S/D,S/D,S/D,S/D,S/D,S/D,S/D,S/D,S/D,S/D,S/D,S/D,S/D,S/D
2020,4399,2020-07-23,Jueves,19:00:00,,0.0,2,"Moto/Ciclomotor,Moto/Ciclomotor",Calle 47-Islas Malvinas Y Calle 24 - Olessio,5,3,1,0,1,0,0,"-29.16093, -59.65232",Calle,,RECONQUISTA,General Obligado,S/D,S/D,IX,S/D,Urbana,S/D,S/D,Intersección,S/D,S/D,Atardecer,S/D,De alcance,S/D,Colisión,S/D,S/D,S/D,S/D
2020,4400,2020-11-13,Viernes,19:30:00,,0.0,2,"Automóvil,Automóvil",Sarmiento Y Florencio Sanchez,5,2,0,0,3,0,0,"-31.30349, -60.67086",Calle,,LAGUNA PAIVA,La Capital,Tierra,Natural,I,Dentro,Urbana,Ninguna,No existe,Intersección,Bueno,Buena,Atardecer,Buen Tiempo,Lateral,S/D,Colisión,Ninguna,Faltante,Ninguna,Sin restricción
2020,4401,2020-06-18,Jueves,00:50:00,Ruta Nacional 34,53.0,3,"Camión,Camión,Camión", ,3,2,0,0,0,1,0,"-32.60824, -61.16077",Ruta,34,TOTORAS,Iriondo,Asfalto,Natural,X,Dentro,Rural,Ninguna,No existe,Recta,Bueno,Reducida,Nocturna,Niebla,"De alcance,Múltiple",S/D,Colisión,Ninguna,Faltante,Línea divisoria pintada,Sin restricción
2020,4402,2020-10-03,Sabado,,,0.0,2,"Moto/Ciclomotor,Taxi/Remis",Fdo Fader Y Bernardo de Irigoyen,2,1,0,0,1,0,0,"-31.2634, -61.49418",S/D,,RAFAELA,Castellanos,S/D,S/D,V,S/D,S/D,S/D,S/D,S/D,S/D,S/D,S/D,S/D,S/D,S/D,S/D,S/D,S/D,S/D,S/D
2020,4403,2020-07-23,Jueves,,,0.0,2,"Moto/Ciclomotor,Automóvil",Calle 8 Y Calle 9,2,1,0,0,1,0,0,"-28.35982, -59.25994",Calle,,LAS TOSCAS,General Obligado,S/D,S/D,IX,S/D,Urbana,S/D,S/D,Intersección,S/D,S/D,S/D,S/D,S/D,S/D,Colisión,S/D,S/D,S/D,S/D
2020,4404,2020-11-09,Lunes,,Ruta Nacional 33,0.0,2,"Pickup/Utilitario,Pickup/Utilitario",Juan B Justo ,2,2,0,0,0,0,0,"-33.01709, -61.04001",Ruta,33,PUJATO,San Lorenzo,Asfalto,Pavimento,XVII,S/D,Urbana,Semáforo,Intermitente,Intersección,Bueno,Buena,"Nocturna,Con luz artificial",Buen Tiempo,Múltiple,S/D,Colisión,Ninguna,Vertical,Línea divisoria pintada,Sin restricción
2020,4405,2020-06-22,Lunes,23:15:00,,0.0,1,Moto/Ciclomotor, ,1,0,0,0,0,1,0,"-28.06049, -59.19493",Camino Rural,,FLORENCIA,General Obligado,S/D,S/D,IX,Dentro,Rural,S/D,S/D,Recta,S/D,S/D,Nocturna,S/D,S/D,S/D,Cañda ocupante,S/D,S/D,S/D,S/D
2020,4406,2020-10-03,Sabado,13:00:00,,0.0,2,"Moto/Ciclomotor,Pickup/Utilitario",Av. Pte.Peron 5700,2,0,1,0,1,0,0,"-32.96234, -60.70027",S/D,,ROSARIO,Rosario,S/D,S/D,II,S/D,S/D,S/D,S/D,S/D,S/D,S/D,S/D,S/D,S/D,S/D,S/D,S/D,S/D,S/D,S/D
2020,4407,2020-07-23,Jueves,,,0.0,1,Automóvil,Irigoyen Y Luis Borghi,1,1,0,0,0,0,0,"-32.75556, -60.73653",Calle,,SAN LORENZO,San Lorenzo,S/D,S/D,XVII,S/D,Urbana,S/D,S/D,Intersección,S/D,S/D,Nocturna,S/D,Contra objeto fijo,S/D,Colisión,S/D,S/D,S/D,S/D
2020,4408,2020-06-21,Domingo,01:10:00,Ruta Provincial 32,24.0,2,"Moto/Ciclomotor,Moto/Ciclomotor", ,4,0,1,0,0,3,0,"-28.50244, -59.34654",Ruta,32,VILLA OCAMPO,General Obligado,Asfalto,Pavimento,IX,Dentro,Rural,Ninguna,No existe,Recta,Bueno,S/D,Nocturna,S/D,S/D,S/D,Colisión,Ninguna,Faltante,Línea divisoria pintada,Sin restricción
2020,4409,2020-11-11,Miercoles,18:00:00,,0.0,2,"Tractor,Moto/Ciclomotor",Moreno Y Av Brig Lopez,2,1,0,0,1,0,0,"-32.66558, -60.78039",Calle,,TIMBÚES,San Lorenzo,Ripio,No existe,XVII,S/D,Rural,Ninguna,No existe,Intersección,Con baches,Buena,Diurna,Buen Tiempo,De alcance,S/D,Colisión,Ninguna,Faltante,Ninguna,Sin restricción
2020,4410,2020-06-23,Martes,05:30:00,Autopista Nacional Rosario -Cordoba,360.0,2,"Camión,Camión", ,2,0,0,0,0,2,0,"-32.84908, -61.37717",Autopista,Rosario -Cordoba,CAÑADA DE GÓMEZ,Iriondo,Asfalto,Natural,X,Dentro,Rural,Ninguna,No existe,Recta,Resbaladiza,S/D,Nocturna,Otro,Frontal,S/D,Colisión,Agua,Faltante,Línea divisoria pintada,Sin restricción
2020,4411,2020-11-10,Martes,15:30:00,Ruta Nacional 11,0.0,2,"Pickup/Utilitario,Moto/Ciclomotor",Ruta Nac 11 ,2,0,1,0,1,0,0,"-32.65814, -60.79965",Ruta,11,TIMBÚES,San Lorenzo,Asfalto,Ripio,XVII,S/D,Urbana,Ninguna,No existe,Recta,Bueno,Buena,Diurna,Buen Tiempo,De alcance,S/D,Colisión,Ninguna,Vertical,Línea divisoria pintada,Sin restricción
2020,4412,2020-10-03,Sabado,,,0.0,2,"Moto/Ciclomotor,Automóvil",La Pampa Y Cortada Catamarca,2,1,0,0,1,0,0,"-30.94985, -61.55083",S/D,,SUNCHALES,Castellanos,S/D,S/D,V,S/D,S/D,S/D,S/D,S/D,S/D,S/D,S/D,S/D,S/D,S/D,S/D,S/D,S/D,S/D,S/D
2020,4413,2020-08-01,Sabado,04:00:00,,0.0,2,"Automóvil,Moto/Ciclomotor", ,5,4,0,0,0,1,0,"-32.2191,-61.76019",Camino Rural,,EL TRÉBOL,San MARTÍN,Tierra,Natural,XVIII,S/D,Rural,Ninguna,No existe,Recta,Ahuellamiento,Reducida,Nocturna,Buen Tiempo,Frontal,S/D,Colisión,S/D,Faltante,Ninguna,Sin restricción
2020,4414,2020-10-03,Sabado,19:40:00,,0.0,1,Moto/Ciclomotor, ,1,0,1,0,0,0,0,"-28.2459, -59.45364",S/D,,VILLA GUILLERMINA,General Obligado,S/D,S/D,IX,S/D,S/D,S/D,S/D,S/D,S/D,S/D,S/D,S/D,Atropello animal,S/D,Colisión,S/D,S/D,S/D,S/D
2020,4415,2020-10-03,Sabado,,,0.0,1,Pickup/Utilitario,Av Cordoba ,1,1,0,0,0,0,0,"-31.44652, -60.94034",S/D,,ESPERANZA,Las Colonias,S/D,S/D,XI,S/D,S/D,S/D,S/D,S/D,S/D,S/D,S/D,S/D,S/D,S/D,Despiste,S/D,S/D,S/D,S/D
2020,4416,2020-11-09,Lunes,18:30:00,,0.0,1,Automóvil,Heroes de Malvinas ,1,1,0,0,0,0,0,"-32.69447, -60.77274",Calle,,PUERTO SAN MARTÍN,San Lorenzo,Tierra,No existe,XVII,Fuera,Rural,Ninguna,No existe,Recta,S/D,Buena,Atardecer,Buen Tiempo,Contra objeto fijo,S/D,Colisión,Ninguna,Horizontal,Ninguna,Sin restricción