anio_acci,nro_acci,fecha,desc_dia,hora_aprox,desc_ruta,km,cant_participantes,desc_participante,calle_avenida_km,total,heridos_leves,heridos_graves,heridos_gravisimos,ilesos,fallecidos,sin_datos,posicion_XY,desc_tipo_via,desc_ruta_ori,desc_loc,desc_dpto,desc_tipo_calzada,desc_tipo_banquina,desc_unidad_regional,desc_lugar_calzada,desc_zona,desc_prioridad,desc_estado_semaforo,desc_lugar_via,desc_estado_via,desc_estado_visibilidad,desc_luminosidad,desc_estado_clima,desc_tipo_colision,desc_tipo_atropello,desc_tipo_hecho,desc_pres_calzada,desc_senializacion,desc_separacion_via,desc_restriccion
2020,4417,2020-10-03,Sabado,21:00:00,Ruta Provincial 2,0.0,2,"Pickup/Utilitario,Moto/Ciclomotor",Ruta pcial 2 Av San Martin Y Buenos Aires,2,0,1,0,1,0,0,"-31.51752, -60.68128",Ruta,2,MONTE VERA,La Capital,S/D,S/D,I,S/D,Urbana,S/D,S/D,S/D,S/D,S/D,S/D,S/D,S/D,S/D,S/D,S/D,S/D,S/D,S/D
2020,4418,2020-11-14,Sabado,00:00:00,,0.0,1,Moto/Ciclomotor,Av Fray Luis Beltran Y Pte Illia -Ex. Entre Rios,1,1,0,0,0,0,0,"-32.79338, -60.73292",Avenida,,FRAY LUIS BELTRÁN,San Lorenzo,Tierra,Natural,XVII,S/D,Urbana,S/D,No existe,Recta,Con baches,Reducida polvo,Diurna,S/D,S/D,S/D,Vuelco,Material Suelto,Faltante,Cordón divisorio,Obra en Construcción
2020,4419,2020-11-10,Martes,14:40:00,,0.0,2,"Bicicleta,Automóvil",Rivarola Y Av. Circunvalacion,2,1,0,0,1,0,0,"-32.96606, -60.71923",Avenida,,ROSARIO,Rosario,Asfalto,Pavimento,II,S/D,Urbana,Ninguna,Funciona,Otro,Bueno,Buena,Diurna,Buen Tiempo,S/D,Ciclista,Atropello,Ninguna,Faltante,Ninguna,Sin restricción
2020,4420,2020-10-04,Domingo,06:52:00,,0.0,1,Moto/Ciclomotor,Gral Jose de San Martin Y Roca,2,2,0,0,0,0,0,"-31.402, -61.98987",S/D,,VENADO TUERTO,General LÓPEZ,S/D,S/D,VIII,S/D,S/D,S/D,S/D,S/D,S/D,S/D,S/D,S/D,S/D,S/D,Despiste,S/D,S/D,S/D,S/D
2020,4421,2020-11-12,Jueves,12:45:00,,0.0,2,"Automóvil,Otros",Poeta Fontanarrosa Y A.Maza,3,1,0,0,2,0,0,"-32.87566, -60.69213",Calle,,ROSARIO,Rosario,Asfalto,S/D,II,S/D,Urbana,S/D,S/D,Intersección,S/D,S/D,S/D,S/D,S/D,S/D,Colisión,S/D,S/D,S/D,S/D
2020,4422,2020-10-16,Viernes,00:40:00,Ruta Provincial 21,1.0,2,"Moto/Ciclomotor,Automóvil",San Martin ,5,0,1,0,4,0,0,"-33.02288, -60.62785",Ruta,21,ROSARIO,Rosario,Asfalto,No existe,II,Dentro,Urbana,Ninguna,No existe,Recta,Bueno,S/D,Nocturna,Buen Tiempo,Lateral,S/D,Colisión,Ninguna,S/D,Guardarrail,Sin restricción
2020,4423,2020-10-05,Lunes,17:30:00,Ruta Nacional 34,0.0,2,"Camión,Taxi/Remis", ,3,2,0,0,1,0,0,"-31.22268, -61.49842",Ruta,34,RAFAELA,Castellanos,S/D,S/D,V,S/D,S/D,S/D,S/D,S/D,S/D,S/D,S/D,S/D,S/D,S/D,S/D,S/D,S/D,S/D,S/D
2020,4424,2020-11-10,Martes,18:45:00,,0.0,2,"Automóvil,Moto/Ciclomotor",Comercio Y F.Rauch,3,1,0,0,2,0,0,"-32.90654, -60.69864",Calle,,ROSARIO,Rosario,Asfalto,No existe,II,Dentro,Urbana,S/D,No existe,Recta,Con baches,S/D,Atardecer,Buen Tiempo,S/D,S/D,Colisión,S/D,Faltante,S/D,S/D
2020,4425,2020-10-05,Lunes,15:00:00,,0.0,3,"Ambulancia,Pickup/Utilitario,Moto/Ciclomotor",AV ORO BLANCO ,4,3,0,0,1,0,0,"-29.1238, -59.65071",S/D,,AVELLANEDA,General Obligado,S/D,S/D,IX,S/D,S/D,S/D,S/D,S/D,S/D,S/D,S/D,S/D,S/D,S/D,S/D,S/D,S/D,S/D,S/D
2020,4426,2020-10-16,Viernes,10:45:00,,0.0,2,"Moto/Ciclomotor,Automóvil",Chile Y Av San Martin,3,1,0,0,2,0,0,"-32.84385, -60.70765",Calle,,GRANADERO BAIGORRIA,Rosario,Asfalto,No existe,II,S/D,Urbana,Semáforo,Funciona,Intersección,Bueno,Buena,Diurna,Buen Tiempo,Lateral,S/D,Colisión,Ninguna,Faltante,Guardarrail,Sin restricción
2020,4427,2020-08-08,Sabado,01:30:00,Ruta Provincial 14,15.0,1,Camión c / Acoplado,Ruta Provincial 14 ,1,0,0,0,0,1,0,"-33.12811,-60.83789",Ruta,14,PIÑERO,Rosario,Asfalto,Natural,II,S/D,Rural,Ninguna,No existe,Curva,Bueno,Reducida,Nocturna,Niebla,S/D,S/D,Vuelco,S/D,S/D,Línea divisoria pintada,Sin restricción
2020,4428,2020-11-13,Viernes,17:55:00,,0.0,2,"Pickup/Utilitario,Moto/Ciclomotor",3 De Febrero Y Pte.Roca,3,0,1,0,2,0,0,"-32.95153, -60.64671",Calle,,ROSARIO,Rosario,Asfalto,S/D,II,S/D,Urbana,S/D,S/D,Recta,Bueno,S/D,Diurna,S/D,S/D,S/D,Colisión,S/D,S/D,S/D,S/D
2020,4429,2020-10-06,Martes,17:30:00,,0.0,2,"Moto/Ciclomotor,Moto/Ciclomotor",Paraguay Y Mendoza,2,2,0,0,0,0,0,"-28.48993, -59.61387",S/D,,VILLA ANA,General Obligado,S/D,S/D,IX,S/D,S/D,S/D,S/D,S/D,S/D,S/D,S/D,S/D,S/D,S/D,S/D,S/D,S/D,S/D,S/D
2020,4430,2020-11-13,Viernes,10:40:00,,0.0,2,"Bicicleta,Automóvil",9 De Julio Y Alvear,2,1,0,0,1,0,0,"-32.95088, -60.6565",Calle,,ROSARIO,Rosario,Asfalto,S/D,II,S/D,Urbana,S/D,S/D,Intersección,S/D,S/D,S/D,S/D,S/D,Ciclista,Atropello,S/D,S/D,S/D,S/D
2020,4431,2020-08-08,Sabado,18:55:00,Ruta Nacional 34,119.0,2,"Automóvil,Camión c / Acoplado", ,2,0,0,0,1,1,0,"-33.12811,-60.83789",Ruta,34,CASAS,San MARTÍN,Asfalto,Natural,XVIII,Dentro,Rural,Ninguna,No existe,Curva,Bueno,Buena,Diurna,Buen Tiempo,Frontal,S/D,Colisión,Ninguna,"Horizontal,Vertical",Ninguna,Sin restricción
2020,4432,2020-10-07,Miercoles,,,0.0,2,"Automóvil,Moto/Ciclomotor",Casey Y Bartolome Mitre,2,1,0,0,1,0,0,"-28.48993, -59.61387",S/D,,VENADO TUERTO,General LÓPEZ,S/D,S/D,VIII,S/D,S/D,S/D,S/D,S/D,S/D,Reducida,S/D,S/D,S/D,S/D,S/D,S/D,S/D,S/D,S/D
2020,4433,2020-07-27,Lunes,,,0.0,2,"Pickup/Utilitario,Moto/Ciclomotor",Calle 11-Alvear Y Calle 26 - Bolivar,2,1,0,0,1,0,0,"    -29.14156, -59.65073",Calle,,ROSARIO,Rosario,Asfalto,S/D,II,Dentro,Urbana,S/D,S/D,Intersección,S/D,S/D,Diurna,S/D,Lateral,S/D,Colisión,S/D,S/D,S/D,S/D
2020,4434,2020-10-16,Viernes,18:00:00,Ruta Provincial 21,9.0,2,"Moto/Ciclomotor,Automóvil", ,4,0,2,0,2,0,0,"-33.08544, -60.56931",Ruta,21,PUEBLO ESTHER,Rosario,S/D,S/D,II,S/D,Urbana,S/D,S/D,Recta,S/D,S/D,Diurna,S/D,S/D,S/D,Colisión,S/D,S/D,S/D,S/D
2020,4435,2020-10-06,Martes,18:00:00,,0.0,2,"Automóvil,Automóvil",E Di Martino Y Juan B Justo,3,2,0,0,1,0,0,"-33.76262, -61.95159",S/D,,VENADO TUERTO,General LÓPEZ,S/D,S/D,VIII,S/D,S/D,S/D,S/D,S/D,S/D,S/D,S/D,S/D,S/D,S/D,S/D,S/D,S/D,S/D,S/D
2020,4436,2020-11-13,Viernes,13:30:00,,0.0,2,"Moto/Ciclomotor,Automóvil",Mariano Moreno Y Tucuman,2,1,0,0,1,0,0,"-32.93956, -60.64941",Calle,,ROSARIO,Rosario,Asfalto,S/D,II,S/D,Urbana,S/D,S/D,Recta,S/D,S/D,Diurna,S/D,S/D,S/D,Colisión,S/D,S/D,S/D,S/D
2020,4437,2020-10-07,Miercoles,17:00:00,,0.0,1,Automóvil, ,2,2,0,0,0,0,0,"-31.72488, -61.09231",S/D,,SAN CARLOS CENTRO,Las Colonias,S/D,S/D,XI,S/D,Rural,S/D,S/D,S/D,S/D,S/D,S/D,S/D,S/D,S/D,S/D,S/D,S/D,S/D,S/D
2020,4438,2020-10-16,Viernes,11:30:00,,0.0,2,"Transporte de Pasajeros Urbano (> 8 asientos),Automóvil",Bv. Argentino Y Donado,3,2,0,0,1,0,0,"-32.92419, -60.72763",Calle,,ROSARIO,Rosario,Asfalto,No existe,II,Dentro,Urbana,Ninguna,No existe,Intersección,Bueno,Buena,Diurna,Buen Tiempo,S/D,S/D,Colisión,Ninguna,Vertical,Ninguna,Sin restricción
2020,4439,2020-11-15,Domingo,20:25:00,,0.0,2,"Automóvil,Moto/Ciclomotor",Montevideo 2300,2,1,0,0,1,0,0,"-32.9532, -60.65707",Calle,,ROSARIO,Rosario,Asfalto,S/D,II,S/D,Urbana,S/D,S/D,Recta,S/D,S/D,Nocturna,S/D,S/D,S/D,Colisión,S/D,S/D,S/D,S/D
2020,4440,2020-07-24,Viernes,,,0.0,1,Automóvil,Falucho Y Bernardino Rivadavia,1,1,0,0,0,0,0,"    -33.75018, -61.95772",Calle,,VENADO TUERTO,General LÓPEZ,Asfalto,S/D,VIII,Dentro,Urbana,S/D,S/D,Intersección,S/D,S/D,S/D,S/D,Contra objeto fijo,S/D,Colisión,S/D,S/D,S/D,S/D
2020,4441,2020-11-12,Jueves,16:00:00,,0.0,2,"Moto/Ciclomotor,Automóvil",Salta Y Paraguay,2,1,0,0,1,0,0,"-32.93847, -60.64196",Calle,,ROSARIO,Rosario,Asfalto,S/D,II,S/D,Urbana,Semáforo,S/D,Intersección,Bueno,S/D,Diurna,S/D,S/D,S/D,Colisión,S/D,S/D,S/D,S/D
2020,4442,2020-11-10,Martes,09:10:00,,0.0,2,"Moto/Ciclomotor,Pickup/Utilitario",Av. Pellegrini Y Pascual Rosas,2,1,0,0,1,0,0,"-32.9488, -60.68869",Avenida,,ROSARIO,Rosario,Asfalto,No existe,II,Dentro,Urbana,Ninguna,No existe,Intersección,Bueno,Buena,Diurna,Buen Tiempo,De alcance,S/D,Colisión,Ninguna,Faltante,Ninguna,Sin restricción
2020,4443,2020-11-10,Martes,13:00:00,,0.0,2,"Moto/Ciclomotor,Automóvil",Catamarca Y Crespo,2,1,0,0,1,0,0,"-32.93525, -60.66679",Calle,,ROSARIO,Rosario,Asfalto,S/D,II,S/D,Urbana,Ninguna,No existe,Recta,Bueno,Buena,Diurna,Buen Tiempo,De alcance,S/D,Colisión,Ninguna,Faltante,Ninguna,Sin restricción
2020,4444,2020-10-16,Viernes,18:05:00,,0.0,2,"Automóvil,Moto/Ciclomotor",Av. Bermudez Y Reg.11 de Infanteria,2,1,0,0,1,0,0,"-32.9986, -60.64272",Calle,,ROSARIO,Rosario,Asfalto,S/D,II,Dentro,Urbana,S/D,No existe,Intersección,Bueno,Buena,Diurna,Buen Tiempo,Lateral,S/D,Colisión,Ninguna,S/D,S/D,S/D
2020,4445,2020-10-16,Viernes,08:30:00,,0.0,2,"Bicicleta,Automóvil",Catamarca Y Pueyrredon,2,1,0,0,1,0,0,"-32.93716, -60.6559",Calle,,ROSARIO,Rosario,Asfalto,S/D,II,S/D,Urbana,S/D,S/D,Intersección,Bueno,S/D,Diurna,S/D,S/D,Ciclista,Atropello,S/D,S/D,S/D,S/D
2020,4446,2020-11-07,Sabado,12:25:00,,0.0,2,"Pickup/Utilitario,Moto/Ciclomotor",Gorriti 4000,2,1,0,0,1,0,0,"-31.57868, -60.74637",S/D,,SANTA FE,La Capital,Asfalto,Pavimento,I,S/D,Urbana,Ninguna,No existe,Recta,Bueno,Buena,Diurna,Buen Tiempo,Lateral,S/D,Colisión,Ninguna,Vertical,Ninguna,Sin restricción
2020,4447,2020-10-16,Viernes,20:50:00,,0.0,2,"Peatón,Automóvil",Mariano Moreno Y San Juan,2,1,0,0,1,0,0,"-32.94798, -60.65153",Calle,,ROSARIO,Rosario,Asfalto,S/D,II,S/D,Urbana,S/D,S/D,Intersección,S/D,S/D,S/D,S/D,S/D,Peatón,Atropello,S/D,S/D,S/D,S/D
2020,4448,2020-11-12,Jueves,17:30:00,,0.0,2,"Moto/Ciclomotor,Pickup/Utilitario",Mendoza Y Valparaiso,2,1,0,0,1,0,0,"-32.94375, -60.68316",Calle,,ROSARIO,Rosario,Asfalto,No existe,II,Dentro,Urbana,Señal Pare,No existe,Intersección,Bueno,Buena,Diurna,Buen Tiempo,Lateral,S/D,Colisión,Ninguna,Vertical,Ninguna,Sin restricción
2020,4449,2020-11-05,Jueves,15:00:00,,0.0,2,"Automóvil,Moto/Ciclomotor",Intendente Manuel Irigoyen ,3,2,0,0,1,0,0,"-31.66241, -60.72853",S/D,,SANTA FE,La Capital,Asfalto,Pavimento,I,S/D,Urbana,Ninguna,No existe,Intersección,Bueno,Buena,Diurna,Buen Tiempo,S/D,S/D,Colisión,Ninguna,"Horizontal,Vertical",Cordón divisorio,Sin restricción
2020,4450,2020-10-16,Viernes,10:41:00,,0.0,2,"Bicicleta,Taxi/Remis",San Juan Y España,2,1,0,0,1,0,0,"-32.94866, -60.64745",Calle,,ROSARIO,Rosario,Asfalto,S/D,II,S/D,Urbana,S/D,S/D,Intersección,Bueno,S/D,Diurna,S/D,S/D,Ciclista,Atropello,S/D,S/D,S/D,S/D
2020,4451,2020-07-28,Martes,,,0.0,2,"Moto/Ciclomotor,Automóvil",Aguero Y Juan Jose Castelli,2,1,0,0,1,0,0,"    -33.73711, -61.97078",Calle,,VENADO TUERTO,General LÓPEZ,S/D,S/D,VIII,Dentro,Urbana,S/D,No existe,Intersección,S/D,S/D,S/D,S/D,Lateral,S/D,Colisión,S/D,S/D,S/D,S/D
2020,4452,2020-10-16,Viernes,20:25:00,,0.0,2,"Moto/Ciclomotor,Automóvil",W Maradona Y 9 de Julio,2,1,0,0,1,0,0,"-31.45216, -60.94393",Calle,,ESPERANZA,Las Colonias,Asfalto,No existe,XI,Dentro,Urbana,Ninguna,No existe,Intersección,Bueno,Buena,Nocturna,Buen Tiempo,S/D,S/D,Colisión,Ninguna,Horizontal,Cordón divisorio,Sin restricción
2020,4453,2020-10-16,Viernes,,,0.0,2,"Pickup/Utilitario,Moto/Ciclomotor",H Irigoyen Y Santa Fe,4,1,0,0,3,0,0,"-30.57801, -59.93654",Calle,,SAN JAVIER,San Javier,Tierra,Natural,XIV,Dentro,Urbana,Ninguna,No existe,Intersección,Bueno,Buena,Diurna,Buen Tiempo,S/D,S/D,Colisión,Ninguna,S/D,Ninguna,Sin restricción
2020,4454,2020-08-07,Viernes,17:15:00,,0.0,2,"Moto/Ciclomotor,Pickup/Utilitario",General Lopez Y Rivadavia,2,1,0,0,1,0,0,"-32.750496252548,-60.735292577252",Calle,,SAN LORENZO,San Lorenzo,Asfalto,No existe,XVIII,Dentro,Urbana,Ninguna,No existe,Intersección,S/D,S/D,Diurna,S/D,S/D,S/D,Colisión,S/D,Faltante,Ninguna,S/D
2020,4455,2020-08-09,Domingo,15:30:00,,0.0,2,"Moto/Ciclomotor,Moto/Ciclomotor",9 de Julio Y 25 de Mayo,2,1,0,0,1,0,0,"-30.788106348655,-60.595373094883",Calle,,SAN JUSTO,San Justo,Asfalto,No existe,XVI,Dentro,Urbana,Ninguna,No existe,Intersección,Bueno,Buena,Diurna,Buen Tiempo,Lateral,S/D,Colisión,Ninguna,Faltante,Ninguna,Sin restricción
2020,4456,2020-08-07,Viernes,20:50:00,,0.0,1,Moto/Ciclomotor,E Lopez 2750,1,1,0,0,0,0,0,"-30.784209222185,-60.59523126765",Calle,,SAN JUSTO,San Justo,Asfalto,No existe,XVI,Dentro,Urbana,Ninguna,No existe,Recta,Bueno,Buena,"Nocturna,Con luz artificial",Buen Tiempo,S/D,S/D,Cañda ocupante,Ninguna,Faltante,Ninguna,Sin restricción
2020,4457,2020-11-07,Sabado,14:20:00,,0.0,2,"Automóvil,Moto/Ciclomotor",San Lorenzo Y Amenabar,2,1,0,0,1,0,0,"-31.65743, -60.72075",Calle,,SANTA FE,La Capital,Asfalto,S/D,I,S/D,Urbana,Ninguna,S/D,Intersección,Bueno,Buena,Diurna,Buen Tiempo,S/D,S/D,Colisión,Ninguna,S/D,Ninguna,Sin restricción
2020,4458,2020-11-10,Martes,18:50:00,,0.0,2,"Moto/Ciclomotor,Automóvil",Pte Juan D Peron Y Entre Rios,4,1,0,0,3,0,0,"-29.22461,-61.76853",Calle,,TOSTADO,9 de Julio,Asfalto,No existe,XII,Dentro,Urbana,Ninguna,No existe,Recta,Bueno,Buena,Atardecer,Buen Tiempo,Otro,S/D,Colisión,Ninguna,Faltante,Ninguna,Sin restricción
2020,4459,2020-11-01,Domingo,18:45:00,,0.0,2,"Automóvil,Moto/Ciclomotor",Av Gral Lopez 3250,3,3,0,0,0,0,0,"-31.65543, -60.71819",S/D,,SANTA FE,La Capital,Asfalto,No existe,I,S/D,S/D,Ninguna,S/D,Recta,Bueno,Buena,Diurna,Buen Tiempo,S/D,S/D,Colisión,Ninguna,Vertical,Ninguna,Sin restricción
2020,4460,2020-11-14,Sabado,21:30:00,,0.0,2,"Moto/Ciclomotor,Moto/Ciclomotor",Balcarce Y Alberdi,2,1,0,0,1,0,0,"-31.6389, -60.69257",Calle,,SANTA FE,La Capital,Asfalto,No existe,I,Dentro,Urbana,S/D,No existe,Intersección,Bueno,S/D,Nocturna,S/D,Lateral,S/D,Colisión,S/D,S/D,S/D,S/D
2020,4461,2020-10-04,Domingo,14:50:00,,0.0,2,"Automóvil,Moto/Ciclomotor",Uruguay Y Av Freyre,2,1,0,0,1,0,0,"-31.65914, -60.72258",Avenida,,ROSARIO,Rosario,Asfalto,No existe,II,Dentro,Urbana,Ninguna,S/D,Intersección,Bueno,Buena,Diurna,Buen Tiempo,S/D,S/D,Colisión,Ninguna,Vertical,Ninguna,Sin restricción
2020,4462,2020-11-13,Viernes,16:20:00,,0.0,2,"Automóvil,Automóvil",Las Heras Y Domingo Silva,3,3,0,0,0,0,0,"-31.63218, -60.69625",Calle,,SANTA FE,La Capital,Asfalto,No existe,I,Dentro,Urbana,S/D,No existe,Intersección,Bueno,S/D,Diurna,S/D,Lateral,S/D,Colisión,S/D,S/D,S/D,S/D
2020,4463,2020-11-05,Jueves,13:00:00,,0.0,2,"Pickup/Utilitario,Moto/Ciclomotor",Juan de Garay Y Roque Saenz Pe�a,3,2,0,0,1,0,0,"-31.64916, -60.72671",Calle,,SANTA FE,La Capital,Asfalto,No existe,I,S/D,Urbana,Ninguna,S/D,Intersección,Bueno,Buena,Diurna,Buen Tiempo,S/D,S/D,Colisión,Ninguna,Vertical,Ninguna,Sin restricción
2020,4464,2020-11-12,Jueves,17:00:00,,0.0,2,"Pickup/Utilitario,Moto/Ciclomotor",Santiago del Estero Y Rivadavia,2,1,0,0,1,0,0,"-31.63832,-60.70179",Calle,,SANTA FE,La Capital,Asfalto,Pavimento,I,Dentro,Urbana,Semáforo,Funciona,Intersección,Bueno,Buena,Diurna,Buen Tiempo,Lateral,S/D,Colisión,Ninguna,Faltante,Ninguna,Sin restricción
2020,4465,2020-10-16,Viernes,11:30:00,,0.0,2,"Moto/Ciclomotor,Pickup/Utilitario",Avenida Nuestra Se�ora del Luj Y Rca Oriental del Uruguay,2,0,1,0,1,0,0,"-31.68119, -60.77553",Avenida,,SANTO TOMÉ,La Capital,Asfalto,No existe,I,S/D,Urbana,Semáforo,Funciona,Intersección,Con baches,Buena,Diurna,Buen Tiempo,S/D,S/D,Colisión,Material Suelto,Horizontal,Cordón divisorio,Sin restricción
2020,4466,2020-11-13,Viernes,06:45:00,,0.0,2,"Taxi/Remis,Moto/Ciclomotor",25 de Mayo Y Salta,2,1,0,0,1,0,0,"-31.65056, -60.70676",Calle,,SANTA FE,La Capital,Asfalto,Pavimento,I,Dentro,Urbana,Ninguna,No existe,Intersección,Bueno,Buena,Diurna,Buen Tiempo,Lateral,S/D,Colisión,Ninguna,Faltante,Ninguna,Sin restricción
2020,4467,2020-11-12,Jueves,18:15:00,,0.0,2,"Bicicleta,Automóvil",9 de Julio Y Hipolito Yrigoyen,2,1,0,0,0,0,1,"-31.64174,-60.70784",Calle,,SANTA FE,La Capital,Asfalto,Pavimento,I,Dentro,Urbana,Ninguna,No existe,Intersección,Bueno,Buena,Atardecer,Buen Tiempo,S/D,Ciclista,Atropello,Ninguna,Faltante,Ninguna,Sin restricción
2020,4468,2020-10-16,Viernes,21:30:00,,0.0,2,"Taxi/Remis,Moto/Ciclomotor",Alvear Y Gutierrez,2,1,0,0,1,0,0,"-31.62513, -60.69303",Calle,,SANTA FE,La Capital,Hormigón,No existe,I,Dentro,Urbana,Ninguna,No existe,Intersección,Bueno,Reducida,Nocturna,Buen Tiempo,Lateral,S/D,Colisión,Ninguna,S/D,Ninguna,Sin restricción
2020,4469,2020-11-03,Martes,20:15:00,,0.0,2,"Moto/Ciclomotor,Automóvil",Lamadrid Y Suipacha,4,3,0,0,1,0,0,"-32.99801, -60.67647",Calle,,SANTA FE,La Capital,Hormigón,No existe,I,Dentro,Urbana,Ninguna,No existe,Intersección,Bueno,Buena,Nocturna,Buen Tiempo,Lateral,S/D,Colisión,Ninguna,Faltante,Ninguna,Sin restricción
2020,4470,2020-11-12,Jueves,07:45:00,,0.0,2,"Automóvil,Moto/Ciclomotor",San Jeronimo Y Candido Pujato,2,1,0,0,1,0,0,"-31.63392, -60.70428",Calle,,SANTA FE,La Capital,Asfalto,Pavimento,I,Dentro,Urbana,Ninguna,No existe,Intersección,Bueno,Buena,Diurna,Buen Tiempo,Lateral,S/D,Colisión,Ninguna,Faltante,Ninguna,Sin restricción
2020,4471,2020-10-16,Viernes,15:00:00,,0.0,2,"Bicicleta,Pickup/Utilitario",Av Freyre Y Gdor Crespo,2,1,0,0,1,0,0,"-31.6388, -60.71666",Avenida,,SANTA FE,La Capital,Hormigón,No existe,I,Dentro,Urbana,Ninguna,No existe,Intersección,Bueno,Buena,Diurna,Buen Tiempo,S/D,Ciclista,Atropello,Ninguna,Faltante,Cordón divisorio,Sin restricción
2020,4472,2020-11-03,Martes,22:10:00,,0.0,2,"Moto/Ciclomotor,Moto/Ciclomotor",Av Freyre Y La Rioja,3,2,0,0,1,0,0,"-31.64304, -60.71764",Avenida,,SANTA FE,La Capital,Hormigón,No existe,I,Dentro,Urbana,Ninguna,No existe,Intersección,Bueno,Buena,Nocturna,Buen Tiempo,Lateral,S/D,Colisión,Ninguna,Faltante,Ninguna,Sin restricción
2020,4473,2020-10-06,Martes,13:00:00,,0.0,2,"Taxi/Remis,Moto/Ciclomotor",9 de Julio Y Mendoza,2,1,0,0,1,0,0,"-31.6485, -60.70982",Calle,,ROSARIO,Rosario,Asfalto,No existe,II,Dentro,Urbana,Ninguna,No existe,Intersección,Bueno,Buena,Diurna,Buen Tiempo,Lateral,S/D,Colisión,Ninguna,Faltante,Ninguna,Sin restricción
2020,4474,2020-11-09,Lunes,09:00:00,,0.0,2,"Automóvil,Moto/Ciclomotor",9 de Julio Y Mendoza,2,1,0,0,1,0,0,"-31.64851, -60.70983",Calle,,SANTA FE,La Capital,Asfalto,Pavimento,I,Dentro,Urbana,Ninguna,No existe,Intersección,Bueno,Buena,Diurna,Buen Tiempo,Lateral,S/D,Colisión,Ninguna,Faltante,Ninguna,Sin restricción
2020,4475,2020-08-08,Sabado,06:30:00,,0.0,2,"Moto/Ciclomotor,Automóvil",Juan Gorriti Y M Cespedes,2,1,0,0,1,0,0,"-32.74384975433345,-60.739352703094",Calle,,SAN LORENZO,San Lorenzo,S/D,S/D,XVII,Dentro,Urbana,S/D,S/D,Intersección,S/D,S/D,Diurna,S/D,S/D,S/D,Colisión,S/D,S/D,S/D,S/D
2020,4476,2020-11-04,Miercoles,12:00:00,,0.0,2,"Automóvil,Moto/Ciclomotor",Av Freyre Y La Rioja,3,2,0,0,1,0,0,"-31.64295, -60.71782",Calle,,SANTA FE,La Capital,Hormigón,No existe,I,Dentro,Urbana,Ninguna,No existe,Intersección,Bueno,Buena,Diurna,Buen Tiempo,S/D,S/D,S/D,Ninguna,Faltante,Ninguna,S/D
2020,4477,2020-10-16,Viernes,22:40:00,,0.0,2,"Automóvil,Bicicleta",Av Gral Lopez Y Av Urquiza,2,1,0,0,1,0,0,"-31.65594, -60.71616",Avenida,,SANTA FE,La Capital,Asfalto,S/D,I,S/D,Urbana,S/D,S/D,Intersección,S/D,S/D,Nocturna,S/D,S/D,Ciclista,Atropello,S/D,S/D,S/D,S/D
2020,4478,2020-11-11,Miercoles,09:00:00,,0.0,2,"Automóvil,Moto/Ciclomotor",Hipolito Yrigoyen Y Av Urquiza,2,1,0,0,1,0,0,"-31.64109, -60.71178",Calle,,SANTA FE,La Capital,Asfalto,Pavimento,I,Dentro,Urbana,Semáforo,Funciona,Intersección,Bueno,Buena,Diurna,Buen Tiempo,Lateral,S/D,Colisión,Ninguna,Faltante,Ninguna,Sin restricción
2020,4479,2020-11-04,Miercoles,13:10:00,,0.0,2,"Moto/Ciclomotor,Pickup/Utilitario",Bv Pellegrini Y Av Freyre,2,1,0,0,1,0,0,"-31.63319, -60.71476",Avenida,,SANTA FE,La Capital,Hormigón,No existe,I,Dentro,Urbana,Ninguna,Funciona,Intersección,Bueno,Buena,Diurna,Buen Tiempo,De alcance,S/D,Colisión,Ninguna,Faltante,Ninguna,Sin restricción
2020,4480,2020-11-13,Viernes,,Ruta Nacional 11,0.0,2,"Automóvil,Peatón",Av San Martin 1000,2,1,0,0,1,0,0,"-32.86192, -60.70215",Ruta,11,GRANADERO BAIGORRIA,Rosario,S/D,Natural,II,Fuera,Urbana,Ninguna,No existe,Otro,Bueno,Buena,Diurna,Buen Tiempo,S/D,Peatón,Atropello,Ninguna,S/D,S/D,Sin restricción
2020,4481,2020-10-16,Viernes,18:00:00,Ruta Nacional 33,754.0,2,"Bicicleta,Automóvil", ,3,2,0,0,1,0,0,"-33.01705, -61.04495",Ruta,33,PUJATO,San Lorenzo,Asfalto,Pavimento,XVII,Dentro,Urbana,Ninguna,No existe,Recta,Bueno,Buena,Atardecer,Buen Tiempo,S/D,Ciclista,Atropello,Ninguna,Horizontal,Línea divisoria pintada,Sin restricción
2020,4482,2020-11-13,Viernes,18:30:00,Ruta Nacional 9,0.0,2,"Automóvil,Automóvil",Jose Hernandez ,3,1,0,0,2,0,0,"-32.91639, -60.8435",Ruta,9,GRANADERO BAIGORRIA,Rosario,Asfalto,Ripio,II,Dentro,Urbana,Semáforo,Funciona,Intersección,Bueno,Buena,Diurna,Buen Tiempo,Frontal,S/D,Colisión,Ninguna,Vertical,Línea divisoria pintada,Sin restricción
2020,4483,2020-07-25,Sabado,01:30:00,,0.0,2,"Moto/Ciclomotor,Vehículo Oficial",Chile Y Falucho,2,0,0,0,1,1,0,"    -33.75568, -61.95344",Calle,,VENADO TUERTO,General LÓPEZ,Asfalto,No existe,VIII,Dentro,Urbana,Ninguna,No existe,Intersección,Bueno,S/D,Nocturna,S/D,S/D,S/D,Colisión,Ninguna,Faltante,"Ninguna,S/D",Sin restricción
2020,4484,2020-11-05,Jueves,10:55:00,,0.0,2,"Moto/Ciclomotor,Automóvil",Av Freyre Y Salvador Caputo,2,1,0,0,1,0,0,"-31.6375, -60.71626",Avenida,,SANTA FE,La Capital,Hormigón,No existe,I,Dentro,Urbana,Semáforo,Funciona,Intersección,Bueno,Buena,Diurna,Buen Tiempo,De alcance,S/D,Colisión,S/D,Vertical,Ninguna,Sin restricción