anio_acci,nro_acci,fecha,desc_dia,hora_aprox,desc_ruta,km,cant_participantes,desc_participante,calle_avenida_km,total,heridos_leves,heridos_graves,heridos_gravisimos,ilesos,fallecidos,sin_datos,posicion_XY,desc_tipo_via,desc_ruta_ori,desc_loc,desc_dpto,desc_tipo_calzada,desc_tipo_banquina,desc_unidad_regional,desc_lugar_calzada,desc_zona,desc_prioridad,desc_estado_semaforo,desc_lugar_via,desc_estado_via,desc_estado_visibilidad,desc_luminosidad,desc_estado_clima,desc_tipo_colision,desc_tipo_atropello,desc_tipo_hecho,desc_pres_calzada,desc_senializacion,desc_separacion_via,desc_restriccion
2020,4485,2020-10-16,Viernes,,,0.0,2,"Moto/Ciclomotor,Moto/Ciclomotor",Sargento Cabral Y Julian Cervera,2,1,0,0,1,0,0,"-32.76097, -60.73261",Calle,,SAN LORENZO,San Lorenzo,S/D,S/D,XVII,S/D,Urbana,S/D,S/D,Intersección,S/D,S/D,S/D,S/D,S/D,S/D,Colisión,S/D,S/D,S/D,S/D
2020,4486,2020-11-14,Sabado,14:00:00,,0.0,2,"Automóvil,Moto/Ciclomotor",Laprida ,2,1,0,0,1,0,0,"-32.92881, -60.80257",Avenida,,FUNES,Rosario,Asfalto,Ripio,II,Dentro,Urbana,Ninguna,No existe,Intersección,Bueno,Buena,Diurna,Buen Tiempo,Frontal,S/D,Colisión,Ninguna,Vertical,Línea divisoria pintada,Sin restricción
2020,4487,2020-11-07,Sabado,09:00:00,,0.0,2,"Moto/Ciclomotor,Automóvil",Mendoza Y Av Mosconi,2,1,0,0,0,0,1,"-31.64391, -60.72804",Calle,,SANTA FE,La Capital,Hormigón,No existe,I,Dentro,Urbana,Semáforo,Funciona,Intersección,Bueno,Buena,Diurna,Buen Tiempo,Lateral,S/D,Colisión,Ninguna,Faltante,Ninguna,Sin restricción
2020,4488,2020-07-25,Sabado,,,0.0,2,"Moto/Ciclomotor,Automóvil",Calle 24 - Olessio Y Calle 65-Canada,2,1,0,0,1,0,0,"    -29.16811, -59.65298",Calle,,ROSARIO,Rosario,Asfalto,S/D,II,Dentro,Urbana,S/D,S/D,Intersección,S/D,S/D,S/D,S/D,S/D,S/D,Colisión,S/D,S/D,S/D,S/D
2020,4489,2020-11-09,Lunes,00:05:00,Ruta Nacional 33,0.0,2,"Automóvil,Moto/Ciclomotor",Italia Y Ruta Nac 33,4,0,2,0,2,0,0,"-33.00024, -60.77617",Ruta,33,PEREZ,Rosario,Asfalto,Pavimento,II,Dentro,Urbana,Ninguna,No existe,Recta,Bueno,Buena,"Nocturna,Con luz artificial",Buen Tiempo,"Frontal,Lateral",S/D,Colisión,Ninguna,S/D,Ninguna,Sin restricción
2020,4490,2020-08-07,Viernes,19:00:00,,0.0,2,"Automóvil,Bicicleta",1ro de Mayo 2350,2,1,0,0,1,0,0,"-30.784388054962,-60.58915984412",Calle,,SAN JUSTO,San Justo,Asfalto,No existe,XVI,Dentro,Urbana,Ninguna,No existe,Recta,Bueno,Buena,"Nocturna,Con luz artificial",Buen Tiempo,S/D,Ciclista,Atropello,Ninguna,Faltante,Ninguna,Sin restricción
2020,4491,2020-10-17,Sabado,05:40:00,,0.0,2,"Moto/Ciclomotor,Moto/Ciclomotor",Mendoza Y Av. Circunvalacion,2,1,0,0,1,0,0,"-32.94059, -60.72249",Avenida,,ROSARIO,Rosario,Asfalto,No existe,II,Dentro,Urbana,S/D,S/D,Intersección,Bueno,Buena,"Nocturna,Con luz artificial",Buen Tiempo,S/D,S/D,Colisión,S/D,S/D,S/D,Sin restricción
2020,4492,2020-08-24,Lunes,23:00:00,,0.0,2,"Bicicleta,Moto/Ciclomotor",AV EVA PERON  Y RICARDO SALVADORES,2,0,1,0,1,0,0,"-33.75639627911,-61.947454334172",Calle,,VENADO TUERTO,General LÓPEZ,"Asfalto,Tierra",Pavimento,VIII,Dentro,Urbana,Ninguna,No existe,Intersección,Con baches,Reducida p/ objetos,"Nocturna,Con luz artificial",Buen Tiempo,S/D,Ciclista,Atropello,Otro,Faltante,Ninguna,Sin restricción
2020,4493,2020-10-17,Sabado,17:55:00,,0.0,2,"Peatón,Automóvil",Suipacha 800,2,1,0,0,1,0,0,"-32.90817, -60.81317",Calle,,FUNES,Rosario,Asfalto,Natural,II,S/D,Urbana,Ninguna,No existe,Recta,Bueno,Buena,Diurna,Buen Tiempo,S/D,Peatón,Atropello,Ninguna,Faltante,Ninguna,Sin restricción
2020,4494,2020-11-02,Lunes,09:20:00,,0.0,2,"Moto/Ciclomotor,Pickup/Utilitario",Huergo Y Dorrego,2,1,0,0,1,0,0,"-31.6181, -60.68082",Calle,,SANTA FE,La Capital,Asfalto,No existe,I,Dentro,Urbana,Ninguna,No existe,Intersección,Bueno,Buena,Diurna,Otro,Lateral,S/D,Colisión,Ninguna,Vertical,Ninguna,Sin restricción
2020,4495,2020-11-12,Jueves,21:00:00,,0.0,3,"Bicicleta,Bicicleta,Moto/Ciclomotor",Av Los Talas ,3,3,0,0,0,0,0,"-32.970385575774, -60.739047883646",Avenida,,PEREZ,Rosario,Hormigón,Ripio,II,S/D,Rural,Ninguna,No existe,Recta,Deteriorada,Reducida,Nocturna,Buen Tiempo,S/D,Ciclista,Atropello,Ninguna,Faltante,Ninguna,Sin restricción
2020,4496,2020-08-06,Jueves,15:10:00,Ruta Nacional 11,0.0,2,"Pickup/Utilitario,Moto/Ciclomotor",B de Tucuman Y Ruta Nacional 11,2,0,1,0,1,0,0,"-30.785370469093337,-60.59952914714",Ruta,11,SAN JUSTO,San Justo,Asfalto,Pavimento,XVI,Dentro,Urbana,Señal Pare,No existe,Intersección,Bueno,Buena,Diurna,Buen Tiempo,De alcance,S/D,Colisión,Ninguna,Faltante,Ninguna,Sin restricción
2020,4497,2020-08-15,Sabado,10:30:00,,0.0,2,"Automóvil,Automóvil",Buenos Aires Y Ituzaingo,2,1,0,0,1,0,0,"-32.96169877052307,-60.636312961578",Calle,,ROSARIO,Rosario,Asfalto,No existe,II,Dentro,Urbana,Semáforo,Funciona,Recta,Bueno,Buena,Diurna,Buen Tiempo,De alcance,S/D,Colisión,Ninguna,Vertical,Ninguna,Sin restricción
2020,4498,2020-11-11,Miercoles,11:20:00,,0.0,2,"Automóvil,Bicicleta",Ameghino Y Moreno,2,1,0,0,1,0,0,"-33.19455, -60.46947",Calle,,FIGHIERA,Rosario,Asfalto,Pavimento,II,S/D,Urbana,Ninguna,No existe,Intersección,Bueno,Buena,Diurna,Buen Tiempo,S/D,Ciclista,Atropello,Ninguna,Faltante,Ninguna,Sin restricción
2020,4499,2020-11-01,Domingo,14:00:00,,0.0,4,"Moto/Ciclomotor,Pickup/Utilitario,Automóvil,Automóvil",Salvador del Carril 900,4,1,0,0,3,0,0,"-31.62173, -60.67941",Avenida,,SANTA FE,La Capital,Asfalto,No existe,I,Dentro,Urbana,Ninguna,No existe,Recta,Bueno,Buena,Diurna,Buen Tiempo,Lateral,S/D,Colisión,Ninguna,Vertical,Ninguna,Sin restricción
2020,4500,2020-10-17,Sabado,16:40:00,,0.0,2,"Moto/Ciclomotor,Automóvil",20 de Junio 400,3,2,0,0,1,0,0,"-33.02445, -60.61112",Calle,,VILLA GOBERNADOR GÁLVEZ,Rosario,Asfalto,No existe,II,Dentro,Urbana,Ninguna,No existe,Intersección,Bueno,Buena,Diurna,Buen Tiempo,Lateral,S/D,Colisión,Ninguna,Faltante,Ninguna,Sin restricción
2020,4501,2020-11-13,Viernes,08:30:00,,0.0,2,"Moto/Ciclomotor,Taxi/Remis",Laprida Y La Paz,2,1,0,0,1,0,0,"-32.96486, -60.63869",Calle,,ROSARIO,Rosario,Asfalto,No existe,II,Dentro,Urbana,Ninguna,No existe,Recta,Bueno,Buena,Diurna,Buen Tiempo,Lateral,S/D,Colisión,Ninguna,Faltante,Ninguna,Sin restricción
2020,4502,2020-11-07,Sabado,18:45:00,,0.0,2,"Automóvil,Moto/Ciclomotor",Av A del Valle Y Matheu,2,2,0,0,0,0,0,"-31.59345, -60.69192",Calle,,SANTA FE,La Capital,S/D,S/D,I,Dentro,Urbana,S/D,S/D,S/D,S/D,S/D,S/D,S/D,S/D,S/D,S/D,S/D,S/D,S/D,S/D
2020,4503,2020-08-28,Viernes,22:00:00,,0.0,2,"Moto/Ciclomotor,Moto/Ciclomotor",Balcarce Y Maipu,2,1,1,0,0,0,0,"-29.230905798639,-61.776791081528",Calle,,TOSTADO,9 de Julio,Asfalto,No existe,XII,Dentro,Urbana,Ninguna,No existe,Intersección,Bueno,Buena,Nocturna,Buen Tiempo,Lateral,S/D,Colisión,Ninguna,Faltante,Ninguna,S/D
2020,4504,2020-06-25,Jueves,14:30:00,Ruta Nacional 9,377.0,1,Pickup/Utilitario, ,2,0,0,0,0,2,0,"-32.85417, -61.23461",Ruta,9,CAÑADA DE GÓMEZ,Iriondo,Asfalto,Natural,X,Dentro,Rural,Ninguna,No existe,Recta,Bueno,S/D,Diurna,S/D,S/D,S/D,Vuelco,Ninguna,Faltante,Línea divisoria pintada,Sin restricción
2020,4505,2020-11-13,Viernes,17:40:00,,0.0,2,"Moto/Ciclomotor,Automóvil",Bv. Oroño ,2,1,0,0,1,0,0,"-32.95557, -60.65642",Avenida,,ROSARIO,Rosario,Asfalto,No existe,II,Dentro,Urbana,S/D,No existe,Recta,Bueno,Buena,Diurna,Buen Tiempo,De alcance,S/D,Colisión,Ninguna,Faltante,Ninguna,Sin restricción
2020,4506,2020-08-14,Viernes,14:45:00,,0.0,2,"Pickup/Utilitario,Bicicleta",Fco Angeloni Y 9 de Julio,2,1,0,0,1,0,0,"-30.78936696052553,-60.588076114654",Avenida,,SAN JUSTO,San Justo,Asfalto,No existe,XVI,Dentro,Urbana,Ninguna,No existe,Intersección,Bueno,Buena,Diurna,Buen Tiempo,S/D,Ciclista,Atropello,Ninguna,Faltante,Ninguna,Sin restricción
2020,4507,2020-10-17,Sabado,16:40:00,,0.0,2,"Moto/Ciclomotor,Automóvil",Av Gral San Martin Y Moreno,2,1,0,0,1,0,0,"-33.0246, -60.62588",Calle,,VILLA GOBERNADOR GÁLVEZ,Rosario,Asfalto,No existe,II,Dentro,Urbana,Ninguna,No existe,Intersección,Bueno,Buena,Diurna,Buen Tiempo,Lateral,S/D,Colisión,Ninguna,Faltante,Ninguna,Sin restricción
2020,4508,2020-06-18,Jueves,03:30:00,Ruta Provincial 91,7.5,2,"Camión,Camión", ,2,0,0,0,0,1,1,"-32.62041, -60.89284",Ruta,91,SERODINO,Iriondo,Asfalto,Natural,X,Dentro,Rural,Ninguna,No existe,Recta,Bueno,S/D,Nocturna,S/D,S/D,S/D,Colisión,Ninguna,Faltante,Ninguna,Sin restricción
2020,4509,2020-07-26,Domingo,,Ruta Nacional 8,0.0,1,Automóvil,Mariano Lopez Y Ruta Nac 8,1,1,0,0,0,0,0,"    -33.72793, -61.99515",Ruta,8,VENADO TUERTO,General LÓPEZ,S/D,Pavimento,VIII,Dentro,Urbana,S/D,S/D,Recta,S/D,S/D,S/D,S/D,S/D,S/D,Despiste,S/D,S/D,S/D,S/D
2020,4510,2020-11-10,Martes,13:30:00,Ruta Provincial 2,0.0,1,Pickup/Utilitario, ,1,1,0,0,0,0,0,"-29.49793, -61.69542",Ruta,2,LOGROÑO,9 de Julio,Asfalto,Natural,XII,Fuera,Rural,Ninguna,No existe,Recta,Deteriorada,Buena,Diurna,Buen Tiempo,S/D,S/D,Vuelco,Ninguna,Faltante,Ninguna,Sin restricción
2020,4511,2020-11-05,Jueves,15:45:00,,0.0,1,Moto/Ciclomotor,Av Almte Brown Y Hernandarias,1,1,0,0,0,0,0,"-31.61285, -60.6691",Avenida,,SANTA FE,La Capital,S/D,S/D,I,Dentro,Urbana,Ninguna,No existe,Otro,Otro,Reducida,Diurna,Otro,Atropello animal,S/D,Colisión,S/D,Vertical,Ninguna,Sin restricción
2020,4512,2020-11-01,Domingo,06:25:00,,0.0,2,"Automóvil,Moto/Ciclomotor",Av Gral Paz Y Av Galicia,2,1,0,0,1,0,0,"-31.60841, -60.6772",Calle,,SANTA FE,La Capital,S/D,Pavimento,I,Dentro,Urbana,Ninguna,No existe,Otro,Otro,Reducida,Diurna,Otro,S/D,S/D,S/D,Otro,Faltante,Ninguna,Sin restricción
2020,4513,2020-10-17,Sabado,21:50:00,,0.0,2,"Moto/Ciclomotor,Automóvil",Av. Provincias Unidas Bis Y Bielsa,2,1,0,0,1,0,0,"-32.92382, -60.71327",Avenida,,ROSARIO,Rosario,Asfalto,S/D,II,Dentro,Urbana,S/D,No existe,Intersección,Bueno,Buena,Diurna,Buen Tiempo,S/D,S/D,Colisión,S/D,Vertical,Cordón divisorio,Sin restricción
2020,4514,2020-11-10,Martes,12:00:00,,0.0,2,"Moto/Ciclomotor,Pickup/Utilitario",Cochabamba Y Hipolito Irigoyen,3,1,1,0,1,0,0,"-30.307, -61.22856",Calle,,SAN CRISTÓBAL,San CRISTÓBAL,Asfalto,S/D,XIII,S/D,Urbana,Ninguna,No existe,Intersección,Bueno,Buena,Diurna,Buen Tiempo,Lateral,S/D,Colisión,Ninguna,Faltante,S/D,S/D
2020,4515,2020-11-06,Viernes,21:45:00,Ruta Nacional 11,0.0,2,"Automóvil,Moto/Ciclomotor",Bethoven ,3,0,0,1,2,0,0,"-31.49558, -60.73278",Ruta,11,RECREO,La Capital,Asfalto,Ripio,I,Dentro,Urbana,Ninguna,No existe,Intersección,Bueno,Buena,Nocturna,Buen Tiempo,Otro,S/D,Colisión,Ninguna,Faltante,Ninguna,Sin restricción
2020,4516,2020-10-17,Sabado,17:30:00,,0.0,2,"Moto/Ciclomotor,Taxi/Remis",Bv. 27 De Febrero Y Magallanes,2,0,1,0,1,0,0,"-32.95911, -60.70377",Avenida,,ROSARIO,Rosario,S/D,Pavimento,II,S/D,Urbana,Otra Señal,No existe,Intersección,Bueno,Buena,Diurna,Buen Tiempo,S/D,S/D,Colisión,Ninguna,"Horizontal,Vertical",Ninguna,Sin restricción
2020,4517,2020-08-12,Miercoles,17:50:00,,0.0,1,Moto/Ciclomotor,Av Gral San Martin Y 9 de Julio,1,0,1,0,0,0,0,"-30.363302710494,-60.401099383622",Avenida,,GOBERNADOR CRESPO,San Justo,Asfalto,No existe,XVI,Dentro,Urbana,Ninguna,No existe,Intersección,Bueno,Buena,Diurna,Buen Tiempo,S/D,S/D,Cañda ocupante,Ninguna,Faltante,Ninguna,Sin restricción
2020,4518,2020-08-27,Jueves,18:25:00,,0.0,2,"Automóvil,Moto/Ciclomotor",Balcarce Y Republica Argentina,3,2,0,0,1,0,0,"-29.231391649313,-61.778917816529",Calle,,TOSTADO,9 de Julio,Ripio,No existe,XII,Dentro,Urbana,Ninguna,No existe,Intersección,Bueno,Buena,Diurna,Buen Tiempo,Lateral,S/D,Colisión,Ninguna,Faltante,Ninguna,Sin restricción
2020,4519,2020-11-13,Viernes,23:25:00,,0.0,2,"Moto/Ciclomotor,Moto/Ciclomotor",J B Justo Y Riobamba,4,4,0,0,0,0,0,"-30.31313, -61.24732",Calle,,SAN CRISTÓBAL,San CRISTÓBAL,Ripio,S/D,XIII,Dentro,Urbana,Ninguna,No existe,Intersección,Resbaladiza,Reducida,Nocturna,Buen Tiempo,Lateral,S/D,Colisión,Ninguna,S/D,Ninguna,Sin restricción
2020,4520,2020-10-17,Sabado,14:25:00,,0.0,2,"Moto/Ciclomotor,Automóvil",Camilo Aldao Y Gaboto,2,0,1,0,1,0,0,"-32.96468, -60.69503",Calle,,ROSARIO,Rosario,Asfalto,Pavimento,II,S/D,Urbana,Otra Señal,No existe,Intersección,Bueno,Buena,Diurna,Buen Tiempo,Frontal,S/D,Colisión,S/D,"Horizontal,Vertical",Ninguna,Sin restricción
2020,4521,2020-10-11,Domingo,11:30:00,,0.0,1,Moto/Ciclomotor,Av Gral San Martin 380,2,2,0,0,0,0,0,"-30.363267896428,-60.401331166758",Avenida,,ROSARIO,Rosario,Asfalto,No existe,II,Dentro,Urbana,Ninguna,No existe,Recta,Bueno,Buena,Diurna,Buen Tiempo,Atropello animal,S/D,Colisión,Ninguna,Faltante,Ninguna,Sin restricción
2020,4522,2020-07-26,Domingo,,,0.0,1,Automóvil, ,1,1,0,0,0,0,0,"    -30.96817, -61.47636",Camino Rural,,ATALIVA,Castellanos,Tierra,No existe,V,Dentro,Urbana,Ninguna,No existe,Recta,S/D,S/D,S/D,S/D,S/D,S/D,Vuelco,S/D,Faltante,Ninguna,Sin restricción
2020,4523,2020-11-13,Viernes,02:00:00,,0.0,1,Moto/Ciclomotor,Avenida 21 Y Calle 30,2,2,0,0,0,0,0,"-32.67639, -61.51302",Avenida,,LAS PAREJAS,Belgrano,Asfalto,No existe,III,Dentro,Urbana,Ninguna,No existe,Intersección,Bueno,Buena,"Nocturna,Con luz artificial",Buen Tiempo,S/D,S/D,Cañda ocupante,Ninguna,Vertical,Ninguna,Sin restricción
2020,4524,2020-11-03,Martes,07:04:00,,0.0,2,"Moto/Ciclomotor,Automóvil",Ecuador Y Peru,2,0,1,0,1,0,0,"-31.77613, -60.84268",Calle,,SAUCE VIEJO,La Capital,Ripio,Ripio,I,Dentro,Urbana,S/D,No existe,Intersección,Bueno,Buena,Diurna,Buen Tiempo,Lateral,S/D,Colisión,Ninguna,S/D,S/D,Sin restricción
2020,4525,2020-10-17,Sabado,11:30:00,,0.0,2,"Automóvil,Moto/Ciclomotor",Bartolome Mitre Y Av Cordoba,2,1,0,0,1,0,0,"-31.44744, -60.93678",Calle,,ESPERANZA,Las Colonias,Asfalto,No existe,XI,Dentro,Urbana,Ninguna,No existe,Intersección,Bueno,Buena,Diurna,Buen Tiempo,S/D,S/D,Colisión,Ninguna,Horizontal,Cordón divisorio,Sin restricción
2020,4526,2020-08-22,Sabado,11:30:00,,0.0,2,"Moto/Ciclomotor,Automóvil",Salta Y 9 de julio,2,1,0,0,1,0,0,"-30.224018276929,-60.366919160404",Calle,,LA CRIOLLA,San Justo,Hormigón,No existe,XVI,Dentro,Urbana,Ninguna,No existe,Intersección,Bueno,Buena,Diurna,Buen Tiempo,Lateral,S/D,Colisión,Ninguna,Vertical,Ninguna,Sin restricción
2020,4527,2020-11-15,Domingo,22:30:00,,0.0,2,"Automóvil,Moto/Ciclomotor",Avenida 21 Y Calle 28,2,1,0,0,1,0,0,"-32.6768, -61.51411",Avenida,,LAS PAREJAS,Belgrano,Asfalto,No existe,III,Dentro,Urbana,Ninguna,No existe,Recta,Bueno,Buena,Nocturna,Buen Tiempo,Otro,S/D,Colisión,Ninguna,Faltante,Ninguna,Sin restricción
2020,4528,2020-08-12,Miercoles,19:15:00,,0.0,2,"Moto/Ciclomotor,Pickup/Utilitario",Avenida Rivadavia Y Buenos Aires,3,1,1,0,1,0,0,"-29.235089,-61.781611",Avenida,,TOSTADO,9 de Julio,Ripio,No existe,XII,Dentro,Urbana,Ninguna,No existe,Intersección,Bueno,Buena,Nocturna,Buen Tiempo,Lateral,S/D,Colisión,Ninguna,Faltante,Ninguna,S/D
2020,4529,2020-10-17,Sabado,,,0.0,2,"Moto/Ciclomotor,Otros",Sarmeinto ,2,1,0,0,0,0,1,"-29.90921, -59.82445",Calle,,ALEJANDRA,San Javier,Tierra,Natural,XIV,Dentro,Urbana,Ninguna,No existe,Recta,Bueno,Buena,Nocturna,Buen Tiempo,Lateral,S/D,Colisión,Ninguna,Faltante,Cordón divisorio,Sin restricción
2020,4530,2020-11-16,Lunes,10:50:00,Ruta Secundaria 33-s,0.0,2,"Moto/Ciclomotor,Pickup/Utilitario",Calle 20 Y Calle 9,2,1,0,0,1,0,0,"-32.68504, -61.51581",Ruta,33-s,LAS PAREJAS,Belgrano,Asfalto,No existe,III,Dentro,Urbana,Ninguna,No existe,Intersección,Bueno,Buena,Diurna,Buen Tiempo,Otro,S/D,Colisión,Ninguna,Faltante,Ninguna,Sin restricción
2020,4531,2020-11-02,Lunes,19:45:00,,0.0,2,"Moto/Ciclomotor,Automóvil",Tucuman 3500,2,2,0,0,0,0,0,"-31.65591, -60.77554",S/D,,SANTO TOMÉ,La Capital,Ripio,No existe,I,S/D,Urbana,Ninguna,No existe,Recta,Bueno,Buena,Atardecer,Buen Tiempo,Lateral,S/D,Colisión,Ninguna,Faltante,Ninguna,Sin restricción
2020,4532,2020-11-14,Sabado,20:15:00,,0.0,2,"Moto/Ciclomotor,Bicicleta",Brasil Y Dr Ricardo Fischer,2,1,0,0,1,0,0,"-32.7875, -61.60664",Calle,,ARMSTRONG,Belgrano,Asfalto,No existe,III,Dentro,Urbana,Ninguna,No existe,Intersección,Bueno,Buena,"Nocturna,Con luz artificial",Buen Tiempo,S/D,Ciclista,Atropello,Ninguna,Faltante,Ninguna,Sin restricción
2020,4533,2020-10-17,Sabado,14:20:00,,0.0,2,"Moto/Ciclomotor,Moto/Ciclomotor",Intendente Nestor Bode Y Nicasio Oro�o,2,2,0,0,0,0,0,"-30.58399, -59.92845",Calle,,SAN JAVIER,San Javier,Hormigón,No existe,XIV,Dentro,Urbana,Ninguna,No existe,Intersección,Bueno,Buena,Diurna,Buen Tiempo,De alcance,S/D,Colisión,Ninguna,S/D,Ninguna,Sin restricción
2020,4534,2020-11-03,Martes,08:55:00,,0.0,2,"Moto/Ciclomotor,Moto/Ciclomotor",Juan Jose Paso Y Necochea,3,2,0,0,1,0,0,"-31.65754, -60.77409",Calle,,SANTO TOMÉ,La Capital,Asfalto,Ripio,I,S/D,Urbana,Ninguna,No existe,Intersección,Bueno,Buena,Diurna,Buen Tiempo,Otro,S/D,Colisión,Ninguna,Faltante,Línea divisoria pintada,Sin restricción
2020,4535,2020-10-17,Sabado,03:10:00,,0.0,2,"Moto/Ciclomotor,Automóvil",Moreno Y Av Pte Peron,3,2,0,0,1,0,0,"-31.30547, -60.65814",Calle,,LAGUNA PAIVA,La Capital,Asfalto,Natural,I,S/D,Urbana,Ninguna,No existe,Intersección,Con baches,Buena,"Nocturna,Con luz artificial",Buen Tiempo,Lateral,S/D,Colisión,Ninguna,S/D,Ninguna,Sin restricción
2020,4536,2020-08-03,Lunes,18:45:00,Ruta Provincial 39,71.0,2,"Bicicleta,Pickup/Utilitario", ,2,1,0,0,1,0,0,"   -30.33361, -60.65423",Ruta,39,LA PENCA Y CARAGUATAY,San Justo,Asfalto,Natural,XVI,Dentro,Rural,Ninguna,No existe,Recta,Bueno,Reducida,Atardecer,Buen Tiempo,S/D,S/D,Atropello,Ninguna,Faltante,Línea divisoria pintada,Sin restricción
2020,4537,2020-11-14,Sabado,20:30:00,,0.0,1,Moto/Ciclomotor,Vergara Y Bv Villa Maria,2,1,0,0,1,0,0,"-32.79184, -61.60063",Calle,,ARMSTRONG,Belgrano,Asfalto,No existe,III,Dentro,Urbana,Ninguna,No existe,Recta,Bueno,Buena,"Nocturna,Con luz artificial",Buen Tiempo,S/D,S/D,Cañda ocupante,Ninguna,Faltante,S/D,Sin restricción
2020,4538,2020-11-04,Miercoles,,,0.0,1,Moto/Ciclomotor,Martin de Pueyrredon Y Roque Saenz Pe�a,1,1,0,0,0,0,0,"-31.65631, -60.78824",Calle,,SANTO TOMÉ,La Capital,S/D,S/D,I,Dentro,Urbana,S/D,S/D,S/D,S/D,S/D,S/D,S/D,S/D,S/D,S/D,S/D,S/D,S/D,S/D
2020,4539,2020-08-28,Viernes,15:50:00,Ruta Provincial 13,0.0,2,"Automóvil,Moto/Ciclomotor",8 De Septiembre Y San Luis,2,1,0,0,1,0,0,"-31.450327089594,-61.708502476851",Ruta,13,CLUCELLAS,Castellanos,Hormigón,No existe,V,Dentro,Urbana,Ninguna,No existe,Intersección,Bueno,Buena,Diurna,Buen Tiempo,Lateral,S/D,Colisión,S/D,Faltante,Ninguna,Sin restricción
2020,4540,2020-11-04,Miercoles,20:30:00,Ruta Provincial 1,2.0,2,"Automóvil,Moto/Ciclomotor", ,2,1,0,0,1,0,0,"-31.62122, -60.59526",Ruta,1,COLASTINE,La Capital,Asfalto,Natural,I,S/D,S/D,Semáforo,Funciona,Recta,Bueno,Buena,Atardecer,Buen Tiempo,Otro,S/D,Colisión,Ninguna,Vertical,Cordón divisorio,Sin restricción
2020,4541,2020-07-25,Sabado,,,0.0,2,"Automóvil,Moto/Ciclomotor",Primera Junta Y Jose Ingenieros,2,1,0,0,1,0,0,"    -31.25086, -61.48375",Calle,,RAFAELA,Castellanos,S/D,S/D,V,Dentro,Urbana,S/D,S/D,Intersección,S/D,S/D,S/D,S/D,Lateral,S/D,Colisión,S/D,S/D,S/D,Sin restricción
2020,4542,2020-11-09,Lunes,20:50:00,Ruta Provincial 1,0.0,1,Moto/Ciclomotor,Maipu ,2,1,1,0,0,0,0,"-31.09672, -60.09336",Ruta,1,HELVECIA,Garay,Asfalto,Natural,VII,Dentro,Urbana,Otra Señal,No existe,Intersección,Otro,S/D,Nocturna,Otro,S/D,S/D,Otro,Otro,S/D,S/D,Sin restricción
2020,4543,2020-10-17,Sabado,11:30:00,Ruta Provincial 1,1.0,2,"Automóvil,Moto/Ciclomotor", ,3,2,0,0,1,0,0,"-31.63481, -60.62022",Ruta,1,COLASTINE,La Capital,Asfalto,Natural,I,Dentro,Urbana,Semáforo,Funciona,Recta,Bueno,Buena,Diurna,Buen Tiempo,S/D,S/D,Colisión,Ninguna,Vertical,Cordón divisorio,Sin restricción
2020,4544,2020-08-18,Martes,15:15:00,,0.0,2,"Automóvil,Bicicleta",Santiago Y Tucuman,2,0,1,0,1,0,0,"-32.938598350864,-60.654836193267",Calle,,ROSARIO,Rosario,Asfalto,No existe,II,Dentro,Urbana,Señal Pare,No existe,Intersección,Bueno,Buena,Diurna,Buen Tiempo,S/D,Ciclista,Atropello,Ninguna,Vertical,Ninguna,Sin restricción
2020,4545,2020-11-04,Miercoles,23:50:00,,0.0,2,"Automóvil,Moto/Ciclomotor",NUESTRA SE�ORA DE GUADALUPE Y BOHANES,4,1,0,0,3,0,0,"-31.64091, -60.62296",S/D,,COLASTINE,La Capital,Arena,No existe,I,S/D,S/D,Ninguna,No existe,Intersección,Con baches,Reducida,Nocturna,Buen Tiempo,Otro,S/D,Colisión,Ninguna,S/D,Ninguna,Sin restricción
2020,4546,2020-07-26,Domingo,,,0.0,2,"Moto/Ciclomotor,Moto/Ciclomotor",Bv. Balcarce Y San Martin,2,2,0,0,0,0,0,"    -32.82117, -61.39846",Calle,,CAÑADA DE GÓMEZ,Iriondo,Asfalto,S/D,X,Dentro,Urbana,S/D,S/D,Intersección,S/D,S/D,S/D,S/D,Lateral,S/D,Colisión,S/D,S/D,S/D,S/D
2020,4547,2020-11-10,Martes,11:50:00,,0.0,2,"Bicicleta,Moto/Ciclomotor",Simon de Iriondo Y Luis Marcelo Gay,2,0,1,0,1,0,0,"-31.4288, -60.92413",Calle,,ESPERANZA,Las Colonias,Asfalto,Pavimento,XI,Fuera,Urbana,Ninguna,No existe,Recta,Bueno,Buena,Diurna,Buen Tiempo,Lateral,Ciclista,Atropello,Ninguna,Faltante,Cordón divisorio,Sin restricción
2020,4548,2020-07-27,Lunes,,,0.0,2,"Automóvil,Pickup/Utilitario",Juan Larrea ,3,3,0,0,0,0,0,"    -31.26751, -61.50937",Calle,,RAFAELA,Castellanos,Asfalto,S/D,V,Dentro,Urbana,S/D,S/D,Intersección,S/D,S/D,S/D,S/D,Lateral,S/D,Colisión,S/D,S/D,S/D,S/D