anio_acci,nro_acci,fecha,desc_dia,hora_aprox,desc_ruta,km,cant_participantes,desc_participante,calle_avenida_km,total,heridos_leves,heridos_graves,heridos_gravisimos,ilesos,fallecidos,sin_datos,posicion_XY,desc_tipo_via,desc_ruta_ori,desc_loc,desc_dpto,desc_tipo_calzada,desc_tipo_banquina,desc_unidad_regional,desc_lugar_calzada,desc_zona,desc_prioridad,desc_estado_semaforo,desc_lugar_via,desc_estado_via,desc_estado_visibilidad,desc_luminosidad,desc_estado_clima,desc_tipo_colision,desc_tipo_atropello,desc_tipo_hecho,desc_pres_calzada,desc_senializacion,desc_separacion_via,desc_restriccion
2020,4549,2020-10-17,Sabado,17:30:00,,0.0,2,"Bicicleta,Automóvil",Av A del Valle Y Alberti,2,1,0,0,1,0,0,"-31.60219, -60.69183",Avenida,,SANTA FE,La Capital,Asfalto,No existe,I,Dentro,Urbana,Ninguna,Funciona,Intersección,Bueno,Buena,Diurna,Buen Tiempo,S/D,Ciclista,Atropello,Ninguna,S/D,Ninguna,Sin restricción
2020,4550,2020-08-08,Sabado,11:30:00,Ruta Nacional 34,0.0,2,"Camión c / Acoplado,Camión",Ruta Nac 34 Gral Guemes Y Simon Bolivar,2,1,0,0,1,0,0,"-31.24744534492493,-61.505917310714",Ruta,34,RAFAELA,Castellanos,Asfalto,Ripio,V,Dentro,Urbana,Semáforo,Intermitente,Recta,Resbaladiza,S/D,Diurna,Niebla,De alcance,S/D,Colisión,S/D,"Horizontal,Vertical",Cordón divisorio,Sin restricción
2020,4551,2020-11-06,Viernes,20:30:00,Ruta Provincial 1,3.0,2,"Automóvil,Automóvil", ,2,0,0,0,1,0,1,"-31.61411, -60.58517",Ruta,1,COLASTINE,La Capital,Asfalto,S/D,I,S/D,Urbana,S/D,S/D,Recta,Bueno,S/D,S/D,Buen Tiempo,S/D,S/D,S/D,S/D,S/D,Cordón divisorio,S/D
2020,4552,2020-10-25,Domingo,20:00:00,Ruta Secundaria 67-s,0.0,2,"Moto/Ciclomotor,Pickup/Utilitario",Sargento Cabral Y Doctor Teisaire,2,1,0,0,1,0,0,"-32.95883, -60.693",Ruta,67-s,ROSARIO,Rosario,Asfalto,Natural,II,Dentro,Urbana,Ninguna,No existe,Intersección,Bueno,Buena,Diurna,Buen Tiempo,De alcance,S/D,Colisión,Ninguna,Faltante,Ninguna,Sin restricción
2020,4553,2020-10-17,Sabado,14:00:00,,0.0,2,"Automóvil,Moto/Ciclomotor",Gorriti Y San Lorenzo,2,1,0,0,1,0,0,"-31.58871, -60.70075",Calle,,SANTA FE,La Capital,Asfalto,Pavimento,I,S/D,Urbana,Ninguna,No existe,Intersección,Bueno,Buena,Diurna,Buen Tiempo,Lateral,S/D,Colisión,Ninguna,Vertical,Vegetación,Sin restricción
2020,4554,2020-07-26,Domingo,,,0.0,1,Moto/Ciclomotor, ,1,1,0,0,0,0,0,"    -29.11756, -59.65844",Avenida,,AVELLANEDA,General Obligado,Asfalto,S/D,X,S/D,S/D,S/D,S/D,Recta,S/D,S/D,S/D,S/D,S/D,S/D,"Cañda ocupante,Colisión",S/D,S/D,S/D,S/D
2020,4555,2020-07-29,Miercoles,,,0.0,2,"Moto/Ciclomotor,Pickup/Utilitario",Juan Jose Castelli Y Cristobal Colon,2,1,0,0,1,0,0,"    -33.7403, -61.96833",Calle,,VENADO TUERTO,General LÓPEZ,Asfalto,S/D,VIII,Dentro,Urbana,S/D,S/D,Intersección,S/D,S/D,Diurna,S/D,Lateral,S/D,Colisión,S/D,S/D,S/D,S/D
2020,4556,2020-11-03,Martes,20:00:00,Ruta Provincial 1,1.0,2,"Automóvil,Moto/Ciclomotor", ,2,1,0,0,1,0,0,"-31.61954, -60.59228",Ruta,1,COLASTINE,La Capital,Asfalto,Natural,I,S/D,S/D,Semáforo,Funciona,Recta,Bueno,Buena,Atardecer,Buen Tiempo,Otro,S/D,Colisión,Ninguna,Vertical,Cordón divisorio,Sin restricción
2020,4557,2020-11-12,Jueves,21:30:00,Ruta Provincial 6,0.0,1,Moto/Ciclomotor,San Martin 1900,1,0,1,0,0,0,0,"-31.74022, -61.09619",Ruta,6,SAN CARLOS CENTRO,Las Colonias,Asfalto,Pavimento,XI,S/D,Urbana,Ninguna,No existe,Recta,Bueno,Buena,Nocturna,Buen Tiempo,Atropello animal,S/D,Colisión,Ninguna,Horizontal,Ninguna,Sin restricción
2020,4558,2020-10-17,Sabado,12:00:00,Autopista Nacional A007,1.0,2,"Moto/Ciclomotor,Automóvil", ,2,1,0,0,1,0,0,"-31.66664, -60.73062",Autopista,A007,SANTA FE,La Capital,Asfalto,Natural,I,S/D,Urbana,Señal Pare,No existe,Recta,Bueno,Buena,Diurna,Buen Tiempo,Lateral,S/D,Colisión,Ninguna,Vertical,Guardarrail,Sin restricción
2020,4559,2020-11-02,Lunes,20:00:00,,0.0,2,"Pickup/Utilitario,Moto/Ciclomotor",Moreno Y Maipu,3,2,0,0,1,0,0,"-31.30539, -60.66051",Calle,,LAGUNA PAIVA,La Capital,Asfalto,No existe,I,Dentro,Urbana,Ninguna,No existe,Intersección,Bueno,Buena,Atardecer,Buen Tiempo,Lateral,S/D,Colisión,S/D,Faltante,Ninguna,Sin restricción
2020,4560,2020-07-24,Viernes,,,0.0,2,"Moto/Ciclomotor,Automóvil",Calle 10-Ludue�a Y Calle 29-Alte Brown,3,2,0,0,1,0,0,"    -29.15227, -59.64222",Calle,,ROSARIO,Rosario,Asfalto,S/D,II,Dentro,Urbana,S/D,S/D,Intersección,S/D,S/D,S/D,S/D,Lateral,S/D,Colisión,S/D,S/D,S/D,S/D
2020,4561,2020-11-06,Viernes,12:30:00,,0.0,2,"Moto/Ciclomotor,Automóvil",Cordoba Y Chacabuco,2,1,0,0,1,0,0,"-31.3037, -60.65391",Avenida,,SANTA FE,La Capital,Asfalto,No existe,I,Dentro,Urbana,Ninguna,No existe,Intersección,Bueno,Buena,Diurna,Buen Tiempo,Lateral,S/D,Colisión,Ninguna,Faltante,Ninguna,Sin restricción
2020,4562,2020-07-29,Miercoles,,,0.0,1,Bicicleta,Calle 18-Belgrano 1400,1,0,1,0,0,0,0,"    -29.15252, -59.64721",Calle,,RECONQUISTA,General Obligado,S/D,S/D,IX,Dentro,Urbana,Ninguna,No existe,Recta,S/D,S/D,Diurna,S/D,Contra objeto fijo,S/D,Colisión,S/D,S/D,Ninguna,S/D
2020,4563,2020-11-09,Lunes,12:15:00,Ruta Provincial 6,0.0,2,"Moto/Ciclomotor,Automóvil",San Martin Y Lopez y Planes,3,1,0,0,2,0,0,"-31.747896442957, -61.098224283012",Ruta,6,SAN CARLOS CENTRO,Las Colonias,Asfalto,No existe,XI,Dentro,Urbana,Ninguna,No existe,Intersección,Bueno,Buena,Diurna,Buen Tiempo,Lateral,S/D,Colisión,Ninguna,Horizontal,Ninguna,Sin restricción
2020,4564,2020-07-30,Jueves,,,0.0,2,"Moto/Ciclomotor,Automóvil",Calle 71-Nicaragua Y Roca Pte,2,1,0,0,1,0,0,"    -29.17129, -59.64726",Calle,,RECONQUISTA,General Obligado,Asfalto,S/D,IX,Dentro,Urbana,S/D,S/D,Intersección,S/D,S/D,Diurna,S/D,Lateral,S/D,Colisión,S/D,S/D,S/D,S/D
2020,4565,2020-08-18,Martes,08:05:00,,0.0,2,"Moto/Ciclomotor,Automóvil",Av. Pellegrini Y Mariano Moreno,2,1,0,0,1,0,0,"-32.95499314906,-60.653286968564",Avenida,,ROSARIO,Rosario,Asfalto,No existe,II,Dentro,Urbana,Semáforo,Funciona,Recta,Bueno,Buena,Diurna,Buen Tiempo,Lateral,S/D,Colisión,Ninguna,"Horizontal,Vertical",Cordón divisorio,Sin restricción
2020,4566,2020-08-01,Sabado,12:00:00,,0.0,2,"Pickup/Utilitario,Peatón",Pje. Chile ,3,1,0,0,2,0,0,"-32.939609395701,-60.691341385527",Calle,,ROSARIO,Rosario,Asfalto,No existe,II,Dentro,Urbana,Señal Pare,No existe,Recta,Bueno,Buena,Diurna,Buen Tiempo,S/D,Peatón,Atropello,Ninguna,Vertical,Ninguna,Sin restricción
2020,4567,2020-10-17,Sabado,12:30:00,Autopista Nacional A007,1.0,2,"Moto/Ciclomotor,Pickup/Utilitario", ,2,1,0,0,1,0,0,"-31.66664, -60.73062",Autopista,A007,SANTA FE,La Capital,Asfalto,Natural,I,S/D,Urbana,Marca Vial,No existe,Recta,Bueno,Buena,Diurna,Buen Tiempo,Lateral,S/D,Colisión,Ninguna,Vertical,Guardarrail,Sin restricción
2020,4568,2020-11-08,Domingo,17:30:00,,0.0,2,"Automóvil,Moto/Ciclomotor",Angel Gallardo Y Rio Negro,2,1,0,0,1,0,0,"-31.52102, -60.67869",S/D,,MONTE VERA,La Capital,Ripio,Natural,I,S/D,Urbana,Ninguna,No existe,Intersección,Bueno,Buena,Diurna,Buen Tiempo,Lateral,S/D,Colisión,Ninguna,Faltante,Ninguna,Sin restricción
2020,4569,2020-08-21,Viernes,10:15:00,,0.0,2,"Moto/Ciclomotor,Automóvil",Bv. Oroño Y Virasoro,2,1,0,0,1,0,0,"-32.967168960779,-60.659345107487",Avenida,,ROSARIO,Rosario,Asfalto,No existe,II,Dentro,Urbana,Semáforo,Funciona,Recta,Bueno,Buena,Diurna,Buen Tiempo,Lateral,S/D,Colisión,Ninguna,"Horizontal,Vertical",Cordón divisorio,Sin restricción
2020,4570,2020-11-13,Viernes,17:20:00,Ruta Provincial 26,0.0,2,"Moto/Ciclomotor,Moto/Ciclomotor",Gral Manuel Belgrano Y Juan B Justo Bis,2,1,0,0,1,0,0,"-33.15307, -60.51696",Ruta,26,ARROYO SECO,Rosario,Asfalto,S/D,II,S/D,Urbana,Ninguna,S/D,Intersección,Ahuellamiento,S/D,S/D,Buen Tiempo,Lateral,S/D,Colisión,Ninguna,Faltante,Ninguna,Sin restricción
2020,4571,2020-11-04,Miercoles,,Ruta Nacional 33,753.0,2,"Automóvil,Camión c / Semirremolque", ,2,1,0,0,1,0,0,"-33.01639, -61.05962",Ruta,33,PUJATO,San Lorenzo,Asfalto,Natural,XVII,Dentro,Rural,Ninguna,No existe,Recta,S/D,Buena,Atardecer,Buen Tiempo,Lateral,S/D,Colisión,Ninguna,Horizontal,Línea divisoria pintada,Sin restricción
2020,4572,2020-08-13,Jueves,07:30:00,,0.0,2,"Moto/Ciclomotor,Automóvil",1 de Mayo Y Cochabamba,2,1,0,0,1,0,0,"-32.959939114065,-60.632721710893",Calle,,ROSARIO,Rosario,Asfalto,No existe,II,Dentro,Urbana,Ninguna,No existe,Intersección,Bueno,Buena,Diurna,Buen Tiempo,Lateral,S/D,Colisión,Ninguna,Faltante,Ninguna,Sin restricción
2020,4573,2020-10-17,Sabado,17:00:00,,0.0,2,"Moto/Ciclomotor,Automóvil",Av Blas Parera Y Lavaisse,2,1,0,0,1,0,0,"-31.60847, -60.7193",Avenida,,SANTA FE,La Capital,Asfalto,No existe,I,S/D,Urbana,Semáforo,Funciona,Intersección,Bueno,Buena,Diurna,Buen Tiempo,Lateral,S/D,Colisión,Ninguna,Vertical,Línea divisoria pintada,Sin restricción
2020,4574,2020-08-09,Domingo,06:20:00,,0.0,2,"Moto/Ciclomotor,Taxi/Remis",España Y Riobamba,2,1,0,0,1,0,0,"-32.961518245275,-60.650684074606",Calle,,ROSARIO,Rosario,Asfalto,No existe,II,Dentro,Urbana,Ninguna,No existe,Recta,Bueno,Buena,"Diurna,Con luz artificial",Buen Tiempo,Lateral,S/D,Colisión,Ninguna,Faltante,Ninguna,Sin restricción
2020,4575,2020-08-07,Viernes,11:00:00,,0.0,2,"Pickup/Utilitario,Automóvil",Mendoza Y Laprida,3,1,0,0,2,0,0,"-32.952224080563,-60.635328172835",Calle,,ROSARIO,Rosario,Asfalto,No existe,II,Dentro,Urbana,S/D,No existe,Intersección,Bueno,Buena,Diurna,S/D,Lateral,S/D,Colisión,Ninguna,Faltante,Ninguna,Sin restricción
2020,4576,2020-10-17,Sabado,18:00:00,,0.0,2,"Moto/Ciclomotor,Otros",Martin Zapata 3800,3,2,0,0,1,0,0,"-31.6167, -60.7144",Calle,,SANTA FE,La Capital,Asfalto,No existe,I,S/D,Urbana,Semáforo,Funciona,Recta,Bueno,Buena,Diurna,Buen Tiempo,S/D,S/D,Colisión,Ninguna,Vertical,Línea divisoria pintada,Sin restricción
2020,4577,2020-08-04,Martes,12:30:00,,0.0,2,"Automóvil,Automóvil",Av. Pellegrini Y Balcarce,2,1,0,0,1,0,0,"-32.95475070339,-60.654645670206",Avenida,,ROSARIO,Rosario,Asfalto,No existe,II,Dentro,Urbana,Semáforo,Funciona,Intersección,Bueno,Buena,Diurna,Buen Tiempo,Lateral,S/D,Colisión,Ninguna,"Horizontal,Vertical",Cordón divisorio,Sin restricción
2020,4578,2020-08-04,Martes,10:50:00,,0.0,2,"Bicicleta,Peatón",Entre Rios Y San Lorenzo,2,1,0,0,1,0,0,"-32.943604097427,-60.640380989915",Calle,,ROSARIO,Rosario,Asfalto,No existe,II,Dentro,Urbana,Semáforo,Funciona,Intersección,Bueno,Buena,Diurna,Buen Tiempo,S/D,Peatón,Atropello,Ninguna,Vertical,Ninguna,Sin restricción
2020,4579,2020-08-01,Sabado,15:25:00,,0.0,2,"Automóvil,Automóvil",J.M.de Rosas Y La Paz,3,1,0,0,2,0,0,"-32.96533584594723,-60.635712146758",Calle,,ROSARIO,Rosario,Asfalto,No existe,II,Dentro,Urbana,Ninguna,No existe,Recta,Bueno,Buena,Diurna,Buen Tiempo,De alcance,S/D,Colisión,Ninguna,Faltante,Ninguna,Sin restricción
2020,4580,2020-08-05,Miercoles,11:25:00,,0.0,2,"Automóvil,Bicicleta",Mariano Moreno Y San Luis,2,1,0,0,1,0,0,"-32.946807303286,-60.651238449236",Calle,,ROSARIO,Rosario,Asfalto,No existe,II,Dentro,Urbana,Ninguna,No existe,Intersección,Bueno,Buena,Diurna,Buen Tiempo,S/D,Ciclista,Atropello,Ninguna,Faltante,Ninguna,Sin restricción
2020,4581,2020-08-01,Sabado,05:45:00,,0.0,2,"Moto/Ciclomotor,Automóvil",L.N.Alem Y Ocampo,3,2,0,0,1,0,0,"-32.968213141627,-60.633336799565",Calle,,ROSARIO,Rosario,Asfalto,No existe,II,Dentro,Urbana,Ninguna,No existe,Intersección,Bueno,Buena,"Nocturna,Con luz artificial",Buen Tiempo,Lateral,S/D,Colisión,Ninguna,Faltante,Ninguna,Sin restricción
2020,4582,2020-08-10,Lunes,10:00:00,,0.0,2,"Moto/Ciclomotor,Automóvil",Bv. 27 De Febrero Y Bv. 27 De Febrero,2,1,0,0,1,0,0,"-32.960321199993,-60.684593378268",Avenida,,ROSARIO,Rosario,Asfalto,No existe,II,Dentro,Urbana,Semáforo,Funciona,Recta,Bueno,Buena,Diurna,Buen Tiempo,De alcance,S/D,Colisión,Ninguna,Vertical,Cordón divisorio,Sin restricción
2020,4583,2020-08-06,Jueves,15:00:00,,0.0,1,Moto/Ciclomotor,Av. Corrientes Y Pje. Ricardone,1,1,0,0,0,0,0,"-32.947435765002,-60.64279314619",Calle,,ROSARIO,Rosario,Asfalto,No existe,II,Dentro,Urbana,Ninguna,No existe,Intersección,Bueno,Buena,Diurna,Buen Tiempo,S/D,S/D,Cañda ocupante,Ninguna,Faltante,Ninguna,Sin restricción
2020,4584,2020-08-15,Sabado,10:45:00,,0.0,2,"Automóvil,Automóvil",Marcos Paz Y Pascual Rosas,2,1,0,0,1,0,0,"-32.9422849416733,-60.6870549917221",Calle,,ROSARIO,Rosario,Asfalto,No existe,II,Dentro,Urbana,Ninguna,No existe,Intersección,Bueno,Buena,Diurna,Buen Tiempo,De alcance,S/D,Colisión,Ninguna,Faltante,Ninguna,Sin restricción
2020,4585,2020-08-11,Martes,18:30:00,,0.0,4,"Automóvil,Automóvil,Automóvil,Automóvil",Pueyrredon Y San Lorenzo,4,4,0,0,0,0,0,"-32.940709303994,-60.656780681371",Calle,,ROSARIO,Rosario,Asfalto,No existe,II,Dentro,Urbana,Ninguna,No existe,Recta,Bueno,Buena,"Atardecer,Con luz artificial",Buen Tiempo,Múltiple,S/D,Colisión,Ninguna,Faltante,Ninguna,Sin restricción
2020,4586,2020-08-20,Jueves,22:20:00,,0.0,2,"Bicicleta,Taxi/Remis",Cordoba Y Rodriguez,2,1,0,0,1,0,0,"-32.94273820751,-60.658718879668",Calle,,ROSARIO,Rosario,Asfalto,No existe,II,Dentro,Urbana,Semáforo,Funciona,Intersección,Bueno,Buena,Nocturna,Buen Tiempo,S/D,Ciclista,Atropello,Ninguna,"Horizontal,Vertical",Ninguna,Sin restricción
2020,4587,2020-08-19,Miercoles,17:15:00,,0.0,2,"Automóvil,Automóvil",Alvear Y Guemes,4,2,0,0,2,0,0,"-32.93300051955,-60.651999044361",Calle,,ROSARIO,Rosario,Asfalto,No existe,II,Dentro,Urbana,Paso Peatonal,No existe,Intersección,Bueno,Buena,Diurna,Buen Tiempo,De alcance,S/D,Colisión,Ninguna,Horizontal,Ninguna,Sin restricción
2020,4588,2020-11-14,Sabado,18:40:00,Ruta Provincial 21,0.0,2,"Moto/Ciclomotor,Automóvil", ,2,1,0,0,1,0,0,"-33.07179, -60.57981",Ruta,21,PUEBLO ESTHER,Rosario,S/D,S/D,II,S/D,Urbana,S/D,S/D,S/D,S/D,S/D,S/D,S/D,S/D,S/D,Colisión,S/D,S/D,S/D,S/D
2020,4589,2020-11-01,Domingo,19:00:00,,0.0,2,"Moto/Ciclomotor,Bicicleta",Gral Roca Y Solis,2,1,0,0,1,0,0,"-32.67046, -60.79357",Calle,,TIMBÚES,San Lorenzo,Ripio,No existe,XVII,Dentro,Urbana,Ninguna,No existe,Intersección,Bueno,Buena,Diurna,Buen Tiempo,S/D,Ciclista,Atropello,Ninguna,Faltante,Ninguna,Sin restricción
2020,4590,2020-11-13,Viernes,11:00:00,,0.0,2,"Automóvil,Moto/Ciclomotor",SAN LUIS Y IRIGOYEN,3,2,0,0,1,0,0,"-33.07602, -60.57524",Calle,,PUEBLO ESTHER,Rosario,Ripio,S/D,II,S/D,Urbana,S/D,S/D,Cruce,S/D,S/D,S/D,S/D,S/D,S/D,Colisión,S/D,S/D,S/D,S/D
2020,4591,2020-08-06,Jueves,00:00:00,,0.0,2,"Moto/Ciclomotor,Automóvil",Ayacucho Y Ituzaingo,3,2,0,0,1,0,0,"-32.962733514393,-60.630479684335",Calle,,ROSARIO,Rosario,Asfalto,No existe,II,Dentro,Urbana,Ninguna,No existe,Intersección,Bueno,Buena,"Nocturna,Con luz artificial",Buen Tiempo,Lateral,S/D,Colisión,Ninguna,Faltante,Ninguna,Sin restricción
2020,4592,2020-11-05,Jueves,,Ruta Nacional 11,0.0,2,"Moto/Ciclomotor,Moto/Ciclomotor",Gaboto ,3,3,0,0,0,0,0,"-32.66727, -60.79263",Ruta,11,TIMBÚES,San Lorenzo,Asfalto,No existe,XVII,Dentro,Urbana,Ninguna,No existe,Intersección,Bueno,Buena,Nocturna,Buen Tiempo,De alcance,S/D,Colisión,Ninguna,"Horizontal,Vertical",Ninguna,Sin restricción
2020,4593,2020-11-09,Lunes,10:15:00,,0.0,2,"Bicicleta,Automóvil",Espora Y Belgrano,2,1,0,0,1,0,0,"-33.02401, -60.61902",Calle,,VILLA GOBERNADOR GÁLVEZ,Rosario,Asfalto,No existe,II,Dentro,Urbana,Ninguna,No existe,Intersección,Bueno,Buena,Diurna,Buen Tiempo,S/D,Ciclista,Atropello,Ninguna,Faltante,Ninguna,Sin restricción
2020,4594,2020-10-26,Lunes,10:00:00,,0.0,2,"Automóvil,Bicicleta",Valentin Gomez Y J.M.de Rosas,2,1,0,0,1,0,0,"    -32.88877, -60.69908",Calle,,ROSARIO,Rosario,Asfalto,Pavimento,II,Dentro,Urbana,Policía de tránsito,No existe,Rotonda,Bueno,Buena,Diurna,Buen Tiempo,Frontal,Ciclista,Atropello,Ninguna,S/D,S/D,Sin restricción
2020,4595,2020-08-22,Sabado,22:15:00,,0.0,2,"Automóvil,Automóvil",Crespo Y Urquiza,3,1,0,0,2,0,0,"-32.937569466123,-60.667362514416",Calle,,ROSARIO,Rosario,Asfalto,No existe,II,Dentro,Urbana,Ninguna,No existe,Intersección,Bueno,Buena,Nocturna,Buen Tiempo,Lateral,S/D,Colisión,Ninguna,Faltante,Ninguna,Sin restricción
2020,4596,2020-11-12,Jueves,10:35:00,,0.0,3,"Moto/Ciclomotor,Pickup/Utilitario,Automóvil",Av. Eva Peron Y Brasil,3,1,0,0,2,0,0,"-32.93167,-60.72000",Avenida,,ROSARIO,Rosario,Asfalto,No existe,II,Dentro,Urbana,Semáforo,Funciona,Recta,Bueno,Buena,Diurna,Buen Tiempo,Múltiple,S/D,Colisión,Ninguna,S/D,Cordón divisorio,Sin restricción
2020,4597,2020-10-24,Sabado,20:00:00,,0.0,2,"Moto/Ciclomotor,Automóvil", ,2,1,0,0,1,0,0,"    -32.89617, -60.71514",S/D,,ROSARIO,Rosario,Asfalto,Pavimento,II,S/D,S/D,Ninguna,S/D,Intersección,Bueno,Buena,Nocturna,Buen Tiempo,Otro,S/D,Colisión,Ninguna,Faltante,Ninguna,Sin restricción
2020,4598,2020-11-04,Miercoles,21:50:00,,0.0,2,"Moto/Ciclomotor,Automóvil",G Kirk 400,2,1,0,0,1,0,0,"-32.71568, -60.73077",Calle,,PUERTO SAN MARTÍN,San Lorenzo,Asfalto,No existe,XVII,Dentro,Urbana,Ninguna,No existe,Recta,Bueno,Buena,Nocturna,Buen Tiempo,De alcance,S/D,Colisión,Ninguna,Horizontal,Ninguna,Sin restricción
2020,4599,2020-08-21,Viernes,,,0.0,2,"Automóvil,Bicicleta",Italia Y San Luis,2,1,0,0,1,0,0,"-32.947291065777,-60.648530129045",Calle,,ROSARIO,Rosario,Asfalto,No existe,II,Dentro,Urbana,Ninguna,No existe,Intersección,Bueno,Buena,Diurna,Buen Tiempo,S/D,Ciclista,Atropello,Ninguna,Faltante,Ninguna,Sin restricción
2020,4600,2020-11-14,Sabado,23:30:00,,0.0,2,"Pickup/Utilitario,Moto/Ciclomotor",Av. Provincias Unidas ,3,1,0,0,2,0,0,"-32.92943, -60.71315",Calle,,ROSARIO,Rosario,Asfalto,No existe,II,Dentro,Urbana,Ninguna,S/D,Intersección,Bueno,Buena,Nocturna,Buen Tiempo,Frontal,S/D,Colisión,Ninguna,S/D,Cordón divisorio,Sin restricción
2020,4602,2020-08-10,Lunes,21:00:00,Ruta Provincial 14,156.0,2,"Peatón,Camión", ,2,0,0,0,0,1,1,"-33.94599,-61.8666",Ruta,14,MARÍA TERESA,General LÓPEZ,Asfalto,Natural,VIII,Dentro,Urbana,S/D,No existe,Curva,Bueno,Buena,Nocturna,Buen Tiempo,S/D,Peatón,Atropello,S/D,S/D,S/D,S/D
2020,4603,2020-08-21,Viernes,17:50:00,,0.0,2,"Moto/Ciclomotor,Automóvil",Alsina Y Mendoza,2,1,0,0,1,0,0,"-32.944699585641,-60.6776870383",Calle,,ROSARIO,Rosario,Asfalto,No existe,II,Dentro,Urbana,Ninguna,Funciona,Recta,Bueno,Buena,Diurna,Buen Tiempo,De alcance,S/D,Colisión,Ninguna,"Horizontal,Vertical",Ninguna,Sin restricción
2020,4604,2020-11-08,Domingo,23:00:00,,0.0,2,"Moto/Ciclomotor,Moto/Ciclomotor",Av San Lorenzo Y Misiones,2,1,1,0,0,0,0,"-32.81351, -60.71718",Avenida,,CAPITÁN BERMÚDEZ,San Lorenzo,Asfalto,Ripio,XVII,Dentro,Urbana,Ninguna,No existe,Intersección,Bueno,Buena,Nocturna,Buen Tiempo,Frontal,S/D,Colisión,Ninguna,Faltante,Línea divisoria pintada,Sin restricción
2020,4605,2020-11-13,Viernes,15:55:00,Ruta Nacional 9,0.0,1,Bicicleta,Av. Eva Peron Y Donado,1,1,0,0,0,0,0,"-32.93036, -60.72738",Ruta,9,ROSARIO,Rosario,Asfalto,No existe,II,Dentro,Urbana,Semáforo,Funciona,Recta,Bueno,Buena,Diurna,Buen Tiempo,S/D,S/D,Cañda ocupante,Ninguna,S/D,Cordón divisorio,Sin restricción
2020,4606,2020-08-06,Jueves,21:00:00,,0.0,2,"Automóvil,Taxi/Remis",La Paz Y L.N.Alem,3,2,0,0,1,0,0,"-32.965921307441,-60.632766919179",Calle,,ROSARIO,Rosario,Asfalto,No existe,II,Dentro,Urbana,Ninguna,No existe,Intersección,Bueno,Buena,"Nocturna,Con luz artificial",Buen Tiempo,Lateral,S/D,Colisión,Ninguna,Vertical,Ninguna,Sin restricción
2020,4607,2020-11-13,Viernes,19:50:00,,0.0,2,"Bicicleta,Moto/Ciclomotor",Brasil Bis Y Junin,3,1,0,0,2,0,0,"-32.92776, -60.72016",Calle,,ROSARIO,Rosario,Asfalto,No existe,II,S/D,Urbana,Ninguna,No existe,Intersección,Bueno,Buena,Atardecer,Buen Tiempo,S/D,Ciclista,Atropello,Ninguna,Faltante,Ninguna,Sin restricción
2020,4608,2020-11-07,Sabado,19:30:00,,0.0,2,"Bicicleta,Automóvil",Estado de Israel Y D Gurel,3,1,0,0,1,0,1,"-32.77585, -60.73177",S/D,,SAN LORENZO,San Lorenzo,S/D,S/D,XVII,S/D,S/D,S/D,S/D,S/D,S/D,S/D,S/D,S/D,S/D,Ciclista,Atropello,S/D,S/D,S/D,S/D
2020,4609,2020-10-24,Sabado,,,0.0,2,"Moto/Ciclomotor,Automóvil",Oriente Y M.Perdriel,2,1,0,0,1,0,0,"    -32.89492, -60.71066",Calle,,ROSARIO,Rosario,Asfalto,No existe,II,Dentro,Urbana,S/D,No existe,Intersección,Otro,Buena,Nocturna,S/D,Lateral,S/D,Colisión,Ninguna,Faltante,S/D,Sin restricción
2020,4610,2020-11-13,Viernes,16:15:00,,0.0,2,"Moto/Ciclomotor,Peatón",Brasil Bis Y Junin,2,2,0,0,0,0,0,"-32.92776, -60.72016",Calle,,ROSARIO,Rosario,Asfalto,No existe,II,Dentro,Urbana,Ninguna,No existe,Recta,Bueno,Buena,Diurna,Buen Tiempo,S/D,Peatón,Atropello,Ninguna,Faltante,Ninguna,Sin restricción
2020,4611,2020-11-06,Viernes,02:00:00,,0.0,2,"Moto/Ciclomotor,Automóvil",Saavedra ,2,1,0,0,1,0,0,"-32.75065, -60.72805",Calle,,SAN LORENZO,San Lorenzo,S/D,S/D,XVII,S/D,Urbana,S/D,S/D,S/D,S/D,S/D,S/D,S/D,S/D,S/D,S/D,S/D,S/D,S/D,S/D
2020,4612,2020-11-10,Martes,18:00:00,,0.0,2,"Moto/Ciclomotor,Automóvil",Junin Y Formosa Bis,2,1,0,0,1,0,0,"-32.92698, -60.69128",Calle,,ROSARIO,Rosario,Asfalto,S/D,II,S/D,Urbana,S/D,S/D,Intersección,S/D,S/D,S/D,S/D,S/D,S/D,Colisión,S/D,S/D,S/D,S/D
2020,4613,2020-10-24,Sabado,18:30:00,,0.0,2,"Peatón,Moto/Ciclomotor",Junin Y Eva Peron,3,0,1,0,2,0,0,"    -32.85857, -60.71886",Calle,,GRANADERO BAIGORRIA,Rosario,Hormigón,No existe,II,Dentro,Urbana,Ninguna,No existe,Recta,Bueno,Buena,Diurna,Buen Tiempo,S/D,Peatón,Atropello,Ninguna,Faltante,Ninguna,Sin restricción
2020,4614,2020-08-13,Jueves,08:15:00,Ruta Nacional 9,312.0,2,"Automóvil,Camión Chasis",San Geronimo ,3,1,0,0,0,1,1,"-32.91069,-60.87983",Ruta,9,ROLDÁN,San Lorenzo,Asfalto,Natural,XVII,Dentro,Urbana,Ninguna,No existe,Intersección,Bueno,Buena,Diurna,Buen Tiempo,Frontal,S/D,Colisión,Ninguna,Vertical,Ninguna,S/D