anio_acci,nro_acci,fecha,desc_dia,hora_aprox,desc_ruta,km,cant_participantes,desc_participante,calle_avenida_km,total,heridos_leves,heridos_graves,heridos_gravisimos,ilesos,fallecidos,sin_datos,posicion_XY,desc_tipo_via,desc_ruta_ori,desc_loc,desc_dpto,desc_tipo_calzada,desc_tipo_banquina,desc_unidad_regional,desc_lugar_calzada,desc_zona,desc_prioridad,desc_estado_semaforo,desc_lugar_via,desc_estado_via,desc_estado_visibilidad,desc_luminosidad,desc_estado_clima,desc_tipo_colision,desc_tipo_atropello,desc_tipo_hecho,desc_pres_calzada,desc_senializacion,desc_separacion_via,desc_restriccion
2020,4615,2020-11-13,Viernes,17:20:00,,0.0,1,Moto/Ciclomotor,Urquiza Y P.L.Funes,1,1,0,0,0,0,0,"-32.93315, -60.7015",Calle,,ROSARIO,Rosario,S/D,No existe,II,S/D,Urbana,Ninguna,No existe,Intersección,S/D,Buena,Diurna,S/D,Atropello animal,S/D,Colisión,S/D,Faltante,Ninguna,Sin restricción
2020,4616,2020-11-06,Viernes,07:45:00,Ruta Nacional A012,0.0,2,"Moto/Ciclomotor,Camión Chasis", ,2,1,0,0,1,0,0,"-32.57098, -60.88727",Ruta,A012,SAN LORENZO,San Lorenzo,S/D,S/D,XVII,S/D,S/D,S/D,S/D,S/D,S/D,S/D,S/D,S/D,S/D,S/D,S/D,S/D,S/D,S/D,S/D
2020,4617,2020-11-09,Lunes,17:50:00,,0.0,2,"Automóvil,Moto/Ciclomotor",Cochabamba Y Bv. Avellaneda,2,0,1,0,1,0,0,"-32.95108, -60.68225",Avenida,,ROSARIO,Rosario,Asfalto,Pavimento,II,S/D,Urbana,Ninguna,No existe,Intersección,Bueno,Buena,"Diurna,Con luz artificial",Buen Tiempo,Otro,S/D,Colisión,Ninguna,Faltante,Ninguna,Sin restricción
2020,4618,2020-10-24,Sabado,13:20:00,,0.0,2,"Automóvil,Moto/Ciclomotor", ,2,1,0,0,1,0,0,"    -33.05391, -60.60083",Calle,,ALVEAR,Rosario,Asfalto,No existe,II,Dentro,Urbana,Semáforo,Funciona,Recta,S/D,Buena,Diurna,Buen Tiempo,Frontal,S/D,Colisión,Ninguna,Horizontal,Línea divisoria pintada,Sin restricción
2020,4619,2020-11-03,Martes,17:45:00,Ruta Nacional 11,0.0,2,"Moto/Ciclomotor,Pickup/Utilitario",Cayetano Silva ,3,2,0,0,1,0,0,"-32.73198, -60.74249",Ruta,11,SAN LORENZO,San Lorenzo,S/D,S/D,XVII,S/D,Urbana,S/D,S/D,S/D,S/D,S/D,S/D,S/D,S/D,S/D,S/D,S/D,S/D,S/D,S/D
2020,4620,2020-08-10,Lunes,18:05:00,,0.0,2,"Taxi/Remis,Moto/Ciclomotor",L.N.Alem Y Riobamba,2,1,0,0,1,0,0,"-32.964774042171,-60.632480857705",Calle,,ROSARIO,Rosario,Asfalto,No existe,II,Dentro,Urbana,Ninguna,No existe,Intersección,Bueno,Buena,Atardecer,Buen Tiempo,Lateral,S/D,Colisión,Ninguna,Faltante,Ninguna,Sin restricción
2020,4621,2020-08-15,Sabado,06:30:00,,0.0,2,"Moto/Ciclomotor,Transporte de Pasajeros Urbano (> 8 asientos)",Grandoli Y Nicolas Laguna,2,0,1,0,1,0,0,"-32.886881844412,-60.724122361054",Calle,,ROSARIO,Rosario,Asfalto,No existe,II,Dentro,Urbana,Señal Pare,No existe,Intersección,Deteriorada,Buena,Diurna,Buen Tiempo,Frontal,S/D,Colisión,Otro,Vertical,Ninguna,Sin restricción
2020,4622,2020-11-13,Viernes,19:30:00,,0.0,2,"Moto/Ciclomotor,Automóvil",Larrea Y Garay,3,2,0,0,1,0,0,"-32.96587, -60.69628",Calle,,ROSARIO,Rosario,Asfalto,S/D,II,S/D,Urbana,Ninguna,No existe,Intersección,Bueno,Buena,Nocturna,Buen Tiempo,Otro,S/D,Colisión,Ninguna,Faltante,Ninguna,Sin restricción
2020,4623,2020-11-03,Martes,12:00:00,,0.0,2,"Moto/Ciclomotor,Moto/Ciclomotor",Juan M De Rosas Y Dr Ghio,3,3,0,0,0,0,0,"-32.74957, -60.74121",S/D,,SAN LORENZO,San Lorenzo,S/D,S/D,XVII,S/D,S/D,S/D,S/D,S/D,S/D,S/D,S/D,S/D,S/D,S/D,S/D,S/D,S/D,S/D,S/D
2020,4624,2020-11-11,Miercoles,16:00:00,,0.0,2,"Moto/Ciclomotor,Moto/Ciclomotor",Bv. Avellaneda Y Garay,3,3,0,0,0,0,0,"-32.96713, -60.68631",Calle,,ROSARIO,Rosario,Asfalto,No existe,II,S/D,Urbana,Ninguna,No existe,Intersección,Bueno,Buena,Diurna,Buen Tiempo,S/D,S/D,Colisión,Ninguna,Faltante,Cordón divisorio,Sin restricción
2020,4625,2020-10-27,Martes,17:20:00,,0.0,2,"Automóvil,Automóvil",Cordoba Y 17 de Octubre,2,1,0,0,1,0,0,"    -33.01422, -60.60931",Calle,,VILLA GOBERNADOR GÁLVEZ,Rosario,Asfalto,No existe,II,S/D,Urbana,Ninguna,No existe,Recta,Bueno,Buena,Diurna,Buen Tiempo,De alcance,S/D,Colisión,Ninguna,S/D,Ninguna,Sin restricción
2020,4626,2020-08-14,Viernes,21:25:00,,0.0,2,"Peatón,Moto/Ciclomotor",San Martin Y Garibaldi,2,1,0,0,0,1,0,"-32.21175,-61.21393",Calle,,ROSARIO,Rosario,Asfalto,Pavimento,II,Dentro,Urbana,S/D,No existe,Intersección,Bueno,Buena,Nocturna,Buen Tiempo,S/D,Peatón,Atropello,Ninguna,Vertical,Cordón divisorio,S/D
2020,4627,2020-11-02,Lunes,17:15:00,,0.0,2,"Bicicleta,Moto/Ciclomotor",Jose Ingenieros Y La Rioja,2,2,0,0,0,0,0,"-32.73985, -60.74571",S/D,,SAN LORENZO,San Lorenzo,S/D,S/D,XVII,S/D,S/D,S/D,S/D,S/D,S/D,S/D,S/D,S/D,S/D,Ciclista,Atropello,S/D,S/D,S/D,S/D
2020,4628,2020-10-11,Domingo,22:50:00,,0.0,2,"Moto/Ciclomotor,Otros",Cafferata Y Rioja,2,0,1,0,0,0,1,"-32.941696057086,-60.671241357194",Calle,,ROSARIO,Rosario,Asfalto,No existe,II,Dentro,Urbana,Semáforo,Funciona,Recta,Bueno,Buena,"Nocturna,Con luz artificial",Buen Tiempo,S/D,S/D,Colisión,Ninguna,"Horizontal,Vertical",Ninguna,Sin restricción
2020,4629,2020-11-11,Miercoles,19:00:00,,0.0,2,"Moto/Ciclomotor,Moto/Ciclomotor",España Y Av. Circunvalacion,2,2,0,0,0,0,0,"-32.97901, -60.65508",Calle,,ROSARIO,Rosario,Asfalto,No existe,II,S/D,Urbana,Ninguna,No existe,Intersección,Bueno,Buena,Atardecer,Buen Tiempo,Lateral,S/D,Colisión,Ninguna,Faltante,Ninguna,Sin restricción
2020,4630,2020-11-02,Lunes,13:20:00,,0.0,2,"Automóvil,Moto/Ciclomotor",Mazza Y Jose Bison,3,2,0,0,1,0,0,"-32.73106, -60.75082",Calle,,SAN LORENZO,San Lorenzo,S/D,S/D,XVII,S/D,Urbana,S/D,S/D,S/D,S/D,S/D,S/D,S/D,S/D,S/D,S/D,S/D,S/D,S/D,S/D
2020,4631,2020-08-23,Domingo,13:20:00,,0.0,1,Automóvil,CAMINO RURAL S/N ,2,1,0,0,0,1,0,"-32.76624,-60.81284",Camino Rural,,RICARDONE,San Lorenzo,Tierra,No existe,XVII,S/D,Rural,Ninguna,No existe,Recta,Bueno,Buena,Diurna,Buen Tiempo,S/D,S/D,Vuelco,Otro,Faltante,Ninguna,Sin restricción
2020,4632,2020-10-26,Lunes,16:45:00,,0.0,2,"Moto/Ciclomotor,Automóvil",17 de Octubre Y Saenz Pe�a,2,1,0,0,1,0,0,"    -33.01758, -60.60917",Calle,,VILLA GOBERNADOR GÁLVEZ,Rosario,Asfalto,No existe,II,Dentro,Urbana,Ninguna,No existe,Recta,Ahuellamiento,Buena,Diurna,S/D,S/D,S/D,Colisión,Ninguna,Faltante,Ninguna,Sin restricción
2020,4633,2020-11-13,Viernes,16:00:00,,0.0,2,"Moto/Ciclomotor,Automóvil",Bv. Oroño Y Lamadrid,2,1,0,0,1,0,0,"-32.99764, -60.66541",Calle,,ROSARIO,Rosario,Asfalto,No existe,II,Dentro,Urbana,Ninguna,Funciona,Intersección,Bueno,Buena,Diurna,Buen Tiempo,Lateral,S/D,Colisión,Ninguna,Faltante,Ninguna,Sin restricción
2020,4634,2020-11-01,Domingo,11:30:00,Ruta Nacional 11,0.0,2,"Automóvil,Moto/Ciclomotor",Granadero Baigorria ,2,1,0,0,1,0,0,"-32.7342, -60.74042",Ruta,11,SAN LORENZO,San Lorenzo,S/D,S/D,XVII,S/D,S/D,S/D,S/D,S/D,S/D,S/D,S/D,S/D,S/D,S/D,S/D,S/D,S/D,S/D,S/D
2020,4635,2020-08-11,Martes,18:00:00,,0.0,2,"Moto/Ciclomotor,Automóvil",Rueda 1500,2,1,0,0,1,0,0,"-32.970041329782,-60.649925699414",Calle,,ROSARIO,Rosario,Asfalto,No existe,II,Dentro,Urbana,Ninguna,No existe,Recta,Bueno,Buena,Atardecer,Buen Tiempo,De alcance,S/D,Colisión,Ninguna,Faltante,Ninguna,Sin restricción
2020,4636,2020-08-20,Jueves,,,0.0,2,"Moto/Ciclomotor,Bicicleta",Albert Sabin Y J.J.Paso,2,1,0,0,1,0,0,"-32.91949689388275,-60.688720643520",Calle,,ROSARIO,Rosario,Asfalto,No existe,II,Dentro,Urbana,Semáforo,Funciona,Intersección,Bueno,Buena,Diurna,Buen Tiempo,S/D,Ciclista,Atropello,Ninguna,Vertical,Cordón divisorio,Sin restricción
2020,4637,2020-11-15,Domingo,21:40:00,,0.0,2,"Moto/Ciclomotor,Pickup/Utilitario",Italia Y Padre R. Giaccone,2,1,0,0,1,0,0,"-33.00823, -60.65891",Calle,,ROSARIO,Rosario,Asfalto,S/D,II,Dentro,Urbana,Ninguna,S/D,Intersección,S/D,S/D,S/D,Buen Tiempo,Lateral,S/D,Colisión,S/D,S/D,Ninguna,Sin restricción
2020,4638,2020-11-02,Lunes,20:30:00,,0.0,1,Moto/Ciclomotor,Primeros pobladores 1200,1,1,0,0,0,0,0,"-29.90702, -59.82438",Calle,,ALEJANDRA,San Javier,Tierra,Natural,XIV,Dentro,Urbana,Ninguna,No existe,Recta,Otro,Buena,Nocturna,Buen Tiempo,Atropello animal,S/D,Colisión,Ninguna,Faltante,Ninguna,Sin restricción
2020,4639,2020-11-10,Martes,11:35:00,,0.0,2,"Moto/Ciclomotor,Automóvil",San Martin Y Amenabar,2,1,0,0,1,0,0,"-32.97244, -60.64315",Calle,,ROSARIO,Rosario,Asfalto,No existe,II,Dentro,Urbana,Ninguna,S/D,Intersección,Bueno,Buena,Diurna,Buen Tiempo,Lateral,S/D,Colisión,Ninguna,Faltante,Ninguna,Sin restricción
2020,4640,2020-10-29,Jueves,16:00:00,,0.0,2,"Peatón,Automóvil",Ecuador Y Pasco,3,1,0,0,2,0,0,"    -32.95104, -60.7145",Calle,,ROSARIO,Rosario,Asfalto,Pavimento,II,S/D,Urbana,Ninguna,No existe,Otro,Bueno,Buena,Diurna,Buen Tiempo,S/D,Peatón,Atropello,Ninguna,"Horizontal,Vertical",Ninguna,Sin restricción
2020,4641,2020-08-20,Jueves,17:50:00,,0.0,2,"Moto/Ciclomotor,Automóvil",Cavia 1700,3,2,0,0,1,0,0,"-32.900948063831,-60.708698848547",Calle,,ROSARIO,Rosario,Asfalto,No existe,II,Dentro,Urbana,Ninguna,No existe,Recta,Bueno,Buena,Diurna,Buen Tiempo,Lateral,S/D,Colisión,Ninguna,Faltante,Ninguna,Sin restricción
2020,4642,2020-11-15,Domingo,19:30:00,,0.0,2,"Peatón,Automóvil",San Martin Y Pje. R.Platini,2,1,0,0,1,0,0,"-33.01489, -60.65198",Calle,,ROSARIO,Rosario,Asfalto,No existe,II,Dentro,Urbana,Ninguna,No existe,Intersección,Bueno,Buena,Atardecer,Buen Tiempo,S/D,Peatón,Atropello,Ninguna,Faltante,Ninguna,Sin restricción
2020,4643,2020-11-03,Martes,18:50:00,,0.0,1,Automóvil,J.M.Gutierrez ,2,2,0,0,0,0,0,"-32.9944, -60.66098",S/D,,ROSARIO,Rosario,Asfalto,No existe,II,S/D,S/D,S/D,No existe,Curva,Bueno,Buena,Diurna,S/D,Otro,S/D,S/D,Ninguna,Faltante,S/D,Sin restricción
2020,4644,2020-08-08,Sabado,14:30:00,,0.0,2,"Automóvil,Moto/Ciclomotor",España Y Montevideo,3,2,0,0,1,0,0,"-32.954643239499,-60.648957389788",Calle,,ROSARIO,Rosario,Asfalto,No existe,II,Dentro,Urbana,Semáforo,Funciona,Intersección,Bueno,Buena,Diurna,Buen Tiempo,Lateral,S/D,Colisión,Ninguna,"Horizontal,Vertical",Ninguna,Sin restricción
2020,4645,2020-11-12,Jueves,14:00:00,,0.0,2,"Moto/Ciclomotor,Pickup/Utilitario",Av. Bermudez Y Av. Arijon,3,0,1,0,2,0,0,"-33.00288, -60.64253",Calle,,ROSARIO,Rosario,Asfalto,No existe,II,Dentro,Urbana,Ninguna,No existe,Intersección,Bueno,Buena,Diurna,Buen Tiempo,Lateral,S/D,Colisión,Ninguna,Faltante,Ninguna,Sin restricción
2020,4646,2020-11-03,Martes,09:25:00,,0.0,1,Moto/Ciclomotor,Av. Ntra.Sra.del Rosario Y Av. Circunvalacion,2,2,0,0,0,0,0,"-32.99994, -60.65094",Calle,,ROSARIO,Rosario,Asfalto,No existe,II,Dentro,Urbana,Ninguna,No existe,Intersección,Bueno,Buena,Diurna,Buen Tiempo,S/D,S/D,Otro,Ninguna,Faltante,Guardarrail,Sin restricción
2020,4647,2020-11-01,Domingo,04:30:00,,0.0,2,"Moto/Ciclomotor,Taxi/Remis",Dr.Rivas Y Castellanos,2,1,0,0,1,0,0,"-32.97705, -60.6844",Calle,,ROSARIO,Rosario,Asfalto,S/D,II,S/D,Urbana,S/D,S/D,Intersección,S/D,S/D,S/D,S/D,S/D,S/D,S/D,S/D,S/D,S/D,S/D
2020,4648,2020-11-13,Viernes,21:50:00,,0.0,2,"Moto/Ciclomotor,Automóvil",Paraguay Y Av. Uriburu,3,1,0,0,1,0,1,"-32.99101, -60.65524",Calle,,ROSARIO,Rosario,S/D,No existe,II,Dentro,Urbana,Ninguna,No existe,Intersección,S/D,Buena,Nocturna,Buen Tiempo,Frontal,S/D,Colisión,Ninguna,Faltante,Ninguna,Sin restricción
2020,4649,2020-11-04,Miercoles,16:25:00,,0.0,2,"Bicicleta,Pickup/Utilitario",Echeverria Bis Y Av. Luis Carballo,2,1,0,0,1,0,0,"-32.92186, -60.67227",S/D,,ROSARIO,Rosario,Asfalto,S/D,II,S/D,S/D,Semáforo,S/D,Intersección,Bueno,S/D,S/D,Buen Tiempo,S/D,Ciclista,Atropello,S/D,Horizontal,S/D,S/D
2020,4650,2020-10-17,Sabado,21:30:00,,0.0,1,Moto/Ciclomotor,9 de Julio 1400,1,1,0,0,0,0,0,"-31.65862, -60.71285",Calle,,SANTA FE,La Capital,Asfalto,Pavimento,I,Dentro,Urbana,Ninguna,No existe,Recta,Bueno,Buena,Nocturna,Buen Tiempo,S/D,S/D,Vuelco,S/D,S/D,Ninguna,Sin restricción
2020,4651,2020-11-12,Jueves,16:00:00,,0.0,1,Moto/Ciclomotor,Bv. Segui Y Pte.Roca,1,1,0,0,0,0,0,"-32.97792, -60.65339",Calle,,ROSARIO,Rosario,Asfalto,No existe,II,Dentro,Urbana,Ninguna,No existe,Intersección,Bueno,Buena,Diurna,Buen Tiempo,S/D,S/D,Cañda ocupante,Ninguna,Faltante,Ninguna,Sin restricción
2020,4652,2020-11-15,Domingo,05:50:00,,0.0,1,Moto/Ciclomotor,San Martin Y Rueda,2,2,0,0,0,0,0,"-32.97129, -60.64283",Calle,,ROSARIO,Rosario,Asfalto,No existe,II,S/D,Urbana,Ninguna,No existe,Intersección,Bueno,Buena,"Amanecer,Con luz artificial",Buen Tiempo,S/D,S/D,Cañda ocupante,Ninguna,Faltante,Cordón divisorio,Sin restricción
2020,4653,2020-11-02,Lunes,15:50:00,,0.0,3,"Automóvil,Automóvil,Automóvil",Av. Ovidio Lagos Y Av. Pte.Peron,4,2,0,0,2,0,0,"-32.95435, -60.6646",Calle,,ROSARIO,Rosario,Asfalto,S/D,II,S/D,Urbana,S/D,S/D,Recta,S/D,S/D,S/D,S/D,S/D,S/D,S/D,S/D,S/D,S/D,S/D
2020,4654,2020-11-14,Sabado,02:15:00,,0.0,2,"Moto/Ciclomotor,Automóvil",Hilarion de la Quintana Y Pavon,3,2,0,0,1,0,0,"-33.00052, -60.63414",Calle,,ROSARIO,Rosario,Asfalto,No existe,II,Dentro,Urbana,Ninguna,No existe,Intersección,Bueno,Buena,"Nocturna,Con luz artificial",Buen Tiempo,Lateral,S/D,Colisión,Ninguna,Faltante,Ninguna,Sin restricción
2020,4655,2020-08-13,Jueves,11:55:00,,0.0,2,"Moto/Ciclomotor,Automóvil",Salta Y Suipacha,2,1,1,0,0,0,0,"-32.934788393906,-60.662395009516",Calle,,ROSARIO,Rosario,Asfalto,No existe,II,Dentro,Urbana,Semáforo,Funciona,Intersección,Bueno,Buena,Diurna,Buen Tiempo,Lateral,S/D,Colisión,Ninguna,Vertical,Ninguna,Sin restricción
2020,4656,2020-10-17,Sabado,01:00:00,,0.0,2,"Bicicleta,Automóvil",Av Iriondo ,2,1,0,0,0,0,1,"-30.78977, -60.59268",Avenida,,SAN JUSTO,San Justo,Asfalto,No existe,XVI,Dentro,Urbana,Ninguna,No existe,Recta,Bueno,Buena,Nocturna,Buen Tiempo,S/D,Ciclista,Atropello,Ninguna,Vertical,S/D,Sin restricción
2020,4657,2020-11-03,Martes,23:30:00,,0.0,2,"Moto/Ciclomotor,Automóvil",Urquiza Y Bv. Oro�o,2,1,0,0,1,0,0,"-32.94024, -60.65255",Calle,,ROSARIO,Rosario,S/D,S/D,II,S/D,Urbana,S/D,S/D,S/D,S/D,S/D,S/D,S/D,S/D,S/D,S/D,S/D,S/D,S/D,S/D
2020,4658,2020-11-14,Sabado,18:45:00,,0.0,2,"Bicicleta,Automóvil",Grandoli Y Dr.Rivas,2,1,0,0,1,0,0,"-32.98712, -60.62834",Avenida,,ROSARIO,Rosario,Asfalto,No existe,II,Dentro,Urbana,Ninguna,No existe,Intersección,Bueno,Buena,"Atardecer,Con luz artificial",Buen Tiempo,S/D,Ciclista,Atropello,Ninguna,Faltante,Ninguna,Sin restricción
2020,4659,2020-08-16,Domingo,19:30:00,,0.0,1,Transporte de Pasajeros Urbano (> 8 asientos),Irma Peyrano Y Palliere,2,1,0,0,1,0,0,"-32.88720577955246,-60.716006755828",Calle,,ROSARIO,Rosario,Hormigón,No existe,II,Dentro,Urbana,Ninguna,No existe,Recta,Bueno,Buena,Diurna,Buen Tiempo,S/D,S/D,Cañda ocupante,Ninguna,Faltante,Ninguna,Sin restricción
2020,4660,2020-10-17,Sabado,18:00:00,,0.0,2,"Moto/Ciclomotor,Automóvil",A Belotti Y N Figueredo,3,1,1,0,1,0,0,"-30.7928, -60.57953",Calle,,SAN JUSTO,San Justo,Tierra,No existe,XVI,Dentro,Urbana,Ninguna,No existe,Intersección,Deteriorada,Buena,"Diurna,Con luz artificial",Buen Tiempo,Lateral,S/D,Colisión,Ninguna,S/D,Ninguna,Sin restricción
2020,4661,2020-11-13,Viernes,17:30:00,,0.0,2,"Moto/Ciclomotor,Automóvil",Hilarion de la Quintana Y Mitre,3,0,1,0,2,0,0,"-33.00096, -60.65043",Calle,,ROSARIO,Rosario,Asfalto,No existe,II,Dentro,Urbana,Ninguna,No existe,Intersección,Bueno,Buena,Diurna,Buen Tiempo,Lateral,S/D,Colisión,Ninguna,Faltante,Ninguna,Sin restricción
2020,4662,2020-10-30,Viernes,07:30:00,,0.0,2,"Moto/Ciclomotor,Automóvil", ,2,0,1,0,1,0,0,"    -32.95887, -60.69314",Calle,,ROSARIO,Rosario,S/D,Pavimento,II,Dentro,Urbana,Ninguna,S/D,Intersección,Bueno,S/D,Diurna,S/D,S/D,S/D,Colisión,S/D,S/D,Ninguna,Sin restricción
2020,4663,2020-11-03,Martes,02:50:00,,0.0,1,Moto/Ciclomotor,Cordoba 3700,1,1,0,0,0,0,0,"-32.94009, -60.67366",Calle,,ROSARIO,Rosario,Asfalto,No existe,II,S/D,Urbana,Ninguna,No existe,Recta,Bueno,Buena,Nocturna,Buen Tiempo,Contra objeto fijo,S/D,Colisión,Ninguna,Faltante,Ninguna,Sin restricción
2020,4664,2020-11-13,Viernes,20:30:00,,0.0,2,"Pickup/Utilitario,Moto/Ciclomotor",San Martin Y Salta,3,2,0,0,1,0,0,"-29.89355, -60.28856",Calle,,CALCHAQUÍ,Vera,Asfalto,No existe,XIX,Dentro,Urbana,Ninguna,No existe,Intersección,Bueno,Buena,Con luz artificial,Buen Tiempo,De alcance,S/D,Colisión,Ninguna,Faltante,Ninguna,Sin restricción
2020,4665,2020-11-05,Jueves,13:40:00,,0.0,2,"Moto/Ciclomotor,Moto/Ciclomotor",Cordoba Y Suipacha,2,2,0,0,0,0,0,"-32.94176, -60.66421",Calle,,ROSARIO,Rosario,Asfalto,No existe,II,S/D,Urbana,Ninguna,No existe,Intersección,Bueno,Buena,Diurna,Buen Tiempo,De alcance,S/D,Colisión,Ninguna,Faltante,Ninguna,Sin restricción
2020,4666,2020-11-11,Miercoles,17:00:00,,0.0,2,"Moto/Ciclomotor,Automóvil",Belgrano Y Colon,2,1,0,0,1,0,0,"-29.45697, -60.21134",Calle,,VERA,Vera,Asfalto,No existe,XIX,S/D,Urbana,Ninguna,No existe,Intersección,Bueno,Buena,Diurna,Buen Tiempo,S/D,S/D,Colisión,Ninguna,Faltante,Ninguna,Sin restricción
2020,4667,2020-10-17,Sabado,08:45:00,,0.0,2,"Pickup/Utilitario,Moto/Ciclomotor",Av San Martin Y Moreno,3,0,1,0,2,0,0,"-32.77922, -60.72748",Calle,,SAN LORENZO,San Lorenzo,Hormigón,S/D,XVII,S/D,Urbana,Ninguna,S/D,Intersección,Bueno,S/D,Diurna,Buen Tiempo,Frontal,S/D,Colisión,Ninguna,S/D,Ninguna,Sin restricción
2020,4668,2020-08-26,Miercoles,23:50:00,Ruta Nacional 34,3.0,3,"Automóvil,Automóvil,Automóvil", ,5,2,1,0,2,0,0,"-32.87783, -60.74597",Ruta,34,ROSARIO,Rosario,Asfalto,Natural,II,Dentro,Rural,Marca Vial,No existe,Recta,S/D,S/D,Nocturna,S/D,Múltiple,S/D,Colisión,S/D,Horizontal,Línea divisoria pintada,Sin restricción
2020,4669,2020-11-05,Jueves,14:45:00,,0.0,1,Moto/Ciclomotor,Castellanos Y San Juan,2,1,0,0,1,0,0,"-32.9436, -60.676",Calle,,ROSARIO,Rosario,Asfalto,No existe,II,Dentro,Urbana,Ninguna,No existe,Recta,Bueno,Buena,Diurna,Buen Tiempo,S/D,S/D,Vuelco,Ninguna,Faltante,Ninguna,Sin restricción
2020,4670,2020-10-18,Domingo,17:00:00,Autovía Nacional 19,6.0,1,Automóvil, ,1,1,0,0,0,0,0,"-31.65967, -60.83907",Autovía,19,COLONIA SAN JOSÉ,Las Colonias,Asfalto,Pavimento,XI,Dentro,Rural,Ninguna,No existe,Puente,Bueno,Buena,Diurna,Buen Tiempo,S/D,S/D,Despiste,Ninguna,"Horizontal,Vertical",Cordón divisorio,Sin restricción
2020,4671,2020-08-07,Viernes,19:00:00,,0.0,2,"Automóvil,Moto/Ciclomotor",Av. Sorrento Y Casiano Casas,2,1,0,0,1,0,0,"-32.907228362143,-60.695850844358",Avenida,,ROSARIO,Rosario,Asfalto,No existe,II,Dentro,Urbana,Semáforo,Funciona,Intersección,Deteriorada,Reducida,"Nocturna,Con luz artificial",Lluvia,S/D,S/D,Colisión,Agua,"Horizontal,Vertical",Cordón divisorio,S/D
2020,4672,2020-08-08,Sabado,09:40:00,,0.0,2,"Moto/Ciclomotor,Automóvil",Balcarce Y Bv. Rondeau,2,1,0,0,1,0,0,"-32.891547358881,-60.69338047535",Avenida,,ROSARIO,Rosario,Asfalto,No existe,II,Dentro,Urbana,Semáforo,Funciona,Intersección,Bueno,Buena,Diurna,Buen Tiempo,S/D,S/D,Colisión,Ninguna,"Horizontal,Vertical",Cordón divisorio,S/D
2020,4673,2020-10-26,Lunes,14:25:00,,0.0,2,"Moto/Ciclomotor,Automóvil",Bv. Segui Y Av. Francia,2,1,0,0,1,0,0,"    -32.97422, -60.67387",Avenida,,ROSARIO,Rosario,Asfalto,No existe,II,Dentro,Urbana,Ninguna,Funciona,Intersección,Bueno,Buena,Diurna,Buen Tiempo,Lateral,S/D,Colisión,Ninguna,Faltante,Línea divisoria pintada,Sin restricción
2020,4674,2020-11-13,Viernes,12:45:00,,0.0,2,"Automóvil,Moto/Ciclomotor",Berutti Y Almirante Brown,2,1,0,0,1,0,0,"-31.44757, -60.92432",Calle,,ESPERANZA,Las Colonias,Asfalto,Pavimento,XI,Dentro,Urbana,S/D,S/D,Intersección,Bueno,Buena,Diurna,Buen Tiempo,Lateral,S/D,Colisión,Ninguna,S/D,S/D,Sin restricción
2020,4675,2020-11-10,Martes,18:00:00,,0.0,2,"Moto/Ciclomotor,Automóvil",Av Sarmiento Y San Martin,3,1,0,0,2,0,0,"-33.6421, -61.85934",Avenida,,MURPHY,General LÓPEZ,Asfalto,No existe,VIII,Dentro,Urbana,Ninguna,No existe,Intersección,Bueno,Buena,Diurna,Buen Tiempo,De alcance,S/D,Colisión,Ninguna,S/D,Cordón divisorio,Sin restricción
2020,4676,2020-11-13,Viernes,14:40:00,,0.0,2,"Moto/Ciclomotor,Moto/Ciclomotor",Independencia Y Gral Urquiza,2,2,0,0,0,0,0,"-30.79041, -60.58979",Calle,,SAN JUSTO,San Justo,Asfalto,S/D,XVI,Dentro,Urbana,Ninguna,Funciona,Recta,Bueno,Buena,Diurna,Buen Tiempo,Lateral,S/D,Colisión,S/D,Faltante,Ninguna,Sin restricción
2020,4677,2020-10-10,Sabado,11:25:00,,0.0,2,"Bicicleta,Moto/Ciclomotor",Brig. Lopez Y Gral Belgrano,2,1,0,0,1,0,0,"-30.36051, -60.40419",Calle,,GOBERNADOR CRESPO,San Justo,Hormigón,No existe,XVI,Dentro,Urbana,Ninguna,No existe,Intersección,Bueno,Buena,Diurna,Buen Tiempo,Lateral,Ciclista,Atropello,Ninguna,Vertical,Ninguna,Sin restricción
2020,4678,2020-11-10,Martes,09:20:00,,0.0,2,"Moto/Ciclomotor,Moto/Ciclomotor",Entre Rios Y Pte Juan D Peron,2,1,0,0,1,0,0,"-29.22461,-61.76853",Calle,,TOSTADO,9 de Julio,Ripio,No existe,XII,Dentro,Urbana,Ninguna,No existe,Intersección,S/D,Buena,Diurna,Buen Tiempo,De alcance,S/D,Colisión,Ninguna,Faltante,Ninguna,Sin restricción
2020,4679,2020-11-15,Domingo,16:30:00,Ruta Provincial 2,0.0,2,"Pickup/Utilitario,Camión c / Acoplado", ,2,0,0,0,0,0,2,"-29.49677, -61.6935",Ruta,2,LOGROÑO,9 de Julio,Asfalto,Natural,XII,Dentro,Rural,S/D,S/D,S/D,Bueno,Buena,Diurna,Buen Tiempo,Frontal,S/D,Colisión,Ninguna,"Horizontal,Vertical",S/D,S/D