anio_acci,nro_acci,fecha,desc_dia,hora_aprox,desc_ruta,km,cant_participantes,desc_participante,calle_avenida_km,total,heridos_leves,heridos_graves,heridos_gravisimos,ilesos,fallecidos,sin_datos,posicion_XY,desc_tipo_via,desc_ruta_ori,desc_loc,desc_dpto,desc_tipo_calzada,desc_tipo_banquina,desc_unidad_regional,desc_lugar_calzada,desc_zona,desc_prioridad,desc_estado_semaforo,desc_lugar_via,desc_estado_via,desc_estado_visibilidad,desc_luminosidad,desc_estado_clima,desc_tipo_colision,desc_tipo_atropello,desc_tipo_hecho,desc_pres_calzada,desc_senializacion,desc_separacion_via,desc_restriccion
2020,4680,2020-08-24,Lunes,17:20:00,,0.0,2,"Moto/Ciclomotor,Bicicleta",Bv. Avellaneda Bis 85,2,2,0,0,0,0,0,"-32.928250277649,-60.676500813331",Avenida,,ROSARIO,Rosario,Asfalto,No existe,II,Dentro,Urbana,Semáforo,Funciona,Recta,Bueno,Buena,Atardecer,Buen Tiempo,S/D,Ciclista,Atropello,Ninguna,Vertical,Cordón divisorio,Sin restricción
2020,4681,2020-08-01,Sabado,20:50:00,,0.0,2,"Automóvil,Moto/Ciclomotor",Av. Genova Y Onesimo Leguizamon,2,1,0,0,1,0,0,"-32.914978011918,-60.677841663408",Avenida,,ROSARIO,Rosario,Asfalto,No existe,II,Dentro,Urbana,Ninguna,No existe,Recta,Con baches,Reducida polvo,Nocturna,Otro,Frontal,S/D,Colisión,Ninguna,Faltante,Ninguna,S/D
2020,4682,2020-08-17,Lunes,17:50:00,,0.0,2,"Moto/Ciclomotor,Automóvil",Cordoba Y España,2,1,0,0,1,0,0,"-32.94492200545,-60.646518899825",Calle,,ROSARIO,Rosario,Asfalto,No existe,II,Dentro,Urbana,Semáforo,Funciona,Intersección,Bueno,Buena,Diurna,Buen Tiempo,Lateral,S/D,Colisión,Ninguna,"Horizontal,Vertical",Ninguna,Sin restricción
2020,4684,2020-10-26,Lunes,17:30:00,,0.0,2,"Automóvil,Pickup/Utilitario",Ricardo Gutierrez Y Av. Ovidio Lagos,2,1,0,0,1,0,0,"    -32.99479, -60.67408",Calle,,ROSARIO,Rosario,Asfalto,No existe,II,Dentro,Urbana,Ninguna,No existe,Intersección,Con baches,Buena,Atardecer,Buen Tiempo,Lateral,S/D,Colisión,Ninguna,Faltante,Ninguna,Sin restricción
2020,4685,2020-11-09,Lunes,,Ruta Nacional 9,0.0,1,Moto/Ciclomotor,Donado Y Av. Eva Peron,2,0,1,1,0,0,0,"-32.93044, -60.72739",Ruta,9,ROSARIO,Rosario,Asfalto,S/D,II,S/D,Urbana,S/D,S/D,Intersección,S/D,S/D,S/D,S/D,S/D,S/D,Cañda ocupante,S/D,S/D,S/D,S/D
2020,4686,2020-10-26,Lunes,02:40:00,,0.0,2,"Moto/Ciclomotor,Otros",Av. Battle y Ordo�ez Y Laprida,2,1,0,0,0,0,1,"    -33.00888, -60.64671",Avenida,,ROSARIO,Rosario,Asfalto,S/D,II,Dentro,Urbana,S/D,Intermitente,Intersección,S/D,Buena,Nocturna,Buen Tiempo,Otro,S/D,Colisión,Ninguna,S/D,S/D,S/D
2020,4687,2020-10-26,Lunes,08:40:00,,0.0,2,"Moto/Ciclomotor,Automóvil",Pte.Roca A Y Dr.Rivas,2,1,0,0,1,0,0,"    -32.98244, -60.65449",Calle,,ROSARIO,Rosario,Asfalto,S/D,II,Dentro,Urbana,Ninguna,No existe,Intersección,Bueno,Buena,Diurna,Buen Tiempo,Lateral,S/D,Colisión,Ninguna,Faltante,Ninguna,Sin restricción
2020,4688,2020-08-21,Viernes,15:35:00,,0.0,2,"Moto/Ciclomotor,Automóvil",AV DE LA COSTA ESTANISLAO LOPEZ  2600,3,2,0,0,1,0,0,"-32.92796194553377,-60.655995011329",Avenida,,ROSARIO,Rosario,Asfalto,No existe,II,Dentro,Urbana,Semáforo,Funciona,Recta,Bueno,Buena,Diurna,Buen Tiempo,De alcance,S/D,Colisión,Ninguna,"Horizontal,Vertical",Ninguna,Sin restricción
2020,4689,2020-08-12,Miercoles,17:30:00,,0.0,2,"Moto/Ciclomotor,Automóvil",E.Zeballos Y Lima,3,2,0,0,1,0,0,"-32.946917813732,-60.685362883789",Calle,,ROSARIO,Rosario,Asfalto,No existe,II,Dentro,Urbana,Ninguna,No existe,Intersección,Bueno,Buena,Diurna,Buen Tiempo,Lateral,S/D,Colisión,Ninguna,Faltante,Ninguna,Sin restricción
2020,4690,2020-11-09,Lunes,,Ruta Nacional 8,0.0,1,Moto/Ciclomotor, ,1,1,0,0,0,0,0,"-33.81378, -61.25284",Ruta,8,WHEELWRIGHT,General LÓPEZ,Asfalto,S/D,VIII,S/D,Urbana,S/D,S/D,Rotonda,S/D,S/D,S/D,S/D,S/D,S/D,S/D,S/D,S/D,S/D,S/D
2020,4692,2020-11-06,Viernes,15:35:00,,0.0,2,"Moto/Ciclomotor,Automóvil",Cordoba Y Santiago,2,1,0,0,1,0,0,"-32.94328, -60.65597",Calle,,ROSARIO,Rosario,Asfalto,No existe,II,Dentro,Urbana,Semáforo,Funciona,S/D,Bueno,Buena,Diurna,Buen Tiempo,Lateral,S/D,Colisión,Ninguna,Faltante,Ninguna,Sin restricción
2020,4693,2020-11-09,Lunes,,,0.0,1,Automóvil, ,1,1,0,0,0,0,0,"-31.270732886047, -61.070584861677",S/D,,GRUTLY SUR,Las Colonias,S/D,S/D,XI,S/D,S/D,S/D,S/D,S/D,S/D,S/D,S/D,S/D,S/D,S/D,Vuelco,S/D,S/D,S/D,S/D
2020,4694,2020-08-19,Miercoles,10:15:00,,0.0,2,"Peatón,Taxi/Remis",Italia Y San Lorenzo,2,1,0,0,1,0,0,"-32.942394941334,-60.647298229963",Calle,,ROSARIO,Rosario,Asfalto,No existe,II,Dentro,Urbana,Semáforo,Funciona,Intersección,Bueno,Buena,Diurna,Buen Tiempo,S/D,Peatón,Atropello,Ninguna,"Horizontal,Vertical",Ninguna,Sin restricción
2020,4695,2020-08-10,Lunes,12:10:00,,0.0,2,"Automóvil,Moto/Ciclomotor",Bahia Blanca Bis Y Pje. Alemania,2,1,0,0,1,0,0,"-32.927677356086,-60.688551741014",Calle,,ROSARIO,Rosario,Asfalto,No existe,II,Dentro,Urbana,Señal Ceda el Paso,No existe,Intersección,Bueno,Buena,Diurna,Buen Tiempo,Lateral,S/D,Colisión,Ninguna,Vertical,Ninguna,Sin restricción
2020,4696,2020-11-07,Sabado,19:30:00,Ruta Nacional 11,0.0,2,"Moto/Ciclomotor,Bicicleta",Av L de la Torre-Ruta Nac 11 ,2,2,0,0,0,0,0,"-31.97777, -60.92779",Ruta,11,CORONDA,San JERÓNIMO,S/D,S/D,XV,S/D,Urbana,S/D,S/D,S/D,S/D,S/D,S/D,S/D,S/D,Ciclista,Atropello,S/D,S/D,S/D,S/D
2020,4697,2020-10-28,Miercoles,12:15:00,,0.0,2,"Bicicleta,Automóvil",Av. Corrientes 3100,2,1,0,0,1,0,0,"    -31.65255, -60.71513",Calle,,ROSARIO,Rosario,Asfalto,No existe,II,S/D,S/D,Ninguna,No existe,Intersección,Bueno,Buena,Diurna,Buen Tiempo,S/D,S/D,Colisión,Ninguna,Faltante,Ninguna,Sin restricción
2020,4698,2020-08-18,Martes,17:55:00,,0.0,2,"Bicicleta,Pickup/Utilitario",L.N.Alem Y 3 De Febrero,2,1,0,0,1,0,0,"-32.954428180424,-60.629899444505",Calle,,ROSARIO,Rosario,Asfalto,No existe,II,Dentro,Urbana,Señal Pare,No existe,Intersección,Bueno,Buena,Diurna,Buen Tiempo,S/D,Ciclista,Atropello,Ninguna,Vertical,Ninguna,Sin restricción
2020,4699,2020-11-07,Sabado,12:00:00,,0.0,2,"Pickup/Utilitario,Pickup/Utilitario",España 1300,2,1,0,0,1,0,0,"-32.95137, -60.64814",Calle,,ROSARIO,Rosario,Asfalto,No existe,II,Dentro,Urbana,S/D,S/D,Recta,Bueno,Buena,Diurna,Buen Tiempo,De alcance,S/D,Colisión,Ninguna,S/D,Ninguna,Sin restricción
2020,4700,2020-11-09,Lunes,,,0.0,1,Automóvil,Ruta Prov. n� 13 ,1,1,0,0,0,0,0,"-32.20342, -61.71407",Calle,,EL TRÉBOL,San MARTÍN,Asfalto,S/D,XVIII,S/D,Urbana,S/D,S/D,Recta,S/D,S/D,S/D,S/D,S/D,S/D,Despiste,S/D,S/D,S/D,S/D
2020,4701,2020-10-25,Domingo,03:50:00,,0.0,2,"Moto/Ciclomotor,Moto/Ciclomotor",Serrano Y Reg.11 de Infanteria,2,1,0,0,1,0,0,"    -32.99729, -60.63196",Calle,,ROSARIO,Rosario,Asfalto,S/D,II,Dentro,Urbana,Ninguna,No existe,Otro,Bueno,Buena,Nocturna,Buen Tiempo,Lateral,S/D,Colisión,Ninguna,Faltante,Ninguna,Sin restricción
2020,4702,2020-09-03,Jueves,16:40:00,,0.0,2,"Moto/Ciclomotor,Moto/Ciclomotor",Florida Y Harding,2,2,0,0,0,0,0,"-32.92880981571,-60.683200470086",Calle,,ROSARIO,Rosario,Asfalto,No existe,II,Dentro,Urbana,Ninguna,No existe,Intersección,Bueno,Buena,Nocturna,Buen Tiempo,Lateral,S/D,Colisión,Ninguna,Faltante,Ninguna,Sin restricción
2020,4703,2020-11-07,Sabado,11:20:00,,0.0,2,"Moto/Ciclomotor,Moto/Ciclomotor",Jorge Baurle Y Carlos Pellegrii,2,2,0,0,0,0,0,"-29.88523, -61.95707",Calle,,CERES,San CRISTÓBAL,Ripio,No existe,XIII,Dentro,Urbana,Ninguna,No existe,Intersección,Resbaladiza,Buena,Diurna,Buen Tiempo,Lateral,S/D,Colisión,Material Suelto,S/D,Ninguna,Sin restricción
2020,4704,2020-11-10,Martes,,,0.0,2,"Moto/Ciclomotor,Moto/Ciclomotor",Av A del Valle 6100,4,2,0,0,2,0,0,"-31.61195, -60.69502",Avenida,,SANTA FE,La Capital,Asfalto,S/D,I,S/D,Urbana,S/D,S/D,Recta,S/D,S/D,S/D,S/D,S/D,S/D,Colisión,S/D,S/D,S/D,S/D
2020,4706,2020-10-28,Miercoles,17:45:00,,0.0,2,"Moto/Ciclomotor,Automóvil", ,2,1,0,0,1,0,0,"    -32.97496, -60.62923",Calle,,ROSARIO,Rosario,S/D,No existe,II,Dentro,Urbana,Ninguna,No existe,Intersección,Bueno,Buena,Diurna,Buen Tiempo,Lateral,S/D,Colisión,Ninguna,Faltante,Ninguna,Sin restricción
2020,4707,2020-10-18,Domingo,02:05:00,,0.0,2,"Automóvil,Automóvil",Cervantes 645,2,1,0,0,1,0,0,"-33.0094, -60.61748",Calle,,VILLA GOBERNADOR GÁLVEZ,Rosario,Asfalto,No existe,II,S/D,Urbana,Ninguna,No existe,Recta,Deteriorada,Reducida,"Nocturna,Con luz artificial",Buen Tiempo,De alcance,S/D,Colisión,Ninguna,Faltante,Ninguna,Sin restricción
2020,4708,2020-08-18,Martes,15:30:00,,0.0,2,"Moto/Ciclomotor,Automóvil",Av. Francia Y Jujuy,2,1,0,0,1,0,0,"-32.933376037453,-60.663345712481",Avenida,,ROSARIO,Rosario,Asfalto,No existe,II,Dentro,Urbana,Ninguna,No existe,Intersección,Bueno,Buena,Diurna,Buen Tiempo,Lateral,S/D,Colisión,Ninguna,Faltante,"Cordón divisorio,Vegetación",Sin restricción
2020,4709,2020-08-10,Lunes,11:30:00,,0.0,2,"Bicicleta,Pickup/Utilitario",Av. Luis Carballo Y Bv. Avellaneda,2,1,0,0,1,0,0,"-32.921931622257,-60.674894827049",Avenida,,ROSARIO,Rosario,Asfalto,No existe,II,Dentro,Urbana,Semáforo,Funciona,Intersección,Bueno,Buena,Diurna,Buen Tiempo,S/D,Ciclista,Atropello,Ninguna,"Horizontal,Vertical",Cordón divisorio,Sin restricción
2020,4710,2020-10-18,Domingo,12:00:00,,0.0,2,"Automóvil,Moto/Ciclomotor",Schweitzer 8300,2,0,1,0,1,0,0,"-32.91394, -60.74166",Calle,,ROSARIO,Rosario,Asfalto,No existe,II,Dentro,Urbana,Ninguna,No existe,Recta,Bueno,Buena,Diurna,S/D,Frontal,S/D,Colisión,S/D,Faltante,Ninguna,Sin restricción
2020,4711,2020-10-27,Martes,17:00:00,,0.0,2,"Automóvil,Bicicleta",Av. Luis Carballo 400,3,1,0,0,2,0,0,"    -32.92178, -60.66941",Avenida,,ROSARIO,Rosario,Asfalto,S/D,II,S/D,Urbana,S/D,S/D,Recta,Bueno,Buena,Diurna,Buen Tiempo,S/D,Ciclista,Atropello,Ninguna,Vertical,Cordón divisorio,S/D
2020,4712,2020-11-11,Miercoles,,,0.0,1,Automóvil, ,1,1,0,0,0,0,0,"-31.94037, -61.40889",Camino Rural,,COLONIA BELGRANO,San MARTÍN,S/D,S/D,XVIII,S/D,Rural,S/D,S/D,S/D,S/D,S/D,S/D,S/D,S/D,S/D,Vuelco,S/D,S/D,S/D,S/D
2020,4713,2020-11-03,Martes,18:45:00,,0.0,1,Moto/Ciclomotor,Bv 25 de Mayo ,1,0,1,0,0,0,0,"-30.31618, -61.24388",Avenida,,SAN CRISTÓBAL,San CRISTÓBAL,Asfalto,Natural,XIII,S/D,Urbana,Ninguna,No existe,Recta,Bueno,Buena,Diurna,Buen Tiempo,Atropello animal,S/D,Colisión,Ninguna,Faltante,Ninguna,Sin restricción
2020,4714,2020-10-26,Lunes,09:15:00,,0.0,2,"Automóvil,Moto/Ciclomotor",Bv. Rondeau Y Av. Portugal,2,1,0,0,1,0,0,"    -32.9143, -60.68618",Avenida,,ROSARIO,Rosario,Asfalto,S/D,II,S/D,Urbana,S/D,S/D,Intersección,Bueno,S/D,Diurna,S/D,Lateral,S/D,Colisión,S/D,Vertical,Cordón divisorio,Sin restricción
2020,4715,2020-10-18,Domingo,10:20:00,,0.0,2,"Moto/Ciclomotor,Automóvil",Pasco Y Nicaragua,2,1,0,0,1,0,0,"-32.95118, -60.72029",Calle,,ROSARIO,Rosario,Asfalto,Pavimento,II,S/D,Urbana,Ninguna,No existe,Intersección,Bueno,Buena,Diurna,Buen Tiempo,S/D,S/D,Colisión,S/D,Faltante,Ninguna,Sin restricción
2020,4716,2020-11-01,Domingo,22:30:00,,0.0,2,"Automóvil,Moto/Ciclomotor",Maipu Y Saavedra,2,2,0,0,0,0,0,"-30.30773, -61.23767",Calle,,SAN CRISTÓBAL,San CRISTÓBAL,Asfalto,S/D,XIII,Dentro,Urbana,S/D,No existe,Intersección,Bueno,Buena,Nocturna,Buen Tiempo,Lateral,S/D,Colisión,S/D,S/D,S/D,S/D
2020,4717,2020-11-12,Jueves,,,0.0,2,"Bicicleta,Automóvil",Buenos Aires Y Jose De San Martin,3,1,0,0,2,0,0,"-31.66341, -60.76885",Calle,,SANTO TOMÉ,La Capital,Asfalto,S/D,I,S/D,Urbana,S/D,S/D,Intersección,S/D,S/D,S/D,S/D,S/D,Ciclista,Atropello,S/D,S/D,S/D,S/D
2020,4718,2020-10-18,Domingo,21:15:00,,0.0,2,"Moto/Ciclomotor,Peatón",Juan Pablo II Y Dean Funes,2,1,0,0,0,0,1,"-32.96763, -60.71784",Calle,,ROSARIO,Rosario,S/D,Pavimento,II,S/D,Urbana,Ninguna,No existe,Intersección,Bueno,Buena,Nocturna,Buen Tiempo,S/D,Peatón,Atropello,Ninguna,Faltante,Ninguna,Sin restricción
2020,4719,2020-07-01,Miercoles,11:24:00,,0.0,2,"Automóvil,Moto/Ciclomotor",J.J.Paso Y Acevedo Bis,2,0,0,0,1,1,0,"-32.9212, -60.74912",Calle,,ROSARIO,Rosario,Asfalto,No existe,II,Dentro,Urbana,Ninguna,No existe,Intersección,Bueno,Buena,Diurna,Buen Tiempo,S/D,S/D,Colisión,Ninguna,Faltante,Ninguna,Sin restricción
2020,4720,2020-11-12,Jueves,,Ruta Nacional 33,0.0,2,"Automóvil,Moto/Ciclomotor",Boulevard Cristobal Colon Y General Bartolome Mitre,2,1,0,0,1,0,0,"-33.05555, -61.16175",Ruta,33,CASILDA,Caseros,Asfalto,S/D,IV,S/D,Urbana,S/D,S/D,Intersección,S/D,S/D,S/D,S/D,S/D,S/D,Colisión,S/D,S/D,S/D,S/D
2020,4721,2020-08-19,Miercoles,07:50:00,,0.0,2,"Bicicleta,Automóvil",Cordoba Y Italia,2,1,0,0,1,0,0,"-32.944677595319,-60.647870822738",Calle,,ROSARIO,Rosario,Asfalto,No existe,II,Dentro,Urbana,Ninguna,No existe,Intersección,Bueno,Buena,Diurna,Buen Tiempo,S/D,Ciclista,Atropello,Ninguna,Faltante,Ninguna,Sin restricción
2020,4722,2020-10-31,Sabado,20:30:00,,0.0,2,"Automóvil,Moto/Ciclomotor",Grandoli Y Nicolas Laguna,3,2,0,0,1,0,0,"    -32.88691, -60.72414",Calle,,ROSARIO,Rosario,Asfalto,S/D,II,S/D,Urbana,Ninguna,S/D,Intersección,Bueno,S/D,Diurna,Buen Tiempo,S/D,S/D,Colisión,Ninguna,S/D,Ninguna,Sin restricción
2020,4723,2020-10-18,Domingo,19:45:00,,0.0,2,"Moto/Ciclomotor,Automóvil",Bv. Oroño Y Lugones,4,2,0,0,2,0,0,"-32.95829, -60.65703",Avenida,,ROSARIO,Rosario,Asfalto,No existe,II,Dentro,Urbana,Ninguna,No existe,Intersección,Bueno,Buena,Diurna,Buen Tiempo,Lateral,S/D,Colisión,Ninguna,Faltante,Ninguna,Sin restricción
2020,4724,2020-07-02,Jueves,22:40:00,Ruta Provincial 4,22.0,2,"Pickup/Utilitario,Moto/Ciclomotor", ,2,0,0,0,1,1,0,"-31.25428, -60.8884",Ruta,4,CULULÚ,Las Colonias,Asfalto,Natural,XI,Dentro,Rural,Ninguna,No existe,Recta,Bueno,Buena,Nocturna,Buen Tiempo,Frontal,S/D,Colisión,Ninguna,Faltante,Línea divisoria pintada,Sin restricción
2020,4725,2020-11-12,Jueves,,Ruta Nacional 33,0.0,1,Automóvil,Boulevard Cristobal Colon ,1,1,0,0,0,0,0,"-33.05137, -61.15407",Ruta,33,CASILDA,Caseros,Asfalto,S/D,IV,S/D,Urbana,S/D,S/D,Recta,S/D,S/D,S/D,S/D,Contra objeto fijo,S/D,Colisión,S/D,S/D,S/D,S/D
2020,4726,2020-11-01,Domingo,14:20:00,,0.0,1,Automóvil,Urquiza Y Brown,1,1,0,0,0,0,0,"-30.30254, -61.24604",Calle,,SAN CRISTÓBAL,San CRISTÓBAL,Ripio,S/D,XIII,Dentro,Urbana,S/D,No existe,Recta,Con baches,Buena,Diurna,Buen Tiempo,S/D,S/D,S/D,Ninguna,Faltante,S/D,S/D
2020,4727,2020-08-21,Viernes,11:00:00,,0.0,2,"Moto/Ciclomotor,Automóvil",Av. Belgrano Y Cordoba,2,1,0,0,1,0,0,"-32.948297257299,-60.629055297378",Avenida,,ROSARIO,Rosario,Asfalto,No existe,II,Dentro,Urbana,Ninguna,No existe,Recta,Bueno,Buena,Diurna,Buen Tiempo,De alcance,S/D,Colisión,Ninguna,Faltante,Ninguna,Sin restricción
2020,4729,2020-08-22,Sabado,20:50:00,,0.0,2,"Moto/Ciclomotor,Moto/Ciclomotor",Alberdi Y J.J.Paso,2,2,0,0,0,0,0,"-32.919319868087776,-60.68220555782",Calle,,ROSARIO,Rosario,Asfalto,No existe,II,Dentro,Urbana,Semáforo,Funciona,Intersección,Bueno,Buena,Nocturna,Buen Tiempo,Lateral,S/D,Colisión,Ninguna,"Horizontal,Vertical",Cordón divisorio,Sin restricción
2020,4730,2020-11-05,Jueves,16:40:00,,0.0,2,"Moto/Ciclomotor,Otros",Garcia del Cossio Bis Y La Republica,3,1,0,0,2,0,0,"-32.91952, -60.74664",Calle,,ROSARIO,Rosario,Asfalto,No existe,II,Dentro,Urbana,Ninguna,No existe,Intersección,Bueno,Buena,Diurna,Buen Tiempo,S/D,S/D,Colisión,Ninguna,Faltante,Ninguna,Sin restricción
2020,4731,2020-10-14,Miercoles,,,0.0,2,"Moto/Ciclomotor,Moto/Ciclomotor",Entre Rios Y 27 de Abril,2,2,0,0,0,0,0,"-31.43351, -61.25649",Calle,,ROSARIO,Rosario,Ripio,Natural,II,Dentro,Urbana,Ninguna,No existe,Intersección,Bueno,Buena,"Nocturna,Con luz artificial",Buen Tiempo,S/D,S/D,Colisión,Ninguna,Vertical,Ninguna,Sin restricción
2020,4732,2020-11-12,Jueves,,,0.0,2,"Automóvil,Moto/Ciclomotor",Gral Lopez Y Sgto Cabral,2,1,0,0,1,0,0,"-32.14608, -61.98432",Calle,,PIAMONTE,San MARTÍN,Tierra,No existe,XVIII,Dentro,Urbana,Ninguna,No existe,Intersección,Bueno,Buena,Diurna,Buen Tiempo,Lateral,S/D,Colisión,Ninguna,Faltante,"Ninguna,S/D",Sin restricción
2020,4733,2020-07-05,Domingo,19:45:00,,0.0,1,Moto/Ciclomotor,SAN MARTIN Y SARMIENTO,1,0,0,0,0,1,0,"-32.0155, -62.05847",Calle,,LANDETA,San MARTÍN,Asfalto,No existe,XVIII,Fuera,Urbana,Ninguna,No existe,Recta,Bueno,Buena,"Nocturna,Con luz artificial",Buen Tiempo,Contra objeto fijo,S/D,Colisión,Ninguna,Vertical,Ninguna,Sin restricción
2020,4734,2020-11-13,Viernes,,,0.0,2,"Taxi/Remis,Tren",San Jeronimo Y Pje Larramendi,3,1,0,0,2,0,0,"-31.6317, -60.70362",Calle,,SANTA FE,La Capital,Asfalto,S/D,I,S/D,Urbana,S/D,S/D,Intersección,S/D,S/D,S/D,S/D,S/D,S/D,Colisión,S/D,S/D,S/D,S/D
2020,4735,2020-10-18,Domingo,23:00:00,,0.0,2,"Automóvil,Automóvil",Av San Martin Y Moreno,5,3,0,0,2,0,0,"-31.39903, -61.08197",Avenida,,HUMBOLDT,Las Colonias,Hormigón,No existe,XI,S/D,Urbana,S/D,No existe,Intersección,Bueno,Buena,"Nocturna,Con luz artificial",Buen Tiempo,Lateral,S/D,Colisión,Ninguna,Horizontal,Barrera de hormigón,Sin restricción
2020,4736,2020-11-06,Viernes,,,0.0,2,"Moto/Ciclomotor,Automóvil",Lima Y Montevideo,3,2,0,0,1,0,0,"-32.94812, -60.68562",Calle,,ROSARIO,Rosario,Asfalto,S/D,II,S/D,Urbana,S/D,S/D,Recta,S/D,S/D,S/D,S/D,S/D,S/D,Colisión,S/D,S/D,S/D,S/D
2020,4737,2020-10-12,Lunes,20:50:00,,0.0,2,"Automóvil,Moto/Ciclomotor",Casiano Casas 2250,2,1,0,0,1,0,0,"    -32.89538, -60.71554",Calle,,ROSARIO,Rosario,Asfalto,No existe,II,Dentro,Urbana,Ninguna,S/D,Recta,Bueno,Buena,Nocturna,Buen Tiempo,S/D,S/D,Colisión,Ninguna,S/D,Ninguna,Sin restricción
2020,4738,2020-11-15,Domingo,,,0.0,2,"Automóvil,Bicicleta",Boulevard 25 de Mayo Y Doctor Estanislao Zeballos Sev,2,1,0,0,1,0,0,"-33.05155, -61.17232",Calle,,CASILDA,Caseros,Asfalto,S/D,IV,S/D,Urbana,S/D,S/D,Intersección,S/D,S/D,S/D,S/D,S/D,Ciclista,Atropello,S/D,S/D,S/D,S/D
2020,4739,2020-07-13,Lunes,11:30:00,Ruta Provincial 1,88.0,2,"Pickup/Utilitario,Moto/Ciclomotor", ,2,0,0,0,1,1,0,"-31.07502, -60.09485",Ruta,1,HELVECIA,Garay,Asfalto,Natural,VII,Dentro,Rural,Ninguna,No existe,Recta,Bueno,Buena,Diurna,Buen Tiempo,S/D,S/D,Colisión,Ninguna,Horizontal,Línea divisoria pintada,Sin restricción
2020,4740,2020-08-24,Lunes,02:30:00,,0.0,1,Moto/Ciclomotor,Bv. Avellaneda Y Pje. Ronchi,2,2,0,0,0,0,0,"-32.930619, -60.677167",Avenida,,ROSARIO,Rosario,Asfalto,No existe,II,Dentro,Urbana,Ninguna,No existe,Recta,Bueno,Buena,Nocturna,Buen Tiempo,S/D,S/D,Despiste,Ninguna,Faltante,Ninguna,Sin restricción
2020,4741,2020-10-18,Domingo,06:10:00,Ruta Provincial 65,74.0,1,Automóvil, ,2,0,2,0,0,0,0,"-32.46035, -61.59554",Ruta,65,LAS ROSAS,Belgrano,Asfalto,Natural,III,Fuera,Rural,Ninguna,No existe,Recta,Bueno,Buena,Amanecer,Buen Tiempo,S/D,S/D,Vuelco,S/D,Horizontal,Línea divisoria pintada,Sin restricción
2020,4742,2020-11-15,Domingo,,Ruta Nacional 33,0.0,1,Camión, ,1,1,0,0,0,0,0,"-33.98911, -62.26655",Ruta,33,SANCTI SPIRITU,General LÓPEZ,S/D,S/D,VIII,S/D,S/D,S/D,S/D,S/D,S/D,S/D,S/D,S/D,S/D,S/D,Vuelco,S/D,S/D,S/D,S/D
2020,4743,2020-11-15,Domingo,,Ruta Nacional 34,0.0,1,Moto/Ciclomotor,Ruta Nac 34 ,1,1,0,0,0,0,0,"-32.37342, -61.36947",Ruta,34,SAN GENARO,San JERÓNIMO,Asfalto,S/D,XV,S/D,Urbana,S/D,S/D,Recta,S/D,S/D,S/D,S/D,S/D,S/D,Cañda ocupante,S/D,S/D,S/D,S/D
2020,4744,2020-08-19,Miercoles,12:20:00,,0.0,2,"Automóvil,Moto/Ciclomotor",Alvear Y Montevideo,2,1,0,0,1,0,0,"-32.953193459089,-60.657099404369",Calle,,ROSARIO,Rosario,Asfalto,No existe,II,Dentro,Urbana,Ninguna,No existe,Intersección,Bueno,Buena,Diurna,Buen Tiempo,Lateral,S/D,Colisión,Ninguna,Faltante,Ninguna,Sin restricción
2020,4745,2020-10-18,Domingo,01:00:00,Ruta Provincial 1,3.0,2,"Automóvil,Pickup/Utilitario", ,2,0,1,0,1,0,0,"-31.62514, -60.60243",Ruta,1,COLASTINE,La Capital,S/D,Pavimento,I,Dentro,Urbana,Semáforo,Funciona,Intersección,Bueno,Buena,Nocturna,Buen Tiempo,Lateral,S/D,Colisión,Ninguna,Vertical,Cordón divisorio,Sin restricción
2020,4746,2020-11-15,Domingo,,,0.0,1,Automóvil,Belgrano Y Lisandro de la Torre,1,1,0,0,0,0,0,"-32.03299, -61.2221",Calle,,GÁLVEZ,San JERÓNIMO,Asfalto,S/D,XV,S/D,Urbana,S/D,S/D,Intersección,S/D,S/D,S/D,S/D,Contra objeto fijo,S/D,Colisión,S/D,S/D,S/D,S/D
2020,4747,2020-11-06,Viernes,16:35:00,,0.0,2,"Pickup/Utilitario,Moto/Ciclomotor",San Martin Y Chacabuco,2,1,0,0,1,0,0,"-32.47478, -61.58136",Calle,,LAS ROSAS,Belgrano,Asfalto,No existe,III,Dentro,Urbana,S/D,No existe,Intersección,Bueno,Buena,Diurna,Buen Tiempo,De alcance,S/D,Colisión,Ninguna,Vertical,Ninguna,Sin restricción
2020,4748,2020-08-28,Viernes,15:00:00,,0.0,2,"Taxi/Remis,Automóvil",Echeverria Bis 400,5,3,0,0,2,0,0,"-32.92223274707794,-60.672225058078",Calle,,ROSARIO,Rosario,Asfalto,No existe,II,Dentro,Urbana,Semáforo,Funciona,Recta,Bueno,Buena,Atardecer,Buen Tiempo,De alcance,S/D,Colisión,Ninguna,"Horizontal,Vertical",Ninguna,Sin restricción
2020,4749,2020-11-15,Domingo,,,0.0,1,Pickup/Utilitario,Nicolas Levalle ,3,1,0,0,2,0,0,"-32.05417, -61.78418",Calle,,CARLOS PELLEGRINI,San MARTÍN,Asfalto,S/D,XVIII,S/D,Urbana,S/D,S/D,Recta,S/D,S/D,S/D,S/D,Contra objeto fijo,S/D,Colisión,S/D,S/D,S/D,S/D
2020,4750,2020-10-18,Domingo,14:30:00,,0.0,2,"Automóvil,Moto/Ciclomotor",Belgrano 5500,2,1,0,0,1,0,0,"-31.61826, -60.69328",Calle,,SANTA FE,La Capital,Asfalto,No existe,I,Dentro,Urbana,Ninguna,No existe,Recta,Bueno,Buena,Diurna,Buen Tiempo,Lateral,S/D,Colisión,Ninguna,S/D,Ninguna,Sin restricción
2020,4751,2020-08-22,Sabado,13:20:00,,0.0,2,"Moto/Ciclomotor,Pickup/Utilitario",Alvear Y E.Zeballos,3,2,0,0,1,0,0,"-32.952047440156,-60.656809766822",Calle,,ROSARIO,Rosario,Asfalto,No existe,II,Dentro,Urbana,Señal Pare,No existe,Intersección,Bueno,Buena,Diurna,Buen Tiempo,Lateral,S/D,Colisión,Ninguna,Vertical,Ninguna,Sin restricción