anio_acci,nro_acci,fecha,desc_dia,hora_aprox,desc_ruta,km,cant_participantes,desc_participante,calle_avenida_km,total,heridos_leves,heridos_graves,heridos_gravisimos,ilesos,fallecidos,sin_datos,posicion_XY,desc_tipo_via,desc_ruta_ori,desc_loc,desc_dpto,desc_tipo_calzada,desc_tipo_banquina,desc_unidad_regional,desc_lugar_calzada,desc_zona,desc_prioridad,desc_estado_semaforo,desc_lugar_via,desc_estado_via,desc_estado_visibilidad,desc_luminosidad,desc_estado_clima,desc_tipo_colision,desc_tipo_atropello,desc_tipo_hecho,desc_pres_calzada,desc_senializacion,desc_separacion_via,desc_restriccion
2020,4752,2020-11-07,Sabado,19:20:00,,0.0,2,"Moto/Ciclomotor,Pickup/Utilitario",Calle 13 Y Calle 8,3,2,0,0,1,0,0,"-32.68621, -61.52532",Calle,,LAS PAREJAS,Belgrano,Asfalto,No existe,III,Dentro,Urbana,Ninguna,No existe,Intersección,Bueno,S/D,S/D,Buen Tiempo,S/D,S/D,Colisión,Ninguna,Faltante,Ninguna,Sin restricción
2020,4753,2020-10-15,Jueves,07:45:00,,0.0,2,"Moto/Ciclomotor,Otros",Guemes ,3,1,0,0,1,0,1,"    -32.93278, -60.65336",Calle,,ROSARIO,Rosario,Asfalto,S/D,II,Dentro,Urbana,S/D,S/D,Recta,Bueno,S/D,Diurna,S/D,S/D,S/D,Colisión,S/D,S/D,S/D,S/D
2020,4754,2020-10-18,Domingo,21:50:00,,0.0,2,"Moto/Ciclomotor,Moto/Ciclomotor",Pedro Alejandro Vittori Y Pedro Diaz Colodrero,2,1,0,0,1,0,0,"-31.62638, -60.69787",Calle,,SANTA FE,La Capital,Asfalto,No existe,I,S/D,Urbana,Ninguna,No existe,Intersección,Bueno,Buena,"Nocturna,Con luz artificial",Buen Tiempo,Lateral,S/D,Colisión,Ninguna,S/D,Ninguna,Sin restricción
2020,4755,2020-08-28,Viernes,20:45:00,,0.0,2,"Moto/Ciclomotor,Moto/Ciclomotor",Marcos Paz Y Iriondo,2,0,1,0,1,0,0,"-32.945218708197,-60.670712120078",Calle,,ROSARIO,Rosario,Asfalto,No existe,II,Dentro,Urbana,Señal Pare,No existe,Intersección,Bueno,Buena,Diurna,Buen Tiempo,Lateral,S/D,Colisión,Ninguna,Vertical,Ninguna,Sin restricción
2020,4756,2020-11-08,Domingo,20:30:00,,0.0,2,"Automóvil,Automóvil",Calle 20 Y Calle 13,2,1,0,0,1,0,0,"-32.683, -61.51683",Avenida,,LAS PAREJAS,Belgrano,Asfalto,No existe,III,Dentro,Urbana,Ninguna,No existe,Intersección,Bueno,Buena,Nocturna,Buen Tiempo,Lateral,S/D,Colisión,Ninguna,Faltante,Ninguna,Sin restricción
2020,4757,2020-10-18,Domingo,09:15:00,,0.0,2,"Moto/Ciclomotor,Automóvil",Av Lopez y Planes Y Pje Irala,2,1,0,0,0,0,1,"-31.62994, -60.71388",Avenida,,SANTA FE,La Capital,Asfalto,No existe,I,S/D,Urbana,Semáforo,Funciona,Intersección,Bueno,Buena,Diurna,Buen Tiempo,S/D,S/D,Colisión,Ninguna,Vertical,Ninguna,Sin restricción
2020,4758,2020-11-01,Domingo,11:50:00,Ruta Provincial 1,77.0,1,Moto/Ciclomotor, ,1,0,1,0,0,0,0,"-31.13035, -60.12588",Ruta,1,CAMPO DEL MEDIO,Garay,Asfalto,Natural,VII,S/D,Rural,Marca Vial,No existe,Recta,Bueno,Buena,Diurna,Buen Tiempo,Otro,S/D,Despiste,Ninguna,Faltante,Línea divisoria pintada,Sin restricción
2020,4759,2020-11-14,Sabado,,Autopista Nacional Rosario -Cordoba,0.0,2,"Camión c / Semirremolque,Automóvil", ,4,3,0,0,1,0,0,"-32.82094, -61.33591",Autopista,Rosario -Cordoba,CAÑADA DE GÓMEZ,Iriondo,Asfalto,S/D,II,S/D,Urbana,S/D,S/D,Intersección,S/D,S/D,S/D,S/D,S/D,S/D,Colisión,S/D,S/D,S/D,S/D
2020,4760,2020-10-18,Domingo,07:35:00,,0.0,2,"Automóvil,Moto/Ciclomotor",Av San Martin Y Sarmeinto,2,1,0,0,1,0,0,"-29.90853, -59.82738",Calle,,ALEJANDRA,San Javier,Asfalto,S/D,XIV,S/D,Urbana,Ninguna,No existe,Intersección,Bueno,Buena,Diurna,Buen Tiempo,S/D,S/D,Colisión,Ninguna,Faltante,Cordón divisorio,Sin restricción
2020,4761,2020-11-02,Lunes,18:00:00,,0.0,2,"Moto/Ciclomotor,Automóvil",G Alvear 1138,2,1,0,0,1,0,0,"-31.45869, -60.92815",Calle,,ESPERANZA,Las Colonias,Asfalto,Pavimento,XI,Dentro,Urbana,Ninguna,S/D,Recta,S/D,Buena,Diurna,Buen Tiempo,S/D,S/D,Colisión,Ninguna,S/D,S/D,Sin restricción
2020,4762,2020-11-14,Sabado,,Autopista Provincial Brigadier E.LÓPEZ,0.0,1,Automóvil,Yapeyu ,1,1,0,0,0,0,0,"-32.82088, -60.74075",Autopista,Brigadier E.LÓPEZ,CAPITÁN BERMÚDEZ,San Lorenzo,S/D,S/D,XVII,S/D,Urbana,S/D,S/D,S/D,S/D,S/D,S/D,S/D,S/D,S/D,S/D,S/D,S/D,S/D,S/D
2020,4763,2020-08-10,Lunes,17:00:00,,0.0,2,"Bicicleta,Automóvil",Av. Luis Carballo Y Echeverria Bis,2,1,0,0,1,0,0,"-32.921932260059,-60.67225002714",Avenida,,ROSARIO,Rosario,Asfalto,No existe,II,Dentro,Urbana,Semáforo,Funciona,Recta,Bueno,Buena,Diurna,Buen Tiempo,S/D,Ciclista,Atropello,Ninguna,"Horizontal,Vertical",Ninguna,Sin restricción
2020,4764,2020-10-25,Domingo,00:00:00,,0.0,2,"Moto/Ciclomotor,Automóvil",Av. Pellegrini Y Entre Rios,2,1,0,0,1,0,0,"    -32.95669, -60.64365",Avenida,,ROSARIO,Rosario,Hormigón,No existe,II,Dentro,Urbana,S/D,S/D,Recta,S/D,S/D,Nocturna,S/D,S/D,S/D,Colisión,S/D,S/D,S/D,S/D
2020,4765,2020-10-19,Lunes,07:30:00,Autopista Nacional Gral. Juan Jose Valle,260.0,2,"Camión Chasis,Automóvil", ,2,1,0,0,1,0,0,"-33.12381, -60.58429",Autopista,Gral. Juan Jose Valle,ARROYO SECO,Rosario,Asfalto,S/D,II,S/D,Rural,Ninguna,S/D,Recta,Bueno,S/D,Amanecer,Lluvia,S/D,S/D,Colisión,Ninguna,"Horizontal,Vertical",Vegetación,Sin restricción
2020,4766,2020-08-17,Lunes,23:15:00,,0.0,2,"Automóvil,Pickup/Utilitario",Av. Corrientes Y San Luis,2,2,0,0,0,0,0,"-32.948275619703,-60.64301171465",Calle,,ROSARIO,Rosario,Asfalto,No existe,II,Dentro,Urbana,Semáforo,Funciona,Intersección,Bueno,Buena,Diurna,Buen Tiempo,Lateral,S/D,Colisión,Ninguna,Vertical,Ninguna,Sin restricción
2020,4767,2020-08-26,Miercoles,13:50:00,,0.0,2,"Moto/Ciclomotor,Bicicleta",Mariano Moreno Y San Juan,2,0,1,0,1,0,0,"-32.947928045565,-60.651519363066",Calle,,ROSARIO,Rosario,Asfalto,No existe,II,Dentro,Urbana,Ninguna,No existe,Intersección,Bueno,Buena,Diurna,Buen Tiempo,S/D,Ciclista,Atropello,Ninguna,Faltante,Ninguna,Sin restricción
2020,4768,2020-08-28,Viernes,16:15:00,,0.0,2,"Bicicleta,Moto/Ciclomotor",Ayacucho 4900,2,1,0,0,1,0,0,"-32.993634517628,-60.636835812963",Calle,,ROSARIO,Rosario,Asfalto,No existe,II,Dentro,Urbana,Marca Vial,No existe,Intersección,Bueno,Buena,Diurna,Buen Tiempo,S/D,Ciclista,Atropello,Ninguna,Horizontal,Línea divisoria pintada,Sin restricción
2020,4769,2020-08-25,Martes,19:10:00,,0.0,2,"Bicicleta,Pickup/Utilitario",Bv Galvez Y Entre Rios,2,0,1,0,1,0,0,"-32.968247396117,-60.646571959833",Calle,,SANTA FE,La Capital,Asfalto,No existe,II,Dentro,Urbana,Ninguna,No existe,Intersección,Bueno,Buena,Atardecer,Buen Tiempo,S/D,Ciclista,Atropello,Ninguna,Faltante,Ninguna,Sin restricción
2020,4770,2020-10-19,Lunes,12:30:00,,0.0,2,"Moto/Ciclomotor,Automóvil",Mendoza Y Av. Provincias Unidas,2,0,1,0,1,0,0,"-32.94051, -60.71249",Avenida,,ROSARIO,Rosario,Asfalto,No existe,II,Dentro,Urbana,Semáforo,Funciona,Intersección,Bueno,Buena,Diurna,Buen Tiempo,Lateral,S/D,Colisión,S/D,S/D,Cordón divisorio,Sin restricción
2020,4771,2020-08-27,Jueves,19:45:00,,0.0,2,"Bicicleta,Moto/Ciclomotor",Av. Jorge Cura Y Bv. Oro�o,2,1,0,0,1,0,0,"-32.97109857201576,-60.660321414470",Avenida,,ROSARIO,Rosario,Asfalto,No existe,II,Dentro,Urbana,Semáforo,Funciona,Intersección,Bueno,Buena,Atardecer,Buen Tiempo,S/D,Ciclista,Atropello,Ninguna,"Horizontal,Vertical",Cordón divisorio,Sin restricción
2020,4772,2020-10-16,Viernes,20:40:00,,0.0,2,"Taxi/Remis,Bicicleta",Cordoba Y Dorrego,3,2,0,0,1,0,0,"-32.944432256791,-60.649225083872",Calle,,ROSARIO,Rosario,Asfalto,No existe,II,Dentro,Urbana,Ninguna,No existe,Intersección,Bueno,Buena,"Nocturna,Con luz artificial",Buen Tiempo,S/D,Ciclista,Atropello,Ninguna,Faltante,Ninguna,Sin restricción
2020,4773,2020-08-26,Miercoles,20:00:00,,0.0,2,"Moto/Ciclomotor,Automóvil",Caupolican Y San Martin,2,0,1,0,1,0,0,"-33.009951683748,-60.650780745241",Calle,,ROSARIO,Rosario,Asfalto,No existe,II,Dentro,Urbana,Ninguna,Funciona,Intersección,Bueno,Buena,Nocturna,Buen Tiempo,Lateral,S/D,Colisión,Ninguna,"Horizontal,Vertical",Cordón divisorio,Sin restricción
2020,4774,2020-08-24,Lunes,12:35:00,,0.0,2,"Automóvil,Automóvil",Av. Belgrano Y Av. Pellegrini,2,1,0,0,1,0,0,"-32.960756529879,-60.621121693214",Avenida,,ROSARIO,Rosario,Asfalto,No existe,II,Dentro,Urbana,Ninguna,No existe,Pendiente,Bueno,Buena,Diurna,Buen Tiempo,De alcance,S/D,Colisión,Ninguna,Faltante,Cordón divisorio,Sin restricción
2020,4775,2020-08-17,Lunes,10:00:00,,0.0,2,"Moto/Ciclomotor,Automóvil",Santa Fe Y Pje. Quintanilla,2,1,0,0,1,0,0,"-32.939074017416,-60.671293938302",Calle,,ROSARIO,Rosario,Asfalto,No existe,II,Dentro,Urbana,Ninguna,No existe,Intersección,Bueno,Buena,Diurna,Buen Tiempo,De alcance,S/D,Colisión,Ninguna,Faltante,Ninguna,Sin restricción
2020,4776,2020-08-05,Miercoles,12:15:00,,0.0,2,"Bicicleta,Automóvil",Beruti Y Dean Funes,2,0,1,0,0,0,1,"-32.978868, -60.627423",Calle,,ROSARIO,Rosario,Asfalto,No existe,II,Dentro,Urbana,Ninguna,No existe,Intersección,Bueno,Buena,Diurna,S/D,S/D,Ciclista,Atropello,Ninguna,Faltante,Ninguna,Sin restricción
2020,4777,2020-11-11,Miercoles,,,0.0,1,Automóvil, ,4,2,0,0,2,0,0,"-31.68018, -60.77474",Calle,,ROSARIO,Rosario,Asfalto,S/D,II,S/D,Urbana,S/D,S/D,Recta,S/D,S/D,S/D,S/D,S/D,S/D,Despiste,S/D,S/D,S/D,S/D
2020,4778,2020-11-03,Martes,19:50:00,,0.0,2,"Moto/Ciclomotor,Automóvil",Laprida Y Mariano Moreno,2,1,0,0,1,0,0,"-31.44343, -60.93061",Calle,,ESPERANZA,Las Colonias,Asfalto,S/D,XI,S/D,Urbana,Ninguna,S/D,Intersección,Bueno,Buena,Atardecer,Buen Tiempo,Lateral,S/D,Colisión,Ninguna,S/D,S/D,Sin restricción
2020,4779,2020-10-07,Miercoles,,,0.0,1,Automóvil,Av. Battle y Ordo�ez A ,1,0,0,0,0,0,1,"-32.76239, -60.75325",Avenida,,ROSARIO,Rosario,Asfalto,S/D,II,S/D,Urbana,S/D,S/D,Recta,S/D,S/D,S/D,S/D,S/D,S/D,Despiste,S/D,S/D,S/D,S/D
2020,4780,2020-08-24,Lunes,07:35:00,,0.0,2,"Moto/Ciclomotor,Automóvil",Av. Arijon Y San Martin,2,1,0,0,1,0,0,"-33.003024005285,-60.649276943146",Avenida,,ROSARIO,Rosario,Asfalto,No existe,II,Dentro,Urbana,Ninguna,Funciona,Intersección,Bueno,Buena,Diurna,Buen Tiempo,De alcance,S/D,Colisión,Ninguna,"Horizontal,Vertical",Cordón divisorio,Sin restricción
2020,4781,2020-11-05,Jueves,18:30:00,Ruta Provincial 6,0.0,2,"Automóvil,Automóvil", ,2,2,0,0,0,0,0,"-31.51321, -60.92741",Ruta,6,PUJATO NORTE,Las Colonias,Asfalto,Natural,XI,S/D,Urbana,S/D,No existe,Recta,Bueno,Buena,Atardecer,Buen Tiempo,De alcance,S/D,Colisión,Ninguna,S/D,S/D,Sin restricción
2020,4782,2020-08-07,Viernes,23:35:00,,0.0,2,"Automóvil,Automóvil",Amenabar Y Chacabuco,4,3,0,0,1,0,0,"-32.974929323865,-60.629288116332",Calle,,ROSARIO,Rosario,Asfalto,No existe,II,Dentro,Urbana,Ninguna,No existe,Intersección,Bueno,Buena,"Nocturna,Con luz artificial",Buen Tiempo,Lateral,S/D,Colisión,Ninguna,Faltante,Ninguna,Sin restricción
2020,4783,2020-11-05,Jueves,20:20:00,,0.0,2,"Moto/Ciclomotor,Pickup/Utilitario",27 de Febrero Y 1 de Mayo,2,1,0,0,1,0,0,"-31.46847, -60.92844",S/D,,ESPERANZA,Las Colonias,Asfalto,Pavimento,XI,S/D,Urbana,S/D,S/D,Intersección,Bueno,S/D,Nocturna,Buen Tiempo,De alcance,S/D,Colisión,Ninguna,S/D,S/D,Sin restricción
2020,4784,2020-08-21,Viernes,15:05:00,,0.0,2,"Moto/Ciclomotor,Automóvil",Mitre Y Pje. Casablanca,2,1,0,0,1,0,0,"-32.979431384994,-60.647908952632",Calle,,ROSARIO,Rosario,Asfalto,No existe,II,Dentro,Urbana,Ninguna,No existe,Intersección,Bueno,Buena,Diurna,Buen Tiempo,Lateral,S/D,Colisión,Ninguna,Faltante,Ninguna,Sin restricción
2020,4785,2020-10-19,Lunes,21:30:00,,0.0,2,"Automóvil,Peatón",Bv. Segui Y Solis,2,0,1,0,1,0,0,"-32.97086, -60.70228",Avenida,,ROSARIO,Rosario,Asfalto,S/D,II,S/D,Urbana,Semáforo,Funciona,S/D,Bueno,Buena,"Nocturna,Con luz artificial",Buen Tiempo,S/D,Peatón,Atropello,S/D,"Horizontal,Vertical",S/D,Sin restricción
2020,4786,2020-11-09,Lunes,12:10:00,,0.0,2,"Automóvil,Automóvil",Ballesteros Y Belgrano,2,0,0,0,0,0,2,"-32.81968, -61.3875",Calle,,CAÑADA DE GÓMEZ,Iriondo,Asfalto,S/D,X,S/D,Urbana,S/D,S/D,Intersección,S/D,S/D,S/D,S/D,S/D,S/D,Colisión,S/D,S/D,S/D,S/D
2020,4787,2020-11-07,Sabado,05:30:00,,0.0,2,"Pickup/Utilitario,Moto/Ciclomotor",Av Cordoba Y Saavedra,2,0,1,0,1,0,0,"-31.44768, -60.93585",Calle,,ESPERANZA,Las Colonias,Asfalto,No existe,XI,S/D,Urbana,S/D,S/D,Intersección,Bueno,Reducida,S/D,Buen Tiempo,Lateral,S/D,Colisión,Ninguna,S/D,S/D,S/D
2020,4788,2020-10-19,Lunes,10:45:00,,0.0,2,"Automóvil,Automóvil",Viamonte Y P.L.Funes,2,2,0,0,0,0,0,"-32.95658, -60.70053",Calle,,ROSARIO,Rosario,Asfalto,Pavimento,II,S/D,Urbana,Ninguna,No existe,Intersección,Bueno,Buena,Diurna,Buen Tiempo,S/D,S/D,Colisión,Ninguna,Faltante,Ninguna,Sin restricción
2020,4789,2020-11-09,Lunes,,,0.0,2,"Moto/Ciclomotor,Pickup/Utilitario",Av Moreno Y Pedroni,2,1,0,0,1,0,0,"-30.94574, -61.56861",Calle,,SUNCHALES,Castellanos,Asfalto,S/D,V,S/D,Urbana,S/D,S/D,Intersección,S/D,S/D,S/D,S/D,S/D,S/D,Colisión,S/D,S/D,S/D,S/D
2020,4790,2020-08-03,Lunes,17:00:00,,0.0,2,"Peatón,Taxi/Remis",Bv. Segui Y Sarmiento,2,1,0,0,1,0,0,"-32.979168452658,-60.646397045201",Avenida,,ROSARIO,Rosario,Asfalto,No existe,II,Dentro,Urbana,Ninguna,No existe,Intersección,Bueno,Buena,Diurna,Buen Tiempo,S/D,Peatón,Atropello,Ninguna,"Horizontal,Vertical",Cordón divisorio,Sin restricción
2020,4791,2020-11-11,Miercoles,,,0.0,2,"Automóvil,Moto/Ciclomotor",Derqui Y Laprida,3,1,0,0,2,0,0,"-32.81045, -61.40154",Calle,,CAÑADA DE GÓMEZ,Iriondo,Asfalto,S/D,X,S/D,Urbana,S/D,S/D,Intersección,S/D,S/D,S/D,S/D,S/D,S/D,Colisión,S/D,S/D,S/D,S/D
2020,4792,2020-11-07,Sabado,19:10:00,Ruta Nacional 33,0.0,2,"Moto/Ciclomotor,Camión c / Acoplado",ARMANDO RICORDI ,2,1,0,0,1,0,0,"-33.64496, -61.84954",Ruta,33,MURPHY,General LÓPEZ,Asfalto,Natural,VIII,S/D,Urbana,Ninguna,No existe,Intersección,Bueno,Buena,Diurna,Buen Tiempo,Lateral,S/D,Colisión,Ninguna,S/D,Ninguna,Sin restricción
2020,4793,2020-11-11,Miercoles,,,0.0,2,"Moto/Ciclomotor,Automóvil",Tte. roca Y R Richieri,2,1,0,0,1,0,0,"-32.74864, -60.73951",Calle,,SAN LORENZO,San Lorenzo,Asfalto,S/D,XVII,S/D,Urbana,S/D,S/D,Intersección,S/D,S/D,S/D,S/D,S/D,S/D,Colisión,S/D,S/D,S/D,S/D
2020,4794,2020-10-19,Lunes,07:40:00,,0.0,2,"Moto/Ciclomotor,Moto/Ciclomotor",Mendoza Y Lima,2,2,0,0,0,0,0,"-32.94349, -60.68452",Calle,,ROSARIO,Rosario,Asfalto,S/D,II,S/D,Urbana,S/D,S/D,Intersección,S/D,S/D,Diurna,Buen Tiempo,S/D,S/D,Colisión,S/D,S/D,S/D,S/D
2020,4795,2020-11-07,Sabado,12:15:00,,0.0,2,"Moto/Ciclomotor,Automóvil",Genova Y Lopez,2,0,1,0,1,0,0,"-33.60268, -61.31319",Calle,,CARRERAS,General LÓPEZ,S/D,Natural,VIII,Dentro,Urbana,Ninguna,No existe,Intersección,Bueno,Buena,Diurna,Buen Tiempo,Lateral,S/D,Colisión,Ninguna,Vertical,Ninguna,Sin restricción
2020,4796,2020-10-19,Lunes,13:40:00,,0.0,2,"Automóvil,Peatón",Callao 200,2,1,0,0,1,0,0,"-32.93556, -60.65829",Calle,,ROSARIO,Rosario,Asfalto,No existe,II,Dentro,Urbana,Ninguna,No existe,Recta,Bueno,Buena,Diurna,Buen Tiempo,S/D,Peatón,Atropello,S/D,Faltante,Ninguna,Sin restricción
2020,4797,2020-11-12,Jueves,,,0.0,2,"Bicicleta,Automóvil",9 de Julio Y General Guemes,2,1,0,0,1,0,0,"-28.48296, -59.35297",Calle,,VILLA OCAMPO,General Obligado,Asfalto,S/D,IX,S/D,Urbana,S/D,S/D,Intersección,S/D,S/D,S/D,S/D,S/D,Ciclista,Atropello,S/D,S/D,S/D,S/D
2020,4798,2020-11-02,Lunes,09:00:00,,0.0,2,"Pickup/Utilitario,Moto/Ciclomotor",Belgrano Y L de la Torre,2,1,0,0,1,0,0,"-29.46448, -60.21276",Calle,,VERA,Vera,Asfalto,No existe,XIX,S/D,Urbana,Ninguna,No existe,Intersección,Bueno,Buena,Diurna,Buen Tiempo,Otro,S/D,Colisión,Ninguna,Faltante,Ninguna,Sin restricción
2020,4799,2020-08-03,Lunes,16:05:00,,0.0,2,"Moto/Ciclomotor,Automóvil",Grandoli Y Isola Bis,3,2,0,0,1,0,0,"-32.99138009548187,-60.628478229045",Calle,,ROSARIO,Rosario,Asfalto,No existe,II,Dentro,Urbana,Ninguna,No existe,Intersección,Bueno,Buena,Diurna,Buen Tiempo,Lateral,S/D,Colisión,Ninguna,Faltante,Cordón divisorio,Sin restricción
2020,4800,2020-10-19,Lunes,09:10:00,,0.0,2,"Moto/Ciclomotor,Moto/Ciclomotor",Av Los Colonizadores Y Nicolas Schneider,2,2,0,0,0,0,0,"-31.45043, -60.92404",Calle,,ESPERANZA,Las Colonias,Asfalto,No existe,XI,Dentro,Urbana,Ninguna,No existe,Intersección,Bueno,Buena,Diurna,Buen Tiempo,S/D,S/D,Colisión,S/D,Horizontal,Cordón divisorio,Sin restricción
2020,4801,2020-08-12,Miercoles,09:00:00,,0.0,2,"Moto/Ciclomotor,Automóvil",Pte.Quintana Y 1 de Mayo,2,0,1,0,0,0,1,"-32.984049, -60.638790",Calle,,ROSARIO,Rosario,Asfalto,No existe,II,Dentro,Urbana,Ninguna,No existe,Intersección,Bueno,Buena,Diurna,Buen Tiempo,Lateral,S/D,Colisión,Ninguna,Faltante,Ninguna,Sin restricción
2020,4802,2020-11-06,Viernes,18:50:00,,0.0,2,"Automóvil,Moto/Ciclomotor",San Lorenzo Y Sgto Cabral,4,2,0,0,2,0,0,"-29.89285, -60.28601",S/D,,CALCHAQUÍ,Vera,Tierra,No existe,XIX,S/D,Urbana,Ninguna,No existe,Intersección,Deteriorada,Buena,Atardecer,Buen Tiempo,De alcance,S/D,Colisión,Ninguna,Faltante,Ninguna,Sin restricción
2020,4803,2020-11-13,Viernes,12:40:00,Ruta Secundaria 4-s,0.0,2,"Moto/Ciclomotor,Automóvil",Alvear Y Coronel Dorrego,2,1,0,0,1,0,0,"-33.75235, -61.97218",Ruta,4-s,VENADO TUERTO,General LÓPEZ,Asfalto,S/D,VIII,S/D,Urbana,S/D,S/D,Intersección,S/D,S/D,S/D,S/D,S/D,S/D,Colisión,S/D,S/D,S/D,S/D
2020,4804,2020-10-19,Lunes,,,0.0,2,"Moto/Ciclomotor,Moto/Ciclomotor",1 de Mayo Y Castelli,3,3,0,0,0,0,0,"-31.45313, -60.92369",Calle,,ESPERANZA,Las Colonias,Asfalto,No existe,XI,Dentro,Urbana,Ninguna,No existe,Intersección,Bueno,Buena,Diurna,Buen Tiempo,S/D,S/D,Colisión,Ninguna,Horizontal,Cordón divisorio,Sin restricción
2020,4805,2020-11-07,Sabado,01:10:00,Ruta Nacional 11,0.0,2,"Moto/Ciclomotor,Moto/Ciclomotor", ,4,4,0,0,0,0,0,"-29.88461, -60.27897",Ruta,11,CALCHAQUÍ,Vera,Asfalto,Natural,XIX,Dentro,Urbana,Ninguna,No existe,Curva,Bueno,Reducida,Nocturna,Buen Tiempo,Múltiple,S/D,"Colisión,Despiste",Ninguna,S/D,Línea divisoria pintada,Sin restricción
2020,4806,2020-11-13,Viernes,,,0.0,2,"Automóvil,Bicicleta",España Y Nicolas Avellaneda,2,1,0,0,1,0,0,"-33.73674, -61.96815",Calle,,VENADO TUERTO,General LÓPEZ,Asfalto,S/D,VIII,S/D,Urbana,S/D,S/D,Intersección,S/D,S/D,S/D,S/D,S/D,Ciclista,Atropello,S/D,S/D,S/D,S/D
2020,4808,2020-08-14,Viernes,13:20:00,,0.0,2,"Automóvil,Moto/Ciclomotor",Esteban de Luca Y Grandoli,2,1,0,0,1,0,0,"-32.994304467356,-60.628647951713",Calle,,ROSARIO,Rosario,Asfalto,No existe,II,Dentro,Urbana,Ninguna,No existe,Intersección,Bueno,Buena,Diurna,Buen Tiempo,Lateral,S/D,Colisión,Ninguna,Faltante,Cordón divisorio,Sin restricción
2020,4809,2020-10-19,Lunes,15:15:00,,0.0,2,"Automóvil,Moto/Ciclomotor",Av A del Valle Y Espora,2,1,0,0,1,0,0,"-31.60402, -60.69223",Avenida,,SANTA FE,La Capital,Asfalto,No existe,I,S/D,Urbana,Ninguna,No existe,Intersección,Bueno,S/D,Diurna,Buen Tiempo,Lateral,S/D,Colisión,S/D,S/D,Ninguna,Sin restricción
2020,4810,2020-11-13,Viernes,19:50:00,,0.0,2,"Moto/Ciclomotor,Moto/Ciclomotor",Carrero Podio Y Av Italia,2,1,0,0,0,0,1,"-31.23534, -61.47357",Avenida,,RAFAELA,Castellanos,Asfalto,S/D,V,S/D,Urbana,S/D,S/D,Intersección,S/D,S/D,S/D,S/D,S/D,S/D,Colisión,S/D,S/D,S/D,S/D
2020,4811,2020-10-19,Lunes,12:20:00,,0.0,2,"Bicicleta,Automóvil",Tucuman 3100,2,1,0,0,1,0,0,"-31.6452, -60.71307",Calle,,SANTA FE,La Capital,Hormigón,No existe,I,Dentro,Urbana,Ninguna,No existe,Recta,Bueno,Buena,Diurna,Buen Tiempo,S/D,Ciclista,Atropello,Ninguna,Faltante,Ninguna,Sin restricción
2020,4812,2020-11-02,Lunes,10:45:00,,0.0,2,"Pickup/Utilitario,Automóvil",25 de Mayo Y Bv C Pellegrini,3,2,0,0,1,0,0,"-30.79321, -60.59652",Calle,,SAN JUSTO,San Justo,Asfalto,S/D,XVI,Dentro,Urbana,S/D,No existe,Intersección,Bueno,Buena,Diurna,Buen Tiempo,Lateral,S/D,Colisión,Ninguna,Horizontal,Barrera de hormigón,Sin restricción
2020,4813,2020-08-04,Martes,14:50:00,,0.0,2,"Moto/Ciclomotor,Pickup/Utilitario",Buenos Aires Y Bv. Segui,2,1,0,0,1,0,0,"-32.98012554645538,-60.640937089920",Avenida,,ROSARIO,Rosario,Asfalto,No existe,II,Dentro,Urbana,Señal Pare,No existe,Intersección,Bueno,Buena,Diurna,Buen Tiempo,Lateral,S/D,Colisión,Ninguna,Vertical,Cordón divisorio,Sin restricción
2020,4814,2020-11-13,Viernes,18:00:00,,0.0,1,Moto/Ciclomotor,Salta 500,2,1,0,0,1,0,0,"-31.73469, -61.09862",Calle,,SAN CARLOS CENTRO,Las Colonias,Asfalto,S/D,XI,S/D,Urbana,S/D,S/D,Intersección,S/D,S/D,S/D,S/D,S/D,S/D,Cañda ocupante,S/D,S/D,S/D,S/D
2020,4815,2020-08-04,Martes,00:20:00,,0.0,2,"Moto/Ciclomotor,Automóvil",Av. Arijon Y Bv. Oro�o,2,1,0,0,1,0,0,"-33.00349831581117,-60.665087699890",Avenida,,ROSARIO,Rosario,Asfalto,No existe,II,Dentro,Urbana,Semáforo,Funciona,Intersección,Bueno,Buena,"Nocturna,Con luz artificial",Buen Tiempo,Lateral,S/D,Colisión,Ninguna,"Horizontal,Vertical",Cordón divisorio,Sin restricción
2020,4816,2020-11-06,Viernes,23:45:00,,0.0,2,"Bicicleta,Automóvil",Independencia Y Gral Urquiza,3,1,0,0,2,0,0,"-30.79043, -60.58973",Calle,,SAN JUSTO,San Justo,Asfalto,S/D,XVI,Dentro,Urbana,S/D,No existe,Intersección,Bueno,Buena,Con luz artificial,Buen Tiempo,Lateral,Ciclista,Atropello,S/D,Faltante,S/D,S/D
2020,4817,2020-10-19,Lunes,07:50:00,Ruta Nacional 11,150.0,2,"Moto/Ciclomotor,Bicicleta", ,2,2,0,0,0,0,0,"-31.66538, -60.73893",Ruta,11,SANTA FE,La Capital,Asfalto,S/D,I,S/D,Urbana,S/D,S/D,Intersección,S/D,S/D,Diurna,S/D,S/D,Ciclista,Atropello,S/D,S/D,S/D,S/D