anio_acci,nro_acci,fecha,desc_dia,hora_aprox,desc_ruta,km,cant_participantes,desc_participante,calle_avenida_km,total,heridos_leves,heridos_graves,heridos_gravisimos,ilesos,fallecidos,sin_datos,posicion_XY,desc_tipo_via,desc_ruta_ori,desc_loc,desc_dpto,desc_tipo_calzada,desc_tipo_banquina,desc_unidad_regional,desc_lugar_calzada,desc_zona,desc_prioridad,desc_estado_semaforo,desc_lugar_via,desc_estado_via,desc_estado_visibilidad,desc_luminosidad,desc_estado_clima,desc_tipo_colision,desc_tipo_atropello,desc_tipo_hecho,desc_pres_calzada,desc_senializacion,desc_separacion_via,desc_restriccion
2020,4947,2020-10-22,Jueves,16:20:00,Ruta Provincial 21,7.0,3,"Automóvil,Pickup/Utilitario,Automóvil", ,4,1,0,0,3,0,0,"-33.06578, -60.58808",Ruta,21,ALVEAR,Rosario,Asfalto,Pavimento,II,Dentro,Urbana,Señal Ceda el Paso,No existe,Intersección,Bueno,Buena,Diurna,Buen Tiempo,Múltiple,S/D,Colisión,Ninguna,"Horizontal,Vertical","Cordón divisorio,Línea divisoria pintada",Sin restricción
2020,4948,2020-07-21,Martes,18:50:00,Ruta Nacional 98,5.3,3,"Otros,Moto/Ciclomotor,Pickup/Utilitario", ,3,0,0,0,2,1,0,"-29.45872, -60.25264",Ruta,98,VERA,Vera,Asfalto,Natural,XIX,Dentro,Rural,Policía de tránsito,No existe,Recta,Bueno,Buena,Diurna,Buen Tiempo,"De alcance,Múltiple",S/D,Colisión,Ninguna,Faltante,Ninguna,Accidente Previo
2020,4949,2020-12-13,Domingo,03:45:00,,0.0,2,"Moto/Ciclomotor,Automóvil",Baigorria Y Pizurno,3,1,0,0,0,0,2,"-32.89378, -60.71175",Calle,,ROSARIO,Rosario,Asfalto,S/D,II,S/D,Urbana,S/D,S/D,Recta,S/D,S/D,S/D,S/D,S/D,S/D,Colisión,S/D,S/D,S/D,S/D
2020,4950,2020-11-08,Domingo,12:35:00,,0.0,2,"Vehículo Oficial,Moto/Ciclomotor",San Nicolas Y Pellegrini,3,1,0,0,2,0,0,"-33.03165, -60.63978",Calle,,VILLA GOBERNADOR GÁLVEZ,Rosario,Asfalto,No existe,II,S/D,Urbana,S/D,S/D,Intersección,Bueno,S/D,S/D,S/D,S/D,S/D,S/D,S/D,S/D,S/D,S/D
2020,4951,2020-08-27,Jueves,12:30:00,,0.0,2,"Bicicleta,Moto/Ciclomotor",Ayolas Y San Martin,2,1,0,0,1,0,0,"-32.97705220995,-60.644243945969",Calle,,ROSARIO,Rosario,Asfalto,No existe,II,Dentro,Urbana,Semáforo,Funciona,Intersección,Bueno,Buena,Diurna,Buen Tiempo,S/D,Ciclista,Atropello,Ninguna,"Horizontal,Vertical",Línea divisoria pintada,Sin restricción
2020,4952,2020-08-01,Sabado,11:20:00,,0.0,2,"Moto/Ciclomotor,Automóvil",Bv. 27 De Febrero Y Guatemala,3,0,1,0,1,0,1,"-32.959478489479,-60.716479807553",Avenida,,ROSARIO,Rosario,Asfalto,No existe,II,Dentro,Urbana,Semáforo,Funciona,Intersección,Bueno,Buena,Diurna,Buen Tiempo,Lateral,S/D,Colisión,Ninguna,"Horizontal,Vertical",Cordón divisorio,Sin restricción
2020,4953,2020-12-13,Domingo,07:30:00,,0.0,2,"Moto/Ciclomotor,Automóvil",Baigorria Y Lopez Buchardo,2,1,0,0,0,0,1,"-32.89392, -60.71778",Calle,,ROSARIO,Rosario,Asfalto,S/D,II,S/D,Urbana,S/D,S/D,Intersección,Bueno,S/D,Diurna,S/D,S/D,S/D,Colisión,S/D,S/D,S/D,S/D
2020,4954,2020-11-05,Jueves,20:40:00,,0.0,2,"Moto/Ciclomotor,Automóvil",Oroño Y ALBERDI,4,3,0,0,1,0,0,"-33.06761, -60.58505",S/D,,PUEBLO ESTHER,Rosario,Asfalto,No existe,II,S/D,S/D,S/D,No existe,Curva,S/D,S/D,S/D,S/D,S/D,S/D,S/D,S/D,S/D,S/D,S/D
2020,4955,2020-10-22,Jueves,08:30:00,,0.0,2,"Moto/Ciclomotor,Moto/Ciclomotor",Independencia Y San Nicolas,2,1,0,0,1,0,0,"-33.16051, -60.50371",Avenida,,ARROYO SECO,Rosario,Asfalto,S/D,II,Dentro,Urbana,Ninguna,S/D,Intersección,"Con baches,Ahuellamiento",S/D,Diurna,Buen Tiempo,Lateral,S/D,Colisión,Ninguna,Faltante,Ninguna,Sin restricción
2020,4956,2020-12-16,Miercoles,,,0.0,2,"Automóvil,Automóvil",Larrechea Y Pje. Boedo,4,1,1,0,2,0,0,"-32.89843, -60.70612",Calle,,ROSARIO,Rosario,Asfalto,Pavimento,II,S/D,Urbana,S/D,No existe,Intersección,Otro,S/D,S/D,S/D,S/D,S/D,Colisión,Agua,S/D,Ninguna,S/D
2020,4957,2020-08-02,Domingo,21:30:00,,0.0,2,"Pickup/Utilitario,Moto/Ciclomotor",Rueda Y San Nicolas,3,1,1,0,1,0,0,"-32.964922111728,-60.678539736189",Calle,,ROSARIO,Rosario,Asfalto,No existe,II,Dentro,Urbana,Ninguna,No existe,Intersección,Bueno,Buena,"Nocturna,Con luz artificial",Buen Tiempo,Lateral,S/D,Colisión,Ninguna,Faltante,Ninguna,Sin restricción
2020,4958,2020-10-30,Viernes,,Ruta Provincial 70,0.0,2,"Automóvil,Moto/Ciclomotor",San Martin Y Ruta provincial 70,3,2,0,0,1,0,0,"    -31.44294, -60.92855",Ruta,70,ESPERANZA,Las Colonias,Asfalto,No existe,XI,Dentro,Urbana,S/D,No existe,Intersección,Bueno,Buena,Diurna,Buen Tiempo,S/D,S/D,Colisión,Ninguna,S/D,Cordón divisorio,Sin restricción
2020,4959,2020-08-26,Miercoles,19:30:00,,0.0,2,"Moto/Ciclomotor,Pickup/Utilitario",Marco Polo Y Pje. Elizalde A,2,1,0,0,1,0,0,"-33.01067054271698,-60.640515983104",Calle,,ROSARIO,Rosario,Asfalto,No existe,II,Dentro,Urbana,Ninguna,No existe,Intersección,Bueno,Buena,"Nocturna,Con luz artificial",Buen Tiempo,Lateral,S/D,Colisión,Ninguna,Faltante,Ninguna,Sin restricción
2020,4960,2020-10-22,Jueves,08:40:00,,0.0,2,"Automóvil,Moto/Ciclomotor",1 de Mayo Y Italia,2,1,0,0,1,0,0,"-32.99947, -60.77668",Calle,,PEREZ,Rosario,Asfalto,No existe,II,Dentro,Urbana,Ninguna,No existe,Intersección,Bueno,Buena,Diurna,Buen Tiempo,Frontal,S/D,Colisión,Ninguna,S/D,Ninguna,Sin restricción
2020,4961,2020-11-05,Jueves,17:55:00,,0.0,2,"Moto/Ciclomotor,Automóvil",Av Gral San Martin Y Moreno,2,1,0,0,1,0,0,"-33.02463, -60.62588",Calle,,VILLA GOBERNADOR GÁLVEZ,Rosario,Asfalto,No existe,II,Dentro,Urbana,Ninguna,No existe,Intersección,Bueno,S/D,Diurna,Buen Tiempo,Lateral,S/D,Colisión,Ninguna,Faltante,Ninguna,Sin restricción
2020,4962,2020-11-07,Sabado,01:40:00,,0.0,2,"Moto/Ciclomotor,Taxi/Remis",Av Gral San Martin Y Libertad,2,0,1,0,1,0,0,"-33.02108, -60.62981",Calle,,VILLA GOBERNADOR GÁLVEZ,Rosario,Asfalto,No existe,II,Dentro,Urbana,Ninguna,No existe,Intersección,Bueno,Buena,Con luz artificial,Buen Tiempo,Frontal,S/D,Colisión,Ninguna,Faltante,Ninguna,Sin restricción
2020,4963,2020-08-09,Domingo,16:25:00,,0.0,2,"Moto/Ciclomotor,Moto/Ciclomotor",Av. Battle y Ordo�ez Y Hungria,3,3,0,0,0,0,0,"-33.00837457180023,-60.633467137813",Avenida,,ROSARIO,Rosario,Asfalto,No existe,II,Dentro,Urbana,Ninguna,No existe,Intersección,Bueno,Buena,Diurna,Buen Tiempo,Lateral,S/D,Colisión,Ninguna,Faltante,Ninguna,Sin restricción
2020,4964,2020-10-22,Jueves,20:05:00,Autopista Provincial Brigadier E.LÓPEZ,153.0,1,Automóvil, ,1,1,0,0,0,0,0,"-31.62339, -60.74375",Autopista,Brigadier E.LÓPEZ,SANTO TOMÉ,La Capital,Asfalto,S/D,I,S/D,Urbana,S/D,No existe,Recta,Bueno,Buena,Nocturna,Buen Tiempo,S/D,S/D,Despiste,S/D,S/D,S/D,S/D
2020,4965,2020-08-02,Domingo,17:50:00,,0.0,2,"Moto/Ciclomotor,Pickup/Utilitario",J.Colombres Y Rivarola,3,1,1,0,1,0,0,"-32.966174228332,-60.724752212708",Avenida,,ROSARIO,Rosario,Asfalto,No existe,II,Dentro,Urbana,Paso Peatonal,No existe,Intersección,Bueno,Buena,Diurna,Buen Tiempo,Lateral,S/D,Colisión,Ninguna,Horizontal,Cordón divisorio,Sin restricción
2020,4967,2020-10-27,Martes,16:30:00,,0.0,2,"Moto/Ciclomotor,Pickup/Utilitario",San Martin Y Pje I Mulin,2,0,1,0,1,0,0,"    -31.71896, -61.09083",Calle,,SAN CARLOS CENTRO,Las Colonias,Asfalto,No existe,XI,Dentro,Urbana,Ninguna,No existe,Recta,Bueno,Buena,Atardecer,Buen Tiempo,Otro,S/D,Colisión,Ninguna,"Horizontal,Vertical",Ninguna,Accidente Previo
2020,4968,2020-07-22,Miercoles,21:00:00,Autopista Nacional Rosario -Cordoba,385.0,2,"Pickup/Utilitario,Camión c / Acoplado", ,2,0,0,0,1,1,0,"-32.79497, -61.48327",Autopista,Rosario -Cordoba,ARMSTRONG,Belgrano,Asfalto,Natural,III,Dentro,Rural,Ninguna,No existe,Recta,Bueno,Buena,Nocturna,Buen Tiempo,De alcance,S/D,Colisión,Ninguna,Faltante,Ninguna,Sin restricción
2020,4969,2020-10-23,Viernes,20:15:00,,0.0,2,"Automóvil,Bicicleta",Av San Martin Y Congreso,2,1,0,0,1,0,0,"-32.76321, -60.73241",Avenida,,SAN LORENZO,San Lorenzo,S/D,S/D,XVII,S/D,Urbana,S/D,S/D,Intersección,S/D,S/D,Nocturna,S/D,S/D,Ciclista,Atropello,S/D,S/D,S/D,S/D
2020,4970,2020-08-02,Domingo,21:30:00,,0.0,2,"Moto/Ciclomotor,Camión Chasis",JUAN PABLO II Y SAN LORENZO,2,0,1,0,1,0,0,"-32.934801,-60.72216",Calle,,ROSARIO,Rosario,Asfalto,No existe,II,Dentro,Urbana,Ninguna,No existe,Intersección,Bueno,Buena,"Diurna,Con luz artificial",Buen Tiempo,Lateral,S/D,Colisión,Ninguna,Faltante,Ninguna,Sin restricción
2020,4971,2020-08-07,Viernes,14:10:00,,0.0,2,"Automóvil,Moto/Ciclomotor",P.L.Funes Y Riobamba,2,1,0,0,1,0,0,"-32.954207412588,-60.700631386893",Calle,,ROSARIO,Rosario,Asfalto,No existe,II,Dentro,Urbana,Otra Señal,No existe,Intersección,Deteriorada,Buena,Diurna,Buen Tiempo,Lateral,S/D,Colisión,S/D,Vertical,Ninguna,Sin restricción
2020,4972,2020-12-11,Viernes,09:30:00,,0.0,1,Moto/Ciclomotor,Entre Rios Y Biedma,2,1,0,0,1,0,0,"-32.98087,-60.64975",Calle,,ROSARIO,Rosario,Asfalto,No existe,II,Dentro,Urbana,Ninguna,No existe,Intersección,Bueno,Buena,Diurna,Buen Tiempo,S/D,S/D,Cañda ocupante,Ninguna,Faltante,Ninguna,Sin restricción
2020,4973,2020-11-07,Sabado,14:00:00,,0.0,2,"Bicicleta,Automóvil",Av Gral San Martin Y I A Edison,2,1,0,0,1,0,0,"-33.01635, -60.62692",Calle,,VILLA GOBERNADOR GÁLVEZ,Rosario,Asfalto,No existe,II,Dentro,Urbana,Ninguna,No existe,Intersección,Bueno,Buena,Diurna,Buen Tiempo,S/D,Ciclista,Atropello,Ninguna,Faltante,Ninguna,Sin restricción
2020,4974,2020-12-12,Sabado,14:00:00,,0.0,2,"Moto/Ciclomotor,Automóvil",24 De Setiembre Y Paraguay,2,0,1,0,0,0,1,"-32.97925, -60.65224",Calle,,ROSARIO,Rosario,Asfalto,No existe,II,Dentro,Urbana,Ninguna,No existe,Intersección,Bueno,Buena,Diurna,Buen Tiempo,Lateral,S/D,Colisión,Ninguna,Faltante,Ninguna,Sin restricción
2020,4975,2020-08-01,Sabado,19:30:00,Ruta Nacional 11,374.2,2,"Pickup/Utilitario,Moto/Ciclomotor", ,3,1,0,0,1,1,0,"-32.37827,-60.9327",Ruta,11,MONJE,San JERÓNIMO,Asfalto,Natural,XV,S/D,Rural,Ninguna,No existe,Recta,Bueno,S/D,Nocturna,S/D,S/D,S/D,Colisión,Ninguna,Faltante,"Ninguna,S/D",Sin restricción
2020,4976,2020-08-27,Jueves,08:20:00,,0.0,2,"Moto/Ciclomotor,Automóvil",Mendoza Y Sanchez de Loria,2,1,0,0,1,0,0,"-32.940159392325,-60.731705817545",Calle,,ROSARIO,Rosario,Asfalto,No existe,II,Dentro,Urbana,Semáforo,Funciona,Recta,Bueno,Buena,Diurna,Buen Tiempo,De alcance,S/D,Colisión,Ninguna,Vertical,Cordón divisorio,Sin restricción
2020,4977,2020-07-24,Viernes,13:30:00,,0.0,2,"Moto/Ciclomotor,Automóvil",Iturraspe Y Av Pte Peron,2,1,0,0,0,1,0,"-31.6257, -60.71845",Calle,,SANTA FE,La Capital,Asfalto,No existe,I,Dentro,Urbana,Semáforo,Funciona,Intersección,Bueno,Buena,Diurna,Buen Tiempo,Lateral,S/D,Colisión,Ninguna,Vertical,Línea divisoria pintada,Sin restricción
2020,4978,2020-08-18,Martes,13:25:00,,0.0,2,"Moto/Ciclomotor,Moto/Ciclomotor",Cochabamba Y Cullen,3,3,0,0,0,0,0,"-32.949681806793,-60.708690720642",Calle,,ROSARIO,Rosario,Asfalto,No existe,II,Dentro,Urbana,Ninguna,No existe,Intersección,Bueno,Buena,Diurna,Buen Tiempo,Lateral,S/D,Colisión,Ninguna,Faltante,Ninguna,Sin restricción
2020,4979,2020-11-01,Domingo,07:30:00,,0.0,2,"Automóvil,Automóvil",Bv San diego Y Andreu,5,5,0,0,0,0,0,"-33.01873, -60.61366",Calle,,VILLA GOBERNADOR GÁLVEZ,Rosario,Asfalto,No existe,II,Dentro,Urbana,Ninguna,No existe,Intersección,Bueno,Buena,Diurna,Buen Tiempo,Lateral,S/D,Colisión,Ninguna,Faltante,Ninguna,Sin restricción
2020,4980,2020-10-21,Miercoles,09:10:00,Ruta Provincial 70,20.0,2,"Camión c / Semirremolque,Camión c / Semirremolque", ,2,1,0,0,1,0,0,"-31.4418, -60.93315",Ruta,70,ESPERANZA,Las Colonias,Asfalto,Pavimento,XI,Dentro,Urbana,Ninguna,No existe,Intersección,Bueno,Buena,Diurna,Buen Tiempo,S/D,S/D,Colisión,Ninguna,Horizontal,Línea divisoria pintada,Sin restricción
2020,4981,2020-12-14,Lunes,16:30:00,,0.0,2,"Peatón,Automóvil",San Martin Y Saavedra,2,1,0,0,1,0,0,"-32.97829, -60.64408",Calle,,ROSARIO,Rosario,Asfalto,No existe,II,Dentro,Urbana,Ninguna,No existe,Intersección,Bueno,Buena,Diurna,Buen Tiempo,S/D,Peatón,Atropello,Ninguna,Faltante,Ninguna,Sin restricción
2020,4982,2020-08-17,Lunes,23:30:00,,0.0,2,"Moto/Ciclomotor,Automóvil",Bv. Avellaneda Y Ocampo,2,1,0,0,1,0,0,"-32.95909411361,-60.684284768591",Avenida,,ROSARIO,Rosario,Asfalto,No existe,II,Dentro,Urbana,Ninguna,No existe,Intersección,Bueno,Buena,"Nocturna,Con luz artificial",Buen Tiempo,Lateral,S/D,Colisión,Ninguna,Faltante,Cordón divisorio,Sin restricción
2020,4983,2020-08-06,Jueves,09:40:00,,0.0,2,"Peatón,Moto/Ciclomotor",Av. Eva Peron Y Av. Provincias Unidas,2,1,0,0,1,0,0,"-32.933028638362885,-60.71302413940",Avenida,,ROSARIO,Rosario,Asfalto,No existe,II,Dentro,Urbana,Semáforo,Funciona,Intersección,Bueno,Buena,Diurna,Buen Tiempo,S/D,Peatón,Atropello,Ninguna,"Horizontal,Vertical",Cordón divisorio,Sin restricción
2020,4984,2020-11-04,Miercoles,18:45:00,,0.0,2,"Moto/Ciclomotor,Otros",Donado Y Morrison,2,0,1,0,1,0,0,"-32.92542, -60.72757",Calle,,ROSARIO,Rosario,Asfalto,No existe,II,Dentro,Urbana,Ninguna,No existe,Intersección,Bueno,Buena,Diurna,Buen Tiempo,Otro,S/D,Colisión,Ninguna,S/D,Ninguna,Sin restricción
2020,4985,2020-10-18,Domingo,00:00:00,,0.0,2,"Bicicleta,Pickup/Utilitario",Av. Francia Y Cerrito,2,1,0,0,1,0,0,"-32.95699, -60.66934",Calle,,ROSARIO,Rosario,Asfalto,S/D,II,S/D,Urbana,Ninguna,S/D,Intersección,Bueno,Buena,Atardecer,Buen Tiempo,S/D,Ciclista,Atropello,Ninguna,Faltante,Ninguna,Sin restricción
2020,4986,2020-11-07,Sabado,13:25:00,,0.0,2,"Peatón,Automóvil",Av. Eva Peron Y Donado,3,1,0,0,2,0,0,"-32.93034, -60.72732",Avenida,,ROSARIO,Rosario,Asfalto,No existe,II,Dentro,Urbana,S/D,Funciona,Recta,Bueno,Buena,Diurna,S/D,S/D,Peatón,Atropello,Ninguna,S/D,S/D,S/D
2020,4987,2020-08-16,Domingo,17:50:00,,0.0,2,"Moto/Ciclomotor,Moto/Ciclomotor",Cochabamba Y Gutenberg,2,1,0,0,1,0,0,"-32.949667, -60.690354",Calle,,ROSARIO,Rosario,Asfalto,No existe,II,Dentro,Urbana,Ninguna,S/D,Intersección,Bueno,Buena,Diurna,Buen Tiempo,Frontal,S/D,Colisión,Ninguna,S/D,Ninguna,Sin restricción
2020,4988,2020-08-14,Viernes,13:40:00,,0.0,2,"Moto/Ciclomotor,Camión Chasis",Av. Eva Peron Y Ecuador,2,1,0,0,1,0,0,"-32.932503962048,-60.715387113449",Avenida,,ROSARIO,Rosario,Asfalto,No existe,II,Dentro,Urbana,Semáforo,Funciona,Intersección,Deteriorada,Buena,Diurna,Buen Tiempo,Lateral,S/D,Colisión,Ninguna,"Horizontal,Vertical",Cordón divisorio,Sin restricción
2020,4989,2020-10-23,Viernes,07:50:00,,0.0,2,"Moto/Ciclomotor,Automóvil",Montevideo Y Balcarce,3,2,0,0,1,0,0,"-32.948304491534,-60.684290389195",Calle,,ROSARIO,Rosario,Asfalto,No existe,II,S/D,Urbana,Ninguna,No existe,Intersección,S/D,S/D,Diurna,S/D,S/D,S/D,Colisión,S/D,Faltante,"Ninguna,S/D",S/D
2020,4990,2020-11-07,Sabado,09:20:00,,0.0,3,"Taxi/Remis,Moto/Ciclomotor,Automóvil",Av. Eva Peron ,4,1,0,0,3,0,0,"-32.93173, -60.72006",Avenida,,ROSARIO,Rosario,S/D,S/D,II,Dentro,Urbana,S/D,S/D,S/D,S/D,S/D,S/D,S/D,S/D,S/D,S/D,S/D,S/D,S/D,S/D
2020,4991,2020-12-09,Miercoles,09:15:00,,0.0,2,"Moto/Ciclomotor,Taxi/Remis",Paraguay Y Bv. Segui,2,1,0,0,1,0,0,"-32.97816, -60.65195",Calle,,ROSARIO,Rosario,Asfalto,S/D,II,Dentro,Urbana,Ninguna,No existe,Intersección,Bueno,Buena,Diurna,Buen Tiempo,Lateral,S/D,Colisión,Ninguna,Faltante,Ninguna,Sin restricción
2020,4992,2020-08-28,Viernes,00:20:00,,0.0,2,"Moto/Ciclomotor,Automóvil",Av. Eva Peron Y Av. Provincias Unidas,3,0,2,0,1,0,0,"-32.93303132057192,-60.713002681732",Avenida,,ROSARIO,Rosario,Asfalto,No existe,II,Dentro,Urbana,Semáforo,Funciona,Intersección,Bueno,Buena,Nocturna,Buen Tiempo,Lateral,S/D,Colisión,Ninguna,"Horizontal,Vertical",Cordón divisorio,Sin restricción
2020,4993,2020-10-23,Viernes,15:30:00,,0.0,2,"Moto/Ciclomotor,Automóvil",Falucho Y Franciscanos,3,2,0,0,1,0,0,"-32.7352, -60.74825",Calle,,SAN LORENZO,San Lorenzo,S/D,S/D,XVII,S/D,Urbana,S/D,S/D,Intersección,S/D,S/D,Diurna,S/D,S/D,S/D,Colisión,S/D,S/D,S/D,S/D
2020,4994,2020-11-01,Domingo,00:05:00,,0.0,2,"Moto/Ciclomotor,Taxi/Remis",Tarragona Bis Y J.J.Paso,5,1,1,0,3,0,0,"-32.92077, -60.73505",Calle,,ROSARIO,Rosario,Asfalto,S/D,II,Dentro,Urbana,S/D,S/D,Intersección,Bueno,S/D,S/D,S/D,S/D,S/D,S/D,Ninguna,S/D,S/D,S/D
2020,4995,2020-12-11,Viernes,22:45:00,,0.0,2,"Moto/Ciclomotor,Automóvil",Callao Bis Y Guemes,2,1,0,0,1,0,0,"-32.93202, -60.65745",Calle,,ROSARIO,Rosario,Asfalto,No existe,II,S/D,Urbana,Ninguna,No existe,Recta,Bueno,Buena,Nocturna,Buen Tiempo,De alcance,S/D,Colisión,Ninguna,Faltante,Ninguna,Sin restricción
2020,4996,2020-10-23,Viernes,15:20:00,,0.0,2,"Automóvil,Pickup/Utilitario",Pte Hipolito Irigoyen Y America,3,2,0,0,1,0,0,"-32.70505, -60.7467",Calle,,PUERTO SAN MARTÍN,San Lorenzo,Asfalto,Natural,XVII,S/D,Rural,Ninguna,No existe,Intersección,Ahuellamiento,Buena,Diurna,Buen Tiempo,Lateral,S/D,Colisión,Ninguna,Horizontal,Ninguna,Sin restricción
2020,4997,2020-10-23,Viernes,19:00:00,Ruta Nacional 11,15.0,2,"Moto/Ciclomotor,Automóvil", ,2,1,0,0,1,0,0,"-32.73388, -60.74249",Ruta,11,SAN LORENZO,San Lorenzo,Asfalto,Pavimento,XVII,S/D,Urbana,S/D,No existe,Cruce,S/D,S/D,Atardecer,S/D,Lateral,S/D,Colisión,S/D,S/D,S/D,S/D
2020,4998,2020-08-28,Viernes,07:55:00,,0.0,2,"Moto/Ciclomotor,Taxi/Remis",Junin Y Matienzo,4,0,1,0,3,0,0,"-32.927095399177,-60.695185331556",Calle,,ROSARIO,Rosario,Asfalto,No existe,II,Dentro,Urbana,Ninguna,No existe,Intersección,Bueno,Buena,Diurna,Buen Tiempo,Lateral,S/D,Colisión,Ninguna,Faltante,Ninguna,Sin restricción
2020,4999,2020-08-20,Jueves,22:30:00,,0.0,2,"Automóvil,Automóvil",JUAN PABLO SEGUNDO Y LA PAZ,3,2,0,0,0,0,1,"-32.955992, -60.721063",Calle,,ROSARIO,Rosario,Asfalto,No existe,II,Dentro,Urbana,Señal Pare,No existe,Intersección,Bueno,Buena,"Nocturna,Con luz artificial",Buen Tiempo,Lateral,S/D,Colisión,Ninguna,Vertical,Ninguna,Sin restricción
2020,5000,2020-08-16,Domingo,22:00:00,,0.0,1,Moto/Ciclomotor,Bv. Segui Y Roullon,2,1,0,0,1,0,0,"-32.970795, -60.701120",Avenida,,ROSARIO,Rosario,Asfalto,No existe,II,Dentro,Urbana,Semáforo,Funciona,Recta,Bueno,Buena,"Nocturna,Con luz artificial",Buen Tiempo,S/D,S/D,Cañda ocupante,Ninguna,"Horizontal,Vertical",Línea divisoria pintada,Sin restricción
2020,5001,2020-10-28,Miercoles,18:00:00,,0.0,2,"Automóvil,Moto/Ciclomotor",Rivadavia Y E Wuthrich,2,1,0,0,1,0,0,"    -31.72527, -61.08969",Calle,,SAN CARLOS CENTRO,Las Colonias,Asfalto,S/D,XI,Dentro,Urbana,Ninguna,No existe,Intersección,Bueno,Buena,Atardecer,Buen Tiempo,Lateral,S/D,Colisión,Ninguna,Faltante,Cordón divisorio,Sin restricción
2020,5002,2020-08-16,Domingo,12:25:00,,0.0,2,"Moto/Ciclomotor,Automóvil",Sanguinetti Y Pje. Zola,2,1,0,0,1,0,0,"-32.971848, -60.695419",Calle,,ROSARIO,Rosario,Asfalto,No existe,II,Dentro,Urbana,Ninguna,No existe,Intersección,Bueno,Buena,Diurna,Buen Tiempo,Lateral,S/D,Colisión,Ninguna,Faltante,Ninguna,Sin restricción
2020,5003,2020-08-10,Lunes,17:45:00,,0.0,2,"Bicicleta,Automóvil",C.Larralde Y Rivarola,2,1,0,0,1,0,0,"-32.966210317667,-60.725974752313",Avenida,,ROSARIO,Rosario,Asfalto,No existe,II,Dentro,Urbana,Ninguna,No existe,Intersección,Bueno,Buena,Diurna,Buen Tiempo,S/D,Ciclista,Atropello,Ninguna,Faltante,Cordón divisorio,Sin restricción
2020,5004,2020-10-14,Miercoles,22:50:00,,0.0,1,Moto/Ciclomotor, ,1,1,0,0,0,0,0,"    -32.78391, -61.54666",Calle,,ROSARIO,Rosario,Asfalto,Pavimento,II,Dentro,Rural,Ninguna,No existe,Rotonda,Bueno,Buena,Diurna,Buen Tiempo,Otro,S/D,Cañda ocupante,Ninguna,Horizontal,Guardarrail,Sin restricción
2020,5005,2020-12-10,Jueves,21:10:00,,0.0,2,"Automóvil,Moto/Ciclomotor",Medrano Y Castagnino,3,1,0,0,2,0,0,"-32.8992, -60.70042",Calle,,ROSARIO,Rosario,Asfalto,S/D,II,S/D,Urbana,Ninguna,S/D,Intersección,Bueno,S/D,S/D,Buen Tiempo,Frontal,S/D,Colisión,Ninguna,Horizontal,Barrera de hormigón,Sin restricción
2020,5006,2020-11-02,Lunes,13:35:00,,0.0,2,"Moto/Ciclomotor,Pickup/Utilitario",Av. Eva Peron Y Bv. Wilde,2,0,1,0,1,0,0,"-32.92824, -60.73882",Avenida,,ROSARIO,Rosario,Asfalto,No existe,II,Dentro,Urbana,Ninguna,Funciona,Curva,Bueno,Buena,Con luz artificial,Buen Tiempo,Lateral,S/D,Colisión,Ninguna,Faltante,Cordón divisorio,Sin restricción
2020,5007,2020-12-09,Miercoles,11:00:00,,0.0,2,"Moto/Ciclomotor,Moto/Ciclomotor",Av. Ovidio Lagos Y Cerrito,2,2,0,0,0,0,0,"-32.95772, -60.66534",Calle,,ROSARIO,Rosario,Asfalto,No existe,II,Dentro,Urbana,Ninguna,No existe,Intersección,Bueno,Buena,Diurna,Buen Tiempo,Lateral,S/D,Colisión,Ninguna,Faltante,Ninguna,Sin restricción
2020,5008,2020-11-02,Lunes,19:10:00,,0.0,2,"Moto/Ciclomotor,Bicicleta",J.J.Paso Y Donado,3,1,0,0,2,0,0,"-32.92074, -60.72778",Avenida,,ROSARIO,Rosario,Asfalto,No existe,II,Dentro,Urbana,Ninguna,Funciona,Recta,Bueno,Buena,Diurna,Buen Tiempo,Otro,Ciclista,Atropello,Ninguna,S/D,Ninguna,Sin restricción
2020,5009,2020-12-13,Domingo,04:20:00,,0.0,2,"Automóvil,Automóvil",Viamonte Y Mitre,2,1,0,0,1,0,0,"-32.96508, -60.64428",Calle,,ROSARIO,Rosario,Asfalto,No existe,II,S/D,Urbana,Señal Pare,No existe,Intersección,Bueno,Buena,"Nocturna,Con luz artificial",Buen Tiempo,Lateral,S/D,Colisión,Ninguna,Vertical,Ninguna,Sin restricción
2020,5010,2020-12-09,Miercoles,15:00:00,Ruta Secundaria 225-s,0.0,2,"Transporte de Pasajeros Urbano (> 8 asientos),Automóvil",Platon Y San Martin,4,1,0,0,3,0,0,"-33.02012,-60.65306",Ruta,225-s,ROSARIO,Rosario,Asfalto,No existe,II,Dentro,Urbana,Ninguna,No existe,Intersección,Bueno,Buena,Diurna,Buen Tiempo,Lateral,S/D,Colisión,Ninguna,Faltante,Ninguna,Sin restricción