anio_acci,nro_acci,fecha,desc_dia,hora_aprox,desc_ruta,km,cant_participantes,desc_participante,calle_avenida_km,total,heridos_leves,heridos_graves,heridos_gravisimos,ilesos,fallecidos,sin_datos,posicion_XY,desc_tipo_via,desc_ruta_ori,desc_loc,desc_dpto,desc_tipo_calzada,desc_tipo_banquina,desc_unidad_regional,desc_lugar_calzada,desc_zona,desc_prioridad,desc_estado_semaforo,desc_lugar_via,desc_estado_via,desc_estado_visibilidad,desc_luminosidad,desc_estado_clima,desc_tipo_colision,desc_tipo_atropello,desc_tipo_hecho,desc_pres_calzada,desc_senializacion,desc_separacion_via,desc_restriccion
2020,5011,2020-11-02,Lunes,17:40:00,,0.0,3,"Automóvil,Automóvil,Automóvil",Av. Eva Peron Y Donado,4,1,0,0,3,0,0,"-32.93037, -60.72733",Avenida,,ROSARIO,Rosario,Asfalto,No existe,II,Dentro,Urbana,Semáforo,Funciona,Recta,Bueno,Buena,Diurna,Buen Tiempo,Múltiple,S/D,Colisión,Ninguna,S/D,Cordón divisorio,Sin restricción
2020,5012,2020-12-13,Domingo,13:35:00,,0.0,2,"Moto/Ciclomotor,Automóvil",Centeno Y Patricias Argentinas,3,1,1,0,1,0,0,"-32.98708, -60.63523",Calle,,ROSARIO,Rosario,Asfalto,No existe,II,Dentro,Urbana,Ninguna,No existe,Intersección,Bueno,Buena,Diurna,Buen Tiempo,Lateral,S/D,Colisión,Ninguna,Faltante,Ninguna,Sin restricción
2020,5013,2020-08-06,Jueves,16:45:00,,0.0,2,"Moto/Ciclomotor,Automóvil",Av. Provincias Unidas Y French,2,0,1,0,1,0,0,"-32.92176604270935,-60.713493525981",Avenida,,ROSARIO,Rosario,Asfalto,No existe,II,Dentro,Urbana,Paso Peatonal,No existe,Intersección,S/D,Buena,Diurna,S/D,De alcance,S/D,Colisión,S/D,Horizontal,Cordón divisorio,Sin restricción
2020,5014,2020-12-12,Sabado,,,0.0,2,"Moto/Ciclomotor,Pickup/Utilitario",Av. Pellegrini Y Laprida,2,1,0,0,1,0,0,"-32.95803, -60.63696",Avenida,,ROSARIO,Rosario,Asfalto,S/D,II,S/D,Urbana,S/D,S/D,Recta,Bueno,S/D,Diurna,S/D,S/D,S/D,Colisión,S/D,S/D,S/D,S/D
2020,5015,2020-10-23,Viernes,15:35:00,,0.0,2,"Moto/Ciclomotor,Automóvil",Alfonso Duran Y Santiago de Chile,4,1,1,0,2,0,0,"-31.64362552569,-60.723624181677",Calle,,SANTA FE,La Capital,S/D,No existe,I,Dentro,Urbana,Ninguna,No existe,Intersección,Bueno,Buena,Diurna,Buen Tiempo,Lateral,S/D,Colisión,Ninguna,Faltante,Ninguna,Sin restricción
2020,5016,2020-12-10,Jueves,10:15:00,,0.0,2,"Moto/Ciclomotor,Pickup/Utilitario",Balcarce Y Brown,2,1,0,0,1,0,0,"-32.93465, -60.64959",Calle,,ROSARIO,Rosario,Asfalto,S/D,II,S/D,Urbana,S/D,S/D,Recta,S/D,S/D,Diurna,S/D,S/D,S/D,Colisión,S/D,S/D,S/D,S/D
2020,5017,2020-12-10,Jueves,21:15:00,,0.0,2,"Bicicleta,Automóvil",Bv. Oroño Y 3 De Febrero,2,1,0,0,1,0,0,"-32.95007, -60.65503",Avenida,,ROSARIO,Rosario,Asfalto,S/D,II,S/D,Urbana,S/D,S/D,Recta,S/D,S/D,Nocturna,S/D,S/D,Ciclista,Atropello,S/D,S/D,S/D,S/D
2020,5018,2020-08-10,Lunes,15:50:00,,0.0,2,"Transporte de Pasajeros Urbano (> 8 asientos),Moto/Ciclomotor",Junin Y P.L.Funes,2,1,0,0,1,0,0,"-32.927269269904,-60.701714142513",Calle,,ROSARIO,Rosario,Asfalto,No existe,II,Dentro,Urbana,Ninguna,No existe,Intersección,Bueno,S/D,Diurna,S/D,Lateral,S/D,Colisión,S/D,Faltante,Ninguna,S/D
2020,5019,2020-11-06,Viernes,10:30:00,,0.0,2,"Bicicleta,Moto/Ciclomotor",Urquiza Y Bv. Wilde,2,1,0,0,1,0,0,"-32.93413, -60.73865",Calle,,ROSARIO,Rosario,Asfalto,No existe,II,Dentro,Urbana,S/D,No existe,Intersección,Bueno,Buena,Diurna,Buen Tiempo,S/D,Ciclista,Atropello,Ninguna,S/D,S/D,Sin restricción
2020,5020,2020-10-23,Viernes,08:30:00,,0.0,2,"Moto/Ciclomotor,Automóvil",Iturraspe Y Av Pte Peron,2,0,0,0,0,0,2,"-31.62605, -60.71881",Avenida,,SANTA FE,La Capital,Asfalto,No existe,I,S/D,Urbana,Semáforo,Funciona,Intersección,Bueno,Buena,Diurna,Buen Tiempo,Lateral,S/D,Colisión,Ninguna,Vertical,Línea divisoria pintada,Sin restricción
2020,5021,2020-12-10,Jueves,08:00:00,,0.0,2,"Automóvil,Moto/Ciclomotor",San Lorenzo Y Rodriguez,4,0,1,0,3,0,0,"-32.94046, -60.65816",Calle,,ROSARIO,Rosario,Asfalto,S/D,II,S/D,Urbana,S/D,S/D,Recta,Bueno,S/D,Diurna,S/D,S/D,S/D,Colisión,S/D,S/D,S/D,S/D
2020,5022,2020-12-11,Viernes,18:30:00,,0.0,2,"Automóvil,Bicicleta",Av. Ovidio Lagos Y Av. Pte.Peron,2,1,0,0,1,0,0,"-32.95546, -60.66478",Avenida,,ROSARIO,Rosario,Asfalto,S/D,II,S/D,Urbana,S/D,S/D,Recta,S/D,S/D,S/D,S/D,S/D,Ciclista,Atropello,S/D,S/D,S/D,S/D
2020,5023,2020-11-07,Sabado,14:15:00,,0.0,2,"Automóvil,Moto/Ciclomotor",Junin Y Pje. San Geronimo,2,1,0,0,1,0,0,"-32.92708, -60.69307",Calle,,ROSARIO,Rosario,Asfalto,No existe,II,Dentro,Urbana,S/D,No existe,Recta,Otro,Buena,Diurna,S/D,S/D,S/D,S/D,S/D,Faltante,Ninguna,S/D
2020,5024,2020-10-23,Viernes,10:30:00,,0.0,2,"Automóvil,Moto/Ciclomotor",J Castelli Y Candioti,2,1,0,0,1,0,0,"-31.60809, -60.68689",Calle,,SANTA FE,La Capital,Asfalto,No existe,I,Dentro,Urbana,Ninguna,No existe,Intersección,Bueno,Buena,Diurna,Buen Tiempo,Lateral,S/D,Colisión,Ninguna,S/D,Ninguna,Sin restricción
2020,5025,2020-08-13,Jueves,23:50:00,,0.0,3,"Automóvil,Moto/Ciclomotor,Bicicleta",Av. Provincias Unidas Bis 1500,3,2,0,0,1,0,0,"-32.90936350822445,-60.714107751846",Avenida,,ROSARIO,Rosario,Asfalto,No existe,II,Dentro,Urbana,Ninguna,No existe,Recta,Bueno,Buena,Nocturna,S/D,Múltiple,Ciclista,"Colisión,Atropello",S/D,Faltante,Ninguna,Sin restricción
2020,5026,2020-11-07,Sabado,19:00:00,,0.0,2,"Moto/Ciclomotor,Automóvil",G.Carrasco Y Liniers,2,1,0,0,1,0,0,"-32.92061, -60.69932",Calle,,ROSARIO,Rosario,Asfalto,No existe,II,Dentro,Urbana,Ninguna,Funciona,Intersección,Deteriorada,Buena,Atardecer,Buen Tiempo,Otro,S/D,Colisión,Ninguna,Faltante,Ninguna,Sin restricción
2020,5027,2020-12-12,Sabado,22:10:00,,0.0,2,"Automóvil,Moto/Ciclomotor",España Y Tucuman,2,1,0,0,1,0,0,"-32.94033, -60.64533",Calle,,ROSARIO,Rosario,Asfalto,S/D,II,S/D,Urbana,S/D,S/D,Intersección,S/D,S/D,Nocturna,S/D,S/D,S/D,Colisión,S/D,S/D,S/D,S/D
2020,5028,2020-10-23,Viernes,16:30:00,Ruta Provincial 1,4.0,2,"Moto/Ciclomotor,Moto/Ciclomotor", ,3,2,0,0,1,0,0,"-31.61941, -60.5919",Ruta,1,COLASTINE,La Capital,Asfalto,Pavimento,I,S/D,Urbana,Semáforo,Funciona,Recta,Bueno,Buena,Diurna,Buen Tiempo,Lateral,S/D,Colisión,Ninguna,Vertical,Cordón divisorio,Sin restricción
2020,5029,2020-12-15,Martes,14:40:00,,0.0,2,"Bicicleta,Automóvil",Dorrego Y Brown,2,1,0,0,1,0,0,"-32.93513, -60.64687",Calle,,ROSARIO,Rosario,Asfalto,S/D,II,S/D,Urbana,Señal Pare,S/D,Intersección,Bueno,S/D,Diurna,S/D,S/D,Ciclista,Atropello,S/D,S/D,S/D,S/D
2020,5030,2020-11-07,Sabado,22:55:00,,0.0,2,"Peatón,Pickup/Utilitario",F.More Y Gaboto,2,0,0,1,0,0,1,"-32.96461, -60.6928",Calle,,ROSARIO,Rosario,Asfalto,Pavimento,II,S/D,Urbana,Ninguna,No existe,Otro,Bueno,Buena,"Nocturna,Con luz artificial",Buen Tiempo,S/D,Peatón,Atropello,Ninguna,Faltante,Ninguna,Sin restricción
2020,5031,2020-10-23,Viernes,20:50:00,,0.0,2,"Moto/Ciclomotor,Bicicleta",Ruta pcial 2 Av San Martin 6000,2,1,0,0,1,0,0,"-31.62081, -60.69968",Avenida,,MONTE VERA,La Capital,Asfalto,Ripio,I,Dentro,Urbana,Ninguna,No existe,Recta,Bueno,Buena,Nocturna,Buen Tiempo,S/D,Ciclista,Atropello,Ninguna,Vertical,Ninguna,Sin restricción
2020,5032,2020-10-28,Miercoles,14:30:00,,0.0,2,"Pickup/Utilitario,Moto/Ciclomotor",Pasteur Y Reconquista,3,1,0,0,2,0,0,"    -30.36566, -61.91839",Calle,,SAN GUILLERMO,San CRISTÓBAL,Asfalto,No existe,XIII,Dentro,Urbana,Ninguna,No existe,Intersección,S/D,Buena,Diurna,Buen Tiempo,Lateral,S/D,Colisión,Ninguna,Faltante,Ninguna,Sin restricción
2020,5033,2020-12-12,Sabado,07:10:00,Ruta Provincial 2,261.0,1,Pickup/Utilitario, ,1,1,0,0,0,0,0,"-29.80226, -61.43545",Ruta,2,ESTEBAN RAMS,9 de Julio,Asfalto,Natural,XII,Fuera,Rural,Ninguna,No existe,Recta,Bueno,Buena,Diurna,Buen Tiempo,S/D,S/D,Vuelco,Ninguna,Vertical,Línea divisoria pintada,Sin restricción
2020,5034,2020-12-15,Martes,11:15:00,,0.0,2,"Automóvil,Moto/Ciclomotor",Av Urquiza 2400,2,1,0,0,1,0,0,"-31.64628, -60.71325",Avenida,,SANTA FE,La Capital,Asfalto,Pavimento,I,Dentro,Urbana,Ninguna,Funciona,Recta,Bueno,Buena,S/D,Buen Tiempo,Lateral,S/D,Colisión,Ninguna,Faltante,Ninguna,Sin restricción
2020,5035,2020-10-23,Viernes,17:30:00,,0.0,2,"Moto/Ciclomotor,Automóvil",Galvez Y Italia,2,1,0,0,1,0,0,"-32.96702, -60.6535",Calle,,ROSARIO,Rosario,Asfalto,S/D,II,S/D,Urbana,S/D,S/D,Intersección,S/D,S/D,Diurna,S/D,S/D,S/D,Colisión,S/D,S/D,S/D,S/D
2020,5036,2020-11-06,Viernes,11:20:00,,0.0,2,"Moto/Ciclomotor,Automóvil",Ecuador Y Pasco,4,2,1,0,0,0,1,"-32.95103, -60.71454",Calle,,ROSARIO,Rosario,Asfalto,Pavimento,II,S/D,Urbana,Ninguna,No existe,Otro,Bueno,Buena,Diurna,Buen Tiempo,Otro,S/D,Colisión,Ninguna,Faltante,Ninguna,Sin restricción
2020,5037,2020-12-11,Viernes,12:40:00,,0.0,2,"Automóvil,Moto/Ciclomotor",Av Urquiza 1900,2,1,0,0,1,0,0,"-31.65263, -60.71511",Calle,,SANTA FE,La Capital,Asfalto,Pavimento,I,Dentro,Urbana,Ninguna,No existe,Recta,Bueno,Buena,Diurna,Buen Tiempo,Lateral,S/D,Colisión,Ninguna,Faltante,Ninguna,Sin restricción
2020,5038,2020-10-23,Viernes,08:30:00,,0.0,2,"Moto/Ciclomotor,Automóvil",Bv. Avellaneda Bis Y Harding,3,2,0,0,1,0,0,"-32.92862, -60.67648",Calle,,ROSARIO,Rosario,Asfalto,No existe,II,S/D,Urbana,S/D,S/D,Intersección,Bueno,Buena,Diurna,Buen Tiempo,Lateral,S/D,Colisión,Ninguna,Horizontal,Cordón divisorio,Sin restricción
2020,5039,2020-10-28,Miercoles,08:30:00,,0.0,2,"Bicicleta,Pickup/Utilitario",Avenida de Mayo Y Laprida,2,1,0,0,1,0,0,"    -29.87702, -61.93947",Calle,,CERES,San CRISTÓBAL,Asfalto,No existe,XIII,Dentro,Urbana,Ninguna,No existe,Intersección,Bueno,Buena,Diurna,Buen Tiempo,S/D,Ciclista,Atropello,Ninguna,Vertical,Ninguna,Sin restricción
2020,5040,2020-08-21,Viernes,19:40:00,,0.0,2,"Moto/Ciclomotor,Moto/Ciclomotor",Garzon Y Velez Sarsfield,2,1,0,0,1,0,0,"-32.92578399181367,-60.706273019313",Calle,,ROSARIO,Rosario,Asfalto,No existe,II,Dentro,Urbana,Ninguna,No existe,Intersección,Bueno,Buena,Atardecer,S/D,Lateral,S/D,Colisión,S/D,Faltante,Ninguna,Sin restricción
2020,5041,2020-12-09,Miercoles,08:30:00,,0.0,2,"Automóvil,Moto/Ciclomotor",Av J J Paso Y Av Urquiza,2,1,0,0,1,0,0,"-31.66248, -60.71823",Calle,,SANTA FE,La Capital,Asfalto,Pavimento,I,Dentro,Urbana,Semáforo,Funciona,Intersección,Bueno,Buena,Diurna,Buen Tiempo,Lateral,S/D,Colisión,Ninguna,Faltante,Ninguna,Sin restricción
2020,5042,2020-08-16,Domingo,17:20:00,,0.0,2,"Automóvil,Moto/Ciclomotor",Ecuador Y Riobamba,5,3,0,0,2,0,0,"-32.954584387184,-60.714372383629",Calle,,ROSARIO,Rosario,Asfalto,No existe,II,Dentro,Urbana,Ninguna,No existe,Intersección,Bueno,Buena,Diurna,Buen Tiempo,Lateral,S/D,Colisión,Ninguna,Faltante,Ninguna,Sin restricción
2020,5043,2020-10-23,Viernes,12:00:00,,0.0,2,"Moto/Ciclomotor,Automóvil",Av. Ntra.Sra.del Rosario Y Pueyrredon,2,1,0,0,1,0,0,"-33.00071, -60.66923",Avenida,,ROSARIO,Rosario,Asfalto,No existe,II,Dentro,Urbana,Ninguna,No existe,Intersección,Bueno,Buena,Diurna,Buen Tiempo,Lateral,S/D,Colisión,Ninguna,Faltante,Ninguna,Sin restricción
2020,5044,2020-12-13,Domingo,18:30:00,,0.0,2,"Automóvil,Automóvil",San Martin Y Obispo Gelabert,3,1,0,0,2,0,0,"-31.6368, -60.70359",Calle,,SANTA FE,La Capital,Asfalto,Pavimento,I,Dentro,Urbana,Ninguna,No existe,Intersección,Bueno,Buena,Atardecer,Buen Tiempo,Lateral,S/D,Colisión,Ninguna,Faltante,Ninguna,Sin restricción
2020,5045,2020-10-23,Viernes,10:15:00,,0.0,2,"Bicicleta,Automóvil",25 de Mayo 1700,2,1,0,0,1,0,0,"-32.99627, -60.77379",Calle,,PEREZ,Rosario,Asfalto,No existe,II,Dentro,Urbana,Ninguna,No existe,Recta,Bueno,Buena,Diurna,Buen Tiempo,S/D,Ciclista,Atropello,Ninguna,S/D,Ninguna,Sin restricción
2020,5046,2020-10-31,Sabado,04:00:00,,0.0,2,"Automóvil,Moto/Ciclomotor",25 De Mayo Y Brigadier Lopez,4,0,1,0,3,0,0,"    -30.23287, -61.73108",Calle,,ARRUFÓ,San CRISTÓBAL,Tierra,S/D,XIII,S/D,Urbana,Ninguna,No existe,Recta,Bueno,Buena,Nocturna,Buen Tiempo,De alcance,S/D,Colisión,S/D,S/D,Ninguna,Sin restricción
2020,5047,2020-12-14,Lunes,11:10:00,,0.0,2,"Automóvil,Pickup/Utilitario",Castellanos ,3,1,0,0,2,0,0,"-31.63672, -60.69305",Calle,,SANTA FE,La Capital,Asfalto,No existe,I,Dentro,Urbana,S/D,No existe,Intersección,Bueno,S/D,Diurna,S/D,Lateral,S/D,Colisión,S/D,S/D,S/D,S/D
2020,5048,2020-08-14,Viernes,18:00:00,,0.0,2,"Automóvil,Bicicleta",Av. Francia Y Cerrito,2,1,0,0,1,0,0,"-32.956949832404,-60.669517959398",Avenida,,ROSARIO,Rosario,Asfalto,No existe,II,Dentro,Urbana,Paso Peatonal,No existe,Intersección,Bueno,Buena,"Atardecer,Con luz artificial",Buen Tiempo,S/D,Ciclista,Atropello,Ninguna,Horizontal,Cordón divisorio,Sin restricción
2020,5049,2020-08-02,Domingo,11:00:00,,0.0,2,"Moto/Ciclomotor,Taxi/Remis",Acevedo Bis Y J.B.Justo,2,1,0,0,1,0,0,"-32.91588798165322,-60.749113261699",Calle,,ROSARIO,Rosario,Asfalto,No existe,II,Dentro,Urbana,Ninguna,No existe,Intersección,Bueno,Buena,Diurna,Buen Tiempo,S/D,S/D,Colisión,Ninguna,Faltante,Ninguna,Sin restricción
2020,5050,2020-11-05,Jueves,17:20:00,,0.0,2,"Moto/Ciclomotor,Automóvil",San Nicolas Y Cerrito,4,0,0,0,0,0,4,"-32.95583, -60.67618",Calle,,ROSARIO,Rosario,Asfalto,Pavimento,II,S/D,Urbana,Ninguna,No existe,Otro,Bueno,Buena,Diurna,Buen Tiempo,Otro,S/D,Colisión,Ninguna,Faltante,Ninguna,Sin restricción
2020,5051,2020-11-06,Viernes,17:05:00,,0.0,2,"Automóvil,Moto/Ciclomotor",Roullon Y Dean Funes,2,1,0,0,0,0,1,"-32.96722, -60.7011",S/D,,ROSARIO,Rosario,Asfalto,Pavimento,II,S/D,Urbana,Ninguna,No existe,Otro,Bueno,Buena,Diurna,Buen Tiempo,Otro,S/D,Colisión,Ninguna,Faltante,Ninguna,Sin restricción
2020,5052,2020-12-14,Lunes,18:30:00,,0.0,2,"Automóvil,Automóvil",Balcarce Y Belgrano,3,2,0,0,1,0,0,"-31.63752,-60.69895",Calle,,SANTA FE,La Capital,Asfalto,No existe,I,Dentro,Urbana,S/D,No existe,Intersección,Bueno,S/D,Diurna,S/D,Lateral,S/D,Colisión,S/D,S/D,S/D,S/D
2020,5053,2020-10-23,Viernes,16:45:00,Autopista Nacional A008,21.0,2,"Moto/Ciclomotor,Automóvil", ,2,0,1,0,1,0,0,"-33.01647, -60.6522",Autopista,A008,ROSARIO,Rosario,Asfalto,No existe,II,Dentro,Urbana,Ninguna,No existe,Intersección,Bueno,Buena,Diurna,Buen Tiempo,Lateral,S/D,Colisión,Ninguna,Faltante,Ninguna,Sin restricción
2020,5055,2020-08-02,Domingo,15:30:00,,0.0,2,"Moto/Ciclomotor,Pickup/Utilitario",Av. Eva Peron Y Av. Provincias Unidas,2,1,0,0,1,0,0,"-32.93299645185471,-60.713056325912",Avenida,,ROSARIO,Rosario,Asfalto,No existe,II,Dentro,Urbana,Ninguna,Funciona,Recta,Bueno,Buena,Diurna,Buen Tiempo,Lateral,S/D,Colisión,Ninguna,"Horizontal,Vertical",Cordón divisorio,Sin restricción
2020,5056,2020-08-13,Jueves,10:10:00,,0.0,2,"Vehículo Oficial,Taxi/Remis",Cafferata Y La Paz,4,1,0,0,3,0,0,"-32.958284294331,-60.675428889538",Calle,,ROSARIO,Rosario,Asfalto,No existe,II,Dentro,Urbana,Ninguna,No existe,Intersección,Bueno,Buena,Diurna,Buen Tiempo,S/D,S/D,Colisión,Ninguna,Faltante,Ninguna,Sin restricción
2020,5057,2020-12-11,Viernes,10:00:00,,0.0,2,"Automóvil,Moto/Ciclomotor",Entre Rios Y San Lorenzo,2,1,0,0,1,0,0,"-31.65825,-60.72101",Calle,,SANTA FE,La Capital,Asfalto,S/D,I,S/D,Urbana,Ninguna,S/D,Intersección,Bueno,Buena,Diurna,Buen Tiempo,S/D,S/D,Colisión,Ninguna,Vertical,Ninguna,Sin restricción
2020,5058,2020-12-14,Lunes,08:25:00,,0.0,2,"Automóvil,Moto/Ciclomotor",Francia Y Uruguay,2,1,0,0,1,0,0,"-31.6599, -60.71879",Calle,,SANTA FE,La Capital,Asfalto,S/D,I,S/D,Urbana,Ninguna,S/D,Intersección,Bueno,Buena,Diurna,Buen Tiempo,S/D,S/D,Colisión,Ninguna,Vertical,Ninguna,Sin restricción
2020,5059,2020-11-07,Sabado,04:55:00,,0.0,2,"Moto/Ciclomotor,Moto/Ciclomotor",Brasil Y Riobamba,2,1,0,0,0,0,1,"-32.95474, -60.71893",Calle,,ROSARIO,Rosario,Asfalto,Pavimento,II,S/D,Urbana,Ninguna,No existe,Otro,Bueno,Buena,"Nocturna,Con luz artificial",Buen Tiempo,Otro,S/D,Colisión,Ninguna,Faltante,Ninguna,Sin restricción
2020,5060,2020-10-25,Domingo,17:25:00,,0.0,2,"Automóvil,Moto/Ciclomotor",Santa Fe Y Uruguay,2,1,0,0,1,0,0,"    -31.42127, -60.33571",Calle,,SANTA ROSA DE CALCHINES,Garay,Asfalto,Pavimento,VII,Dentro,Urbana,Ninguna,No existe,Intersección,Bueno,Buena,Diurna,Buen Tiempo,De alcance,S/D,Colisión,Ninguna,Faltante,Ninguna,Sin restricción
2020,5061,2020-11-04,Miercoles,16:40:00,,0.0,2,"Automóvil,Moto/Ciclomotor",Montes Carballo Y Rivarola,3,0,0,0,0,0,3,"-32.96657, -60.73213",S/D,,ROSARIO,Rosario,S/D,Pavimento,II,Dentro,Urbana,Ninguna,No existe,Otro,Bueno,Buena,Diurna,Buen Tiempo,Otro,S/D,Colisión,Ninguna,Faltante,Ninguna,Sin restricción
2020,5062,2020-12-09,Miercoles,09:55:00,,0.0,2,"Moto/Ciclomotor,Transporte de Pasajeros Urbano (> 8 asientos)",Av Blas Parera 5000,2,1,0,0,1,0,0,"-31.61785, -60.7182",Avenida,,SANTA FE,La Capital,Asfalto,No existe,I,S/D,Urbana,Semáforo,Funciona,Recta,Bueno,Buena,Diurna,Buen Tiempo,Lateral,S/D,Colisión,Ninguna,Vertical,Línea divisoria pintada,Sin restricción
2020,5063,2020-08-22,Sabado,08:55:00,Ruta Nacional 9,0.0,2,"Automóvil,Moto/Ciclomotor",Av. Eva Peron Y Friuli,2,1,0,0,1,0,0,"-32.928955969919,-60.735665591036",Ruta,9,ROSARIO,Rosario,Asfalto,No existe,II,Dentro,Urbana,Paso Peatonal,No existe,Recta,Bueno,Buena,Diurna,Buen Tiempo,S/D,S/D,Colisión,Ninguna,Horizontal,Cordón divisorio,Sin restricción
2020,5064,2020-12-10,Jueves,20:00:00,,0.0,2,"Moto/Ciclomotor,Vehículo Oficial",Av Blas Parera Y Gorostiaga,2,1,0,0,1,0,0,"-31.60699, -60.71989",Avenida,,SANTA FE,La Capital,Asfalto,No existe,I,S/D,Urbana,Semáforo,Funciona,Intersección,Bueno,Buena,Amanecer,Buen Tiempo,Lateral,S/D,Colisión,Ninguna,Vertical,Línea divisoria pintada,Sin restricción
2020,5065,2020-08-09,Domingo,16:45:00,,0.0,2,"Automóvil,Peatón",Dr.Rivas 5500,2,0,1,0,1,0,0,"-32.975498347505,-60.697524500485",Calle,,ROSARIO,Rosario,Asfalto,No existe,II,Dentro,Urbana,Ninguna,No existe,Recta,Bueno,Buena,Diurna,Buen Tiempo,S/D,Peatón,Atropello,Ninguna,Faltante,Ninguna,Sin restricción
2020,5066,2020-11-02,Lunes,12:10:00,,0.0,2,"Moto/Ciclomotor,Automóvil",Paraguay Y J.M.Gutierrez,2,1,0,0,1,0,0,"-32.99421, -60.65506",Calle,,ROSARIO,Rosario,Asfalto,No existe,II,Dentro,Urbana,Ninguna,No existe,Intersección,Bueno,Buena,Diurna,Buen Tiempo,S/D,S/D,S/D,Ninguna,S/D,Ninguna,Sin restricción
2020,5067,2020-12-11,Viernes,14:40:00,,0.0,2,"Moto/Ciclomotor,Pickup/Utilitario",Av Blas Parera Y Derqui,2,1,0,0,1,0,0,"-31.61247, -60.71838",Avenida,,SANTA FE,La Capital,Asfalto,No existe,I,S/D,Urbana,Semáforo,Funciona,Intersección,Bueno,Buena,Diurna,Buen Tiempo,Lateral,S/D,Colisión,Ninguna,Vertical,Línea divisoria pintada,Sin restricción
2020,5068,2020-10-31,Sabado,17:40:00,,0.0,2,"Moto/Ciclomotor,Otros",Patricio Cullen Y Brigadier General E Lopez,2,1,0,0,1,0,0,"    -31.10472, -60.09365",Calle,,HELVECIA,Garay,Tierra,No existe,VII,Dentro,Urbana,S/D,No existe,Otro,Otro,Buena,Diurna,Buen Tiempo,S/D,S/D,Colisión,Ninguna,S/D,Ninguna,Sin restricción
2020,5069,2020-08-22,Sabado,19:05:00,,0.0,2,"Moto/Ciclomotor,Automóvil",Colombia Y Juan B.De La Salle,3,1,0,0,2,0,0,"-32.922583269643,-60.716900320777",Calle,,ROSARIO,Rosario,Asfalto,No existe,II,Dentro,Urbana,Ninguna,No existe,Intersección,Bueno,Buena,Nocturna,Buen Tiempo,Lateral,S/D,Colisión,Ninguna,Faltante,Ninguna,Sin restricción
2020,5070,2020-08-11,Martes,19:30:00,,0.0,2,"Moto/Ciclomotor,Automóvil",Bv. 27 De Febrero Y Servando Bayo,4,2,1,0,1,0,0,"-32.95932769775387,-60.689989328384",Avenida,,ROSARIO,Rosario,Asfalto,No existe,II,Dentro,Urbana,Ninguna,No existe,Intersección,Bueno,Buena,"Atardecer,Con luz artificial",Buen Tiempo,Lateral,S/D,Colisión,Ninguna,Faltante,Cordón divisorio,Sin restricción
2020,5071,2020-12-11,Viernes,19:30:00,,0.0,2,"Moto/Ciclomotor,Automóvil",Av Lopez y Planes Y Juan Del Campillo,3,1,0,0,2,0,0,"-31.62766, -60.71384",Avenida,,SANTA FE,La Capital,Asfalto,No existe,I,S/D,Urbana,Semáforo,Funciona,Intersección,Bueno,Buena,Atardecer,Buen Tiempo,Lateral,S/D,Colisión,Ninguna,Vertical,Línea divisoria pintada,Sin restricción
2020,5072,2020-07-04,Sabado,20:00:00,Ruta Nacional 34,178.0,3,"Camión,Camión c / Acoplado,Automóvil", ,4,0,0,0,2,2,0,"-31.62722, -61.54872",Ruta,34,SAN VICENTE.,Castellanos,Asfalto,Natural,V,Dentro,Rural,Ninguna,No existe,Recta,Bueno,S/D,Nocturna,S/D,Múltiple,S/D,Colisión,Ninguna,Faltante,Línea divisoria pintada,Sin restricción
2020,5073,2020-10-31,Sabado,05:45:00,Ruta Provincial 1,135.0,2,"Bicicleta,Automóvil", ,2,2,0,0,0,0,0,"    -30.5655, -59.93489",Ruta,1,SAN JAVIER,San Javier,Asfalto,Natural,XIV,Fuera,Rural,S/D,No existe,Recta,Bueno,Buena,Nocturna,Buen Tiempo,S/D,S/D,Atropello,Ninguna,S/D,Ninguna,Sin restricción
2020,5074,2020-11-01,Domingo,21:00:00,,0.0,2,"Moto/Ciclomotor,Automóvil",Bv. Avellaneda Y Garibaldi,2,1,0,0,1,0,0,"-32.9689, -60.6866",Calle,,ROSARIO,Rosario,Asfalto,No existe,II,S/D,Urbana,Ninguna,No existe,Intersección,Bueno,Buena,Nocturna,Buen Tiempo,S/D,S/D,Colisión,Ninguna,Faltante,Línea divisoria pintada,Sin restricción
2020,5075,2020-12-11,Viernes,17:45:00,,0.0,2,"Moto/Ciclomotor,Automóvil",Roque Saenz Pe�a Y Magallanes,2,1,0,0,1,0,0,"-31.64056,-60.72413",Calle,,SANTA FE,La Capital,Hormigón,No existe,I,Dentro,Urbana,Ninguna,No existe,Intersección,Con baches,Buena,Diurna,Buen Tiempo,Lateral,S/D,Colisión,Ninguna,Faltante,Ninguna,Sin restricción