anio_acci,nro_acci,fecha,desc_dia,hora_aprox,desc_ruta,km,cant_participantes,desc_participante,calle_avenida_km,total,heridos_leves,heridos_graves,heridos_gravisimos,ilesos,fallecidos,sin_datos,posicion_XY,desc_tipo_via,desc_ruta_ori,desc_loc,desc_dpto,desc_tipo_calzada,desc_tipo_banquina,desc_unidad_regional,desc_lugar_calzada,desc_zona,desc_prioridad,desc_estado_semaforo,desc_lugar_via,desc_estado_via,desc_estado_visibilidad,desc_luminosidad,desc_estado_clima,desc_tipo_colision,desc_tipo_atropello,desc_tipo_hecho,desc_pres_calzada,desc_senializacion,desc_separacion_via,desc_restriccion
2020,5076,2020-08-15,Sabado,20:35:00,,0.0,2,"Moto/Ciclomotor,Pickup/Utilitario",Av. Brassey Y Sarratea Bis,3,2,0,0,1,0,0,"-32.923246123825,-60.74120755552",Avenida,,ROSARIO,Rosario,Asfalto,No existe,II,Dentro,Urbana,Señal Pare,No existe,Intersección,Bueno,Buena,Nocturna,Buen Tiempo,S/D,S/D,Colisión,Ninguna,Vertical,Ninguna,Sin restricción
2020,5077,2020-11-02,Lunes,09:30:00,,0.0,2,"Moto/Ciclomotor,Automóvil",Guardia Morada Y Pje. Violeta,2,1,0,0,1,0,0,"-33.01984, -60.65858",Calle,,ROSARIO,Rosario,Asfalto,No existe,II,Dentro,Urbana,Ninguna,No existe,Intersección,Bueno,Buena,Diurna,Buen Tiempo,Lateral,S/D,Colisión,Ninguna,Faltante,Ninguna,Sin restricción
2020,5078,2020-08-07,Viernes,17:10:00,Ruta Provincial 21,0.0,2,"Moto/Ciclomotor,Automóvil",Av Gral San Martin Y Mitre,3,1,0,0,2,0,0,"-33.024276711532,-60.62627654897",Ruta,21,VILLA GOBERNADOR GÁLVEZ,Rosario,Asfalto,No existe,II,Dentro,Urbana,Paso Peatonal,No existe,Intersección,Bueno,Buena,Atardecer,Buen Tiempo,Lateral,S/D,Colisión,Ninguna,"Horizontal,Vertical",Cordón divisorio,Sin restricción
2020,5079,2020-08-18,Martes,13:15:00,,0.0,2,"Bicicleta,Automóvil",J.J.Paso Y Venezuela,3,1,0,0,2,0,0,"-32.920580276396,-60.725394441405",Calle,,ROSARIO,Rosario,Asfalto,No existe,II,Dentro,Urbana,Señal Pare,No existe,Intersección,Bueno,Buena,Diurna,Buen Tiempo,S/D,Ciclista,Atropello,Ninguna,Vertical,Ninguna,Sin restricción
2020,5080,2020-11-03,Martes,08:15:00,,0.0,2,"Moto/Ciclomotor,Automóvil",Av. Arijon Y Balcarce,2,1,0,0,1,0,0,"-33.00349, -60.66339",Calle,,ROSARIO,Rosario,Asfalto,Pavimento,II,Dentro,Urbana,Semáforo,No existe,Recta,Bueno,Buena,Diurna,Buen Tiempo,Lateral,S/D,Colisión,Ninguna,Faltante,Línea divisoria pintada,Sin restricción
2020,5081,2020-10-30,Viernes,23:00:00,,0.0,2,"Automóvil,Moto/Ciclomotor",Rivadavia 5725,2,1,0,0,1,0,0,"    -31.51962, -60.67277",Calle,,MONTE VERA,La Capital,Asfalto,No existe,I,Dentro,Urbana,Ninguna,No existe,Recta,Bueno,Buena,Nocturna,Buen Tiempo,Lateral,S/D,Colisión,Ninguna,Faltante,Ninguna,Sin restricción
2020,5082,2020-08-10,Lunes,19:00:00,Ruta Provincial 21,0.0,2,"Moto/Ciclomotor,Automóvil",Av Gral San Martin Y Jaures,2,1,0,0,1,0,0,"-33.02018702030184,-60.630540847778",Ruta,21,VILLA GOBERNADOR GÁLVEZ,Rosario,Asfalto,No existe,II,Dentro,Urbana,Paso Peatonal,No existe,Intersección,Bueno,Buena,"Atardecer,Con luz artificial",Buen Tiempo,Lateral,S/D,Colisión,Ninguna,Horizontal,Cordón divisorio,Sin restricción
2020,5083,2020-07-04,Sabado,05:10:00,Ruta Provincial 65,20.0,1,Automóvil, ,2,0,0,0,0,2,0,"-32.36581, -61.12894",Ruta,65,DÍAZ,San JERÓNIMO,Asfalto,Natural,XV,Dentro,Rural,Ninguna,No existe,Recta,Bueno,S/D,Nocturna,S/D,S/D,S/D,Vuelco,Ninguna,Faltante,Línea divisoria pintada,Sin restricción
2020,5084,2020-12-14,Lunes,08:00:00,,0.0,2,"Moto/Ciclomotor,Pickup/Utilitario",Av Pte Peron Y Salvador Caputo,2,1,0,0,1,0,0,"-31.63685, -60.7184",Calle,,SANTA FE,La Capital,Hormigón,No existe,I,S/D,Urbana,Ninguna,No existe,Intersección,Bueno,Buena,Diurna,Buen Tiempo,Lateral,S/D,Colisión,Ninguna,Faltante,Ninguna,Sin restricción
2020,5085,2020-08-01,Sabado,15:35:00,,0.0,2,"Moto/Ciclomotor,Automóvil",Guatemala Y Pje. Ghandi,2,0,1,0,1,0,0,"-32.92555332183838,-60.717944651842",Calle,,ROSARIO,Rosario,Asfalto,No existe,II,Dentro,Urbana,Ninguna,No existe,Intersección,Bueno,Buena,Diurna,Buen Tiempo,S/D,S/D,Colisión,Ninguna,Faltante,Ninguna,Sin restricción
2020,5086,2020-11-06,Viernes,12:20:00,,0.0,2,"Moto/Ciclomotor,Automóvil",Bv. Segui Y Iriondo,2,1,0,0,1,0,0,"-32.9735, -60.67786",Calle,,ROSARIO,Rosario,Asfalto,Pavimento,II,Dentro,Urbana,Ninguna,No existe,Intersección,S/D,Buena,Diurna,Buen Tiempo,Lateral,S/D,Colisión,Ninguna,Faltante,Línea divisoria pintada,Sin restricción
2020,5087,2020-07-05,Domingo,18:40:00,,0.0,2,"Moto/Ciclomotor,Automóvil",Av Almte Brown Y Alberti,2,0,0,0,1,1,0,"-31.60761, -60.66633",Calle,,SANTA FE,La Capital,Asfalto,No existe,I,Dentro,Urbana,Ninguna,No existe,Intersección,Bueno,S/D,Diurna,S/D,S/D,S/D,Colisión,Ninguna,Horizontal,Cordón divisorio,Sin restricción
2020,5089,2020-08-15,Sabado,15:20:00,Ruta Provincial 21,0.0,1,Moto/Ciclomotor,Av Gral San Martin Y Ayola,2,1,0,0,1,0,0,"-33.039397479501,-60.612638240666",Ruta,21,VILLA GOBERNADOR GÁLVEZ,Rosario,Asfalto,No existe,II,Dentro,Urbana,Otra Señal,No existe,Intersección,Bueno,Buena,Diurna,Buen Tiempo,S/D,S/D,Cañda ocupante,Ninguna,"Horizontal,Vertical",Cordón divisorio,Sin restricción
2020,5090,2020-11-01,Domingo,14:20:00,,0.0,2,"Moto/Ciclomotor,Automóvil",Crespo Y Garibaldi,2,1,0,0,1,0,0,"-32.98059, -60.67813",S/D,,ROSARIO,Rosario,Asfalto,No existe,II,S/D,Urbana,Ninguna,No existe,Intersección,Bueno,Buena,Diurna,Buen Tiempo,Lateral,S/D,Colisión,Ninguna,Faltante,Ninguna,Sin restricción
2020,5091,2020-10-24,Sabado,20:50:00,Ruta Provincial 1,3.0,2,"Moto/Ciclomotor,Automóvil", ,2,1,0,0,1,0,0,"    -31.62414, -60.60046",Ruta,1,COLASTINE,La Capital,Asfalto,Pavimento,I,Dentro,Urbana,Semáforo,Funciona,Intersección,Bueno,Buena,Nocturna,Buen Tiempo,Lateral,S/D,Colisión,Ninguna,S/D,Cordón divisorio,Sin restricción
2020,5092,2020-11-07,Sabado,20:40:00,,0.0,2,"Peatón,Moto/Ciclomotor",Bv. Avellaneda 4737,2,2,0,0,0,0,0,"-32.99344, -60.68888",Avenida,,ROSARIO,Rosario,Asfalto,Pavimento,II,Dentro,Urbana,Ninguna,No existe,Recta,Bueno,Buena,Nocturna,Buen Tiempo,S/D,Peatón,Atropello,Ninguna,Faltante,Cordón divisorio,Sin restricción
2020,5093,2020-08-07,Viernes,15:10:00,,0.0,2,"Moto/Ciclomotor,Automóvil",Bv. Argentino Y Sarratea Bis,2,1,0,0,1,0,0,"-32.92451798915863,-60.741155147552",Avenida,,ROSARIO,Rosario,Asfalto,No existe,II,Dentro,Urbana,Señal Pare,No existe,Intersección,Bueno,S/D,Diurna,Buen Tiempo,Lateral,S/D,Colisión,Ninguna,Vertical,Ninguna,Sin restricción
2020,5094,2020-08-12,Miercoles,14:00:00,Ruta Provincial 21,0.0,1,Moto/Ciclomotor,Av Gral San Martin Y Mitre,1,1,0,0,0,0,0,"-33.024276711532,-60.62627654897",Ruta,21,VILLA GOBERNADOR GÁLVEZ,Rosario,Asfalto,No existe,II,Dentro,Urbana,Otra Señal,No existe,Paso a Nivel FFCC,Bueno,Buena,Diurna,Buen Tiempo,Contra objeto fijo,S/D,Colisión,Ninguna,"Horizontal,Vertical",Cordón divisorio,Sin restricción
2020,5095,2020-12-15,Martes,07:30:00,,0.0,2,"Moto/Ciclomotor,Pickup/Utilitario",Av Facundo Zuviria Y Piedrabuena,2,1,0,0,1,0,0,"-31.58513, -60.69674",Calle,,SANTA FE,La Capital,S/D,No existe,I,Dentro,Urbana,Ninguna,No existe,Intersección,S/D,Reducida,Diurna,Otro,Otro,S/D,Otro,Otro,Faltante,Ninguna,Sin restricción
2020,5096,2020-08-08,Sabado,19:30:00,,0.0,2,"Moto/Ciclomotor,Automóvil",Av. Provincias Unidas Y Bielsa,5,1,0,0,4,0,0,"-32.9237347841263,-60.7133460044861",Avenida,,ROSARIO,Rosario,Asfalto,No existe,II,Dentro,Urbana,Paso Peatonal,No existe,Intersección,Bueno,Buena,Nocturna,Buen Tiempo,Lateral,S/D,Colisión,Ninguna,Horizontal,Cordón divisorio,Sin restricción
2020,5097,2020-08-11,Martes,11:30:00,Ruta Provincial 21,0.0,2,"Bicicleta,Moto/Ciclomotor",Av Gral San Martin Y Becquer,2,1,0,0,1,0,0,"-33.035428, -60.615837",Ruta,21,VILLA GOBERNADOR GÁLVEZ,Rosario,Asfalto,No existe,II,Dentro,Urbana,Ninguna,No existe,Intersección,Bueno,Buena,Diurna,Buen Tiempo,S/D,Ciclista,Atropello,Ninguna,Horizontal,Cordón divisorio,Sin restricción
2020,5098,2020-11-08,Domingo,15:15:00,,0.0,2,"Moto/Ciclomotor,Automóvil",Av. Uriburu Y Santiago,2,1,0,0,1,0,0,"-32.99127, -60.668",Calle,,ROSARIO,Rosario,Asfalto,Pavimento,II,Dentro,Urbana,Ninguna,No existe,Intersección,Bueno,Buena,Diurna,Buen Tiempo,S/D,S/D,S/D,Ninguna,S/D,Ninguna,Sin restricción
2020,5099,2020-12-10,Jueves,17:30:00,,0.0,2,"Moto/Ciclomotor,Automóvil",Las Heras ,2,1,0,0,1,0,0,"-31.62854, -60.69516",Calle,,SANTA FE,La Capital,Asfalto,No existe,I,Dentro,Urbana,Ninguna,No existe,Intersección,Bueno,Buena,Diurna,Buen Tiempo,Lateral,S/D,Colisión,Ninguna,S/D,Ninguna,Sin restricción
2020,5100,2020-11-04,Miercoles,17:00:00,,0.0,1,Moto/Ciclomotor,Dorrego Y Bv. Segui,2,1,0,0,1,0,0,"-32.9772, -60.65739",S/D,,ROSARIO,Rosario,Asfalto,No existe,II,S/D,S/D,Ninguna,S/D,Intersección,Bueno,Buena,Diurna,Buen Tiempo,S/D,S/D,S/D,Ninguna,Faltante,Ninguna,Sin restricción
2020,5101,2020-12-09,Miercoles,10:20:00,,0.0,2,"Automóvil,Moto/Ciclomotor",Necochea Y Angel Cassanello,2,1,0,0,1,0,0,"-31.61102, -60.68663",Calle,,SANTA FE,La Capital,Asfalto,No existe,I,Dentro,Urbana,Ninguna,No existe,Intersección,Bueno,Buena,Diurna,Buen Tiempo,Lateral,S/D,Colisión,Ninguna,S/D,Ninguna,Sin restricción
2020,5102,2020-11-04,Miercoles,10:35:00,,0.0,2,"Moto/Ciclomotor,Moto/Ciclomotor",San Martin Y Galvez,2,1,0,0,1,0,0,"-32.96904, -60.64227",Calle,,ROSARIO,Rosario,Asfalto,No existe,II,Dentro,Urbana,S/D,No existe,Intersección,Bueno,Buena,Diurna,Buen Tiempo,S/D,S/D,Colisión,Ninguna,Faltante,Ninguna,Sin restricción
2020,5103,2020-12-16,Miercoles,20:55:00,Ruta Nacional 11,0.0,2,"Moto/Ciclomotor,Moto/Ciclomotor",Ruta Nac 11 ,2,1,0,0,1,0,0,"-31.74719, -60.82118",Ruta,11,SAUCE VIEJO,La Capital,Asfalto,Natural,I,Dentro,Urbana,Ninguna,No existe,Recta,Bueno,Buena,"Atardecer,Con luz artificial",Buen Tiempo,De alcance,S/D,Colisión,Ninguna,Faltante,Línea divisoria pintada,Sin restricción
2020,5104,2020-10-26,Lunes,16:30:00,Ruta Nacional 11,0.0,2,"Automóvil,Moto/Ciclomotor",Ruta 11 Avenida Richieri Y 13 de diciembre,2,1,0,0,1,0,0,"    -31.68495, -60.78681",Ruta,11,SANTO TOMÉ,La Capital,Asfalto,S/D,I,Dentro,Urbana,Semáforo,Funciona,Intersección,Bueno,Buena,Diurna,Buen Tiempo,Lateral,S/D,Colisión,Ninguna,Faltante,Ninguna,Sin restricción
2020,5105,2020-12-13,Domingo,21:45:00,,0.0,2,"Moto/Ciclomotor,Automóvil",Mariano Candioti 3800,4,1,0,0,3,0,0,"-31.68441, -60.7578",Calle,,SANTO TOMÉ,La Capital,Asfalto,S/D,I,S/D,Urbana,S/D,S/D,Recta,S/D,S/D,S/D,S/D,S/D,S/D,Colisión,S/D,S/D,S/D,S/D
2020,5106,2020-11-03,Martes,15:00:00,,0.0,2,"Moto/Ciclomotor,Pickup/Utilitario",España Y Dean Funes,2,1,0,0,1,0,0,"-32.97418, -60.65384",S/D,,ROSARIO,Rosario,Asfalto,No existe,II,Dentro,Urbana,Ninguna,No existe,Intersección,Bueno,Buena,Diurna,Buen Tiempo,Lateral,S/D,Colisión,Ninguna,Faltante,Ninguna,Sin restricción
2020,5107,2020-08-18,Martes,19:30:00,,0.0,2,"Automóvil,Moto/Ciclomotor",Bv. Argentino Y Garcia del Cossio Bis,2,1,0,0,1,0,0,"-32.923930595458,-60.747079416411",Avenida,,ROSARIO,Rosario,Asfalto,No existe,II,Dentro,Urbana,Paso Peatonal,No existe,Intersección,Bueno,Buena,Nocturna,Buen Tiempo,Lateral,S/D,Colisión,Ninguna,Horizontal,Ninguna,Sin restricción
2020,5108,2020-11-04,Miercoles,07:50:00,,0.0,2,"Moto/Ciclomotor,Pickup/Utilitario",Bv. Segui Y Av. Corrientes,2,1,0,0,1,0,0,"-32.97824, -60.65054",Calle,,ROSARIO,Rosario,Asfalto,No existe,II,Dentro,Urbana,Ninguna,No existe,Intersección,S/D,Buena,Diurna,Buen Tiempo,Lateral,S/D,Colisión,Ninguna,Vertical,Línea divisoria pintada,Sin restricción
2020,5109,2020-12-14,Lunes,22:50:00,,0.0,2,"Moto/Ciclomotor,Automóvil",Balcarce Y J Macia,2,1,0,0,1,0,0,"-31.6782, -60.75892",Calle,,SANTO TOMÉ,La Capital,Asfalto,No existe,I,S/D,Urbana,Ninguna,No existe,Intersección,Bueno,Buena,Nocturna,Buen Tiempo,De alcance,S/D,Colisión,Ninguna,Faltante,Ninguna,Sin restricción
2020,5110,2020-11-04,Miercoles,18:30:00,,0.0,2,"Bicicleta,Automóvil",Paraguay Y Pje. Newton,2,1,0,0,1,0,0,"-32.97636, -60.65152",Calle,,ROSARIO,Rosario,Asfalto,No existe,II,Dentro,Urbana,Ninguna,No existe,Intersección,Bueno,Buena,Atardecer,Buen Tiempo,S/D,Ciclista,Atropello,Ninguna,Faltante,Ninguna,Sin restricción
2020,5111,2020-12-11,Viernes,19:50:00,,0.0,2,"Moto/Ciclomotor,Automóvil",Buenos Aires Y Pres Domingo Faustino Sarmient,3,1,0,0,2,0,0,"-31.66067, -60.76832",Calle,,SANTO TOMÉ,La Capital,Asfalto,No existe,I,Dentro,Urbana,Ninguna,No existe,Intersección,Bueno,Buena,Diurna,Buen Tiempo,De alcance,S/D,Colisión,Ninguna,Faltante,Ninguna,Sin restricción
2020,5112,2020-10-24,Sabado,00:00:00,,0.0,2,"Moto/Ciclomotor,Automóvil",Milan Y Av. Corrientes,3,2,0,0,1,0,0,"-32.9467, -60.72221",Calle,,ROSARIO,Rosario,Asfalto,No existe,II,Dentro,Urbana,Ninguna,No existe,Intersección,Bueno,Buena,S/D,Buen Tiempo,Lateral,S/D,Colisión,Ninguna,Faltante,Ninguna,Sin restricción
2020,5113,2020-08-13,Jueves,17:25:00,,0.0,2,"Moto/Ciclomotor,Automóvil",Juan B.De La Salle Y Nicaragua,2,1,0,0,1,0,0,"-32.922702893384,-60.721496119253",Calle,,ROSARIO,Rosario,Asfalto,No existe,II,Dentro,Urbana,Ninguna,No existe,Intersección,Bueno,Buena,Diurna,Buen Tiempo,Lateral,S/D,Colisión,Ninguna,Faltante,Ninguna,Sin restricción
2020,5114,2020-11-07,Sabado,16:40:00,,0.0,2,"Moto/Ciclomotor,Automóvil",L.N.Alem Y Rueda,3,2,0,0,1,0,0,"-32.97286, -60.63452",Calle,,ROSARIO,Rosario,Asfalto,S/D,II,S/D,Urbana,S/D,S/D,Intersección,Bueno,S/D,S/D,S/D,S/D,S/D,S/D,S/D,S/D,S/D,S/D
2020,5115,2020-08-29,Sabado,05:30:00,,0.0,2,"Moto/Ciclomotor,Automóvil",J.B.Justo Y Sarratea Bis,2,0,1,0,1,0,0,"-32.91566709402,-60.741551668011",Calle,,ROSARIO,Rosario,Asfalto,No existe,II,Dentro,Urbana,Ninguna,No existe,Intersección,Bueno,Buena,Nocturna,Buen Tiempo,S/D,S/D,Colisión,Ninguna,Faltante,Ninguna,Sin restricción
2020,5116,2020-08-06,Jueves,03:45:00,Ruta Provincial 21,0.0,1,Moto/Ciclomotor,Av Gral San Martin 1300,1,1,0,0,0,0,0,"-33.01745735766,-60.633099263375",Ruta,21,VILLA GOBERNADOR GÁLVEZ,Rosario,Asfalto,No existe,II,Dentro,Urbana,Ninguna,No existe,Recta,Bueno,Buena,"Nocturna,Con luz artificial",Buen Tiempo,S/D,S/D,Cañda ocupante,Ninguna,Faltante,Cordón divisorio,Sin restricción
2020,5117,2020-10-26,Lunes,13:20:00,Ruta Provincial 1,2.5,2,"Camión Chasis,Camión", ,2,1,0,0,1,0,0,"    -31.62662, -60.60523",Ruta,1,SANTA FE,La Capital,Asfalto,Pavimento,I,Dentro,Urbana,Semáforo,Funciona,Recta,Bueno,Buena,Diurna,Buen Tiempo,Lateral,S/D,Colisión,Ninguna,Vertical,Cordón divisorio,Sin restricción
2020,5118,2020-08-20,Jueves,21:45:00,Ruta Provincial 21,0.0,2,"Moto/Ciclomotor,Pickup/Utilitario",Av Gral San Martin 2600,2,1,0,0,1,0,0,"-33.030386969383,-60.619640498942",Ruta,21,VILLA GOBERNADOR GÁLVEZ,Rosario,Asfalto,No existe,II,Dentro,Urbana,Ninguna,No existe,Intersección,Bueno,Buena,"Nocturna,Con luz artificial",Buen Tiempo,Lateral,S/D,Colisión,Ninguna,"Horizontal,Vertical",Ninguna,Sin restricción
2020,5119,2020-10-25,Domingo,23:30:00,,0.0,2,"Moto/Ciclomotor,Moto/Ciclomotor",Andreu Y I A Edison,3,1,0,0,2,0,0,"-32.95883, -60.693",Calle,,ROSARIO,Rosario,Asfalto,No existe,II,Dentro,Urbana,Ninguna,No existe,Intersección,Deteriorada,Buena,"Nocturna,Con luz artificial",Buen Tiempo,Frontal,S/D,Colisión,Ninguna,Faltante,Ninguna,Sin restricción
2020,5120,2020-08-20,Jueves,17:15:00,,0.0,2,"Moto/Ciclomotor,Automóvil",Bv San diego Y 12 de Octubre,3,1,0,0,2,0,0,"-33.018751270175,-60.61597373562",Avenida,,VILLA GOBERNADOR GÁLVEZ,Rosario,Asfalto,No existe,II,Dentro,Urbana,Ninguna,No existe,Intersección,Bueno,Buena,Diurna,Buen Tiempo,Lateral,S/D,Colisión,Ninguna,Faltante,Ninguna,Sin restricción
2020,5121,2020-10-30,Viernes,10:00:00,Ruta Nacional 11,0.0,2,"Moto/Ciclomotor,Pickup/Utilitario",Finlandia Y Ruta Nac 11,2,1,0,0,1,0,0,"    -31.72918, -60.8141",Ruta,11,SAUCE VIEJO,La Capital,Asfalto,Ripio,I,Dentro,Urbana,Ninguna,No existe,Recta,Bueno,Buena,Diurna,Buen Tiempo,Lateral,S/D,Colisión,Ninguna,Faltante,Ninguna,Sin restricción
2020,5122,2020-08-05,Miercoles,15:00:00,,0.0,2,"Moto/Ciclomotor,Bicicleta",Av del Libertador Y Juan B Justo,2,2,0,0,0,0,0,"-33.033149494706,-60.631536238256",Avenida,,VILLA GOBERNADOR GÁLVEZ,Rosario,Ripio,No existe,II,Dentro,Urbana,Ninguna,No existe,Intersección,Deteriorada,Buena,Diurna,Buen Tiempo,S/D,Ciclista,Atropello,Ninguna,Faltante,Cordón divisorio,Sin restricción
2020,5123,2020-08-22,Sabado,18:00:00,,0.0,2,"Moto/Ciclomotor,Automóvil",Bomberos Voluntarios Y Ing Mosconi,2,1,0,0,0,0,1,"-33.02561849355698,-60.633075535297",Calle,,VILLA GOBERNADOR GÁLVEZ,Rosario,Asfalto,No existe,II,Dentro,Urbana,Ninguna,No existe,Intersección,Bueno,Buena,Atardecer,Buen Tiempo,Lateral,S/D,Colisión,Ninguna,Faltante,Ninguna,Sin restricción
2020,5124,2020-08-04,Martes,07:30:00,,0.0,2,"Automóvil,Moto/Ciclomotor",Bomberos Voluntarios Y Mitre,2,1,0,0,1,0,0,"-33.024467497757,-60.633138670008",Calle,,VILLA GOBERNADOR GÁLVEZ,Rosario,Asfalto,No existe,II,Dentro,Urbana,Ninguna,No existe,Intersección,Bueno,Buena,"Amanecer,Con luz artificial",Buen Tiempo,Lateral,S/D,Colisión,Ninguna,Vertical,Ninguna,Sin restricción
2020,5125,2020-08-07,Viernes,09:00:00,,0.0,2,"Automóvil,Moto/Ciclomotor",Corrientes Y San Martin,2,1,0,0,1,0,0,"-31.653629606673,-60.708677966587",Calle,,SANTA FE,La Capital,Asfalto,No existe,I,Dentro,Urbana,Ninguna,No existe,Intersección,Bueno,Buena,Diurna,Buen Tiempo,Lateral,S/D,Colisión,Ninguna,Faltante,Ninguna,Sin restricción
2020,5126,2020-12-10,Jueves,18:50:00,,0.0,2,"Automóvil,Moto/Ciclomotor",Calle 17 ,2,0,1,0,1,0,0,"-31.57339, -60.53567",Calle,,ARROYO LEYES,La Capital,Arena,No existe,I,Dentro,Urbana,Ninguna,No existe,Intersección,Bueno,Buena,Diurna,Buen Tiempo,Lateral,S/D,Colisión,Ninguna,Faltante,Ninguna,Sin restricción
2020,5127,2020-08-09,Domingo,19:00:00,,0.0,2,"Moto/Ciclomotor,Automóvil",San Nicolas 2550,3,2,0,0,1,0,0,"-33.031160345379,-60.639699932937",Calle,,VILLA GOBERNADOR GÁLVEZ,Rosario,Asfalto,No existe,II,Dentro,Urbana,Ninguna,No existe,Recta,Deteriorada,Buena,Atardecer,Buen Tiempo,Lateral,S/D,Colisión,Material Suelto,Faltante,Ninguna,Sin restricción
2020,5128,2020-12-09,Miercoles,02:20:00,,0.0,2,"Taxi/Remis,Automóvil",Av Facundo Zuviria ,2,0,0,0,0,0,2,"-31.61058, -60.7045",Calle,,SANTA FE,La Capital,Asfalto,S/D,I,Dentro,Urbana,Ninguna,Intermitente,Recta,Bueno,Buena,"Nocturna,Con luz artificial",Buen Tiempo,Lateral,S/D,Colisión,Ninguna,S/D,Ninguna,Sin restricción
2020,5129,2020-12-10,Jueves,12:15:00,,0.0,2,"Moto/Ciclomotor,Moto/Ciclomotor",San Martin Y Diagonal Aguirre,4,2,0,0,0,0,2,"-31.61153, -60.69646",Calle,,SANTA FE,La Capital,Asfalto,No existe,I,Dentro,Urbana,Ninguna,No existe,Intersección,Bueno,S/D,Diurna,Buen Tiempo,Lateral,S/D,Colisión,Ninguna,S/D,Ninguna,Sin restricción
2020,5130,2020-08-13,Jueves,19:00:00,,0.0,2,"Moto/Ciclomotor,Automóvil",9 De Julio 2400,3,2,0,0,1,0,0,"-33.029634191574,-60.648021849648",Calle,,ROSARIO,Rosario,Asfalto,No existe,II,Dentro,Urbana,Ninguna,No existe,Recta,Deteriorada,Buena,Atardecer,Buen Tiempo,Lateral,S/D,Colisión,Material Suelto,Faltante,Cordón divisorio,Sin restricción
2020,5131,2020-12-10,Jueves,20:50:00,,0.0,2,"Pickup/Utilitario,Moto/Ciclomotor",1ro de Mayo Y Pedro Diaz Colodrero,2,1,0,0,1,0,0,"-31.62474, -60.7041",Calle,,SANTA FE,La Capital,Asfalto,No existe,I,Dentro,Urbana,Ninguna,No existe,Intersección,Bueno,Buena,"Nocturna,Con luz artificial",Buen Tiempo,Lateral,S/D,Colisión,Ninguna,S/D,Ninguna,Sin restricción
2020,5132,2020-08-23,Domingo,07:35:00,,0.0,2,"Moto/Ciclomotor,Automóvil",Montecaseros Y Soldado Aguirre,2,0,0,1,1,0,0,"-33.029788118318,-60.652224240476",Calle,,VILLA GOBERNADOR GÁLVEZ,Rosario,"Asfalto,Tierra",No existe,II,Dentro,Urbana,Ninguna,No existe,Intersección,Deteriorada,Buena,Diurna,Buen Tiempo,Lateral,S/D,Colisión,Material Suelto,Faltante,Cordón divisorio,Sin restricción
2020,5133,2020-12-11,Viernes,15:40:00,,0.0,2,"Automóvil,Moto/Ciclomotor",Quintana Y Pedro Alejandro Vittori,2,0,1,0,1,0,0,"-31.62311, -60.69787",Calle,,SANTA FE,La Capital,Asfalto,No existe,I,Dentro,Urbana,Ninguna,No existe,Intersección,Bueno,Buena,Diurna,Buen Tiempo,Lateral,S/D,Colisión,Ninguna,S/D,Ninguna,Sin restricción
2020,5134,2020-12-15,Martes,09:50:00,,0.0,2,"Automóvil,Moto/Ciclomotor",Pje Ingenieros Y Boneo,2,1,0,0,1,0,0,"-31.6036, -60.69869",Calle,,SANTA FE,La Capital,Asfalto,No existe,I,Dentro,Urbana,Ninguna,No existe,Intersección,Bueno,Buena,Diurna,Buen Tiempo,Lateral,S/D,Colisión,Ninguna,S/D,Ninguna,Sin restricción
2020,5135,2020-11-01,Domingo,,Ruta Provincial 1,5.0,1,Moto/Ciclomotor, ,1,1,0,0,0,0,0,"-31.60343, -60.57465",Ruta,1,SAN JOSÉ DEL RINCÓN,La Capital,S/D,S/D,I,S/D,S/D,S/D,S/D,S/D,S/D,S/D,S/D,S/D,S/D,S/D,S/D,S/D,S/D,S/D,S/D
2020,5136,2020-12-15,Martes,18:00:00,,0.0,2,"Pickup/Utilitario,Moto/Ciclomotor",San Jeronimo Y J Castelli,2,1,0,0,1,0,0,"-31.6061, -60.69611",Calle,,SANTA FE,La Capital,Asfalto,No existe,I,S/D,Urbana,Ninguna,No existe,Intersección,Bueno,Buena,Diurna,Buen Tiempo,Lateral,S/D,Colisión,Ninguna,S/D,Ninguna,Sin restricción
2020,5137,2020-08-27,Jueves,10:43:00,,0.0,2,"Moto/Ciclomotor,Pickup/Utilitario",crespo Y Soldado Aguirre,2,1,0,0,1,0,0,"-33.029667335391,-60.649451055474",Calle,,VILLA GOBERNADOR GÁLVEZ,Rosario,Asfalto,No existe,II,Dentro,Urbana,Ninguna,No existe,Intersección,Deteriorada,Buena,Diurna,Buen Tiempo,Lateral,S/D,Colisión,Material Suelto,Faltante,Ninguna,Sin restricción