anio_acci,nro_acci,fecha,desc_dia,hora_aprox,desc_ruta,km,cant_participantes,desc_participante,calle_avenida_km,total,heridos_leves,heridos_graves,heridos_gravisimos,ilesos,fallecidos,sin_datos,posicion_XY,desc_tipo_via,desc_ruta_ori,desc_loc,desc_dpto,desc_tipo_calzada,desc_tipo_banquina,desc_unidad_regional,desc_lugar_calzada,desc_zona,desc_prioridad,desc_estado_semaforo,desc_lugar_via,desc_estado_via,desc_estado_visibilidad,desc_luminosidad,desc_estado_clima,desc_tipo_colision,desc_tipo_atropello,desc_tipo_hecho,desc_pres_calzada,desc_senializacion,desc_separacion_via,desc_restriccion
2020,5138,2020-12-16,Miercoles,08:35:00,,0.0,2,"Moto/Ciclomotor,Automóvil",Av Urquiza Y J Castelli,2,1,0,0,1,0,0,"-31.60497, -60.70132",Calle,,SANTA FE,La Capital,Asfalto,No existe,I,S/D,Urbana,Ninguna,No existe,Intersección,Bueno,Buena,Diurna,Buen Tiempo,Lateral,S/D,Colisión,Ninguna,S/D,Ninguna,Sin restricción
2020,5139,2020-12-16,Miercoles,15:55:00,,0.0,2,"Moto/Ciclomotor,Automóvil",San Jeronimo Y Estanislao Zeballos,2,1,0,0,1,0,0,"-31.60521, -60.69582",Calle,,SANTA FE,La Capital,Asfalto,No existe,I,S/D,Urbana,Ninguna,No existe,Intersección,Bueno,Buena,Diurna,Buen Tiempo,Lateral,S/D,Colisión,Agua,S/D,Ninguna,Sin restricción
2020,5140,2020-08-04,Martes,23:50:00,,0.0,2,"Moto/Ciclomotor,Automóvil",Bv Galvez Y San Martin,2,1,0,0,0,0,1,"-32.969034, -60.642344",Avenida,,SANTA FE,La Capital,Asfalto,No existe,I,Dentro,Urbana,Ninguna,Funciona,Intersección,Bueno,Buena,"Nocturna,Con luz artificial",Buen Tiempo,Lateral,S/D,Colisión,Ninguna,"Horizontal,Vertical",Ninguna,Sin restricción
2020,5141,2020-11-01,Domingo,05:00:00,,0.0,1,Automóvil,Saavedra ,4,2,0,0,2,0,0,"-32.97057, -60.7186",S/D,,ROSARIO,Rosario,S/D,S/D,II,S/D,S/D,S/D,S/D,S/D,S/D,S/D,S/D,S/D,S/D,S/D,S/D,S/D,S/D,S/D,S/D
2020,5142,2020-12-15,Martes,18:50:00,,0.0,2,"Automóvil,Moto/Ciclomotor",LOS EUCALIPTUS Y LAS CAMELIAS,2,1,0,0,1,0,0,"-31.62569, -60.61312",Calle,,COLASTINE,La Capital,Arena,No existe,I,S/D,Urbana,Ninguna,No existe,Intersección,Otro,Buena,Atardecer,Buen Tiempo,De alcance,S/D,Colisión,Ninguna,Faltante,Ninguna,Sin restricción
2020,5143,2020-08-22,Sabado,20:00:00,Ruta Provincial 21,0.0,2,"Moto/Ciclomotor,Automóvil",PEDRONI Y RUTA PROVINCIAL 21,2,1,0,0,1,0,0,"-33.080260455608375,-60.57356536388",Ruta,21,PUEBLO ESTHER,Rosario,Asfalto,Ripio,II,Dentro,Urbana,Marca Vial,No existe,Intersección,Bueno,S/D,Nocturna,S/D,S/D,S/D,Colisión,Ninguna,Horizontal,Línea divisoria pintada,S/D
2020,5144,2020-12-11,Viernes,21:15:00,,0.0,2,"Moto/Ciclomotor,Automóvil",Republica de Italia 2400,2,0,1,0,1,0,0,"-31.30525, -60.65922",Calle,,LAGUNA PAIVA,La Capital,Asfalto,No existe,I,S/D,Urbana,Ninguna,No existe,Recta,Bueno,Buena,S/D,Buen Tiempo,Lateral,S/D,Colisión,Ninguna,Faltante,Ninguna,Sin restricción
2020,5145,2020-11-01,Domingo,09:55:00,,0.0,2,"Automóvil,Moto/Ciclomotor",Bv. Segui Y Crespo,2,0,1,0,1,0,0,"-32.97378, -60.67651",S/D,,ROSARIO,Rosario,S/D,S/D,II,S/D,S/D,S/D,S/D,S/D,S/D,S/D,S/D,S/D,S/D,S/D,S/D,S/D,S/D,S/D,S/D
2020,5147,2020-12-14,Lunes,13:00:00,Ruta Provincial 2,0.0,2,"Moto/Ciclomotor,Pickup/Utilitario",Av L de la Torre ,2,0,1,0,1,0,0,"-31.296940179305, -60.656541654099",Ruta,2,LAGUNA PAIVA,La Capital,Asfalto,No existe,I,Dentro,Urbana,Ninguna,No existe,Recta,Bueno,Buena,Diurna,Buen Tiempo,De alcance,S/D,Colisión,Ninguna,Faltante,Ninguna,Sin restricción
2020,5148,2020-08-01,Sabado,07:40:00,,0.0,2,"Pickup/Utilitario,Moto/Ciclomotor",Suipacha Y Rivadavia,2,1,0,0,1,0,0,"-31.640564672148,-60.702475325938",Calle,,SANTA FE,La Capital,Asfalto,No existe,I,Dentro,Urbana,Paso Peatonal,No existe,Intersección,Bueno,Buena,Diurna,Buen Tiempo,Lateral,S/D,Colisión,Ninguna,Horizontal,Ninguna,Sin restricción
2020,5149,2020-08-07,Viernes,12:30:00,,0.0,2,"Automóvil,Moto/Ciclomotor",HIPOLITO IRIGOYEN Y SAN JUAN ,2,1,0,0,1,0,0,"-33.07780086994173,-60.575142502784",Calle,,PUEBLO ESTHER,Rosario,Ripio,No existe,II,Dentro,Urbana,Ninguna,No existe,Intersección,Bueno,S/D,Diurna,S/D,Lateral,S/D,Colisión,S/D,Faltante,Ninguna,S/D
2020,5150,2020-11-01,Domingo,,,0.0,1,Moto/Ciclomotor, ,1,1,0,0,0,0,0,"-31.44809, -60.92888",S/D,,ESPERANZA,Las Colonias,S/D,S/D,XI,S/D,S/D,S/D,S/D,S/D,S/D,S/D,S/D,S/D,S/D,S/D,S/D,S/D,S/D,S/D,S/D
2020,5151,2020-12-12,Sabado,21:00:00,,0.0,2,"Moto/Ciclomotor,Automóvil",Dr E Puccio Y Neuquen,2,1,0,0,1,0,0,"-31.51998, -60.67799",Calle,,MONTE VERA,La Capital,Ripio,Natural,I,Dentro,Urbana,Ninguna,No existe,Intersección,Bueno,Buena,Nocturna,Buen Tiempo,Lateral,S/D,Colisión,Ninguna,Faltante,Ninguna,Sin restricción
2020,5152,2020-08-01,Sabado,19:30:00,,0.0,2,"Automóvil,Moto/Ciclomotor",Av Gral Lopez Y 4 de Enero,2,1,0,0,1,0,0,"-31.656171, -60.714897",Avenida,,SANTA FE,La Capital,Asfalto,No existe,I,Dentro,Urbana,Paso Peatonal,No existe,Intersección,Bueno,Buena,Atardecer,Buen Tiempo,Lateral,S/D,Colisión,Ninguna,Horizontal,Ninguna,Sin restricción
2020,5153,2020-12-14,Lunes,10:00:00,Ruta Provincial 2,0.0,2,"Moto/Ciclomotor,Pickup/Utilitario",Ruta pcial 2 Av San Martin Y Entre Rios,3,2,0,0,1,0,0,"-31.51643, -60.68088",Ruta,2,MONTE VERA,La Capital,Asfalto,Ripio,I,Fuera,Urbana,Ninguna,No existe,Recta,Bueno,Buena,Diurna,Buen Tiempo,Lateral,S/D,Colisión,Ninguna,Vertical,Línea divisoria pintada,Sin restricción
2020,5154,2020-10-24,Sabado,20:10:00,Ruta Nacional 11,0.0,2,"Automóvil,Moto/Ciclomotor",Ruta Nac 11 ,2,0,1,0,1,0,0,"    -31.72124, -60.81047",Ruta,11,SAUCE VIEJO,La Capital,Asfalto,Natural,I,Dentro,Urbana,Ninguna,No existe,Recta,Bueno,Buena,Atardecer,Buen Tiempo,De alcance,S/D,Colisión,Ninguna,S/D,Línea divisoria pintada,Sin restricción
2020,5155,2020-12-15,Martes,18:00:00,Ruta Nacional 175,0.0,1,Moto/Ciclomotor,9 de Julio Y Cordoba,2,2,0,0,0,0,0,"-32.71716, -60.73333",Ruta,175,PUERTO SAN MARTÍN,San Lorenzo,Asfalto,No existe,XVIII,Dentro,Urbana,Ninguna,No existe,Intersección,Bueno,Buena,Diurna,Buen Tiempo,Contra objeto fijo,S/D,Colisión,Ninguna,Horizontal,Ninguna,Sin restricción
2020,5156,2020-11-01,Domingo,,,0.0,2,"Automóvil,Moto/Ciclomotor", ,2,1,0,0,1,0,0,"-31.44414, -60.93085",S/D,,ESPERANZA,Las Colonias,S/D,S/D,XI,S/D,S/D,S/D,S/D,S/D,S/D,S/D,S/D,S/D,S/D,S/D,S/D,S/D,S/D,S/D,S/D
2020,5157,2020-08-26,Miercoles,20:00:00,,0.0,2,"Automóvil,Automóvil",Salta Y 4 de Enero,2,1,0,0,1,0,0,"-31.649215150859,-60.712719135495",Calle,,SANTA FE,La Capital,Asfalto,No existe,I,Dentro,Urbana,Paso Peatonal,No existe,Intersección,Bueno,Buena,Diurna,Buen Tiempo,Lateral,S/D,Colisión,Ninguna,Horizontal,Ninguna,Sin restricción
2020,5158,2020-12-15,Martes,18:30:00,Ruta Nacional 175,0.0,2,"Moto/Ciclomotor,Pickup/Utilitario",Rioja Y Cordoba,2,1,0,0,1,0,0,"-32.71566, -60.74182",Ruta,175,PUERTO SAN MARTÍN,San Lorenzo,Asfalto,No existe,XVII,Dentro,Urbana,Ninguna,No existe,Intersección,Bueno,Buena,Diurna,Buen Tiempo,Lateral,S/D,Colisión,Ninguna,Horizontal,Ninguna,Sin restricción
2020,5159,2020-12-11,Viernes,21:50:00,,0.0,2,"Moto/Ciclomotor,Automóvil",Rioja Y Piton,2,0,1,0,1,0,0,"-32.71006, -60.74035",Calle,,PUERTO SAN MARTÍN,San Lorenzo,Asfalto,No existe,XVII,Dentro,Urbana,Ninguna,No existe,Intersección,Bueno,Buena,Nocturna,Buen Tiempo,Lateral,S/D,Colisión,Ninguna,Horizontal,Ninguna,Sin restricción
2020,5161,2020-12-10,Jueves,11:00:00,,0.0,2,"Moto/Ciclomotor,Moto/Ciclomotor",Santiago del Estero Y J J Passo,2,2,0,0,0,0,0,"-32.74114, -60.74254",Calle,,SAN LORENZO,San Lorenzo,Asfalto,S/D,XVII,S/D,Urbana,S/D,S/D,Intersección,S/D,S/D,S/D,S/D,S/D,S/D,Colisión,S/D,S/D,S/D,S/D
2020,5162,2020-07-31,Viernes,18:00:00,,0.0,2,"Moto/Ciclomotor,Automóvil",SAN JUAN  ,2,1,0,0,1,0,0,"-33.077750218912,-60.57156983011",Calle,,PUEBLO ESTHER,Rosario,Ripio,No existe,II,Dentro,Urbana,S/D,S/D,Recta,S/D,S/D,Diurna,S/D,De alcance,S/D,Colisión,S/D,S/D,S/D,S/D
2020,5163,2020-08-14,Viernes,08:25:00,Ruta Nacional A007,0.0,2,"Pickup/Utilitario,Moto/Ciclomotor",Av Leandro Alem Y Belgrano,2,1,0,0,1,0,0,"-31.646696222242,-60.701830918316",Ruta,A007,SANTA FE,La Capital,Asfalto,No existe,I,Dentro,Urbana,Semáforo,Funciona,Intersección,Bueno,Buena,Diurna,Buen Tiempo,Lateral,S/D,Colisión,Ninguna,"Horizontal,Vertical",Cordón divisorio,Sin restricción
2020,5164,2020-11-01,Domingo,17:30:00,Ruta Nacional 11,408.0,1,Moto/Ciclomotor, ,1,1,0,0,0,0,0,"-32.06872, -60.96908",Ruta,11,AROCENA,San JERÓNIMO,S/D,S/D,XV,S/D,S/D,S/D,S/D,S/D,S/D,S/D,S/D,S/D,S/D,S/D,Despiste,S/D,S/D,S/D,S/D
2020,5165,2020-12-09,Miercoles,17:20:00,,0.0,1,Moto/Ciclomotor,Jose Manuel Estrada Y Pe�a S,1,1,0,0,0,0,0,"-32.77831,-60.72963",Calle,,SAN LORENZO,San Lorenzo,Asfalto,S/D,XVII,S/D,Urbana,S/D,S/D,Intersección,S/D,S/D,S/D,S/D,S/D,S/D,Cañda ocupante,S/D,S/D,S/D,S/D
2020,5166,2020-12-09,Miercoles,,,0.0,2,"Moto/Ciclomotor,Automóvil",J J Passo Y Urquiza,2,1,0,0,1,0,0,"-32.74754, -60.74268",Calle,,SAN LORENZO,San Lorenzo,Asfalto,S/D,XVII,S/D,Urbana,S/D,S/D,Intersección,S/D,S/D,S/D,S/D,S/D,S/D,Colisión,S/D,S/D,S/D,S/D
2020,5167,2020-11-02,Lunes,,,0.0,2,"Automóvil,Moto/Ciclomotor",Suipacha Y 1ro de Mayo,2,1,0,0,1,0,0,"-31.63933, -60.70856",S/D,,SANTA FE,La Capital,S/D,S/D,I,S/D,S/D,S/D,S/D,S/D,S/D,S/D,S/D,S/D,S/D,S/D,S/D,S/D,S/D,S/D,S/D
2020,5168,2020-08-05,Miercoles,18:30:00,,0.0,1,Bicicleta,Hipolito Yrigoyen 2930,1,1,0,0,0,0,0,"-31.641458779371,-60.709531663316",Calle,,SANTA FE,La Capital,Asfalto,No existe,I,Dentro,Urbana,Ninguna,No existe,Recta,Bueno,Buena,Diurna,Buen Tiempo,S/D,S/D,Cañda ocupante,Ninguna,Faltante,Ninguna,Sin restricción
2020,5169,2020-08-15,Sabado,21:15:00,,0.0,2,"Moto/Ciclomotor,Automóvil",3 de Febrero Y Libertad,2,1,0,0,1,0,0,"-33.153052847686,-60.510943972181",Calle,,ARROYO SECO,Rosario,Asfalto,No existe,II,Dentro,Urbana,Ninguna,No existe,Intersección,"Con baches,Deteriorada,Ahuellamiento",Buena,"Nocturna,Con luz artificial",Buen Tiempo,Lateral,S/D,Colisión,Ninguna,Faltante,Ninguna,Sin restricción
2020,5170,2020-12-10,Jueves,,,0.0,2,"Camión c / Acoplado,Moto/Ciclomotor",Santiago del Estero Y Irigoyen,2,1,0,0,1,0,0,"-32.74126, -60.73613",Calle,,SAN LORENZO,San Lorenzo,Asfalto,S/D,XVII,S/D,Urbana,S/D,S/D,Intersección,S/D,S/D,S/D,S/D,S/D,S/D,Colisión,S/D,S/D,S/D,S/D
2020,5171,2020-10-25,Domingo,01:10:00,Ruta Nacional 11,0.0,2,"Moto/Ciclomotor,Automóvil",Ruta Nac 11 ,3,0,1,0,2,0,0,"    -31.73747, -60.81731",Ruta,11,SAUCE VIEJO,La Capital,Asfalto,Natural,I,Dentro,Urbana,Ninguna,No existe,Recta,Bueno,Buena,Nocturna,Buen Tiempo,Lateral,S/D,Colisión,Ninguna,Faltante,Línea divisoria pintada,Sin restricción
2020,5172,2020-08-11,Martes,19:25:00,,0.0,2,"Pickup/Utilitario,Moto/Ciclomotor",Mendoza Y 25 de Mayo,2,1,0,0,1,0,0,"-31.649326499281,-60.706478834534",Calle,,SANTA FE,La Capital,Asfalto,No existe,I,Dentro,Urbana,Semáforo,Funciona,Intersección,Bueno,Buena,Nocturna,Buen Tiempo,Lateral,S/D,Colisión,Ninguna,"Horizontal,Vertical",Ninguna,Sin restricción
2020,5173,2020-11-02,Lunes,,,0.0,2,"Pickup/Utilitario,Bicicleta",Boulevard Doctor E Tomat 2500,2,1,0,0,1,0,0,"-33.05567, -61.19573",S/D,,CASILDA,Caseros,S/D,S/D,IV,S/D,S/D,S/D,S/D,S/D,S/D,S/D,S/D,S/D,S/D,Ciclista,Atropello,S/D,S/D,S/D,S/D
2020,5174,2020-12-13,Domingo,19:00:00,,0.0,2,"Pickup/Utilitario,Moto/Ciclomotor",Thompson Y B de Astrada,4,1,0,0,3,0,0,"-32.73862, -60.74266",Calle,,SAN LORENZO,San Lorenzo,Asfalto,S/D,XVII,S/D,Urbana,S/D,S/D,Intersección,S/D,S/D,S/D,S/D,S/D,S/D,Colisión,S/D,S/D,S/D,S/D
2020,5175,2020-11-02,Lunes,,,0.0,2,"Moto/Ciclomotor,Automóvil",General Bartolome Mitre Y Tucuman,3,2,0,0,1,0,0,"-33.04957, -61.16637",S/D,,CASILDA,Caseros,S/D,S/D,IV,S/D,S/D,S/D,S/D,S/D,S/D,S/D,S/D,S/D,S/D,S/D,S/D,S/D,S/D,S/D,S/D
2020,5176,2020-07-10,Viernes,00:20:00,,0.0,1,Moto/Ciclomotor,Soldado Aguirre Y Av Filipini,1,0,0,0,0,1,0,"-33.029234, -60.637302",Calle,,VILLA GOBERNADOR GÁLVEZ,Rosario,Asfalto,No existe,II,Dentro,Urbana,Ninguna,No existe,Paso a Nivel FFCC,Bueno,S/D,Nocturna,S/D,S/D,S/D,Cañda ocupante,Ninguna,Vertical,Ninguna,Sin restricción
2020,5177,2020-08-09,Domingo,21:05:00,,0.0,2,"Automóvil,Automóvil",Bv Pellegrini Y 9 de Julio,2,1,0,0,1,0,0,"-31.635080701526,-60.705886240098",Avenida,,SANTA FE,La Capital,Asfalto,No existe,I,Dentro,Urbana,Ninguna,Funciona,Intersección,Bueno,Buena,Diurna,Buen Tiempo,Lateral,S/D,Colisión,Ninguna,"Horizontal,Vertical",Ninguna,Sin restricción
2020,5178,2020-12-15,Martes,17:20:00,Ruta Nacional 11,0.0,2,"Moto/Ciclomotor,Automóvil",Av San Martin Y Santiago del Estero,2,1,0,0,0,0,1,"-32.74133, -60.73393",Ruta,11,SAN LORENZO,San Lorenzo,Asfalto,S/D,XVII,S/D,Urbana,S/D,S/D,Intersección,S/D,S/D,S/D,S/D,S/D,S/D,Colisión,S/D,S/D,S/D,S/D
2020,5179,2020-10-24,Sabado,20:10:00,,0.0,2,"Bicicleta,Moto/Ciclomotor", ,2,2,0,0,0,0,0,"    -31.63847, -60.77421",Calle,,SANTO TOMÉ,La Capital,Tierra,No existe,I,Dentro,Urbana,Ninguna,No existe,Recta,Deteriorada,Reducida,Nocturna,Buen Tiempo,S/D,Ciclista,Atropello,Ninguna,Faltante,Ninguna,Sin restricción
2020,5180,2020-12-14,Lunes,,Ruta Provincial 10,0.0,1,Pickup/Utilitario,Ruta Nac 11 ,1,0,1,0,0,0,0,"-32.71811, -60.75362",Ruta,10,SAN LORENZO,San Lorenzo,Asfalto,S/D,XVII,S/D,Urbana,S/D,S/D,Intersección,S/D,S/D,S/D,S/D,S/D,S/D,S/D,S/D,S/D,S/D,S/D
2020,5181,2020-08-06,Jueves,16:00:00,,0.0,2,"Moto/Ciclomotor,Automóvil",Moreno Y Uriburu,2,1,0,0,1,0,0,"-33.192971603738,-60.471267069463",Avenida,,FIGHIERA,Rosario,Hormigón,No existe,II,Dentro,Urbana,Ninguna,No existe,Intersección,Bueno,Buena,Diurna,Buen Tiempo,Lateral,S/D,Colisión,Ninguna,Faltante,Ninguna,Sin restricción
2020,5182,2020-07-19,Domingo,09:50:00,Ruta Nacional 11,874.9,1,Automóvil, ,2,1,0,0,0,1,0,"-28.47093, -59.34379",Ruta,11,VILLA OCAMPO,General Obligado,Asfalto,Natural,IX,Dentro,Rural,Ninguna,No existe,Recta,Bueno,S/D,Diurna,S/D,S/D,S/D,Despiste,Ninguna,Faltante,"Guardarrail,Línea divisoria pintada",Sin restricción
2020,5183,2020-11-03,Martes,,Ruta Nacional 168,0.0,2,"Pickup/Utilitario,Moto/Ciclomotor", ,2,1,0,0,1,0,0,"-31.64191, -60.67327",Ruta,168,SANTA FE,La Capital,S/D,S/D,I,S/D,S/D,S/D,S/D,S/D,S/D,S/D,S/D,S/D,S/D,S/D,S/D,S/D,S/D,S/D,S/D
2020,5184,2020-12-13,Domingo,21:15:00,,0.0,2,"Camión c / Semirremolque,Peatón",Mendoza Y Av. Circunvalacion,2,0,1,0,1,0,0,"-32.94057, -60.72248",Calle,,ROSARIO,Rosario,Asfalto,No existe,II,Dentro,Urbana,S/D,Funciona,Intersección,Bueno,Buena,Con luz artificial,Buen Tiempo,S/D,Peatón,Atropello,Ninguna,S/D,S/D,Sin restricción
2020,5185,2020-11-03,Martes,,,0.0,1,Moto/Ciclomotor, ,2,2,0,0,0,0,0,"-31.44985, -60.93",S/D,,ESPERANZA,Las Colonias,S/D,S/D,XI,S/D,S/D,S/D,S/D,S/D,S/D,S/D,S/D,S/D,S/D,S/D,S/D,S/D,S/D,S/D,S/D
2020,5186,2020-08-15,Sabado,12:30:00,,0.0,2,"Moto/Ciclomotor,Peatón",Corrientes Y San Jeronimo,3,2,0,0,1,0,0,"-31.65341021294,-60.710020527248",Calle,,SANTA FE,La Capital,Asfalto,No existe,I,Dentro,Urbana,Paso Peatonal,No existe,Intersección,Bueno,Buena,Diurna,Buen Tiempo,S/D,Peatón,Atropello,Ninguna,Horizontal,Ninguna,Sin restricción
2020,5187,2020-10-28,Miercoles,19:30:00,,0.0,2,"Bicicleta,Automóvil",Pje Calcena Y Velez Sarsfield,2,1,0,0,1,0,0,"    -31.62568, -60.68211",Calle,,SANTA FE,La Capital,Asfalto,No existe,I,Dentro,Urbana,Ninguna,No existe,Intersección,Bueno,Buena,Diurna,Buen Tiempo,S/D,Ciclista,Atropello,Ninguna,Faltante,Ninguna,Sin restricción
2020,5188,2020-10-14,Miercoles,,,0.0,2,"Tren,Peatón", ,2,1,0,0,1,0,0,"-28.62293, -61.62472",S/D,,ROSARIO,Rosario,S/D,S/D,II,S/D,S/D,S/D,S/D,S/D,S/D,S/D,S/D,S/D,S/D,Peatón,Atropello,S/D,S/D,S/D,S/D
2020,5190,2020-12-10,Jueves,08:30:00,,0.0,2,"Moto/Ciclomotor,Moto/Ciclomotor",Av Galicia Y Pje Diego de Leiva,3,2,0,0,1,0,0,"-31.60568, -60.6914",Avenida,,SANTA FE,La Capital,Asfalto,No existe,I,Dentro,Urbana,Ninguna,No existe,Intersección,S/D,Reducida,Diurna,Otro,Otro,S/D,Colisión,Otro,Faltante,Ninguna,Sin restricción
2020,5191,2020-12-09,Miercoles,21:10:00,,0.0,2,"Automóvil,Moto/Ciclomotor",Av A del Valle Y Pavon,2,0,0,0,1,0,1,"-31.59637, -60.69196",Avenida,,SANTA FE,La Capital,Asfalto,No existe,I,Dentro,Urbana,Ninguna,No existe,Intersección,Otro,Reducida,S/D,Otro,Otro,S/D,Colisión,Otro,Faltante,Ninguna,Sin restricción
2020,5192,2020-10-24,Sabado,00:20:00,,0.0,2,"Moto/Ciclomotor,Moto/Ciclomotor",Gorriti Y 1ro de Mayo,3,2,1,0,0,0,0,"    -31.59032, -60.69416",Avenida,,SANTA FE,La Capital,Asfalto,S/D,I,Dentro,Urbana,Ninguna,No existe,Recta,Bueno,Buena,Nocturna,Buen Tiempo,Lateral,S/D,Colisión,S/D,Vertical,Ninguna,Sin restricción
2020,5193,2020-08-23,Domingo,17:00:00,Ruta Secundaria 34-s,0.0,2,"Moto/Ciclomotor,Moto/Ciclomotor",Av del Rosario ,2,1,0,0,1,0,0,"-32.970146, -60.775514",Ruta,34-s,PEREZ,Rosario,Asfalto,No existe,II,Dentro,Urbana,Ninguna,No existe,Intersección,Bueno,Buena,Diurna,Buen Tiempo,S/D,S/D,Colisión,Ninguna,Faltante,Ninguna,Sin restricción
2020,5194,2020-08-24,Lunes,11:40:00,,0.0,2,"Moto/Ciclomotor,Pickup/Utilitario",Corrientes Y Pedro Ferre,2,1,0,0,0,0,1,"-31.629424105446,-60.686412565577",Calle,,SANTA FE,La Capital,Asfalto,No existe,I,Dentro,Urbana,Ninguna,No existe,Intersección,Bueno,Buena,Diurna,Buen Tiempo,Lateral,S/D,Colisión,Ninguna,Faltante,Ninguna,Sin restricción
2020,5195,2020-12-13,Domingo,07:30:00,Ruta Nacional A012,0.0,1,Automóvil,Libertad Y Acceso 012,1,1,0,0,0,0,0,"-32.89156, -60.89125",Ruta,A012,ROLDÁN,San Lorenzo,Asfalto,Ripio,XVII,Dentro,Urbana,Ninguna,No existe,Intersección,Bueno,Reducida,Diurna,Lluvia,Contra objeto fijo,S/D,Colisión,Agua,Vertical,Ninguna,Sin restricción
2020,5196,2020-11-03,Martes,15:15:00,,0.0,2,"Moto/Ciclomotor,Moto/Ciclomotor",Chacabuco Y Moreno,2,1,0,0,1,0,0,"-32.05647, -61.59819",S/D,,CAÑADA ROSQUÍN,San MARTÍN,S/D,S/D,XVIII,S/D,S/D,S/D,S/D,S/D,S/D,S/D,S/D,S/D,S/D,S/D,S/D,S/D,S/D,S/D,S/D
2020,5197,2020-08-16,Domingo,19:25:00,,0.0,2,"Bicicleta,Automóvil",20 de junio Y Morelli,2,1,0,0,1,0,0,"-32.993596644192,-60.777290960617",Calle,,PEREZ,Rosario,Asfalto,No existe,II,Dentro,Urbana,Ninguna,No existe,Intersección,Bueno,Buena,"Atardecer,Con luz artificial",Buen Tiempo,S/D,Ciclista,Atropello,Ninguna,Faltante,Ninguna,Sin restricción
2020,5198,2020-12-12,Sabado,18:15:00,,0.0,2,"Moto/Ciclomotor,Automóvil",Pedro Centeno Y Av Pte Peron,3,2,0,0,1,0,0,"-31.62387, -60.71868",Avenida,,SANTA FE,La Capital,Asfalto,No existe,I,S/D,Urbana,Semáforo,Funciona,Intersección,Bueno,Buena,Atardecer,Buen Tiempo,Lateral,S/D,Colisión,Ninguna,Vertical,Línea divisoria pintada,Sin restricción
2020,5199,2020-10-25,Domingo,19:10:00,,0.0,2,"Moto/Ciclomotor,Automóvil",Av A del Valle Y French,3,1,0,0,2,0,0,"    -31.59238, -60.69198",Avenida,,SANTA FE,La Capital,Asfalto,No existe,I,Dentro,Urbana,Ninguna,Funciona,Recta,Bueno,Buena,Diurna,Buen Tiempo,Lateral,S/D,Colisión,Ninguna,Vertical,Vegetación,Sin restricción
2020,5200,2020-08-28,Viernes,20:30:00,,0.0,2,"Bicicleta,Automóvil",Castellanos Y Candioti,2,1,0,0,1,0,0,"-31.636248654149,-60.695190658845",Calle,,SANTA FE,La Capital,Asfalto,No existe,I,Dentro,Urbana,Ninguna,No existe,Intersección,Bueno,Buena,"Nocturna,Con luz artificial",Buen Tiempo,S/D,Ciclista,Atropello,Ninguna,Faltante,Ninguna,Sin restricción
2020,5201,2020-12-16,Miercoles,10:40:00,,0.0,1,Transporte de Pasajeros Urbano (> 8 asientos),Av Blas Parera Y J M Zuviria,2,1,0,0,1,0,0,"-31.61302, -60.71807",Avenida,,SANTA FE,La Capital,Asfalto,No existe,I,S/D,Urbana,Semáforo,Funciona,Intersección,Bueno,Buena,Diurna,Buen Tiempo,S/D,S/D,Otro,Ninguna,Vertical,Línea divisoria pintada,Sin restricción
2020,5202,2020-11-04,Miercoles,,,0.0,2,"Bicicleta,Automóvil",Mendoza Y Casado,2,1,0,0,1,0,0,"-33.04756, -61.16034",S/D,,CASILDA,Caseros,S/D,S/D,IV,S/D,S/D,S/D,S/D,S/D,S/D,S/D,S/D,S/D,S/D,Ciclista,Atropello,S/D,S/D,S/D,S/D
2020,5203,2020-12-14,Lunes,23:00:00,,0.0,2,"Moto/Ciclomotor,Pickup/Utilitario",Av Lopez y Planes Y Martin Zapata,2,0,0,0,0,0,2,"-31.61692, -60.71333",Avenida,,SANTA FE,La Capital,Asfalto,No existe,I,S/D,Urbana,Semáforo,Funciona,Intersección,Bueno,Buena,Con luz artificial,Buen Tiempo,S/D,S/D,Colisión,Ninguna,Vertical,Línea divisoria pintada,Sin restricción
2020,5204,2020-08-22,Sabado,12:15:00,,0.0,2,"Moto/Ciclomotor,Automóvil",Castellanos Y Las Heras,2,1,0,0,1,0,0,"-31.635786168624,-60.697311223808",Calle,,SANTA FE,La Capital,Asfalto,No existe,I,Dentro,Urbana,Ninguna,No existe,Intersección,Bueno,Buena,Diurna,Buen Tiempo,Lateral,S/D,Colisión,Ninguna,Horizontal,Ninguna,Sin restricción
2020,5205,2020-08-13,Jueves,20:00:00,,0.0,2,"Pickup/Utilitario,Moto/Ciclomotor",Dr Borzone Y Las Heras,4,0,1,1,2,0,0,"-33.001312643522,-60.768889330911",Calle,,PEREZ,Rosario,Asfalto,No existe,II,Dentro,Urbana,Ninguna,No existe,Intersección,Bueno,Buena,"Atardecer,Con luz artificial",Buen Tiempo,Lateral,S/D,Colisión,Ninguna,Faltante,Ninguna,Sin restricción
2020,5206,2020-10-26,Lunes,16:10:00,,0.0,2,"Automóvil,Bicicleta",Domingo Silva Y Pedro Alejandro Vittori,2,1,0,0,1,0,0,"    -31.63145, -60.69965",Calle,,SANTA FE,La Capital,Asfalto,No existe,I,Dentro,Urbana,Ninguna,No existe,Intersección,Bueno,Buena,Diurna,Buen Tiempo,S/D,Ciclista,Atropello,Ninguna,S/D,Ninguna,Sin restricción