anio_acci,nro_acci,fecha,desc_dia,hora_aprox,desc_ruta,km,cant_participantes,desc_participante,calle_avenida_km,total,heridos_leves,heridos_graves,heridos_gravisimos,ilesos,fallecidos,sin_datos,posicion_XY,desc_tipo_via,desc_ruta_ori,desc_loc,desc_dpto,desc_tipo_calzada,desc_tipo_banquina,desc_unidad_regional,desc_lugar_calzada,desc_zona,desc_prioridad,desc_estado_semaforo,desc_lugar_via,desc_estado_via,desc_estado_visibilidad,desc_luminosidad,desc_estado_clima,desc_tipo_colision,desc_tipo_atropello,desc_tipo_hecho,desc_pres_calzada,desc_senializacion,desc_separacion_via,desc_restriccion
2020,5207,2020-07-22,Miercoles,10:30:00,Ruta Nacional 34,228.0,3,"Camión c / Acoplado,Camión,Camión", ,3,0,0,0,2,1,0,"-31.19685, -61.4956",Ruta,34,RAFAELA,Castellanos,Asfalto,Natural,V,Dentro,Rural,Ninguna,No existe,Recta,Bueno,S/D,Diurna,S/D,"Frontal,Múltiple",S/D,Colisión,Ninguna,Faltante,"Guardarrail,Línea divisoria pintada",Sin restricción
2020,5208,2020-11-06,Viernes,06:30:00,Ruta Nacional 11,0.0,2,"Automóvil,Automóvil",36S ,8,2,1,0,5,0,0,"-31.81816, -60.87171",Ruta,11,DESVÍO ARIJÓN,San JERÓNIMO,S/D,S/D,XV,S/D,S/D,S/D,S/D,S/D,S/D,S/D,S/D,S/D,S/D,S/D,S/D,S/D,S/D,S/D,S/D
2020,5209,2020-12-11,Viernes,11:35:00,,0.0,2,"Taxi/Remis,Pickup/Utilitario",Vera 3900,4,2,0,0,2,0,0,"-31.64016, -60.72251",Calle,,SANTA FE,La Capital,Hormigón,No existe,I,Dentro,Urbana,Ninguna,No existe,Intersección,Bueno,Buena,Diurna,Buen Tiempo,Lateral,S/D,Colisión,Ninguna,Faltante,Ninguna,Sin restricción
2020,5210,2020-08-20,Jueves,17:50:00,,0.0,2,"Moto/Ciclomotor,Automóvil",Alvear Y Ituzaingo,2,1,0,0,1,0,0,"-31.638880626074,-60.697102406416",Calle,,SANTA FE,La Capital,Asfalto,No existe,I,Dentro,Urbana,Paso Peatonal,No existe,Intersección,Bueno,Buena,Atardecer,Buen Tiempo,Lateral,S/D,Colisión,Ninguna,Horizontal,Ninguna,Sin restricción
2020,5212,2020-12-14,Lunes,17:00:00,,0.0,2,"Moto/Ciclomotor,Automóvil",Fray C Rodriguez 3900,2,0,0,0,0,0,2,"-31.61824, -60.71629",Avenida,,SANTA FE,La Capital,Asfalto,No existe,I,S/D,Urbana,Semáforo,Funciona,Recta,Bueno,Buena,Diurna,Buen Tiempo,Lateral,S/D,Colisión,Ninguna,Vertical,Línea divisoria pintada,Sin restricción
2020,5213,2020-11-08,Domingo,20:15:00,,0.0,2,"Automóvil,Moto/Ciclomotor",Bv San Martin Y Chacabuco,2,0,1,0,1,0,0,"-32.23693, -60.9816",S/D,,BARRANCAS,San JERÓNIMO,S/D,S/D,XV,S/D,S/D,S/D,S/D,S/D,S/D,S/D,S/D,S/D,S/D,S/D,S/D,S/D,S/D,S/D,S/D
2020,5214,2020-08-01,Sabado,16:40:00,,0.0,2,"Automóvil,Moto/Ciclomotor",Lavalle Y Rivadavia,2,0,0,1,1,0,0,"-32.999338350094,-60.767374195987",Calle,,PEREZ,Rosario,Asfalto,No existe,II,Dentro,Urbana,Ninguna,No existe,Intersección,Bueno,S/D,Diurna,Buen Tiempo,Lateral,S/D,Colisión,Ninguna,Faltante,Ninguna,Sin restricción
2020,5215,2020-10-24,Sabado,13:00:00,,0.0,2,"Pickup/Utilitario,Bicicleta",9 de Julio Y Luciano Torrent,2,1,0,0,1,0,0,"    -31.62407, -60.70264",Calle,,SANTA FE,La Capital,Asfalto,No existe,I,Dentro,Urbana,Ninguna,No existe,Intersección,Bueno,S/D,Diurna,Buen Tiempo,S/D,Ciclista,Atropello,Ninguna,S/D,Ninguna,Sin restricción
2020,5216,2020-12-12,Sabado,15:00:00,Autopista Nacional Rosario -Cordoba,0.0,1,Automóvil, ,1,1,0,0,0,0,0,"-32.92665, -60.89977",Autopista,Rosario -Cordoba,ROLDÁN,San Lorenzo,Asfalto,No existe,XVII,Dentro,Urbana,Ninguna,No existe,Puente,Bueno,Buena,Diurna,Buen Tiempo,Otro,S/D,Vuelco,Ninguna,Horizontal,Ninguna,Sin restricción
2020,5217,2020-11-04,Miercoles,11:50:00,,0.0,2,"Automóvil,Moto/Ciclomotor",Pellegrini ,4,1,1,0,2,0,0,"-29.58366, -60.37605",S/D,,LA GALLARETA,Vera,S/D,S/D,XIX,S/D,S/D,S/D,S/D,S/D,S/D,S/D,S/D,S/D,S/D,S/D,S/D,S/D,S/D,S/D,S/D
2020,5218,2020-12-10,Jueves,20:45:00,Ruta Nacional 9,0.0,2,"Moto/Ciclomotor,Bicicleta",Lisandro de la Torre Y Ruta Nacional 9,2,0,1,0,1,0,0,"-32.9102, -60.88273",Ruta,9,ROLDÁN,San Lorenzo,"Asfalto,Ripio",Ripio,XVII,Dentro,Urbana,Ninguna,No existe,Intersección,Bueno,Buena,Con luz artificial,Buen Tiempo,S/D,Ciclista,Atropello,Ninguna,Faltante,Ninguna,Sin restricción
2020,5219,2020-11-06,Viernes,17:00:00,,0.0,2,"Bicicleta,Automóvil",Av. Pellegrini Y Laprida,2,1,0,0,1,0,0,"-32.95812, -60.63717",S/D,,ROSARIO,Rosario,S/D,S/D,II,S/D,S/D,S/D,S/D,S/D,S/D,S/D,S/D,S/D,S/D,Ciclista,Atropello,S/D,S/D,S/D,S/D
2020,5220,2020-08-05,Miercoles,15:35:00,Ruta Nacional 9,0.0,2,"Automóvil,Moto/Ciclomotor",Galindo Y Ruta Nacional 9,2,1,0,0,1,0,0,"-32.919886720174,-60.820337851552",Ruta,9,FUNES,Rosario,Asfalto,Ripio,II,Dentro,Urbana,Marca Vial,No existe,Recta,Bueno,S/D,Diurna,Buen Tiempo,Lateral,S/D,Colisión,S/D,Horizontal,Línea divisoria pintada,Sin restricción
2020,5221,2020-12-10,Jueves,20:35:00,,0.0,2,"Bicicleta,Taxi/Remis",Av Gral Paz Y Agustin Delgado,2,1,0,0,1,0,0,"-31.62329, -60.68804",Calle,,SANTA FE,La Capital,Asfalto,No existe,I,Dentro,Urbana,Ninguna,No existe,Intersección,Bueno,Reducida,S/D,Buen Tiempo,Lateral,Ciclista,Atropello,Ninguna,S/D,Ninguna,Sin restricción
2020,5222,2020-10-22,Jueves,18:00:00,,0.0,2,"Pickup/Utilitario,Moto/Ciclomotor",25 de Mayo ,2,1,0,0,1,0,0,"-32.96962, -60.70286",Calle,,ROSARIO,Rosario,S/D,S/D,II,S/D,S/D,S/D,S/D,S/D,S/D,S/D,S/D,S/D,S/D,S/D,S/D,S/D,S/D,S/D,S/D
2020,5223,2020-12-14,Lunes,14:10:00,,0.0,2,"Pickup/Utilitario,Moto/Ciclomotor",Av A del Valle Y Lavaisse,2,1,0,0,1,0,0,"-31.61296, -60.69561",Avenida,,SANTA FE,La Capital,Asfalto,No existe,I,Dentro,Urbana,Ninguna,No existe,Intersección,Bueno,Buena,Diurna,Buen Tiempo,Lateral,S/D,Colisión,Ninguna,S/D,Ninguna,Sin restricción
2020,5224,2020-11-08,Domingo,22:50:00,,0.0,2,"Taxi/Remis,Moto/Ciclomotor",Casiano Casas Y Calvo,4,2,0,0,2,0,0,"-32.9016, -60.70733",S/D,,ROSARIO,Rosario,S/D,S/D,II,S/D,S/D,S/D,S/D,S/D,S/D,S/D,S/D,S/D,S/D,S/D,S/D,S/D,S/D,S/D,S/D
2020,5225,2020-12-14,Lunes,18:40:00,,0.0,2,"Moto/Ciclomotor,Automóvil",Av Almte Brown Y Pje Calcena,2,1,0,0,1,0,0,"-31.62623, -60.67917",Avenida,,SANTA FE,La Capital,Asfalto,No existe,I,Dentro,Urbana,Ninguna,No existe,Intersección,Bueno,Buena,Diurna,Buen Tiempo,Lateral,S/D,Colisión,Ninguna,S/D,Ninguna,Sin restricción
2020,5227,2020-12-12,Sabado,17:00:00,,0.0,2,"Automóvil,Moto/Ciclomotor",Av A del Valle Y Llerena,3,2,0,0,1,0,0,"-31.61379, -60.69625",Calle,,SANTA FE,La Capital,Asfalto,No existe,I,S/D,Urbana,Ninguna,No existe,Intersección,Bueno,Buena,Diurna,Buen Tiempo,Lateral,S/D,Colisión,Ninguna,S/D,Ninguna,Sin restricción
2020,5228,2020-10-28,Miercoles,,,0.0,2,"Moto/Ciclomotor,Automóvil", ,2,1,0,0,1,0,0,"-31.61037, -60.69428",S/D,,ROSARIO,Rosario,S/D,S/D,II,S/D,S/D,S/D,S/D,S/D,S/D,S/D,S/D,S/D,S/D,S/D,S/D,S/D,S/D,S/D,S/D
2020,5229,2020-08-09,Domingo,19:30:00,,0.0,2,"Automóvil,Automóvil",COLECTORA AU 9 Y GALINDO,3,2,0,0,1,0,0,"-32.93927550315858,-60.821294188499",Calle,,FUNES,Rosario,Asfalto,No existe,II,Dentro,Urbana,Otra Señal,No existe,Recta,Bueno,Buena,Nocturna,Buen Tiempo,S/D,S/D,Colisión,Ninguna,"Horizontal,Vertical",Ninguna,Sin restricción
2020,5230,2020-11-08,Domingo,,,0.0,2,"Taxi/Remis,Moto/Ciclomotor",Vieytes Y Av Blas Parera,3,0,2,0,1,0,0,"-31.59645, -60.72273",S/D,,SANTA FE,La Capital,S/D,S/D,I,S/D,S/D,S/D,S/D,S/D,S/D,S/D,S/D,S/D,S/D,S/D,S/D,S/D,S/D,S/D,S/D
2020,5231,2020-08-02,Domingo,15:00:00,,0.0,1,Moto/Ciclomotor,Albert Sabin 600,1,0,0,0,0,1,0,"-32.92102, -60.68731",Calle,,ROSARIO,Rosario,Asfalto,No existe,II,S/D,Urbana,Semáforo,Funciona,Intersección,Bueno,S/D,Diurna,S/D,S/D,S/D,Cañda ocupante,Ninguna,"Horizontal,Vertical","Cordón divisorio,S/D",Sin restricción
2020,5232,2020-10-29,Jueves,18:00:00,,0.0,2,"Moto/Ciclomotor,Automóvil",Av Lopez y Planes Y Cordoba,2,1,0,0,1,0,0,"    -31.62575, -60.71361",Avenida,,SANTA FE,La Capital,Asfalto,No existe,I,Dentro,Urbana,Ninguna,Funciona,Intersección,Bueno,Buena,Nocturna,Buen Tiempo,Lateral,S/D,Colisión,Agua,S/D,Línea divisoria pintada,Sin restricción
2020,5233,2020-08-07,Viernes,11:00:00,Ruta Nacional 33,617.0,2,"Camión,Automóvil", ,2,1,0,0,0,1,0,"-33.7887,-62.12487",Ruta,33,MAGGIOLO,General LÓPEZ,Asfalto,Natural,VIII,Dentro,Rural,Ninguna,No existe,Recta,Bueno,S/D,Diurna,S/D,S/D,S/D,Colisión,Ninguna,Faltante,"Ninguna,S/D",Sin restricción
2020,5234,2020-08-10,Lunes,01:30:00,,0.0,2,"Automóvil,Moto/Ciclomotor",Gdor Candioti Y Maipu,2,1,0,0,1,0,0,"-31.635316662583,-60.694930743786",Calle,,SANTA FE,La Capital,Asfalto,No existe,I,Dentro,Urbana,Paso Peatonal,No existe,Intersección,Bueno,Buena,Nocturna,Buen Tiempo,Lateral,S/D,Colisión,Ninguna,Horizontal,Ninguna,Sin restricción
2020,5235,2020-08-10,Lunes,15:20:00,,0.0,2,"Pickup/Utilitario,Moto/Ciclomotor",Cimarron Y Tomas de la Torre,3,1,0,0,2,0,0,"-32.909618267006,-60.853139102621",Calle,,FUNES,Rosario,Ripio,No existe,II,Dentro,Urbana,Ninguna,No existe,Intersección,Bueno,Buena,Diurna,Buen Tiempo,De alcance,S/D,Colisión,Ninguna,Faltante,Ninguna,Sin restricción
2020,5236,2020-08-14,Viernes,21:30:00,,0.0,2,"Moto/Ciclomotor,Pickup/Utilitario",Chacabuco Y Las Heras,3,2,0,0,1,0,0,"-31.63395829481,-60.696786358446",Calle,,SANTA FE,La Capital,Asfalto,No existe,I,Dentro,Urbana,Paso Peatonal,No existe,Intersección,Bueno,Buena,"Nocturna,Con luz artificial",Buen Tiempo,Lateral,S/D,Colisión,Ninguna,Horizontal,Ninguna,Sin restricción
2020,5237,2020-08-20,Jueves,15:05:00,Ruta Nacional 9,0.0,1,Bicicleta,Candelaria Y Ruta Nacional 9,1,1,0,0,0,0,0,"-32.92109012603762,-60.813462138175",Ruta,9,FUNES,Rosario,Asfalto,Ripio,II,Dentro,Urbana,Marca Vial,No existe,Recta,Bueno,Buena,Diurna,Buen Tiempo,S/D,S/D,Cañda ocupante,Ninguna,Horizontal,S/D,Sin restricción
2020,5238,2020-08-14,Viernes,20:00:00,,0.0,2,"Moto/Ciclomotor,Automóvil",Bv Galvez Y Republica de Siria,2,1,0,0,1,0,0,"-31.636214962035,-60.699707233949",Avenida,,SANTA FE,La Capital,Asfalto,No existe,I,Dentro,Urbana,Semáforo,Funciona,Intersección,Bueno,Buena,"Nocturna,Con luz artificial",Buen Tiempo,Lateral,S/D,Colisión,Ninguna,"Horizontal,Vertical","Cordón divisorio,Vegetación",Sin restricción
2020,5239,2020-08-07,Viernes,19:20:00,,0.0,2,"Peatón,Moto/Ciclomotor",Ituzaingo Y Sarmiento,2,1,0,0,1,0,0,"-31.639578917902,-60.693908301583",Calle,,SANTA FE,La Capital,Asfalto,No existe,I,Dentro,Urbana,Otra Señal,No existe,Intersección,Bueno,Buena,Atardecer,Buen Tiempo,S/D,Peatón,Atropello,Ninguna,"Horizontal,Vertical",Ninguna,Sin restricción
2020,5240,2020-08-07,Viernes,00:28:00,,0.0,2,"Moto/Ciclomotor,Automóvil",Presbitero Jose Houriet Y Moreno,2,0,0,0,1,1,0,"-29.46208,-60.21356",Calle,,VERA,Vera,S/D,S/D,XIX,S/D,Urbana,S/D,S/D,Intersección,S/D,S/D,Nocturna,S/D,S/D,S/D,Colisión,S/D,S/D,S/D,S/D
2020,5241,2020-10-23,Viernes,20:00:00,,0.0,2,"Moto/Ciclomotor,Pickup/Utilitario",Cochabamba Y Ecuador,3,2,0,0,1,0,0,"-32.95883, -60.693",Calle,,ROSARIO,Rosario,Asfalto,No existe,II,Dentro,Urbana,Semáforo,Funciona,Intersección,Bueno,Buena,Nocturna,Buen Tiempo,Lateral,S/D,Colisión,Ninguna,Vertical,S/D,S/D
2020,5242,2020-08-06,Jueves,10:20:00,,0.0,2,"Automóvil,Moto/Ciclomotor",Balcarce Y Lavalle,3,2,0,0,1,0,0,"-31.639354290426,-60.690427979204",Calle,,SANTA FE,La Capital,Asfalto,No existe,I,Dentro,Urbana,Ninguna,No existe,Intersección,Bueno,Buena,Diurna,Buen Tiempo,Lateral,S/D,Colisión,Ninguna,"Horizontal,Vertical",Ninguna,Sin restricción
2020,5243,2020-12-09,Miercoles,18:40:00,,0.0,2,"Automóvil,Moto/Ciclomotor",San Martin Y Santa Rosa,3,1,0,0,2,0,0,"-31.41967, -60.33419",Calle,,SANTA ROSA DE CALCHINES,Garay,Tierra,No existe,VII,Dentro,Urbana,Ninguna,No existe,Intersección,Bueno,Buena,Diurna,Buen Tiempo,Otro,S/D,Otro,Ninguna,Faltante,Ninguna,Sin restricción
2020,5244,2020-12-09,Miercoles,23:30:00,Ruta Secundaria 80-s,0.0,2,"Moto/Ciclomotor,Moto/Ciclomotor", ,5,4,1,0,0,0,0,"-31.14097, -60.96131",Ruta,80-s,PROGRESO,Las Colonias,Asfalto,Natural,XI,S/D,Rural,Ninguna,No existe,Recta,Bueno,Buena,Nocturna,Buen Tiempo,De alcance,S/D,Colisión,Ninguna,Faltante,Ninguna,Sin restricción
2020,5245,2020-12-11,Viernes,16:30:00,,0.0,2,"Camión c / Acoplado,Moto/Ciclomotor",Maipu Y Galvez,2,1,0,0,1,0,0,"-31.59117, -60.93811",Calle,,FRANCK,Las Colonias,Asfalto,No existe,XI,S/D,Urbana,Ninguna,No existe,Intersección,Bueno,Buena,Diurna,Buen Tiempo,Lateral,S/D,Colisión,Ninguna,Vertical,Cordón divisorio,Sin restricción
2020,5246,2020-12-09,Miercoles,14:25:00,,0.0,2,"Pickup/Utilitario,Camión Chasis", ,3,2,0,0,1,0,0,"-31.6926, -60.93107",Camino Rural,,SAN AGUSTÍN,Las Colonias,Tierra,No existe,XI,Dentro,Rural,Ninguna,No existe,Recta,Bueno,Reducida polvo,Diurna,Buen Tiempo,Frontal,S/D,Colisión,Ninguna,Faltante,Ninguna,Sin restricción
2020,5247,2020-12-16,Miercoles,20:10:00,,0.0,2,"Bicicleta,Pickup/Utilitario",Islas Malvinas Y Mariano Moreno,2,0,1,0,1,0,0,"-31.73223, -61.08997",Calle,,SAN CARLOS CENTRO,Las Colonias,Asfalto,No existe,XI,Dentro,Urbana,Ninguna,No existe,Intersección,Bueno,Buena,Atardecer,Buen Tiempo,Otro,Ciclista,Atropello,Ninguna,Faltante,Ninguna,Sin restricción
2020,5248,2020-12-13,Domingo,03:30:00,Ruta Provincial 6,0.0,2,"Automóvil,Automóvil",25 de Mayo Y San Martin,2,1,0,0,1,0,0,"-31.72859, -61.09334",Ruta,6,SAN CARLOS CENTRO,Las Colonias,Asfalto,No existe,XI,Dentro,Urbana,Ninguna,No existe,Intersección,Bueno,Buena,Nocturna,Buen Tiempo,De alcance,S/D,Colisión,Ninguna,"Horizontal,Vertical",Ninguna,Sin restricción
2020,5250,2020-12-09,Miercoles,09:05:00,Ruta Provincial 70,0.0,2,"Moto/Ciclomotor,Pickup/Utilitario",A Aufranc ,2,0,1,0,1,0,0,"-31.44538, -60.9181",Ruta,70,ESPERANZA,Las Colonias,Asfalto,No existe,XI,S/D,Urbana,Ninguna,No existe,Recta,Con baches,Buena,Diurna,Buen Tiempo,S/D,S/D,Colisión,Ninguna,Vertical,Ninguna,Sin restricción
2020,5251,2020-08-10,Lunes,16:55:00,Ruta Nacional 9,0.0,2,"Moto/Ciclomotor,Automóvil",Av Cordoba - Colectora Y Candelaria,3,2,0,0,1,0,0,"-32.92109414935113,-60.813482254743",Ruta,9,FUNES,Rosario,Asfalto,Ripio,II,Dentro,Urbana,Marca Vial,No existe,Recta,Bueno,Buena,Atardecer,Buen Tiempo,Otro,S/D,Colisión,Ninguna,Horizontal,Línea divisoria pintada,Sin restricción
2020,5252,2020-12-11,Viernes,09:00:00,,0.0,2,"Pickup/Utilitario,Moto/Ciclomotor",Rivadavia Y Marcos Avellaneda,2,1,0,0,1,0,0,"-31.45447, -60.92989",Calle,,ESPERANZA,Las Colonias,Asfalto,No existe,XI,Dentro,Urbana,Ninguna,No existe,Intersección,Bueno,Buena,Diurna,Buen Tiempo,S/D,S/D,Colisión,Ninguna,Faltante,Ninguna,Sin restricción
2020,5253,2020-09-07,Lunes,02:00:00,,0.0,2,"Moto/Ciclomotor,Pickup/Utilitario",Buenos Aires Y Estanislao Lopez,3,2,0,0,0,1,0,"-32.05548, -61.59892",Calle,,CAÑADA ROSQUÍN,San MARTÍN,Asfalto,No existe,XVIII,Dentro,Urbana,Ninguna,No existe,Intersección,Bueno,S/D,Nocturna,S/D,S/D,S/D,Colisión,Ninguna,Faltante,"Ninguna,S/D",Sin restricción
2020,5254,2020-12-12,Sabado,00:10:00,,0.0,2,"Moto/Ciclomotor,Automóvil",Rivadavia Y Aaron Castellanos,3,2,0,0,1,0,0,"-31.45022, -60.92864",Calle,,ESPERANZA,Las Colonias,Asfalto,No existe,XI,Dentro,Urbana,Ninguna,No existe,Intersección,Bueno,Reducida,"Nocturna,Con luz artificial",Buen Tiempo,S/D,S/D,Colisión,Ninguna,Faltante,Ninguna,Sin restricción
2020,5255,2020-08-18,Martes,22:45:00,Ruta Secundaria 34-s,0.0,2,"Automóvil,Vehículo Oficial",Pedro Rios Y Peron,7,1,0,0,6,0,0,"-32.917335,-60.807398",Ruta,34-s,FUNES,Rosario,Asfalto,No existe,II,Dentro,Urbana,Ninguna,No existe,Paso a Nivel FFCC,Con baches,Buena,"Nocturna,Con luz artificial",Buen Tiempo,De alcance,S/D,Colisión,Ninguna,Faltante,Ninguna,Sin restricción
2020,5256,2020-12-12,Sabado,06:00:00,,0.0,1,Moto/Ciclomotor,Alberdi Y Soler,2,2,0,0,0,0,0,"-31.46139, -60.93107",Calle,,ESPERANZA,Las Colonias,Asfalto,No existe,XI,Dentro,Urbana,Ninguna,No existe,Intersección,Bueno,Buena,Diurna,Buen Tiempo,Contra objeto fijo,S/D,Colisión,Ninguna,Faltante,Ninguna,Sin restricción
2020,5257,2020-12-14,Lunes,21:10:00,,0.0,2,"Moto/Ciclomotor,Automóvil",Lavalle ,2,1,0,0,1,0,0,"-31.43454, -60.92975",Calle,,ESPERANZA,Las Colonias,Ripio,No existe,XI,Dentro,Urbana,Ninguna,No existe,Intersección,Ahuellamiento,Reducida,"Nocturna,Con luz artificial",Buen Tiempo,S/D,S/D,Colisión,Ninguna,Faltante,Ninguna,Sin restricción
2020,5258,2020-12-15,Martes,18:25:00,,0.0,2,"Moto/Ciclomotor,Automóvil",Juan Jose Paso Y G Alvear,2,1,0,0,1,0,0,"-31.45511, -60.943",Calle,,ESPERANZA,Las Colonias,Ripio,No existe,XI,Dentro,Urbana,Ninguna,No existe,Intersección,Ahuellamiento,Buena,Diurna,Buen Tiempo,S/D,S/D,Colisión,Ninguna,Faltante,Ninguna,Sin restricción
2020,5259,2020-12-14,Lunes,12:40:00,,0.0,2,"Bicicleta,Automóvil",Avenida 17 Y Calle 20,2,1,0,0,1,0,0,"-32.68082, -61.51795",Avenida,,LAS PAREJAS,Belgrano,Asfalto,No existe,III,Dentro,Urbana,Ninguna,Funciona,Recta,Bueno,Buena,Diurna,Buen Tiempo,S/D,Ciclista,Atropello,S/D,S/D,Ninguna,Sin restricción
2020,5260,2020-11-01,Domingo,,,0.0,2,"Automóvil,Moto/Ciclomotor",Av San Martin Y Mateo Galvez,3,0,2,0,1,0,0,"-32.72129, -60.73191",S/D,,SAN LORENZO,San Lorenzo,S/D,S/D,XVII,S/D,S/D,S/D,S/D,S/D,S/D,S/D,S/D,S/D,S/D,S/D,S/D,S/D,S/D,S/D,S/D
2020,5261,2020-10-29,Jueves,13:30:00,,0.0,1,Moto/Ciclomotor,La Rioja Y Lamadrid,1,1,0,0,0,0,0,"    -31.64069, -60.727",Calle,,SANTA FE,La Capital,Hormigón,No existe,I,Dentro,Urbana,Ninguna,No existe,Recta,S/D,Buena,Diurna,Buen Tiempo,S/D,S/D,Despiste,Ninguna,Faltante,Ninguna,Sin restricción
2020,5262,2020-12-16,Miercoles,19:15:00,,0.0,1,Moto/Ciclomotor,Calle 14 Y Calle 7,2,1,1,0,0,0,0,"-32.68775, -61.51941",Calle,,LAS PAREJAS,Belgrano,Asfalto,S/D,III,Dentro,Urbana,Ninguna,No existe,Intersección,Bueno,Buena,Diurna,Buen Tiempo,S/D,S/D,Cañda ocupante,Ninguna,S/D,Ninguna,Sin restricción
2020,5263,2020-12-16,Miercoles,,,0.0,2,"Pickup/Utilitario,Automóvil",Rosa Maria Alarcon de Larriera Y Mariano Moreno,2,0,1,0,1,0,0,"-33.73479, -61.97864",Calle,,VENADO TUERTO,General LÓPEZ,Ripio,S/D,VIII,S/D,Urbana,Ninguna,No existe,Intersección,Bueno,Buena,Diurna,Buen Tiempo,Lateral,S/D,Colisión,Ninguna,Faltante,Ninguna,Sin restricción
2020,5264,2020-11-01,Domingo,13:30:00,,0.0,2,"Moto/Ciclomotor,Automóvil",Calle 25 - Pietropaolo Y Calle 68-Armada Argentina,3,2,0,0,1,0,0,"-29.14646, -59.68053",S/D,,RECONQUISTA,General Obligado,S/D,S/D,IX,S/D,S/D,S/D,S/D,S/D,S/D,S/D,S/D,S/D,S/D,S/D,S/D,S/D,S/D,S/D,S/D
2020,5265,2020-10-31,Sabado,10:30:00,,0.0,2,"Moto/Ciclomotor,Pickup/Utilitario",Francia Y Primera Junta,3,2,0,0,1,0,0,"    -31.64605, -60.71462",Calle,,SANTA FE,La Capital,Hormigón,No existe,I,Dentro,Urbana,Ninguna,No existe,Intersección,Bueno,Buena,Diurna,Buen Tiempo,Lateral,S/D,Colisión,Ninguna,Faltante,Ninguna,Sin restricción
2020,5266,2020-08-24,Lunes,13:20:00,,0.0,2,"Automóvil,Automóvil",Av Rosario Y Moreno,4,2,0,0,2,0,0,"-32.916101,-60.808342",Avenida,,FUNES,Rosario,Asfalto,No existe,II,Dentro,Urbana,Ninguna,No existe,Intersección,Bueno,Buena,Diurna,Buen Tiempo,Frontal,S/D,Colisión,Ninguna,Faltante,Ninguna,Sin restricción
2020,5267,2020-08-04,Martes,19:45:00,,0.0,2,"Automóvil,Moto/Ciclomotor",Balcarce Y Belgrano,2,1,0,0,1,0,0,"-31.63752228463,-60.698947517902",Calle,,SANTA FE,La Capital,Asfalto,No existe,I,Dentro,Urbana,Otra Señal,No existe,Intersección,Bueno,Buena,Atardecer,Buen Tiempo,Lateral,S/D,Colisión,Ninguna,"Horizontal,Vertical",Ninguna,Sin restricción
2020,5268,2020-12-11,Viernes,19:30:00,,0.0,2,"Moto/Ciclomotor,Automóvil",Cochabamba Y Junin,2,2,0,0,0,0,0,"-30.32076, -61.23198",Calle,,SAN CRISTÓBAL,San CRISTÓBAL,Ripio,S/D,XIII,S/D,Urbana,Ninguna,No existe,Intersección,Con baches,Buena,Diurna,Buen Tiempo,S/D,S/D,Colisión,Ninguna,S/D,S/D,Sin restricción
2020,5269,2020-12-12,Sabado,03:25:00,,0.0,1,Automóvil,Bv 25 de Mayo Y Juan D Peron,2,1,0,0,1,0,0,"-30.31515, -61.24226",Calle,,SAN CRISTÓBAL,San CRISTÓBAL,Ripio,Natural,XIII,S/D,Urbana,Ninguna,No existe,Recta,Deteriorada,Reducida,Nocturna,Buen Tiempo,S/D,S/D,Vuelco,Ninguna,Horizontal,S/D,S/D
2020,5270,2020-08-28,Viernes,17:20:00,,0.0,2,"Pickup/Utilitario,Moto/Ciclomotor",Dorrego Y Lopez y Planes,3,2,0,0,1,0,0,"-33.022868220907,-60.881766706773",Calle,,ZAVALLA,Rosario,Hormigón,No existe,II,Dentro,Urbana,Ninguna,No existe,Intersección,Bueno,Buena,Diurna,Buen Tiempo,Lateral,S/D,Colisión,Ninguna,Faltante,Ninguna,Sin restricción
2020,5271,2020-10-31,Sabado,01:55:00,,0.0,2,"Automóvil,Otros",J J Paso Y Roque Saenz Pe�a,2,1,0,0,0,0,1,"    -31.66051, -60.72946",Calle,,SANTA FE,La Capital,Asfalto,Pavimento,I,Dentro,Urbana,S/D,No existe,Intersección,S/D,Buena,Diurna,S/D,S/D,S/D,Colisión,Ninguna,Vertical,Cordón divisorio,Sin restricción
2020,5272,2020-12-12,Sabado,20:50:00,,0.0,1,Pickup/Utilitario,San Lorenzo 600,2,1,0,0,1,0,0,"-30.31478, -61.24356",Calle,,SAN CRISTÓBAL,San CRISTÓBAL,Ripio,Natural,XIII,Dentro,Urbana,Ninguna,No existe,Recta,Con baches,Reducida,Nocturna,Buen Tiempo,S/D,S/D,S/D,Ninguna,Faltante,Ninguna,S/D
2020,5273,2020-08-03,Lunes,11:00:00,,0.0,2,"Moto/Ciclomotor,Pickup/Utilitario",Guemes Y Ituzaingo,3,2,0,0,1,0,0,"-31.640494696817,-60.689672146678",Calle,,SANTA FE,La Capital,Asfalto,No existe,I,Dentro,Urbana,Paso Peatonal,No existe,Intersección,Bueno,Buena,Diurna,Buen Tiempo,Lateral,S/D,Colisión,Ninguna,Horizontal,Ninguna,Sin restricción
2020,5274,2020-08-04,Martes,17:45:00,,0.0,2,"Moto/Ciclomotor,Pickup/Utilitario",Brown Y Juncal,2,1,0,0,1,0,0,"-33.128126590679,-60.794194165747",Calle,,ÁLVAREZ,Rosario,Ripio,No existe,II,Dentro,Urbana,Ninguna,No existe,Intersección,Bueno,Buena,Diurna,Buen Tiempo,Lateral,S/D,Colisión,Ninguna,Faltante,Ninguna,Sin restricción