anio_acci,nro_acci,fecha,desc_dia,hora_aprox,desc_ruta,km,cant_participantes,desc_participante,calle_avenida_km,total,heridos_leves,heridos_graves,heridos_gravisimos,ilesos,fallecidos,sin_datos,posicion_XY,desc_tipo_via,desc_ruta_ori,desc_loc,desc_dpto,desc_tipo_calzada,desc_tipo_banquina,desc_unidad_regional,desc_lugar_calzada,desc_zona,desc_prioridad,desc_estado_semaforo,desc_lugar_via,desc_estado_via,desc_estado_visibilidad,desc_luminosidad,desc_estado_clima,desc_tipo_colision,desc_tipo_atropello,desc_tipo_hecho,desc_pres_calzada,desc_senializacion,desc_separacion_via,desc_restriccion
2020,5275,2020-12-10,Jueves,12:25:00,,0.0,2,"Automóvil,Moto/Ciclomotor",L N Alem 2100,2,0,1,0,1,0,0,"-30.78584, -60.58547",Calle,,SAN JUSTO,San Justo,Asfalto,No existe,XVI,Dentro,Urbana,Ninguna,No existe,Recta,Bueno,Buena,Diurna,Buen Tiempo,Lateral,S/D,Colisión,S/D,S/D,Ninguna,Sin restricción
2020,5276,2020-11-01,Domingo,,,0.0,2,"Moto/Ciclomotor,Bicicleta",Montevideo Y Av. Corrientes,2,0,2,0,0,0,0,"-32.94999, -60.67475",S/D,,ROSARIO,Rosario,S/D,S/D,II,S/D,S/D,S/D,S/D,S/D,S/D,S/D,S/D,S/D,S/D,Ciclista,Atropello,S/D,S/D,S/D,S/D
2020,5277,2020-12-10,Jueves,21:00:00,Ruta Nacional 11,0.0,2,"Automóvil,Automóvil",Ruta Nacional 11 ,6,2,0,0,4,0,0,"-30.76736, -60.57053",Ruta,11,SAN JUSTO,San Justo,Asfalto,Natural,XVI,Fuera,Urbana,Ninguna,No existe,Recta,Bueno,Buena,Nocturna,Buen Tiempo,Lateral,S/D,Colisión,Ninguna,Faltante,Línea divisoria pintada,Sin restricción
2020,5278,2020-11-03,Martes,18:00:00,,0.0,2,"Automóvil,Moto/Ciclomotor",Leoncio de la Barrera Y España,2,1,0,0,1,0,0,"-33.73157, -61.97216",S/D,,VENADO TUERTO,General LÓPEZ,S/D,S/D,VIII,S/D,S/D,S/D,S/D,S/D,S/D,S/D,S/D,S/D,S/D,S/D,S/D,S/D,S/D,S/D,S/D
2020,5279,2020-10-28,Miercoles,14:30:00,Ruta Nacional 11,0.0,1,Automóvil, ,1,1,0,0,0,0,0,"    -31.50563, -60.7276",Ruta,11,RECREO,La Capital,Asfalto,No existe,I,Fuera,Urbana,Ninguna,No existe,Recta,Con baches,Buena,Diurna,Buen Tiempo,Otro,S/D,Despiste,Ninguna,Horizontal,Línea divisoria pintada,Sin restricción
2020,5280,2020-12-15,Martes,20:00:00,,0.0,2,"Moto/Ciclomotor,Automóvil",Gral Urquiza 2900,2,1,0,0,1,0,0,"-30.79556, -60.59094",Calle,,SAN JUSTO,San Justo,Hormigón,S/D,XVI,Dentro,Urbana,S/D,S/D,Recta,Bueno,Buena,Diurna,Buen Tiempo,Lateral,S/D,Colisión,Ninguna,S/D,S/D,Sin restricción
2020,5281,2020-11-03,Martes,13:45:00,,0.0,2,"Automóvil,Moto/Ciclomotor",Calle 75-Lisandro de la Torre ,4,3,0,0,1,0,0,"-29.17144, -59.65988",S/D,,RECONQUISTA,General Obligado,S/D,S/D,IX,S/D,S/D,S/D,S/D,S/D,S/D,S/D,S/D,S/D,S/D,S/D,S/D,S/D,S/D,S/D,S/D
2020,5282,2020-08-14,Viernes,20:45:00,,0.0,2,"Automóvil,Moto/Ciclomotor",Av J J Paso Y Saavedra,2,1,0,0,1,0,0,"-31.662021465503,-60.720709003134",Avenida,,SANTA FE,La Capital,Asfalto,No existe,I,Dentro,Urbana,Ninguna,No existe,Intersección,Bueno,Buena,Nocturna,Buen Tiempo,Frontal,S/D,Colisión,Ninguna,Faltante,Cordón divisorio,Sin restricción
2020,5283,2020-08-18,Martes,07:30:00,Autovía Nacional 168,0.0,5,"Pickup/Utilitario,Automóvil,Moto/Ciclomotor,Automóvil,Moto/Ciclomotor",PUENTE Oroño ,5,3,0,0,2,0,0,"-31.640698570045,-60.681517139052",Autovía,168,SANTA FE,La Capital,Asfalto,No existe,I,Dentro,Urbana,Marca Vial,No existe,Puente,Bueno,Buena,Diurna,Buen Tiempo,Múltiple,S/D,Colisión,Ninguna,Horizontal,Guardarrail,Sin restricción
2020,5284,2020-12-12,Sabado,16:50:00,Ruta Provincial 39,51.0,1,Moto/Ciclomotor,Ruta Prov 39 ,2,2,0,0,0,0,0,"-30.37939, -60.38511",Ruta,39,GOBERNADOR CRESPO,San Justo,Asfalto,Natural,XVI,S/D,Rural,Ninguna,No existe,Recta,Bueno,Buena,Diurna,Buen Tiempo,S/D,S/D,Despiste,Ninguna,Horizontal,Línea divisoria pintada,Sin restricción
2020,5285,2020-07-24,Viernes,03:35:00,,0.0,2,"Bicicleta,Automóvil",9 de Julio Y P Gaggero,4,1,0,0,2,1,0,"-30.7901, -60.584",Calle,,SAN JUSTO,San Justo,"Asfalto,Tierra",No existe,XVI,Dentro,Urbana,Ninguna,No existe,Intersección,Bueno,S/D,Nocturna,S/D,S/D,Ciclista,Atropello,Ninguna,Faltante,Ninguna,Sin restricción
2020,5286,2020-12-16,Miercoles,02:00:00,,0.0,1,Moto/Ciclomotor,Juan de Garay ,2,1,0,0,1,0,0,"-30.35883, -60.39741",S/D,,ROSARIO,Rosario,Ripio,Ripio,II,Dentro,Urbana,Ninguna,No existe,Otro,Con baches,Buena,"Nocturna,Con luz artificial",Buen Tiempo,S/D,S/D,Cañda ocupante,Ninguna,Faltante,Ninguna,Sin restricción
2020,5287,2020-08-15,Sabado,11:30:00,,0.0,2,"Moto/Ciclomotor,Automóvil",Av Freyre Y Moreno,2,0,1,0,1,0,0,"-31.652777802587,-60.720679829976",Avenida,,SANTA FE,La Capital,Asfalto,No existe,I,Dentro,Urbana,Otra Señal,No existe,Intersección,Bueno,Buena,Diurna,Buen Tiempo,Frontal,S/D,Colisión,Ninguna,Vertical,Cordón divisorio,Sin restricción
2020,5288,2020-12-09,Miercoles,21:45:00,,0.0,2,"Automóvil,Moto/Ciclomotor",M C Saavedra Y Martin Miguel de Guemes,2,1,0,0,1,0,0,"-32.83958, -60.70686",Calle,,GRANADERO BAIGORRIA,Rosario,Asfalto,Pavimento,II,Fuera,Urbana,Ninguna,No existe,Intersección,Bueno,Buena,Nocturna,Buen Tiempo,Otro,S/D,Colisión,Ninguna,Faltante,Ninguna,S/D
2020,5289,2020-07-27,Lunes,21:30:00,Ruta Secundaria 26-s,39.0,1,Automóvil, ,4,3,0,0,0,1,0,"-32.84916, -61.16501",Ruta,26-s,CARCARAÑÁ,San Lorenzo,Asfalto,No existe,XVII,Dentro,Urbana,Ninguna,No existe,Puente,S/D,S/D,Nocturna,S/D,S/D,S/D,Vuelco,S/D,S/D,S/D,Sin restricción
2020,5290,2020-12-09,Miercoles,11:50:00,,0.0,2,"Automóvil,Bicicleta",Chacabuco Y Moreno,2,1,0,0,1,0,0,"-33.13095, -60.79973",Calle,,ÁLVAREZ,Rosario,Asfalto,Pavimento,II,S/D,Urbana,Ninguna,No existe,Intersección,Bueno,Buena,Diurna,Buen Tiempo,S/D,Ciclista,Atropello,Ninguna,Faltante,Cordón divisorio,Sin restricción
2020,5291,2020-10-28,Miercoles,21:45:00,,0.0,2,"Moto/Ciclomotor,Bicicleta",Av Urquiza Y Monse�or Zaspe,2,2,0,0,0,0,0,"    -31.65484, -60.71581",Calle,,SANTA FE,La Capital,Asfalto,S/D,I,Dentro,Urbana,S/D,S/D,Intersección,Bueno,S/D,Nocturna,S/D,S/D,S/D,Colisión,Ninguna,Vertical,S/D,S/D
2020,5292,2020-11-03,Martes,18:00:00,Ruta Nacional 11,0.0,2,"Camión,Pickup/Utilitario", ,4,3,0,0,1,0,0,"-28.46587, -59.33994",Ruta,11,VILLA OCAMPO,General Obligado,S/D,S/D,IX,S/D,S/D,S/D,S/D,S/D,S/D,S/D,S/D,S/D,S/D,S/D,S/D,S/D,S/D,S/D,S/D
2020,5293,2020-12-14,Lunes,17:00:00,Ruta Nacional 9,0.0,2,"Moto/Ciclomotor,Pickup/Utilitario",Ruta Nacional 9 ,2,1,0,0,1,0,0,"-32.92205, -60.80804",Ruta,9,FUNES,Rosario,Asfalto,Natural,II,Dentro,Urbana,Ninguna,No existe,S/D,Bueno,Buena,Diurna,Buen Tiempo,Otro,S/D,Colisión,Ninguna,S/D,Ninguna,Sin restricción
2020,5294,2020-08-16,Domingo,05:20:00,Ruta Nacional 11,0.0,2,"Bicicleta,Automóvil", ,2,0,1,0,1,0,0,"-31.667603, -60.751913",Ruta,11,SANTA FE,La Capital,Asfalto,No existe,I,Dentro,Urbana,Marca Vial,No existe,Puente,Bueno,Buena,Nocturna,Buen Tiempo,S/D,Ciclista,"Inmersi�n,Atropello",Ninguna,Horizontal,Línea divisoria pintada,Sin restricción
2020,5295,2020-07-24,Viernes,11:20:00,Ruta Nacional 34,103.0,3,"Camión,Camión,Camión", ,3,2,0,0,0,1,0,"-32.25448, -61.4478",Ruta,34,CENTENO,San JERÓNIMO,Asfalto,Natural,XV,Dentro,Rural,Ninguna,No existe,Recta,Bueno,S/D,Diurna,S/D,Múltiple,S/D,Colisión,Ninguna,Faltante,Ninguna,Sin restricción
2020,5296,2020-12-11,Viernes,17:50:00,Ruta Nacional 9,0.0,2,"Moto/Ciclomotor,Automóvil",Ruta Nacional 9 ,2,2,0,0,0,0,0,"-32.9247, -60.77129",Ruta,9,FUNES,Rosario,Asfalto,Natural,II,S/D,Urbana,Ninguna,No existe,Recta,Bueno,Buena,Atardecer,Buen Tiempo,Otro,S/D,Colisión,Ninguna,Faltante,Ninguna,S/D
2020,5297,2020-08-04,Martes,15:30:00,,0.0,2,"Moto/Ciclomotor,Automóvil",Dr Zavalla Y J J Paso,2,1,0,0,1,0,0,"-31.661169871083,-60.7245772784",Avenida,,SANTA FE,La Capital,Asfalto,No existe,I,Dentro,Urbana,Ninguna,No existe,Intersección,Bueno,Buena,Diurna,Buen Tiempo,Lateral,S/D,Colisión,Ninguna,Faltante,"Cordón divisorio,Vegetación",Sin restricción
2020,5298,2020-11-04,Miercoles,17:30:00,,0.0,1,Automóvil,Runciman 1300,1,1,0,0,0,0,0,"-33.76336, -61.95281",S/D,,VENADO TUERTO,General LÓPEZ,S/D,S/D,VIII,S/D,S/D,S/D,S/D,S/D,S/D,S/D,S/D,S/D,S/D,S/D,Despiste,S/D,S/D,S/D,S/D
2020,5299,2020-12-12,Sabado,23:30:00,Autopista Nacional Rosario -Cordoba,0.0,2,"Automóvil,Automóvil", ,4,2,0,0,2,0,0,"-32.94176, -60.80963",Autopista,Rosario -Cordoba,FUNES,Rosario,Asfalto,Natural,II,Dentro,Rural,Ninguna,No existe,Recta,Bueno,Buena,Nocturna,S/D,Frontal,S/D,Colisión,Ninguna,Horizontal,Vegetación,Sin restricción
2020,5300,2020-10-28,Miercoles,19:30:00,,0.0,2,"Automóvil,Moto/Ciclomotor",Candido Pujato Y 1ro de Mayo,2,1,0,0,1,0,0,"    -31.63341, -60.7066",Calle,,SANTA FE,La Capital,Asfalto,Pavimento,I,Dentro,Urbana,Ninguna,No existe,Intersección,Bueno,S/D,Amanecer,Buen Tiempo,Lateral,S/D,Colisión,Ninguna,S/D,Ninguna,Obra en Construcción
2020,5301,2020-12-15,Martes,10:00:00,,0.0,2,"Pickup/Utilitario,Camión Chasis",1 de Mayo Y Italia,5,2,0,0,3,0,0,"-32.99949, -60.77668",Calle,,PEREZ,Rosario,Asfalto,Pavimento,II,Dentro,Urbana,Ninguna,No existe,Intersección,Bueno,Buena,Diurna,Buen Tiempo,Frontal,S/D,Colisión,Ninguna,S/D,Ninguna,Sin restricción
2020,5302,2020-11-04,Miercoles,22:20:00,,0.0,2,"Automóvil,Moto/Ciclomotor",Aguero Y Juan Lavalle,2,0,1,0,1,0,0,"-33.73995, -61.9761",S/D,,VENADO TUERTO,General LÓPEZ,S/D,S/D,VIII,S/D,S/D,S/D,S/D,S/D,S/D,S/D,S/D,S/D,S/D,S/D,S/D,S/D,S/D,S/D,S/D
2020,5303,2020-10-26,Lunes,18:00:00,,0.0,2,"Camión Chasis,Moto/Ciclomotor",9 de Julio Y La Rioja,2,1,0,0,1,0,0,"    -31.64512, -60.7088",Calle,,SANTA FE,La Capital,Asfalto,Pavimento,I,Dentro,Urbana,Ninguna,No existe,Intersección,Bueno,Buena,Atardecer,Buen Tiempo,Lateral,S/D,Colisión,Ninguna,Faltante,Ninguna,Sin restricción
2020,5304,2020-12-13,Domingo,04:00:00,,0.0,1,Moto/Ciclomotor,Alvarado 900,1,1,0,0,0,0,0,"-33.19159, -60.46405",Calle,,FIGHIERA,Rosario,Hormigón,No existe,II,S/D,Urbana,Ninguna,No existe,Recta,Bueno,Buena,Nocturna,Buen Tiempo,Contra objeto fijo,S/D,Colisión,Ninguna,Faltante,Ninguna,Sin restricción
2020,5305,2020-07-28,Martes,06:00:00,,0.0,1,Automóvil,Av. Eudoro Carrasco Y J.B.Cordiviola,1,0,0,0,0,1,0,"-32.91228, -60.67362",Calle,,ROSARIO,Rosario,Asfalto,No existe,II,Dentro,Urbana,Ninguna,No existe,Curva,Bueno,S/D,Nocturna,S/D,Contra objeto fijo,S/D,Colisión,S/D,Faltante,Cordón divisorio,Sin restricción
2020,5306,2020-12-11,Viernes,17:45:00,,0.0,2,"Automóvil,Moto/Ciclomotor",Ameghino Y Moreno,3,2,0,0,1,0,0,"-33.19455, -60.46945",Calle,,FIGHIERA,Rosario,Asfalto,Pavimento,II,S/D,Urbana,Ninguna,No existe,Intersección,Bueno,Buena,Diurna,Buen Tiempo,Frontal,S/D,Colisión,Ninguna,S/D,Ninguna,Sin restricción
2020,5307,2020-07-29,Miercoles,06:09:00,Ruta Provincial 4,40.0,2,"Ambulancia,Moto/Ciclomotor", ,2,0,0,0,1,1,0,"-31.10279, -60.90992",Ruta,4,SANTO DOMINGO,Las Colonias,Asfalto,Natural,XI,Dentro,Rural,Ninguna,No existe,Recta,Bueno,S/D,Nocturna,S/D,S/D,S/D,Colisión,Ninguna,Faltante,Ninguna,Sin restricción
2020,5308,2020-08-20,Jueves,09:30:00,,0.0,2,"Pickup/Utilitario,Moto/Ciclomotor",Corrientes Y San Lorenzo,2,1,0,0,1,0,0,"-31.651893971107,-60.719086323815",Calle,,SANTA FE,La Capital,Asfalto,No existe,I,Dentro,Urbana,Ninguna,No existe,Intersección,Bueno,Buena,Diurna,Buen Tiempo,Lateral,S/D,Colisión,Ninguna,Faltante,Ninguna,Sin restricción
2020,5309,2020-11-04,Miercoles,,Ruta Nacional 168,0.0,1,Automóvil, ,1,1,0,0,0,0,0,"-31.64154, -60.6713",Ruta,168,SANTA FE,La Capital,S/D,S/D,I,S/D,S/D,S/D,S/D,S/D,S/D,S/D,S/D,S/D,S/D,S/D,Despiste,S/D,S/D,S/D,S/D
2020,5310,2020-08-05,Miercoles,15:15:00,,0.0,2,"Moto/Ciclomotor,Automóvil",San Jose Y 3 de Febrero,2,1,0,0,1,0,0,"-31.65554389007,-60.725904232361",Calle,,SANTA FE,La Capital,Asfalto,No existe,I,Dentro,Urbana,Ninguna,No existe,Intersección,Bueno,Buena,Diurna,Buen Tiempo,Lateral,S/D,Colisión,Ninguna,Faltante,Ninguna,Sin restricción
2020,5311,2020-12-12,Sabado,03:50:00,Ruta Provincial 21,0.0,2,"Automóvil,Moto/Ciclomotor", ,3,2,0,0,1,0,0,"-33.19944, -60.45811",Ruta,21,FIGHIERA,Rosario,Asfalto,Ripio,II,S/D,Urbana,S/D,No existe,Cruce,Bueno,Reducida,Con luz artificial,Buen Tiempo,S/D,S/D,Colisión,Ninguna,S/D,S/D,Sin restricción
2020,5312,2020-10-26,Lunes,10:30:00,,0.0,2,"Automóvil,Moto/Ciclomotor",San Martin Y Junin,2,1,0,0,1,0,0,"    -31.63892, -60.70426",Calle,,SANTA FE,La Capital,Asfalto,Pavimento,I,Dentro,Urbana,Ninguna,No existe,Intersección,Bueno,Buena,Diurna,Buen Tiempo,Lateral,S/D,Colisión,Ninguna,Faltante,Ninguna,Sin restricción
2020,5313,2020-12-10,Jueves,10:15:00,Ruta Provincial 21,0.0,2,"Moto/Ciclomotor,Automóvil",Av Gral San Martin Y J F Kennedy,3,2,0,0,1,0,0,"-33.03045, -60.61955",Ruta,21,VILLA GOBERNADOR GÁLVEZ,Rosario,Asfalto,No existe,II,Dentro,Urbana,Ninguna,No existe,Intersección,Bueno,Buena,Diurna,Buen Tiempo,Lateral,S/D,Colisión,Ninguna,Faltante,Ninguna,Sin restricción
2020,5314,2020-08-07,Viernes,23:30:00,,0.0,2,"Moto/Ciclomotor,Automóvil",J J Paso Y San Jose,3,3,0,0,0,0,0,"-31.660804378958,-60.726999507354",Calle,,SANTA FE,La Capital,Asfalto,No existe,I,Dentro,Urbana,Marca Vial,No existe,Intersección,Bueno,Buena,"Nocturna,Con luz artificial",Buen Tiempo,Lateral,S/D,Colisión,Ninguna,Horizontal,Ninguna,Sin restricción
2020,5315,2020-08-24,Lunes,11:15:00,,0.0,2,"Moto/Ciclomotor,Automóvil",San Juan Y Uruguay,2,1,0,0,1,0,0,"-31.658942960438,-60.725261142252",Calle,,SANTA FE,La Capital,Asfalto,No existe,I,Dentro,Urbana,Ninguna,No existe,Intersección,Bueno,Buena,Diurna,Buen Tiempo,Lateral,S/D,Colisión,Ninguna,Faltante,Ninguna,Sin restricción
2020,5316,2020-11-05,Jueves,09:45:00,,0.0,1,Moto/Ciclomotor,Nicolas Avellaneda Y Gral Jose de San Martin,1,1,0,0,0,0,0,"-33.73842, -61.9713",S/D,,VENADO TUERTO,General LÓPEZ,S/D,S/D,VIII,S/D,S/D,S/D,S/D,S/D,S/D,S/D,S/D,S/D,S/D,S/D,Despiste,S/D,S/D,S/D,S/D
2020,5317,2020-10-19,Lunes,21:40:00,Ruta Nacional 33,539.0,1,Camión c / Acoplado, ,1,0,0,0,0,0,1,"-34.2491, -62.65675",Ruta,33,RUFINO,General LÓPEZ,S/D,S/D,VIII,S/D,Rural,S/D,S/D,Recta,Resbaladiza,S/D,Nocturna,Lluvia,S/D,S/D,Despiste,Agua,S/D,S/D,S/D
2020,5318,2020-12-11,Viernes,14:30:00,Ruta Provincial 21,0.0,2,"Automóvil,Moto/Ciclomotor", ,2,1,0,0,1,0,0,"-33.05705, -60.59822",Ruta,21,ALVEAR,Rosario,Asfalto,No existe,II,Dentro,Urbana,Semáforo,Funciona,Intersección,Bueno,Buena,Diurna,Buen Tiempo,Frontal,S/D,Colisión,Ninguna,Vertical,Ninguna,Sin restricción
2020,5319,2020-11-05,Jueves,10:50:00,,0.0,2,"Moto/Ciclomotor,Automóvil",Gral Jose de San Martin Y Nicolas Avellaneda,2,1,0,0,1,0,0,"-33.73842, -61.9713",S/D,,VENADO TUERTO,General LÓPEZ,S/D,S/D,VIII,S/D,S/D,S/D,S/D,S/D,S/D,S/D,S/D,S/D,S/D,S/D,S/D,S/D,S/D,S/D,S/D
2020,5320,2020-10-25,Domingo,17:20:00,,0.0,2,"Automóvil,Moto/Ciclomotor",La Rioja Y San Jeronimo,2,1,0,0,1,0,0,"    -31.64534, -60.70772",Calle,,SANTA FE,La Capital,Asfalto,Pavimento,I,Dentro,Urbana,Ninguna,No existe,Intersección,Bueno,Buena,Atardecer,Buen Tiempo,Lateral,S/D,Colisión,Ninguna,S/D,Ninguna,Sin restricción
2020,5321,2020-11-05,Jueves,19:12:00,,0.0,2,"Moto/Ciclomotor,Pickup/Utilitario",Junin Y Lopez,2,1,0,0,1,0,0,"-33.74514, -61.97498",S/D,,VENADO TUERTO,General LÓPEZ,S/D,S/D,VIII,S/D,S/D,S/D,S/D,S/D,S/D,S/D,S/D,S/D,S/D,S/D,S/D,S/D,S/D,S/D,S/D
2020,5322,2020-12-09,Miercoles,16:00:00,,0.0,2,"Moto/Ciclomotor,Bicicleta",Bv San diego ,3,3,0,0,0,0,0,"-33.01906, -60.62503",Avenida,,VILLA GOBERNADOR GÁLVEZ,Rosario,Asfalto,No existe,II,Dentro,Urbana,Ninguna,Funciona,S/D,Bueno,Buena,Diurna,Buen Tiempo,S/D,Ciclista,Atropello,Ninguna,Faltante,Ninguna,Sin restricción
2020,5323,2020-12-16,Miercoles,16:30:00,,0.0,2,"Moto/Ciclomotor,Automóvil",Chacabuco Y Saenz Pe�a,2,1,0,0,1,0,0,"-33.01775, -60.61449",Calle,,VILLA GOBERNADOR GÁLVEZ,Rosario,Asfalto,No existe,II,Dentro,Urbana,Ninguna,No existe,Intersección,Bueno,Buena,Diurna,Buen Tiempo,Lateral,S/D,Colisión,Ninguna,Faltante,Ninguna,Sin restricción
2020,5324,2020-08-14,Viernes,15:50:00,,0.0,2,"Moto/Ciclomotor,Moto/Ciclomotor",Belgrano Y Junin,2,1,0,0,1,0,0,"-31.639939876305,-60.699650795121",Calle,,SANTA FE,La Capital,Asfalto,No existe,I,Dentro,Urbana,Señal Pare,No existe,Intersección,Bueno,Buena,Diurna,Buen Tiempo,Lateral,S/D,Colisión,Ninguna,Vertical,Ninguna,Sin restricción
2020,5325,2020-11-05,Jueves,,,0.0,2,"Taxi/Remis,Peatón",San Jeronimo Y Bv Pellegrini,2,1,0,0,1,0,0,"-31.63538, -60.70465",S/D,,SANTA FE,La Capital,S/D,S/D,I,S/D,S/D,S/D,S/D,S/D,S/D,S/D,S/D,S/D,S/D,Peatón,Atropello,S/D,S/D,S/D,S/D
2020,5326,2020-12-15,Martes,15:00:00,,0.0,2,"Moto/Ciclomotor,Automóvil",Av. Sorrento Y Av. Provincias Unidas,2,1,0,0,1,0,0,"-32.9084, -60.71412",Avenida,,ROSARIO,Rosario,Asfalto,No existe,II,Dentro,Urbana,Semáforo,Funciona,Rotonda,Bueno,Buena,Diurna,Buen Tiempo,Otro,S/D,Colisión,Ninguna,Faltante,Ninguna,Sin restricción
2020,5327,2020-10-16,Viernes,,,0.0,2,"Moto/Ciclomotor,Pickup/Utilitario",Vieytes Y Gdor Servando Bayo,2,0,1,0,1,0,0,"-31.59576, -60.72917",Calle,,SANTA FE,La Capital,S/D,S/D,I,S/D,Urbana,S/D,S/D,Intersección,S/D,S/D,S/D,S/D,S/D,S/D,Colisión,S/D,S/D,S/D,S/D
2020,5328,2020-08-26,Miercoles,11:25:00,,0.0,2,"Moto/Ciclomotor,Automóvil",Roberto Arlt 4000,2,1,0,0,1,0,0,"-31.661942, -60.727521",Calle,,SANTA FE,La Capital,Asfalto,No existe,I,Dentro,Urbana,Marca Vial,No existe,Intersección,Bueno,Buena,Diurna,Buen Tiempo,Lateral,S/D,Colisión,Ninguna,Horizontal,Ninguna,Sin restricción
2020,5329,2020-08-11,Martes,15:40:00,,0.0,2,"Automóvil,Moto/Ciclomotor",Juan de Garay Y 1ro de Mayo,2,1,0,0,1,0,0,"-31.65183785196,-60.712206739904",Calle,,SANTA FE,La Capital,Asfalto,No existe,I,Dentro,Urbana,Paso Peatonal,No existe,Intersección,Bueno,Buena,Diurna,Buen Tiempo,Lateral,S/D,Colisión,Ninguna,Horizontal,Ninguna,Sin restricción
2020,5330,2020-12-01,Martes,15:30:00,,0.0,2,"Bicicleta,Moto/Ciclomotor",Av. Genova Y Garzon,2,0,1,0,0,0,1,"-32.91582, -60.70635",Avenida,,ROSARIO,Rosario,Asfalto,No existe,II,Dentro,Urbana,Ninguna,No existe,Intersección,Bueno,Buena,Diurna,Buen Tiempo,S/D,Ciclista,Atropello,Ninguna,Faltante,Ninguna,Sin restricción
2020,5331,2020-10-29,Jueves,13:30:00,,0.0,2,"Bicicleta,Automóvil",Callao Y Biedma,2,1,0,0,1,0,0,"    -32.97744, -60.66891",Calle,,ROSARIO,Rosario,Asfalto,No existe,II,Dentro,Urbana,S/D,No existe,Intersección,Bueno,Reducida polvo,Diurna,Buen Tiempo,S/D,Ciclista,Atropello,Ninguna,Faltante,Ninguna,Sin restricción
2020,5332,2020-08-28,Viernes,17:40:00,,0.0,2,"Moto/Ciclomotor,Moto/Ciclomotor",Dr Zavalla Y Entre Rios,2,1,0,0,1,0,0,"-31.65770330826,-60.723606740475",Calle,,SANTA FE,La Capital,Asfalto,No existe,I,Dentro,Urbana,Marca Vial,No existe,Intersección,Bueno,Buena,Diurna,Buen Tiempo,Lateral,S/D,Colisión,Ninguna,Horizontal,Línea divisoria pintada,Sin restricción
2020,5333,2020-12-15,Martes,11:30:00,Autopista Nacional Rosario -Cordoba,0.0,2,"Camión c / Semirremolque,Camión Chasis", ,4,2,0,0,2,0,0,"-32.94973, -60.73748",Autopista,Rosario -Cordoba,ROSARIO,Rosario,Asfalto,Pavimento,II,S/D,Urbana,S/D,No existe,Recta,Bueno,Buena,Diurna,Buen Tiempo,S/D,S/D,Colisión,Ninguna,S/D,S/D,Sin restricción
2020,5334,2020-11-05,Jueves,17:00:00,Ruta Provincial 6,0.0,2,"Taxi/Remis,Automóvil", ,2,2,0,0,0,0,0,"-31.47811, -60.91918",Ruta,6,ESPERANZA,Las Colonias,S/D,S/D,XI,S/D,S/D,S/D,S/D,S/D,S/D,S/D,S/D,S/D,S/D,S/D,S/D,S/D,S/D,S/D,S/D
2020,5335,2020-10-16,Viernes,,,0.0,2,"Moto/Ciclomotor,Automóvil",Av. Uriburu 927,2,2,0,0,0,0,0,"-32.99069, -60.64567",Avenida,,ROSARIO,Rosario,S/D,S/D,II,S/D,Urbana,S/D,S/D,Recta,S/D,S/D,S/D,S/D,S/D,S/D,Colisión,S/D,S/D,S/D,S/D
2020,5336,2020-08-03,Lunes,18:00:00,Ruta Nacional A012,0.0,2,"Moto/Ciclomotor,Camión c / Semirremolque",Ruta Provincial 14 ,2,0,1,0,1,0,0,"-33.091917, -60.790867",Ruta,A012,PIÑERO,Rosario,Asfalto,Natural,II,Dentro,Rural,Señal Pare,No existe,Cruce,Bueno,Buena,Diurna,Buen Tiempo,Lateral,S/D,Colisión,Ninguna,"Horizontal,Vertical",Línea divisoria pintada,Sin restricción
2020,5337,2020-12-12,Sabado,11:40:00,,0.0,2,"Bicicleta,Automóvil",Donado Y Pje. Conte De Alio,2,1,0,0,1,0,0,"-32.92917, -60.72743",Calle,,ROSARIO,Rosario,Asfalto,No existe,II,Dentro,Urbana,Ninguna,No existe,Intersección,Bueno,Buena,Diurna,Buen Tiempo,S/D,Ciclista,Atropello,Ninguna,Faltante,Ninguna,Sin restricción
2020,5338,2020-10-25,Domingo,18:40:00,,0.0,2,"Moto/Ciclomotor,Automóvil",Belgrano ,3,2,0,0,1,0,0,"    -30.7889, -60.59094",Calle,,SAN JUSTO,San Justo,Asfalto,No existe,XVI,Dentro,Urbana,S/D,No existe,Intersección,Deteriorada,Buena,Atardecer,Buen Tiempo,Lateral,S/D,Colisión,S/D,Faltante,Ninguna,Sin restricción
2020,5339,2020-12-15,Martes,09:00:00,,0.0,2,"Automóvil,Moto/Ciclomotor",Av. Genova Y Sanchez de Loria,3,2,0,0,1,0,0,"-32.91656, -60.73278",Calle,,ROSARIO,Rosario,Asfalto,No existe,II,Dentro,Urbana,Ninguna,No existe,Intersección,Bueno,Buena,Diurna,Buen Tiempo,Otro,S/D,Colisión,Ninguna,Faltante,Ninguna,Sin restricción
2020,5340,2020-08-28,Viernes,22:20:00,Ruta Nacional A012,0.0,2,"Automóvil,Camión c / Acoplado", ,4,1,0,0,3,0,0,"-33.089670, -60.699899",Ruta,A012,LA CAROLINA,Rosario,Asfalto,Ripio,II,Dentro,Urbana,Semáforo,Funciona,Cruce,Bueno,Buena,"Nocturna,Con luz artificial",Buen Tiempo,Frontal,S/D,Colisión,Ninguna,"Horizontal,Vertical",Línea divisoria pintada,Sin restricción