anio_acci,nro_acci,fecha,desc_dia,hora_aprox,desc_ruta,km,cant_participantes,desc_participante,calle_avenida_km,total,heridos_leves,heridos_graves,heridos_gravisimos,ilesos,fallecidos,sin_datos,posicion_XY,desc_tipo_via,desc_ruta_ori,desc_loc,desc_dpto,desc_tipo_calzada,desc_tipo_banquina,desc_unidad_regional,desc_lugar_calzada,desc_zona,desc_prioridad,desc_estado_semaforo,desc_lugar_via,desc_estado_via,desc_estado_visibilidad,desc_luminosidad,desc_estado_clima,desc_tipo_colision,desc_tipo_atropello,desc_tipo_hecho,desc_pres_calzada,desc_senializacion,desc_separacion_via,desc_restriccion
2020,5341,2020-08-02,Domingo,23:45:00,,0.0,2,"Automóvil,Moto/Ciclomotor",Saavedra 2700,2,1,0,0,1,0,0,"-31.642790084404,-60.715042008341",Calle,,SANTA FE,La Capital,Hormigón,No existe,I,Dentro,Urbana,Ninguna,No existe,Intersección,Bueno,Reducida,Nocturna,Buen Tiempo,De alcance,S/D,Colisión,Ninguna,Faltante,Ninguna,Sin restricción
2020,5342,2020-10-16,Viernes,,,0.0,2,"Moto/Ciclomotor,Moto/Ciclomotor",Chiclana Y Azcuenaga,2,1,0,0,0,0,1,"-31.58747, -60.7271",Calle,,SANTA FE,La Capital,S/D,S/D,I,S/D,Urbana,S/D,S/D,Intersección,S/D,S/D,S/D,S/D,S/D,S/D,Colisión,S/D,S/D,S/D,S/D
2020,5343,2020-11-05,Jueves,11:50:00,,0.0,2,"Pickup/Utilitario,Moto/Ciclomotor",Calle 26 ,2,1,0,0,1,0,0,"-29.12074, -59.65021",S/D,,AVELLANEDA,General Obligado,S/D,S/D,IX,S/D,S/D,S/D,S/D,S/D,S/D,S/D,S/D,S/D,S/D,S/D,S/D,S/D,S/D,S/D,S/D
2020,5344,2020-08-05,Miercoles,21:25:00,,0.0,2,"Automóvil,Moto/Ciclomotor",Av Lopez y Planes Y Bv Pellegrini,4,3,0,0,1,0,0,"-31.632957905530933,-60.71488425135",Avenida,,SANTA FE,La Capital,Hormigón,No existe,I,Dentro,Urbana,Semáforo,Funciona,Intersección,Bueno,Buena,Nocturna,Buen Tiempo,Lateral,S/D,Colisión,Ninguna,Vertical,Cordón divisorio,Sin restricción
2020,5345,2020-12-10,Jueves,11:35:00,Ruta Nacional 9,0.0,3,"Automóvil,Automóvil,Pickup/Utilitario",Av. Eva Peron Y Rodo,4,1,0,0,3,0,0,"-32.93058, -60.72619",Ruta,9,ROSARIO,Rosario,Asfalto,No existe,II,Dentro,Urbana,Ninguna,No existe,Intersección,Bueno,Buena,Diurna,Buen Tiempo,Múltiple,S/D,Colisión,Ninguna,Faltante,Cordón divisorio,Sin restricción
2020,5346,2020-11-05,Jueves,,,0.0,2,"Pickup/Utilitario,Moto/Ciclomotor",Calle 21 Y Calle 18,2,1,0,0,1,0,0,"-29.12341, -59.6557",S/D,,AVELLANEDA,General Obligado,S/D,S/D,IX,S/D,S/D,S/D,S/D,S/D,S/D,S/D,S/D,S/D,S/D,S/D,S/D,S/D,S/D,S/D,S/D
2020,5347,2020-08-22,Sabado,18:00:00,Ruta Provincial 18,10.0,2,"Moto/Ciclomotor,Bicicleta", ,2,2,0,0,0,0,0,"-33.133852, -60.713159",Ruta,18,MONTE FLORES,Rosario,Asfalto,Ripio,II,Dentro,Rural,Ninguna,No existe,Recta,Bueno,Buena,Atardecer,Buen Tiempo,S/D,Ciclista,Atropello,Ninguna,Faltante,Línea divisoria pintada,Sin restricción
2020,5348,2020-08-06,Jueves,23:00:00,,0.0,2,"Moto/Ciclomotor,Taxi/Remis",Francia Y Tucuman,2,1,0,0,1,0,0,"-31.644913624124,-60.714288697159",Calle,,SANTA FE,La Capital,Hormigón,No existe,I,Dentro,Urbana,Ninguna,No existe,Intersección,Bueno,Buena,Nocturna,Buen Tiempo,Lateral,S/D,Colisión,Ninguna,Faltante,Ninguna,Sin restricción
2020,5349,2020-10-16,Viernes,16:25:00,,0.0,2,"Automóvil,Automóvil",Carriego Y Cochabamba,2,1,0,0,1,0,0,"-32.94938, -60.69174",Calle,,ROSARIO,Rosario,S/D,S/D,II,S/D,Urbana,S/D,S/D,Intersección,S/D,S/D,Diurna,S/D,S/D,S/D,Colisión,S/D,S/D,S/D,S/D
2020,5350,2020-12-09,Miercoles,12:20:00,,0.0,2,"Moto/Ciclomotor,Automóvil",Av. Azcuenaga Y Bv. Wilde,2,1,0,0,1,0,0,"-32.92661, -60.739",Calle,,ROSARIO,Rosario,Asfalto,No existe,II,Dentro,Urbana,Ninguna,No existe,Intersección,Bueno,Buena,Nocturna,Buen Tiempo,Otro,S/D,Colisión,Ninguna,Faltante,Ninguna,Sin restricción
2020,5351,2020-11-05,Jueves,,Ruta Nacional 11,0.0,2,"Automóvil,Moto/Ciclomotor",Calle 63-Gral Urquiza ,4,4,0,0,0,0,0,"-29.1672, -59.65745",Ruta,11,RECONQUISTA,General Obligado,S/D,S/D,IX,S/D,Urbana,S/D,S/D,S/D,S/D,S/D,S/D,S/D,S/D,S/D,S/D,S/D,S/D,S/D,S/D
2020,5352,2020-12-16,Miercoles,14:40:00,Ruta Nacional 9,0.0,2,"Moto/Ciclomotor,Automóvil",Av. Eva Peron 7600,2,1,0,0,1,0,0,"-32.93075, -60.72507",Ruta,9,ROSARIO,Rosario,Asfalto,No existe,II,Dentro,Urbana,Semáforo,Funciona,Recta,Bueno,Buena,Diurna,Buen Tiempo,S/D,S/D,Colisión,Ninguna,S/D,Cordón divisorio,Sin restricción
2020,5353,2020-12-16,Miercoles,16:45:00,,0.0,2,"Bicicleta,Pickup/Utilitario",Av Gral Paz Y Lavalle,2,1,0,0,1,0,0,"-31.61134, -60.67903",Calle,,SANTA FE,La Capital,Asfalto,No existe,I,Dentro,Urbana,Ninguna,No existe,S/D,Bueno,Buena,Diurna,Buen Tiempo,Lateral,Ciclista,Atropello,Ninguna,S/D,Ninguna,Sin restricción
2020,5354,2020-10-25,Domingo,22:55:00,,0.0,2,"Moto/Ciclomotor,Otros",Guayaquil Y Zeballos bis,2,1,0,0,0,0,1,"    -32.78833, -60.7313",Calle,,FRAY LUIS BELTRÁN,San Lorenzo,Asfalto,S/D,XVII,Dentro,Urbana,Ninguna,S/D,Intersección,Con baches,S/D,Nocturna,Buen Tiempo,Lateral,S/D,Colisión,Ninguna,Faltante,Línea divisoria pintada,Sin restricción
2020,5355,2020-12-15,Martes,09:10:00,,0.0,2,"Transporte de Pasajeros Urbano (> 8 asientos),Moto/Ciclomotor", ,3,1,0,0,0,0,2,"-31.60631, -60.67607",Calle,,SANTA FE,La Capital,Asfalto,S/D,I,Dentro,Urbana,Ninguna,S/D,S/D,S/D,Reducida,Diurna,S/D,S/D,S/D,Colisión,S/D,S/D,S/D,Sin restricción
2020,5356,2020-11-06,Viernes,,,0.0,2,"Automóvil,Pickup/Utilitario",Nicasio Oroño Y A. Capdevila,2,1,0,0,1,0,0,"-32.8088, -61.38776",S/D,,CAÑADA DE GÓMEZ,Iriondo,S/D,S/D,X,S/D,S/D,S/D,S/D,S/D,S/D,S/D,S/D,S/D,S/D,S/D,S/D,S/D,S/D,S/D,S/D
2020,5357,2020-10-16,Viernes,16:00:00,,0.0,2,"Moto/Ciclomotor,Automóvil", ,2,0,1,0,1,0,0,"-32.95871, -60.69303",S/D,,ROSARIO,Rosario,S/D,S/D,II,S/D,S/D,S/D,S/D,S/D,S/D,S/D,Diurna,S/D,S/D,S/D,Colisión,S/D,S/D,S/D,S/D
2020,5358,2020-10-27,Martes,,Ruta Nacional 11,0.0,1,Moto/Ciclomotor,Av San Martin Y Republica del Pareguay,1,1,0,0,0,0,0,"    -32.76174, -60.73291",Ruta,11,SAN LORENZO,San Lorenzo,S/D,S/D,XVII,Dentro,Urbana,S/D,S/D,S/D,S/D,S/D,S/D,S/D,Contra objeto fijo,S/D,Colisión,S/D,S/D,S/D,S/D
2020,5359,2020-08-12,Miercoles,07:25:00,Ruta Provincial 26,32.0,2,"Moto/Ciclomotor,Bicicleta", Ruta Provincial 26 ,2,2,0,0,0,0,0,"-33.240140584127,-60.808952411646",Ruta,26,CARMEN DEL SAUCE,Rosario,Asfalto,Ripio,II,Dentro,Urbana,Ninguna,No existe,Recta,Bueno,Buena,Diurna,Buen Tiempo,Lateral,Ciclista,"Colisión,Atropello",Ninguna,Faltante,Línea divisoria pintada,Sin restricción
2020,5360,2020-08-07,Viernes,13:20:00,,0.0,2,"Moto/Ciclomotor,Automóvil",Av Lopez y Planes 3500,2,1,0,0,1,0,0,"-31.633206296783,-60.713740689257",Avenida,,SANTA FE,La Capital,Hormigón,No existe,I,Dentro,Urbana,Semáforo,Funciona,Intersección,Con baches,Buena,Diurna,Buen Tiempo,De alcance,S/D,Colisión,Ninguna,Vertical,Cordón divisorio,Sin restricción
2020,5361,2020-08-05,Miercoles,09:00:00,,0.0,2,"Moto/Ciclomotor,Automóvil",Av Lopez y Planes Y Juan Del Campillo,2,1,0,0,1,0,0,"-31.627262680169,-60.713827056123",Avenida,,SANTA FE,La Capital,Asfalto,No existe,I,Dentro,Urbana,Semáforo,Funciona,Intersección,Bueno,Buena,Diurna,Buen Tiempo,Lateral,S/D,Colisión,Ninguna,"Horizontal,Vertical",Ninguna,Sin restricción
2020,5362,2020-12-16,Miercoles,12:15:00,,0.0,2,"Moto/Ciclomotor,Automóvil",Albert Sabin Y J.J.Paso,3,1,0,0,2,0,0,"-32.91952, -60.68866",Avenida,,ROSARIO,Rosario,Asfalto,S/D,II,Dentro,Urbana,Semáforo,Funciona,Intersección,Bueno,Buena,Diurna,Buen Tiempo,De alcance,S/D,Colisión,Ninguna,"Horizontal,Vertical",Cordón divisorio,Sin restricción
2020,5363,2020-11-06,Viernes,,Ruta Nacional 11,0.0,2,"Automóvil,Automóvil", ,5,5,0,0,0,0,0,"-31.77211, -60.83621",Ruta,11,SAUCE VIEJO,La Capital,S/D,S/D,I,S/D,S/D,S/D,S/D,S/D,S/D,S/D,S/D,S/D,S/D,S/D,S/D,S/D,S/D,S/D,S/D
2020,5364,2020-11-07,Sabado,01:30:00,,0.0,2,"Automóvil,Moto/Ciclomotor",Av Gral San Martin Y Libertad,2,1,0,0,1,0,0,"-33.02108, -60.62972",S/D,,VILLA GOBERNADOR GÁLVEZ,Rosario,S/D,S/D,II,S/D,S/D,S/D,S/D,S/D,S/D,S/D,S/D,S/D,S/D,S/D,S/D,S/D,S/D,S/D,S/D
2020,5365,2020-08-28,Viernes,23:00:00,,0.0,2,"Moto/Ciclomotor,Otros",Av Freyre Y Tucuman,2,1,0,0,1,0,0,"-31.643976649679,-60.718139858807",Avenida,,SANTA FE,La Capital,Hormigón,No existe,I,Dentro,Urbana,Semáforo,Funciona,Recta,Bueno,Buena,Nocturna,Buen Tiempo,Lateral,S/D,Colisión,Ninguna,"Horizontal,Vertical",Cordón divisorio,Sin restricción
2020,5366,2020-11-07,Sabado,13:15:00,Ruta Secundaria 32-s,0.0,2,"Moto/Ciclomotor,Moto/Ciclomotor", ,2,2,0,0,0,0,0,"-28.49958, -59.61238",Ruta,32-s,VILLA ANA,General Obligado,S/D,S/D,IX,S/D,S/D,S/D,S/D,S/D,S/D,S/D,S/D,S/D,S/D,S/D,S/D,S/D,S/D,S/D,S/D
2020,5367,2020-10-16,Viernes,,,0.0,2,"Moto/Ciclomotor,Automóvil",Hipolito Yrigoyen Y España,2,1,0,0,1,0,0,"-33.04453, -61.16883",Calle,,CASILDA,Caseros,S/D,S/D,IV,S/D,Urbana,S/D,S/D,Intersección,S/D,S/D,S/D,S/D,S/D,S/D,Colisión,S/D,S/D,S/D,S/D
2020,5368,2020-11-08,Domingo,,,0.0,2,"Automóvil,Automóvil",Av. Wheelwright Y Entre Rios,2,1,0,0,1,0,0,"-32.93516, -60.64407",S/D,,ROSARIO,Rosario,S/D,S/D,II,S/D,S/D,S/D,S/D,S/D,S/D,S/D,S/D,S/D,S/D,S/D,S/D,S/D,S/D,S/D,S/D
2020,5369,2020-08-31,Lunes,19:20:00,,0.0,2,"Automóvil,Moto/Ciclomotor",Francia Y Primera Junta,2,1,0,0,1,0,0,"-31.645971587659,-60.714591965471",Calle,,SANTA FE,La Capital,Asfalto,No existe,I,Dentro,Urbana,Ninguna,No existe,Intersección,Bueno,Buena,Atardecer,Buen Tiempo,Lateral,S/D,Colisión,Ninguna,Faltante,Ninguna,Sin restricción
2020,5370,2020-10-16,Viernes,,,0.0,1,Moto/Ciclomotor,Boulevard Villada 3900,1,1,0,0,0,0,0,"-33.04943, -61.18878",Calle,,CASILDA,Caseros,S/D,S/D,IV,S/D,Urbana,S/D,S/D,Recta,S/D,S/D,S/D,S/D,Atropello animal,S/D,Colisión,S/D,S/D,S/D,S/D
2020,5371,2020-08-28,Viernes,09:50:00,,0.0,2,"Moto/Ciclomotor,Moto/Ciclomotor",Lamadrid Y Mendoza,2,1,0,0,1,0,0,"-31.643839838961,-60.727963812104",Calle,,SANTA FE,La Capital,Asfalto,No existe,I,Dentro,Urbana,Semáforo,Funciona,Intersección,Bueno,Buena,Diurna,Buen Tiempo,Lateral,S/D,Colisión,Ninguna,Vertical,Ninguna,Sin restricción
2020,5372,2020-10-16,Viernes,,Ruta Nacional 33,742.0,2,"Moto/Ciclomotor,Camión c / Acoplado", ,2,0,1,0,1,0,0,"-33.05185, -61.15491",Ruta,33,CASILDA,Caseros,S/D,S/D,IV,S/D,Urbana,S/D,S/D,Recta,S/D,S/D,S/D,S/D,S/D,S/D,Colisión,S/D,S/D,S/D,S/D
2020,5373,2020-08-24,Lunes,09:00:00,,0.0,2,"Bicicleta,Moto/Ciclomotor",Av Pte Peron Y Obispo Gelabert,3,3,0,0,0,0,0,"-31.633698225831,-60.717686673141",Avenida,,SANTA FE,La Capital,Hormigón,No existe,I,Dentro,Urbana,Ninguna,No existe,Recta,Deteriorada,Buena,Diurna,Buen Tiempo,S/D,Ciclista,Atropello,Ninguna,Faltante,Ninguna,Sin restricción
2020,5374,2020-10-17,Sabado,00:30:00,,0.0,1,Automóvil,Guemes 452,3,3,0,0,0,0,0,"-32.36128, -61.33413",Calle,,SAN GENARO NORTE,San JERÓNIMO,S/D,S/D,XV,S/D,Urbana,S/D,S/D,Recta,S/D,S/D,Nocturna,S/D,S/D,S/D,Vuelco,S/D,S/D,S/D,S/D
2020,5375,2020-12-02,Miercoles,,Ruta Provincial 1,0.0,1,Automóvil, ,2,0,2,0,0,0,0,"-31.10526, -60.09542",Ruta,1,HELVECIA,Garay,S/D,S/D,VII,Fuera,S/D,S/D,S/D,Curva,S/D,S/D,S/D,S/D,S/D,S/D,Vuelco,S/D,S/D,S/D,S/D
2020,5376,2020-10-18,Domingo,00:10:00,,0.0,2,"Moto/Ciclomotor,Vehículo Oficial", ,3,2,0,0,1,0,0,"-32.95883, -60.693",Calle,,ROSARIO,Rosario,S/D,S/D,II,S/D,Urbana,S/D,S/D,Intersección,S/D,S/D,Nocturna,S/D,S/D,S/D,Colisión,S/D,S/D,S/D,S/D
2020,5377,2020-12-03,Jueves,17:00:00,,0.0,2,"Moto/Ciclomotor,Automóvil",Gral Urquiza Y N Figueredo,2,1,0,0,1,0,0,"-30.79167, -60.59003",Calle,,SAN JUSTO,San Justo,Asfalto,S/D,XVI,Dentro,Urbana,Ninguna,No existe,Intersección,Bueno,Buena,Diurna,Buen Tiempo,Lateral,S/D,Colisión,Ninguna,Faltante,S/D,Sin restricción
2020,5378,2020-12-09,Miercoles,,,0.0,3,"Automóvil,Pickup/Utilitario,Moto/Ciclomotor",Azcuenaga Y Rivadavia,4,1,1,0,2,0,0,"-31.59514, -60.68906",Calle,,SANTA FE,La Capital,Asfalto,S/D,I,S/D,Urbana,S/D,S/D,Intersección,S/D,S/D,S/D,S/D,Múltiple,S/D,Colisión,S/D,S/D,S/D,S/D
2020,5379,2020-08-20,Jueves,,,0.0,2,"Moto/Ciclomotor,Automóvil",Dr Zavalla Y La Rioja,2,1,0,0,1,0,0,"-31.642559665464,-60.719135700178",Calle,,SANTA FE,La Capital,Hormigón,No existe,I,Dentro,Urbana,Paso Peatonal,No existe,Intersección,Deteriorada,Buena,Diurna,Buen Tiempo,Lateral,S/D,Colisión,Ninguna,Horizontal,Ninguna,Sin restricción
2020,5380,2020-08-01,Sabado,12:20:00,Ruta Nacional 178,193.0,1,Camión c / Semirremolque, ,2,1,0,0,1,0,0,"-32.544760107994094,-61.55057609081",Ruta,178,LA CALIFORNIA,Belgrano,Asfalto,Natural,III,Dentro,Rural,Ninguna,No existe,Recta,Bueno,Buena,Diurna,Buen Tiempo,S/D,S/D,Vuelco,Ninguna,Horizontal,Línea divisoria pintada,Sin restricción
2020,5381,2020-08-08,Sabado,23:40:00,,0.0,2,"Moto/Ciclomotor,Automóvil",Av Lopez y Planes Y Luciano Molinas,2,1,0,0,1,0,0,"-31.629336532459,-60.713895593722",Avenida,,SANTA FE,La Capital,Asfalto,No existe,I,Dentro,Urbana,Semáforo,Funciona,Intersección,Bueno,Buena,Nocturna,Buen Tiempo,Lateral,S/D,Colisión,Ninguna,"Horizontal,Vertical",Cordón divisorio,Sin restricción
2020,5382,2020-12-04,Viernes,18:00:00,,0.0,2,"Pickup/Utilitario,Moto/Ciclomotor",9 de Julio 2550,2,0,1,0,1,0,0,"-30.78853, -60.59313",S/D,,SAN JUSTO,San Justo,Hormigón,No existe,XVI,S/D,Urbana,Ninguna,No existe,Recta,Bueno,Buena,Diurna,Buen Tiempo,Frontal,S/D,Colisión,S/D,Faltante,Ninguna,Sin restricción
2020,5383,2020-10-17,Sabado,16:00:00,Ruta Nacional 11,87.0,1,Moto/Ciclomotor, ,1,0,1,0,0,0,0,"-32.14315, -60.98106",Ruta,11,SAN FABIÁN,San JERÓNIMO,S/D,S/D,XV,S/D,Rural,S/D,S/D,Recta,S/D,S/D,Diurna,S/D,S/D,S/D,Despiste,S/D,S/D,S/D,S/D
2020,5384,2020-12-09,Miercoles,,,0.0,2,"Automóvil,Peatón",Italia Y Urquiza,2,1,0,0,1,0,0,"-32.94123, -60.64699",Calle,,ROSARIO,Rosario,S/D,S/D,II,S/D,Urbana,S/D,S/D,Intersección,S/D,S/D,S/D,S/D,S/D,Peatón,Atropello,S/D,S/D,S/D,S/D
2020,5385,2020-08-20,Jueves,09:55:00,,0.0,2,"Moto/Ciclomotor,Taxi/Remis",Av Pte Peron Y Junin,2,1,0,0,1,0,0,"-31.635810460536,-60.718145613952",Avenida,,SANTA FE,La Capital,Hormigón,No existe,I,Dentro,Urbana,Ninguna,No existe,Intersección,Bueno,Buena,Diurna,Buen Tiempo,Lateral,S/D,Colisión,Ninguna,Faltante,Ninguna,Sin restricción
2020,5386,2020-12-04,Viernes,,,0.0,2,"Automóvil,Moto/Ciclomotor",Avenida Sargento Cabral Y Sarmiento,2,0,1,0,1,0,0,"-31.64143, -60.69444",Avenida,,CERES,San CRISTÓBAL,Asfalto,No existe,XIII,Dentro,Urbana,Ninguna,No existe,Intersección,Bueno,Buena,Amanecer,Buen Tiempo,Lateral,S/D,Colisión,Ninguna,Faltante,Ninguna,Sin restricción
2020,5388,2020-08-12,Miercoles,12:30:00,,0.0,2,"Moto/Ciclomotor,Automóvil",Gdor Freyre Y Luciano Torrent,2,1,0,0,1,0,0,"-31.622070538684,-60.711769118508",Avenida,,SANTA FE,La Capital,Asfalto,No existe,I,Dentro,Urbana,Ninguna,No existe,Intersección,Bueno,Buena,Diurna,Buen Tiempo,Lateral,S/D,Colisión,Ninguna,Faltante,Ninguna,Sin restricción
2020,5389,2020-10-11,Domingo,06:00:00,,0.0,2,"Moto/Ciclomotor,Automóvil",Belgrano Y Colon,4,2,0,0,2,0,0,"-29.45695, -60.21132",Calle,,ROSARIO,Rosario,S/D,S/D,II,S/D,Urbana,S/D,S/D,Intersección,S/D,S/D,Diurna,S/D,S/D,S/D,Colisión,S/D,S/D,S/D,S/D
2020,5390,2020-08-19,Miercoles,16:30:00,,0.0,2,"Automóvil,Moto/Ciclomotor",Catamarca Y Francia,2,1,0,0,1,0,0,"-31.643040885646,-60.713736748421",Calle,,SANTA FE,La Capital,Hormigón,No existe,I,Dentro,Urbana,Ninguna,No existe,Intersección,Bueno,Buena,Diurna,Buen Tiempo,Lateral,S/D,Colisión,Agua,Faltante,Ninguna,Sin restricción
2020,5392,2020-07-02,Jueves,08:45:00,Ruta Nacional 11,584.5,2,"Automóvil,Automóvil", ,4,2,0,0,0,2,0,"-30.6631, -60.49835",Ruta,11,RAMAY�N,San Justo,Asfalto,Natural,XVI,Dentro,Rural,Ninguna,No existe,Recta,Bueno,S/D,Diurna,S/D,Lateral,S/D,Colisión,Ninguna,Faltante,Ninguna,Sin restricción
2020,5393,2020-08-15,Sabado,06:30:00,,0.0,2,"Moto/Ciclomotor,Moto/Ciclomotor",Catamarca Y Dr Zavalla,2,1,0,0,1,0,0,"-31.642028434738,-60.718984028096",Calle,,SANTA FE,La Capital,Hormigón,No existe,I,Dentro,Urbana,Ninguna,No existe,Intersección,Bueno,Reducida,Amanecer,Buen Tiempo,Lateral,S/D,Colisión,Ninguna,Faltante,Ninguna,Sin restricción
2020,5394,2020-10-18,Domingo,,,0.0,2,"Moto/Ciclomotor,Automóvil",America Y Rosario,3,1,2,0,0,0,0,"-31.77448, -60.83838",Calle,,SAUCE VIEJO,La Capital,S/D,S/D,I,S/D,Urbana,S/D,S/D,Intersección,S/D,S/D,S/D,S/D,Múltiple,S/D,Colisión,S/D,S/D,S/D,S/D
2020,5395,2020-12-05,Sabado,21:20:00,,0.0,1,Moto/Ciclomotor,Avenida Mitre Y Avenida Sargento Cabral,1,1,0,0,0,0,0,"-29.88941, -61.94884",S/D,,CERES,San CRISTÓBAL,S/D,No existe,XIII,S/D,Urbana,Ninguna,No existe,Rotonda,Bueno,Buena,Nocturna,Buen Tiempo,Otro,S/D,Despiste,Ninguna,Faltante,Vegetación,Sin restricción
2020,5397,2020-08-13,Jueves,15:40:00,,0.0,2,"Automóvil,Moto/Ciclomotor",Av Pte Peron Y Fray C Rodriguez,2,1,0,0,1,0,0,"-31.61792278289797,-60.718286633491",Avenida,,SANTA FE,La Capital,Asfalto,No existe,I,Dentro,Urbana,Semáforo,Funciona,Intersección,Bueno,Buena,Diurna,Buen Tiempo,Lateral,S/D,Colisión,Ninguna,"Horizontal,Vertical",Ninguna,Sin restricción
2020,5398,2020-12-07,Lunes,15:20:00,,0.0,2,"Moto/Ciclomotor,Moto/Ciclomotor",Primera Junta Y Vicente Casares,2,2,0,0,0,0,0,"-30.00688, -61.84391",Calle,,HERSILIA,San CRISTÓBAL,Tierra,S/D,XIII,Dentro,Urbana,Ninguna,No existe,Intersección,Bueno,Buena,Diurna,Buen Tiempo,S/D,S/D,Colisión,Ninguna,Faltante,Ninguna,Sin restricción
2020,5400,2020-07-14,Martes,21:00:00,,0.0,2,"Bicicleta,Moto/Ciclomotor",Av Blas Parera Y Alberti,2,0,0,0,1,1,0,"-31.5949, -60.72323",Avenida,,SANTA FE,La Capital,Asfalto,No existe,I,Dentro,Urbana,Ninguna,No existe,Intersección,Bueno,S/D,Nocturna,S/D,S/D,Ciclista,Atropello,Ninguna,Faltante,Cordón divisorio,Sin restricción
2020,5401,2020-08-11,Martes,15:00:00,,0.0,2,"Automóvil,Moto/Ciclomotor",Av Freyre Y Gdor Crespo,2,1,0,0,1,0,0,"-31.638777045141,-60.716624114462",Avenida,,SANTA FE,La Capital,Hormigón,No existe,I,Dentro,Urbana,Ninguna,No existe,Intersección,Con baches,Buena,Diurna,Buen Tiempo,Lateral,S/D,Colisión,Ninguna,Faltante,Cordón divisorio,Sin restricción
2020,5402,2020-12-08,Martes,,,0.0,2,"Moto/Ciclomotor,Pickup/Utilitario",Guemes Y Gral Lopez,2,1,0,0,1,0,0,"-31.96897, -60.92276",Calle,,CORONDA,San JERÓNIMO,Asfalto,S/D,XV,S/D,Urbana,S/D,S/D,Intersección,S/D,S/D,S/D,S/D,S/D,S/D,Colisión,S/D,S/D,S/D,S/D
2020,5403,2020-10-18,Domingo,,Ruta Nacional 168,7.0,1,Moto/Ciclomotor, ,1,0,1,0,0,0,0,"-31.6553, -60.61097",Ruta,168,COLASTINE,La Capital,S/D,S/D,I,S/D,Rural,S/D,S/D,Recta,S/D,S/D,S/D,S/D,S/D,S/D,Cañda ocupante,S/D,S/D,S/D,S/D
2020,5404,2020-12-09,Miercoles,,,0.0,2,"Moto/Ciclomotor,Moto/Ciclomotor",Eva Peron Y O'Higgins,3,3,0,0,0,0,0,"-31.89304, -61.87184",Calle,,SAN JORGE,San MARTÍN,Asfalto,S/D,XVIII,S/D,Urbana,S/D,S/D,Intersección,S/D,S/D,S/D,S/D,S/D,S/D,Colisión,S/D,S/D,S/D,S/D
2020,5405,2020-08-18,Martes,07:10:00,,0.0,2,"Moto/Ciclomotor,Automóvil",Av Lopez y Planes Y Cordoba,2,1,0,0,1,0,0,"-31.625167429447178,-60.71379125118",Avenida,,SANTA FE,La Capital,Asfalto,No existe,I,Dentro,Urbana,Ninguna,Funciona,Intersección,Bueno,Buena,Diurna,Buen Tiempo,Lateral,S/D,Colisión,Ninguna,"Horizontal,Vertical",Ninguna,Sin restricción
2020,5406,2020-10-18,Domingo,,,0.0,2,"Peatón,Automóvil",J Castelli Y Av Pe�aloza,2,1,0,0,0,0,1,"-31.60248, -60.71279",Calle,,SANTA FE,La Capital,S/D,S/D,I,S/D,Urbana,S/D,S/D,Intersección,S/D,S/D,S/D,S/D,S/D,Peatón,Atropello,S/D,S/D,S/D,S/D
2020,5407,2020-12-10,Jueves,,,0.0,2,"Automóvil,Moto/Ciclomotor",Viamonte Y Cafferata,4,2,0,0,2,0,0,"-32.95943, -60.67572",Calle,,ROSARIO,Rosario,Asfalto,S/D,II,S/D,Urbana,S/D,S/D,Intersección,S/D,S/D,S/D,S/D,S/D,S/D,Colisión,S/D,S/D,S/D,S/D
2020,5408,2020-12-07,Lunes,09:45:00,,0.0,2,"Moto/Ciclomotor,Automóvil",Hipolito Irigoyen Y Laprida,2,1,0,0,1,0,0,"-30.30442, -61.24239",S/D,,SAN CRISTÓBAL,San CRISTÓBAL,Ripio,Natural,XIII,S/D,S/D,Ninguna,No existe,Recta,Con baches,Buena,Diurna,Buen Tiempo,De alcance,S/D,Colisión,Ninguna,Faltante,Ninguna,Sin restricción
2020,5409,2020-08-19,Miercoles,09:30:00,,0.0,2,"Moto/Ciclomotor,Pickup/Utilitario",Pje Irala 4600,2,1,0,0,1,0,0,"-31.633708620774,-60.724627810291",Calle,,SANTA FE,La Capital,Asfalto,No existe,I,Dentro,Urbana,Semáforo,Funciona,Recta,Bueno,Buena,Diurna,Buen Tiempo,De alcance,S/D,Colisión,Ninguna,"Horizontal,Vertical",Ninguna,Sin restricción
2020,5410,2020-08-10,Lunes,14:00:00,,0.0,2,"Moto/Ciclomotor,Camión Chasis",9 de Julio Y Belgrano,2,0,1,0,1,0,0,"-31.268173358795,-60.760574246819",Calle,,SANTA FE,La Capital,Asfalto,No existe,I,Dentro,Urbana,Ninguna,No existe,Intersección,Bueno,Buena,Diurna,Buen Tiempo,Lateral,S/D,Colisión,Ninguna,Faltante,Ninguna,Sin restricción
2020,5411,2020-12-08,Martes,19:25:00,Ruta Provincial 2,0.0,2,"Moto/Ciclomotor,Automóvil", ,4,1,0,0,3,0,0,"-30.3005, -61.224",Ruta,2,SAN CRISTÓBAL,San CRISTÓBAL,Hormigón,Natural,XIII,Dentro,Rural,S/D,No existe,Recta,Bueno,Buena,Atardecer,Buen Tiempo,S/D,S/D,Colisión,Ninguna,Vertical,S/D,S/D
2020,5412,2020-10-18,Domingo,16:00:00,Autopista Nacional Rosario -Cordoba,301.0,2,"Moto/Ciclomotor,Automóvil", ,2,0,1,0,1,0,0,"-32.92772, -60.88923",Autopista,Rosario -Cordoba,ROSARIO,Rosario,S/D,S/D,II,S/D,Urbana,S/D,S/D,Recta,S/D,S/D,Diurna,S/D,S/D,S/D,Colisión,S/D,S/D,S/D,S/D