anio_acci,nro_acci,fecha,desc_dia,hora_aprox,desc_ruta,km,cant_participantes,desc_participante,calle_avenida_km,total,heridos_leves,heridos_graves,heridos_gravisimos,ilesos,fallecidos,sin_datos,posicion_XY,desc_tipo_via,desc_ruta_ori,desc_loc,desc_dpto,desc_tipo_calzada,desc_tipo_banquina,desc_unidad_regional,desc_lugar_calzada,desc_zona,desc_prioridad,desc_estado_semaforo,desc_lugar_via,desc_estado_via,desc_estado_visibilidad,desc_luminosidad,desc_estado_clima,desc_tipo_colision,desc_tipo_atropello,desc_tipo_hecho,desc_pres_calzada,desc_senializacion,desc_separacion_via,desc_restriccion
2020,5414,2020-08-09,Domingo,21:05:00,Ruta Provincial 4,0.0,2,"Automóvil,Camión c / Acoplado", ,3,2,0,0,1,0,0,"-31.269124, -60.811044",Ruta,4,MANUCHO,La Capital,Asfalto,Natural,I,Dentro,Rural,Marca Vial,No existe,Recta,Bueno,Buena,Diurna,Buen Tiempo,Lateral,S/D,Colisión,Ninguna,Horizontal,Línea divisoria pintada,Sin restricción
2020,5415,2020-12-07,Lunes,11:20:00,,0.0,1,Moto/Ciclomotor,Caseros 200,2,2,0,0,0,0,0,"-30.359, -60.40014",Calle,,GOBERNADOR CRESPO,San Justo,Hormigón,No existe,XVI,Dentro,Urbana,Ninguna,No existe,Recta,Bueno,Buena,Diurna,Buen Tiempo,S/D,S/D,Vuelco,Ninguna,Vertical,Ninguna,Sin restricción
2020,5416,2020-08-20,Jueves,11:15:00,,0.0,2,"Moto/Ciclomotor,Pickup/Utilitario",Bolivia Y Juan Diaz de Solis,2,1,0,0,1,0,0,"-31.622928, -60.719791",Calle,,SANTA FE,La Capital,Asfalto,No existe,I,Dentro,Urbana,Semáforo,Funciona,Intersección,Bueno,Buena,Diurna,Buen Tiempo,Lateral,S/D,Colisión,Ninguna,Vertical,Ninguna,Sin restricción
2020,5417,2020-10-18,Domingo,,,0.0,2,"Moto/Ciclomotor,Automóvil", ,2,0,1,0,1,0,0,"-34.00423, -61.60573",S/D,,VILLA CAÑAS,General LÓPEZ,S/D,S/D,VIII,S/D,S/D,S/D,S/D,S/D,S/D,S/D,S/D,S/D,S/D,S/D,Colisión,S/D,S/D,S/D,S/D
2020,5418,2020-08-28,Viernes,16:35:00,Ruta Provincial 4,0.0,1,Moto/Ciclomotor, ,4,4,0,0,0,0,0,"-31.27541542053225,-60.773524045944",Ruta,4,NELSON,La Capital,Asfalto,Natural,I,Dentro,Rural,Marca Vial,No existe,Recta,Bueno,Buena,Diurna,Buen Tiempo,S/D,S/D,Despiste,Ninguna,Horizontal,Línea divisoria pintada,Sin restricción
2020,5419,2020-07-26,Domingo,00:05:00,,0.0,2,"Automóvil,Peatón",Gral San Martin Y Av Eduardo Minetti,3,1,0,0,1,1,0,"-28.62208, -61.6235",Calle,,VILLA MINETTI,9 de Julio,S/D,S/D,XII,Dentro,Urbana,S/D,S/D,Recta,S/D,S/D,Nocturna,S/D,S/D,Peatón,Atropello,S/D,S/D,S/D,S/D
2020,5420,2020-08-25,Martes,14:20:00,,0.0,2,"Moto/Ciclomotor,Automóvil",Av Pte Peron Y Centenera,2,1,0,0,1,0,0,"-31.62941336631777,-60.718152523040",Avenida,,SANTA FE,La Capital,Asfalto,No existe,I,Dentro,Urbana,Ninguna,No existe,Intersección,Bueno,Buena,Diurna,Buen Tiempo,Lateral,S/D,Colisión,Ninguna,Faltante,Cordón divisorio,Sin restricción
2020,5421,2020-12-06,Domingo,20:30:00,Ruta Provincial 37,0.0,2,"Automóvil,Moto/Ciclomotor", ,4,2,0,0,2,0,0,"-31.42936, -60.34772",Ruta,37,SANTA ROSA DE CALCHINES,Garay,Asfalto,Natural,VII,Dentro,Urbana,Ninguna,No existe,Intersección,Bueno,Buena,Nocturna,Buen Tiempo,Lateral,S/D,Colisión,Ninguna,Faltante,Ninguna,Sin restricción
2020,5422,2020-10-18,Domingo,02:00:00,,0.0,1,Moto/Ciclomotor,San Lorenzo Y Cordoba,1,0,0,0,0,1,0,"-32.20584, -61.70469",Calle,,EL TRÉBOL,San MARTÍN,S/D,S/D,XVIII,S/D,Urbana,S/D,S/D,Intersección,S/D,S/D,Nocturna,S/D,S/D,S/D,Cañda ocupante,S/D,S/D,S/D,S/D
2020,5423,2020-08-24,Lunes,20:25:00,,0.0,2,"Moto/Ciclomotor,Automóvil",Martin Zapata ,2,1,0,0,1,0,0,"-31.619844, -60.699753",Calle,,SANTA FE,La Capital,Asfalto,No existe,I,Dentro,Urbana,S/D,S/D,Intersección,Bueno,Buena,Nocturna,Buen Tiempo,Lateral,S/D,Colisión,Ninguna,S/D,Ninguna,Sin restricción
2020,5424,2020-10-19,Lunes,,,0.0,2,"Moto/Ciclomotor,Automóvil",Av Lopez y Planes Y Pje Irala,2,1,0,0,0,0,1,"-31.62993, -60.71399",Avenida,,SANTA FE,La Capital,S/D,S/D,I,S/D,Urbana,S/D,S/D,Intersección,S/D,S/D,S/D,S/D,S/D,S/D,Colisión,S/D,S/D,S/D,S/D
2020,5425,2020-12-02,Miercoles,,Autovía Nacional 19,0.0,1,Pickup/Utilitario, ,2,2,0,0,0,0,0,"-31.64913, -60.90437",Autovía,19,COLONIA SAN JOSÉ,Las Colonias,Asfalto,Pavimento,XI,S/D,Rural,Ninguna,No existe,Recta,Resbaladiza,Reducida,Diurna,Lluvia,Otro,S/D,Despiste,Agua,Horizontal,Barrera de hormigón,Sin restricción
2020,5426,2020-08-03,Lunes,10:25:00,Ruta Nacional 11,474.0,2,"Moto/Ciclomotor,Moto/Ciclomotor", ,2,1,0,0,1,0,0,"-31.51543, -60.72559",Ruta,11,SANTA FE,La Capital,Asfalto,No existe,I,Dentro,Rural,Ninguna,No existe,Recta,Otro,Buena,Diurna,Otro,Otro,S/D,Colisión,Otro,Faltante,Ninguna,Sin restricción
2020,5427,2020-10-19,Lunes,,,0.0,2,"Moto/Ciclomotor,Automóvil", ,2,0,1,0,1,0,0,"-34.26324, -62.71283",S/D,,RUFINO,General LÓPEZ,S/D,S/D,VIII,S/D,S/D,S/D,S/D,S/D,S/D,S/D,S/D,S/D,S/D,S/D,Colisión,S/D,S/D,S/D,S/D
2020,5428,2020-08-19,Miercoles,19:00:00,,0.0,2,"Moto/Ciclomotor,Automóvil",Artigas Y La Paz,4,2,0,0,2,0,0,"-31.621064959564,-60.715002296222",Calle,,SANTA FE,La Capital,Asfalto,S/D,I,Dentro,Urbana,Ninguna,S/D,Intersección,Bueno,Buena,Atardecer,Buen Tiempo,Lateral,S/D,Colisión,Ninguna,Faltante,Ninguna,Sin restricción
2020,5429,2020-08-07,Viernes,16:10:00,Ruta Nacional 11,0.0,2,"Automóvil,Moto/Ciclomotor",Pte Roca Y Ruta Nacional 11,3,2,0,0,1,0,0,"-31.554383933544162,-60.72765558958",Ruta,11,RECREO,La Capital,Asfalto,Pavimento,I,Dentro,Urbana,Ninguna,No existe,Recta,Otro,Buena,Diurna,Otro,Otro,S/D,Colisión,Ninguna,Faltante,Ninguna,Sin restricción
2020,5430,2020-12-04,Viernes,12:00:00,Ruta Provincial 4,27.0,1,Pickup/Utilitario, ,1,1,0,0,0,0,0,"-31.20649, -60.92288",Ruta,4,CULULÚ,Las Colonias,Asfalto,Natural,XI,Fuera,Rural,Ninguna,No existe,Curva,Bueno,Buena,Diurna,Buen Tiempo,S/D,S/D,Vuelco,Ninguna,S/D,S/D,S/D
2020,5431,2020-12-11,Viernes,,,0.0,2,"Moto/Ciclomotor,Moto/Ciclomotor",Cerrito Y Colombia,3,2,1,0,0,0,0,"-32.95344, -60.71558",Calle,,ROSARIO,Rosario,Asfalto,S/D,II,S/D,Urbana,S/D,S/D,Intersección,S/D,S/D,S/D,S/D,S/D,S/D,Colisión,S/D,S/D,S/D,S/D
2020,5432,2020-08-19,Miercoles,20:00:00,,0.0,2,"Moto/Ciclomotor,Automóvil",Artigas Y La Paz,2,1,0,0,1,0,0,"-31.621064959564,-60.715002296222",Calle,,SANTA FE,La Capital,Asfalto,No existe,I,Dentro,Urbana,Ninguna,No existe,Intersección,Bueno,Buena,"Nocturna,Con luz artificial",Buen Tiempo,Lateral,S/D,Colisión,Ninguna,Faltante,Ninguna,Sin restricción
2020,5433,2020-10-19,Lunes,,,0.0,1,Moto/Ciclomotor, ,1,1,0,0,0,0,0,"-31.44898, -60.93036",S/D,,ESPERANZA,Las Colonias,S/D,S/D,XI,S/D,S/D,S/D,S/D,S/D,S/D,S/D,S/D,S/D,S/D,S/D,Cañda ocupante,S/D,S/D,S/D,S/D
2020,5434,2020-12-07,Lunes,19:30:00,,0.0,2,"Automóvil,Moto/Ciclomotor",Domingo Faustino Sarmiento Y Felicia,2,1,0,0,1,0,0,"-31.41198, -60.91989",Calle,,ESPERANZA,Las Colonias,Tierra,S/D,XI,Dentro,Urbana,Ninguna,No existe,Recta,Bueno,Buena,Atardecer,Buen Tiempo,Lateral,S/D,Colisión,Ninguna,Faltante,Ninguna,Sin restricción
2020,5435,2020-12-07,Lunes,07:25:00,,0.0,2,"Moto/Ciclomotor,Automóvil",San Martin Y E Wuthrich,2,1,0,0,1,0,0,"-31.72472, -61.09241",Calle,,SAN CARLOS CENTRO,Las Colonias,Asfalto,No existe,XI,Dentro,Urbana,Ninguna,No existe,Intersección,Bueno,Buena,Diurna,Buen Tiempo,De alcance,S/D,Colisión,Ninguna,Vertical,Ninguna,Sin restricción
2020,5436,2020-12-11,Viernes,,,0.0,2,"Moto/Ciclomotor,Pickup/Utilitario",Parana 1500,3,2,0,0,1,0,0,"-32.86114, -61.15025",Calle,,CARCARAÑÁ,San Lorenzo,Asfalto,S/D,XVII,S/D,Urbana,S/D,S/D,Recta,S/D,S/D,S/D,S/D,S/D,S/D,Colisión,S/D,S/D,S/D,S/D
2020,5437,2020-10-23,Viernes,15:00:00,,0.0,2,"Moto/Ciclomotor,Automóvil", ,2,1,0,0,1,0,0,"-32.95883, -60.693",Calle,,ROSARIO,Rosario,S/D,S/D,II,S/D,Rural,S/D,S/D,Recta,S/D,S/D,Diurna,S/D,S/D,S/D,Colisión,S/D,S/D,S/D,S/D
2020,5438,2020-08-30,Domingo,19:30:00,,0.0,2,"Moto/Ciclomotor,Moto/Ciclomotor",Av Pe�aloza Y Diagonal Goyena,2,1,0,0,1,0,0,"-31.615916490554774,-60.71319580078",Avenida,,SANTA FE,La Capital,Asfalto,No existe,I,Dentro,Urbana,Ninguna,Funciona,Intersección,Bueno,Buena,Atardecer,Buen Tiempo,Lateral,S/D,Colisión,Ninguna,"Horizontal,Vertical",Cordón divisorio,Sin restricción
2020,5439,2020-12-01,Martes,18:30:00,Ruta Provincial 70,24.0,1,Moto/Ciclomotor, ,2,2,0,0,0,0,0,"-31.42656, -60.99222",Ruta,70,ESPERANZA,Las Colonias,Asfalto,Natural,XI,S/D,S/D,S/D,No existe,Recta,Bueno,S/D,S/D,S/D,S/D,S/D,Vuelco,Ninguna,Faltante,S/D,S/D
2020,5440,2020-08-10,Lunes,,Ruta Nacional 11,473.0,2,"Moto/Ciclomotor,Automóvil", ,2,2,0,0,0,0,0,"-31.53322, -60.72189",Ruta,11,SANTA FE,La Capital,Asfalto,No existe,I,Dentro,Urbana,Ninguna,No existe,Curva,Con baches,Buena,Diurna,Otro,Otro,S/D,Colisión,Otro,Faltante,Ninguna,Sin restricción
2020,5442,2020-12-04,Viernes,16:55:00,,0.0,2,"Automóvil,Moto/Ciclomotor",Aaron Castellanos Y Italia,2,0,1,0,1,0,0,"-31.44732, -60.9415",Calle,,ESPERANZA,Las Colonias,Asfalto,No existe,XI,Dentro,Urbana,Ninguna,No existe,Intersección,Bueno,Buena,Diurna,Buen Tiempo,S/D,S/D,Colisión,Ninguna,Faltante,Ninguna,Sin restricción
2020,5443,2020-12-11,Viernes,,,0.0,2,"Moto/Ciclomotor,Automóvil",Bruselas Y Manuel Belgrano,2,0,1,0,1,0,0,"-32.19582, -61.70391",Calle,,EL TRÉBOL,San MARTÍN,Asfalto,S/D,XVIII,S/D,Urbana,S/D,S/D,Intersección,S/D,S/D,S/D,S/D,S/D,S/D,Colisión,S/D,S/D,S/D,S/D
2020,5444,2020-10-20,Martes,00:30:00,,0.0,1,Moto/Ciclomotor,Av Colon Y Juan de Garay,1,1,0,0,0,0,0,"-32.43909, -60.81681",Calle,,GABOTO,San JERÓNIMO,S/D,S/D,XV,S/D,Urbana,S/D,S/D,Intersección,S/D,S/D,Nocturna,S/D,S/D,S/D,Cañda ocupante,S/D,S/D,S/D,S/D
2020,5445,2020-08-25,Martes,20:00:00,,0.0,2,"Moto/Ciclomotor,Automóvil",Av Lopez y Planes Y Martin Zapata,2,1,0,0,1,0,0,"-31.616975, -60.713190",Avenida,,SANTA FE,La Capital,Asfalto,No existe,I,Dentro,Urbana,Ninguna,No existe,Intersección,Bueno,Buena,"Nocturna,Con luz artificial",Buen Tiempo,Lateral,S/D,Colisión,Ninguna,Faltante,Línea divisoria pintada,Sin restricción
2020,5446,2020-12-05,Sabado,17:45:00,,0.0,2,"Bicicleta,Pickup/Utilitario",General Manuel Belgrano Y Cullen,2,0,1,0,1,0,0,"-31.45258, -60.93036",Calle,,ESPERANZA,Las Colonias,Asfalto,No existe,XI,Dentro,Urbana,Ninguna,No existe,Intersección,Bueno,Buena,Diurna,Buen Tiempo,S/D,Ciclista,Atropello,Ninguna,Faltante,Ninguna,Sin restricción
2020,5447,2020-12-11,Viernes,,,0.0,1,Moto/Ciclomotor,Buenos Aires Y San Martin,1,1,0,0,0,0,0,"-29.46354, -60.21134",Calle,,VERA,Vera,Asfalto,S/D,XIX,S/D,Urbana,S/D,S/D,Intersección,S/D,S/D,S/D,S/D,S/D,S/D,Cañda ocupante,S/D,S/D,S/D,S/D
2020,5448,2020-08-12,Miercoles,12:30:00,,0.0,1,Moto/Ciclomotor,San Juan 500,2,2,0,0,0,0,0,"-31.541035192469,-60.732450354881",Calle,,SANTA FE,La Capital,Ripio,No existe,I,Dentro,Urbana,Ninguna,No existe,Recta,Otro,Buena,Diurna,Otro,S/D,S/D,Cañda ocupante,Otro,Faltante,Ninguna,Sin restricción
2020,5449,2020-12-10,Jueves,,,0.0,2,"Moto/Ciclomotor,Automóvil",RENE FAVALORO Y BUSCHIAZZO,3,1,0,0,2,0,0,"-32.370609317319, -61.361968916589",Calle,,SAN GENARO,San JERÓNIMO,Asfalto,S/D,XV,S/D,Urbana,S/D,S/D,Intersección,S/D,S/D,S/D,S/D,S/D,S/D,Colisión,S/D,S/D,S/D,S/D
2020,5450,2020-08-14,Viernes,14:00:00,Ruta Secundaria 31-s,0.0,2,"Automóvil,Bicicleta",Lavalle Y Santa Fe,2,1,0,0,1,0,0,"-32.478718932776,-61.572663127445",Ruta,31-s,LAS ROSAS,Belgrano,Asfalto,No existe,III,Dentro,Urbana,Ninguna,No existe,Intersección,Bueno,Buena,Diurna,Buen Tiempo,S/D,Ciclista,Atropello,Ninguna,Faltante,Ninguna,Sin restricción
2020,5451,2020-10-20,Martes,18:20:00,,0.0,1,Moto/Ciclomotor,Los Alamos Y Los Paraisos,1,1,0,0,0,0,0,"-31.93707078695299,-60.911598801612",Calle,,CORONDA,San JERÓNIMO,S/D,S/D,XV,S/D,Urbana,S/D,S/D,Intersección,S/D,S/D,Atardecer,S/D,S/D,S/D,S/D,S/D,S/D,S/D,S/D
2020,5452,2020-12-05,Sabado,19:00:00,,0.0,2,"Moto/Ciclomotor,Pickup/Utilitario",Chacabuco Y Rafaela,2,0,1,0,1,0,0,"-31.45093, -60.91704",S/D,,ESPERANZA,Las Colonias,Asfalto,No existe,XI,S/D,S/D,Ninguna,No existe,Intersección,Bueno,Buena,Nocturna,Buen Tiempo,S/D,S/D,Colisión,Ninguna,Faltante,Ninguna,Sin restricción
2020,5453,2020-12-11,Viernes,,,0.0,2,"Bicicleta,Moto/Ciclomotor",Rivadavia Y L de la Torre,2,2,0,0,0,0,0,"-29.46472, -60.21069",Calle,,VERA,Vera,Asfalto,S/D,XIX,S/D,Urbana,S/D,S/D,Intersección,S/D,S/D,S/D,S/D,S/D,Ciclista,Atropello,S/D,S/D,S/D,S/D
2020,5454,2020-08-29,Sabado,06:45:00,Ruta Nacional 11,477.0,1,Moto/Ciclomotor, ,1,1,0,0,0,0,0,"-31.50943279266354,-60.726810693740",Ruta,11,RECREO,La Capital,Asfalto,No existe,I,Dentro,Urbana,Ninguna,No existe,Recta,Otro,Reducida,Amanecer,Otro,S/D,S/D,Despiste,S/D,S/D,Ninguna,Sin restricción
2020,5455,2020-08-13,Jueves,14:40:00,Ruta Nacional A007,0.0,2,"Automóvil,Camión",Av Circunvalaci�n ,2,1,0,0,1,0,0,"-31.624071, -60.729135",Ruta,A007,SANTA FE,La Capital,Asfalto,No existe,I,Dentro,Urbana,Señal Pare,No existe,Recta,Bueno,Buena,Diurna,Buen Tiempo,De alcance,S/D,Colisión,Ninguna,Vertical,Ninguna,Sin restricción
2020,5456,2020-12-05,Sabado,20:20:00,,0.0,2,"Automóvil,Bicicleta",Las Heras 2000,2,1,0,0,1,0,0,"-31.45906, -60.93742",S/D,,ESPERANZA,Las Colonias,Ripio,No existe,XI,S/D,S/D,Ninguna,No existe,Recta,Bueno,Buena,"Nocturna,Con luz artificial",Buen Tiempo,S/D,Ciclista,Atropello,Ninguna,Faltante,Ninguna,Sin restricción
2020,5457,2020-10-20,Martes,16:40:00,,0.0,2,"Moto/Ciclomotor,Automóvil",Mitre B Y 25 de Mayo,5,1,0,0,4,0,0,"-29.45986, -60.21439",Calle,,VERA,Vera,S/D,S/D,XIX,S/D,Urbana,S/D,S/D,Intersección,S/D,S/D,Diurna,S/D,S/D,S/D,Colisión,S/D,S/D,S/D,S/D
2020,5458,2020-12-13,Domingo,,,0.0,2,"Moto/Ciclomotor,Taxi/Remis",Av Pe�aloza Y Espora,2,1,0,0,1,0,0,"-31.59966, -60.71243",Calle,,SANTA FE,La Capital,Asfalto,S/D,I,S/D,Urbana,S/D,S/D,Intersección,S/D,S/D,S/D,S/D,S/D,S/D,Colisión,S/D,S/D,S/D,S/D
2020,5459,2020-08-28,Viernes,18:45:00,,0.0,2,"Pickup/Utilitario,Moto/Ciclomotor",Maipu Y Mendoza,3,1,0,0,2,0,0,"-32.479705539047,-61.579913327547",Calle,,LAS ROSAS,Belgrano,Asfalto,No existe,III,Dentro,Urbana,Ninguna,No existe,Intersección,Bueno,Buena,Diurna,Buen Tiempo,S/D,S/D,Colisión,Ninguna,Faltante,Ninguna,Sin restricción
2020,5460,2020-12-13,Domingo,,,0.0,2,"Bicicleta,Automóvil",Martin Fierro Y Bv. Rondeau,2,1,0,0,1,0,0,"-32.87804, -60.69745",Calle,,ROSARIO,Rosario,Asfalto,S/D,II,S/D,Urbana,S/D,S/D,Intersección,S/D,S/D,S/D,S/D,S/D,Ciclista,Atropello,S/D,S/D,S/D,S/D
2020,5461,2020-08-09,Domingo,18:40:00,,0.0,2,"Vehículo Oficial,Moto/Ciclomotor",Sabroso Hilario Y Tucuman,4,3,1,0,0,0,0,"-31.657174782364,-60.7700038435",Calle,,SANTO TOMÉ,La Capital,Tierra,No existe,I,Dentro,Urbana,Ninguna,No existe,Intersección,Ahuellamiento,Buena,Diurna,Buen Tiempo,Lateral,S/D,Colisión,Ninguna,Faltante,Ninguna,Sin restricción
2020,5462,2020-08-17,Lunes,16:00:00,,0.0,1,Moto/Ciclomotor,Calle 16 Y Calle 5,1,1,0,0,0,0,0,"-32.687794256361,-61.517376370236",Calle,,LAS PAREJAS,Belgrano,Asfalto,No existe,III,Dentro,Urbana,Ninguna,No existe,Intersección,Bueno,Buena,Diurna,Buen Tiempo,Atropello animal,S/D,Colisión,Ninguna,Faltante,Ninguna,Sin restricción
2020,5463,2020-08-01,Sabado,21:40:00,,0.0,2,"Automóvil,Moto/Ciclomotor",Av A del Valle Y Martin Zapata,2,1,0,0,1,0,0,"-31.620067, -60.698621",Avenida,,SANTA FE,La Capital,Asfalto,No existe,I,Dentro,Urbana,Ninguna,No existe,Intersección,Bueno,Buena,Nocturna,Buen Tiempo,Lateral,S/D,Colisión,Ninguna,Faltante,Ninguna,Sin restricción
2020,5464,2020-10-20,Martes,19:40:00,,0.0,2,"Moto/Ciclomotor,Pickup/Utilitario",Falucho Y Moreno,2,1,0,0,1,0,0,"-32.02638, -61.21764",Calle,,GÁLVEZ,San JERÓNIMO,S/D,S/D,XV,S/D,Urbana,S/D,S/D,Intersección,S/D,S/D,Atardecer,S/D,S/D,S/D,Colisión,S/D,S/D,S/D,S/D
2020,5465,2020-08-22,Sabado,20:50:00,,0.0,2,"Moto/Ciclomotor,Moto/Ciclomotor",Calle 12 Y Calle 25,5,2,3,0,0,0,0,"-32.67860881961,-61.525408258035",Calle,,LAS PAREJAS,Belgrano,Asfalto,No existe,III,Dentro,Urbana,Ninguna,No existe,Recta,Bueno,Buena,"Nocturna,Con luz artificial",Buen Tiempo,Frontal,S/D,Colisión,Ninguna,Faltante,Ninguna,Sin restricción
2020,5466,2020-08-13,Jueves,12:00:00,,0.0,2,"Pickup/Utilitario,Moto/Ciclomotor",13 de diciembre Y Santa Fe,2,1,0,0,1,0,0,"-31.655137825608,-60.780203280985",Calle,,SANTO TOMÉ,La Capital,Ripio,No existe,I,Dentro,Urbana,Ninguna,No existe,Intersección,Bueno,Buena,Diurna,Buen Tiempo,S/D,S/D,Colisión,Ninguna,Faltante,Ninguna,Sin restricción
2020,5467,2020-08-07,Viernes,05:50:00,Ruta Nacional 11,0.0,2,"Bicicleta,Camión c / Acoplado",Roverano Y Ruta 11 Avenida Richieri,2,1,0,0,1,0,0,"-31.690252,-60.79439",Ruta,11,SANTO TOMÉ,La Capital,Asfalto,Natural,I,Dentro,Urbana,Marca Vial,No existe,Recta,Bueno,Buena,"Nocturna,Con luz artificial",Buen Tiempo,S/D,Ciclista,Atropello,Ninguna,Horizontal,Línea divisoria pintada,Sin restricción
2020,5468,2020-10-20,Martes,11:00:00,,0.0,2,"Moto/Ciclomotor,Otros", ,2,0,1,0,1,0,0,"-32.02927, -61.22441",S/D,,GÁLVEZ,San JERÓNIMO,S/D,S/D,XV,S/D,S/D,S/D,S/D,S/D,S/D,S/D,Diurna,S/D,S/D,S/D,Colisión,S/D,S/D,S/D,S/D
2020,5469,2020-08-24,Lunes,18:00:00,,0.0,2,"Bicicleta,Moto/Ciclomotor",Calle 28 Y Cortada 11 bis,2,1,0,0,1,0,0,"-32.68169388117,-61.511495000811",Calle,,LAS PAREJAS,Belgrano,Asfalto,No existe,III,Dentro,Urbana,Ninguna,No existe,Intersección,Bueno,Buena,Diurna,Buen Tiempo,S/D,Ciclista,Atropello,Ninguna,Faltante,Ninguna,Sin restricción
2020,5470,2020-08-28,Viernes,23:20:00,,0.0,2,"Moto/Ciclomotor,Moto/Ciclomotor",Avenida 17 Y Calle 22,2,1,0,0,1,0,0,"-32.68040441241,-61.516739664182",Avenida,,LAS PAREJAS,Belgrano,Asfalto,No existe,III,Dentro,Urbana,Ninguna,No existe,Intersección,Bueno,Buena,Diurna,Buen Tiempo,Lateral,S/D,Colisión,Ninguna,Faltante,Ninguna,Sin restricción
2020,5471,2020-08-05,Miercoles,03:00:00,,0.0,2,"Moto/Ciclomotor,Automóvil",Av Facundo Zuviria Y Pedro Ferre,2,1,0,0,1,0,0,"-31.625384504203,-60.705322920118",Avenida,,SANTA FE,La Capital,Asfalto,No existe,I,Dentro,Urbana,Ninguna,No existe,Intersección,Bueno,Buena,Nocturna,Buen Tiempo,Lateral,S/D,Colisión,Ninguna,Faltante,Ninguna,Sin restricción
2020,5472,2020-08-07,Viernes,15:40:00,,0.0,2,"Moto/Ciclomotor,Automóvil",Av A del Valle Y Pedro Ferre,2,1,0,0,1,0,0,"-31.626690, -60.700147",Avenida,,SANTA FE,La Capital,Asfalto,No existe,I,Dentro,Urbana,Ninguna,Funciona,Intersección,Bueno,Buena,Diurna,Buen Tiempo,Lateral,S/D,Colisión,Ninguna,"Horizontal,Vertical",Ninguna,Sin restricción
2020,5473,2020-12-13,Domingo,,,0.0,2,"Automóvil,Moto/Ciclomotor",Bv. Segui Y Campbell,2,1,0,0,1,0,0,"-32.97086, -60.70677",Calle,,ROSARIO,Rosario,Asfalto,S/D,II,S/D,Urbana,S/D,S/D,Intersección,S/D,S/D,S/D,S/D,S/D,S/D,Colisión,S/D,S/D,S/D,S/D
2020,5474,2020-12-05,Sabado,21:00:00,Ruta Provincial 70,0.0,2,"Automóvil,Moto/Ciclomotor",RUTA 6 ,3,2,0,0,1,0,0,"-31.44604, -60.91558",Ruta,70,ESPERANZA,Las Colonias,Asfalto,Ripio,XI,Dentro,Urbana,Ninguna,S/D,Intersección,Bueno,Buena,"Nocturna,Con luz artificial",Buen Tiempo,S/D,S/D,Colisión,Ninguna,Faltante,Ninguna,Sin restricción
2020,5475,2020-12-13,Domingo,,,0.0,2,"Moto/Ciclomotor,Moto/Ciclomotor", ,2,1,0,0,0,0,1,"-33.04653, -61.16583",S/D,,CASILDA,Caseros,S/D,S/D,IV,S/D,S/D,S/D,S/D,S/D,S/D,S/D,S/D,S/D,S/D,S/D,Colisión,S/D,S/D,S/D,S/D
2020,5476,2020-12-08,Martes,09:00:00,,0.0,2,"Moto/Ciclomotor,Automóvil",Aaron Castellanos Y Rodriguez Pe�a,2,0,1,0,1,0,0,"-31.45046, -60.92767",Calle,,ESPERANZA,Las Colonias,Asfalto,No existe,XI,Dentro,Urbana,Ninguna,No existe,Intersección,Bueno,Buena,Diurna,Buen Tiempo,De alcance,S/D,Colisión,Ninguna,Faltante,Ninguna,Sin restricción
2020,5477,2020-12-13,Domingo,,,0.0,2,"Moto/Ciclomotor,Automóvil", ,2,1,0,0,1,0,0,"-31.72669, -61.09004",S/D,,SAN CARLOS CENTRO,Las Colonias,S/D,S/D,XI,S/D,S/D,S/D,S/D,S/D,S/D,S/D,S/D,S/D,S/D,S/D,Colisión,S/D,S/D,S/D,S/D
2020,5478,2020-12-11,Viernes,,,0.0,2,"Moto/Ciclomotor,Bicicleta",Capitan Bermudez Y Bme Mitre,2,1,0,0,1,0,0,"-32.02373, -61.22337",Calle,,GÁLVEZ,San JERÓNIMO,Asfalto,S/D,XV,S/D,Urbana,S/D,S/D,Intersección,S/D,S/D,S/D,S/D,S/D,Ciclista,Atropello,S/D,S/D,S/D,S/D
2020,5479,2020-12-05,Sabado,17:30:00,,0.0,2,"Pickup/Utilitario,Moto/Ciclomotor", ,3,0,1,0,2,0,0,"-32.42421, -61.88915",Calle,,BOUQUET,Belgrano,Tierra,Natural,III,Dentro,Rural,Ninguna,No existe,Intersección,Bueno,Buena,"Diurna,Con luz artificial",Buen Tiempo,Lateral,S/D,Colisión,Ninguna,Faltante,Ninguna,Sin restricción
2020,5480,2020-12-11,Viernes,,,0.0,1,Moto/Ciclomotor,1ro de Mayo Y pbro d Balbiano,1,1,0,0,0,0,0,"-32.03542, -61.22423",Calle,,GÁLVEZ,San JERÓNIMO,Asfalto,S/D,XV,S/D,Urbana,S/D,S/D,Intersección,S/D,S/D,S/D,S/D,S/D,S/D,Cañda ocupante,S/D,S/D,S/D,S/D
2020,5481,2020-08-02,Domingo,16:50:00,,0.0,2,"Automóvil,Moto/Ciclomotor",4 de enero Y  Frenguelli,3,1,0,0,2,0,0,"-31.690061222367,-60.785336400588",Calle,,SANTO TOMÉ,La Capital,Asfalto,Natural,I,Dentro,Urbana,Ninguna,No existe,Intersección,Bueno,Buena,Diurna,Buen Tiempo,Lateral,S/D,Colisión,Ninguna,Faltante,Ninguna,Sin restricción
2020,5482,2020-12-05,Sabado,06:00:00,Ruta Provincial 65,102.0,1,Pickup/Utilitario, ,1,1,0,0,0,0,0,"-32.42729, -61.89977",Ruta,65,BOUQUET,Belgrano,Asfalto,No existe,III,Dentro,Rural,Ninguna,No existe,Curva,Bueno,Buena,Amanecer,Buen Tiempo,S/D,S/D,Vuelco,Ninguna,Faltante,Línea divisoria pintada,Sin restricción
2020,5483,2020-10-20,Martes,12:05:00,,0.0,2,"Moto/Ciclomotor,Moto/Ciclomotor",La Rioja Y Belgrano,2,2,0,0,0,0,0,"-29.47188, -60.21421",Calle,,VERA,Vera,S/D,S/D,XIX,S/D,Urbana,S/D,S/D,Intersección,S/D,S/D,Diurna,S/D,S/D,S/D,Colisión,S/D,S/D,S/D,S/D