anio_acci,nro_acci,fecha,desc_dia,hora_aprox,desc_ruta,km,cant_participantes,desc_participante,calle_avenida_km,total,heridos_leves,heridos_graves,heridos_gravisimos,ilesos,fallecidos,sin_datos,posicion_XY,desc_tipo_via,desc_ruta_ori,desc_loc,desc_dpto,desc_tipo_calzada,desc_tipo_banquina,desc_unidad_regional,desc_lugar_calzada,desc_zona,desc_prioridad,desc_estado_semaforo,desc_lugar_via,desc_estado_via,desc_estado_visibilidad,desc_luminosidad,desc_estado_clima,desc_tipo_colision,desc_tipo_atropello,desc_tipo_hecho,desc_pres_calzada,desc_senializacion,desc_separacion_via,desc_restriccion
2020,5484,2020-12-11,Viernes,,Ruta Provincial 10,0.0,2,"Moto/Ciclomotor,Moto/Ciclomotor",4 de Enero Y Bvard 20 de Junio,3,2,0,0,1,0,0,"-32.02266, -61.21506",Ruta,10,GÁLVEZ,San JERÓNIMO,Asfalto,S/D,XV,S/D,Urbana,S/D,S/D,Intersección,S/D,S/D,S/D,S/D,S/D,S/D,Colisión,S/D,S/D,S/D,S/D
2020,5485,2020-08-19,Miercoles,13:10:00,,0.0,2,"Moto/Ciclomotor,Automóvil",J Macia Y Santiago Del Estero,2,1,0,0,1,0,0,"-31.676637030918,-60.758590719306",Calle,,SANTO TOMÉ,La Capital,"Asfalto,Ripio",No existe,I,Dentro,Urbana,Ninguna,No existe,Intersección,Bueno,Buena,Diurna,Buen Tiempo,Lateral,S/D,Colisión,Ninguna,Faltante,Ninguna,Sin restricción
2020,5486,2020-12-07,Lunes,04:35:00,,0.0,1,Automóvil, ,1,0,1,0,0,0,0,"-32.7837, -61.6035",S/D,,ARMSTRONG,Belgrano,Tierra,Natural,III,S/D,Rural,Ninguna,No existe,Recta,Bueno,Reducida,Nocturna,Buen Tiempo,S/D,S/D,Vuelco,Ninguna,Faltante,Ninguna,Sin restricción
2020,5487,2020-12-12,Sabado,,Autopista Provincial Brigadier E.LÓPEZ,60.0,1,Camión Chasis, ,2,1,1,0,0,0,0,"-32.40227, -60.93785",Autopista,Brigadier E.LÓPEZ,MONJE,San JERÓNIMO,Asfalto,S/D,XV,S/D,Urbana,S/D,S/D,Recta,S/D,S/D,S/D,S/D,S/D,S/D,Despiste,S/D,S/D,S/D,S/D
2020,5488,2020-10-23,Viernes,,,0.0,2,"Moto/Ciclomotor,Moto/Ciclomotor", ,2,1,0,0,0,0,1,"-32.95883, -60.693",S/D,,ROSARIO,Rosario,S/D,S/D,II,S/D,S/D,S/D,S/D,S/D,S/D,S/D,S/D,S/D,S/D,S/D,Colisión,S/D,S/D,S/D,S/D
2020,5489,2020-08-16,Domingo,18:50:00,,0.0,2,"Moto/Ciclomotor,Automóvil",Buenos Aires Y Rca Oriental del Uruguay,2,1,0,0,1,0,0,"-31.681510603594,-60.773742852177",Calle,,SANTO TOMÉ,La Capital,Hormigón,No existe,I,Dentro,Urbana,Ninguna,No existe,Intersección,Con baches,Buena,Atardecer,Buen Tiempo,Lateral,S/D,Colisión,Ninguna,Faltante,Ninguna,Sin restricción
2020,5490,2020-12-06,Domingo,03:35:00,Ruta Nacional 8,0.0,2,"Pickup/Utilitario,Moto/Ciclomotor",Roca ,2,0,1,0,1,0,0,"-33.75697, -61.97244",Ruta,8,VENADO TUERTO,General LÓPEZ,Asfalto,No existe,VIII,S/D,Urbana,Semáforo,Funciona,Intersección,Bueno,Buena,Nocturna,Buen Tiempo,Lateral,S/D,Colisión,Ninguna,Faltante,Cordón divisorio,Sin restricción
2020,5491,2020-12-12,Sabado,,,0.0,1,Moto/Ciclomotor,Gral Guemes Y Santa Fe,2,1,0,0,0,0,1,"-31.89963, -61.85314",Calle,,SAN JORGE,San MARTÍN,Asfalto,S/D,XVIII,S/D,Urbana,S/D,S/D,Intersección,S/D,S/D,S/D,S/D,S/D,S/D,Cañda ocupante,S/D,S/D,S/D,S/D
2020,5492,2020-08-28,Viernes,20:10:00,,0.0,2,"Moto/Ciclomotor,Automóvil",Juan Bautista Alberdi 2100,3,2,0,0,1,0,0,"-31.681617971932,-60.766414225798",Calle,,SANTO TOMÉ,La Capital,Asfalto,No existe,I,Dentro,Urbana,Semáforo,Funciona,Recta,Bueno,Buena,Nocturna,Buen Tiempo,Lateral,S/D,Colisión,Ninguna,Vertical,Ninguna,Sin restricción
2020,5493,2020-10-21,Miercoles,,,0.0,2,"Moto/Ciclomotor,Moto/Ciclomotor",Matheu Y Las Heras,3,2,0,0,1,0,0,"-31.59495, -60.68532",Calle,,SANTA FE,La Capital,S/D,S/D,I,S/D,Urbana,S/D,S/D,Intersección,S/D,S/D,S/D,S/D,S/D,S/D,Colisión,S/D,S/D,S/D,S/D
2020,5494,2020-12-12,Sabado,,,0.0,2,"Automóvil,Moto/Ciclomotor",Colon Y 25 de Mayo,2,1,0,0,1,0,0,"-31.76619,-61.83084",Calle,,SASTRE,San MARTÍN,Asfalto,S/D,XVIII,S/D,Urbana,S/D,S/D,Intersección,S/D,S/D,S/D,S/D,S/D,S/D,Colisión,S/D,S/D,S/D,S/D
2020,5495,2020-12-07,Lunes,21:20:00,,0.0,2,"Automóvil,Moto/Ciclomotor",Roque Saenz Pe�a ,3,2,0,0,1,0,0,"-33.73674, -61.96335",Calle,,VENADO TUERTO,General LÓPEZ,Asfalto,S/D,VIII,Dentro,Urbana,S/D,No existe,Intersección,Bueno,Buena,"Nocturna,Con luz artificial",Buen Tiempo,S/D,S/D,Colisión,Ninguna,S/D,Ninguna,S/D
2020,5496,2020-12-11,Viernes,,,0.0,2,"Automóvil,Moto/Ciclomotor", ,3,2,0,0,1,0,0,"-28.30858, -59.98141",S/D,,CAÑADA OMBÚ,Vera,S/D,S/D,XIX,S/D,S/D,S/D,S/D,S/D,S/D,S/D,S/D,S/D,S/D,S/D,Colisión,S/D,S/D,S/D,S/D
2020,5497,2020-08-19,Miercoles,11:55:00,Ruta Nacional 178,185.0,2,"Pickup/Utilitario,Automóvil", ,3,1,0,0,2,0,0,"-32.62571101000431, -61.54621460019",Ruta,178,LAS PAREJAS,Belgrano,Asfalto,Natural,III,Dentro,Urbana,Ninguna,No existe,Recta,Bueno,Buena,Diurna,Buen Tiempo,Frontal,S/D,Colisión,Ninguna,Horizontal,Línea divisoria pintada,Sin restricción
2020,5498,2020-10-28,Miercoles,14:30:00,,0.0,2,"Automóvil,Bicicleta",Amado Cittadini Y Carlos Benelli,2,1,0,0,1,0,0,"    -32.76103, -60.74421",Calle,,SAN LORENZO,San Lorenzo,Asfalto,S/D,XVII,Dentro,Urbana,S/D,S/D,Intersección,S/D,S/D,S/D,S/D,S/D,S/D,Colisión,S/D,S/D,S/D,S/D
2020,5499,2020-10-21,Miercoles,17:23:00,,0.0,2,"Moto/Ciclomotor,Automóvil",Bv Belgrano Y Sarmiento,2,1,0,0,1,0,0,"-29.88848, -60.28402",Calle,,CALCHAQUÍ,Vera,S/D,S/D,XIX,S/D,Urbana,S/D,S/D,Intersección,S/D,S/D,Diurna,S/D,S/D,S/D,Colisión,S/D,S/D,S/D,S/D
2020,5500,2020-08-05,Miercoles,10:15:00,,0.0,2,"Automóvil,Moto/Ciclomotor",Belgrano 200,2,1,0,0,1,0,0,"-32.784813106403,-61.600344963029",Calle,,ARMSTRONG,Belgrano,Asfalto,No existe,III,Dentro,Urbana,Paso Peatonal,No existe,Recta,Bueno,Buena,Diurna,Buen Tiempo,De alcance,S/D,Colisión,Ninguna,Horizontal,Ninguna,Sin restricción
2020,5501,2020-10-21,Miercoles,18:45:00,,0.0,2,"Moto/Ciclomotor,Automóvil",Roque Saenz Pe�a Y 9 de Julio,2,0,1,0,1,0,0,"-29.88293, -60.28153",Calle,,CALCHAQUÍ,Vera,S/D,S/D,XIX,S/D,Urbana,S/D,S/D,Intersección,S/D,S/D,Atardecer,S/D,S/D,S/D,Colisión,S/D,S/D,S/D,S/D
2020,5502,2020-12-04,Viernes,,Ruta Nacional 9,0.0,4,"Automóvil,Automóvil,Automóvil,Pickup/Utilitario",Mitre ,6,3,0,0,3,0,0,"-32.92287, -60.80066",Ruta,9,FUNES,Rosario,Asfalto,Natural,II,Dentro,Urbana,S/D,Funciona,Intersección,Bueno,Buena,Diurna,S/D,S/D,S/D,S/D,Ninguna,S/D,S/D,S/D
2020,5503,2020-12-11,Viernes,,,0.0,2,"Moto/Ciclomotor,Pickup/Utilitario",Corrientes Y R S Pe�a,2,1,0,0,1,0,0,"-29.46474, -60.21787",Calle,,VERA,Vera,Asfalto,S/D,XIX,S/D,Urbana,S/D,S/D,Intersección,S/D,S/D,S/D,S/D,S/D,S/D,Colisión,S/D,S/D,S/D,S/D
2020,5504,2020-08-26,Miercoles,06:45:00,,0.0,2,"Moto/Ciclomotor,Moto/Ciclomotor",Balcarce Y Candioti,2,1,0,0,1,0,0,"-31.678555833476,-60.756665905564",Calle,,SANTA FE,La Capital,Asfalto,No existe,I,Dentro,Urbana,Ninguna,No existe,Intersección,Bueno,Buena,Amanecer,Buen Tiempo,Lateral,S/D,Colisión,Ninguna,Faltante,Ninguna,Sin restricción
2020,5505,2020-08-07,Viernes,18:00:00,,0.0,2,"Automóvil,Moto/Ciclomotor",Luciano Torrent Y 1ro de Mayo,3,2,0,0,1,0,0,"-31.623764944913,-60.703824617742",Calle,,SANTA FE,La Capital,Asfalto,No existe,I,Dentro,Urbana,Ninguna,No existe,Intersección,Bueno,Buena,Diurna,Buen Tiempo,Lateral,S/D,Colisión,Ninguna,Faltante,Ninguna,Sin restricción
2020,5506,2020-08-11,Martes,05:50:00,Ruta Nacional 9,394.0,1,Automóvil, ,1,1,0,0,0,0,0,"-32.77790442109108,-61.582098752260",Ruta,9,ARMSTRONG,Belgrano,Asfalto,Ripio,III,Dentro,Urbana,Ninguna,No existe,Recta,Bueno,Buena,Nocturna,Buen Tiempo,S/D,S/D,Vuelco,Ninguna,Horizontal,Línea divisoria pintada,Sin restricción
2020,5507,2020-12-14,Lunes,,,0.0,2,"Moto/Ciclomotor,Automóvil",Av 27 de Febrero Y Tucuman,2,0,0,0,1,1,0,"-31.64752, -60.70431",Calle,,SANTA FE,La Capital,Asfalto,S/D,I,S/D,Urbana,S/D,S/D,Intersección,S/D,S/D,S/D,S/D,S/D,S/D,Colisión,S/D,S/D,S/D,S/D
2020,5508,2020-10-23,Viernes,,,0.0,2,"Peatón,Moto/Ciclomotor",Los Alisos Y Quiloazas,2,1,0,0,1,0,0,"-31.63579, -60.60236",Calle,,COLASTINE,La Capital,S/D,S/D,I,S/D,Urbana,S/D,S/D,Intersección,S/D,S/D,S/D,S/D,S/D,Peatón,Atropello,S/D,S/D,S/D,S/D
2020,5509,2020-12-06,Domingo,12:30:00,Ruta Provincial 21,0.0,2,"Automóvil,Automóvil",CRESTA ,4,2,0,0,2,0,0,"-33.19628, -60.4614",Ruta,21,FIGHIERA,Rosario,Asfalto,Pavimento,II,S/D,Urbana,Semáforo,Funciona,Intersección,Bueno,Buena,Diurna,Buen Tiempo,Lateral,S/D,Colisión,Ninguna,S/D,Línea divisoria pintada,Sin restricción
2020,5510,2020-08-26,Miercoles,13:25:00,,0.0,1,Moto/Ciclomotor,Belgrano Y Bv 14 de Diciembre,1,1,0,0,0,0,0,"-32.782336756707,-61.599761645748",Avenida,,ARMSTRONG,Belgrano,Asfalto,No existe,III,Dentro,Urbana,Ninguna,No existe,Intersección,Bueno,Buena,Diurna,Buen Tiempo,S/D,S/D,Cañda ocupante,Ninguna,Faltante,Ninguna,Sin restricción
2020,5511,2020-08-28,Viernes,10:05:00,,0.0,2,"Moto/Ciclomotor,Automóvil",Moreno 3447,2,1,0,0,1,0,0,"-31.678765702892,-60.76931718508",Calle,,SANTA FE,La Capital,Asfalto,No existe,I,Dentro,Urbana,Ninguna,No existe,Recta,Bueno,Buena,Diurna,Buen Tiempo,Lateral,S/D,Colisión,Ninguna,Faltante,Ninguna,Sin restricción
2020,5512,2020-10-23,Viernes,17:20:00,,0.0,2,"Moto/Ciclomotor,Pickup/Utilitario",1ro de Mayo Y Mendoza,2,1,0,0,1,0,0,"-32.03843, -61.22443",Calle,,GÁLVEZ,San JERÓNIMO,S/D,S/D,XV,S/D,Urbana,S/D,S/D,Intersección,S/D,S/D,Diurna,S/D,S/D,S/D,Colisión,S/D,S/D,S/D,S/D
2020,5513,2020-12-14,Lunes,,,0.0,1,Vehículo Oficial,Bv. Segui Y Av. Ovidio Lagos,1,1,0,0,0,0,0,"-32.97505, -60.66933",Avenida,,ROSARIO,Rosario,Asfalto,S/D,II,S/D,Urbana,S/D,S/D,Intersección,S/D,S/D,S/D,S/D,S/D,S/D,Cañda ocupante,S/D,S/D,S/D,S/D
2020,5514,2020-10-29,Jueves,12:50:00,,0.0,2,"Moto/Ciclomotor,Bicicleta",La Rioja Y 9 de Julio,2,1,0,0,1,0,0,"    -32.73651, -60.74563",Calle,,SAN LORENZO,San Lorenzo,Asfalto,S/D,XVII,Dentro,Urbana,Ninguna,S/D,Intersección,S/D,S/D,Diurna,S/D,S/D,S/D,Colisión,S/D,S/D,S/D,S/D
2020,5515,2020-12-05,Sabado,17:55:00,,0.0,2,"Automóvil,Moto/Ciclomotor",D F Sarmiento Y 25 de Mayo,2,1,0,0,1,0,0,"-32.99755, -60.77633",Calle,,PEREZ,Rosario,Asfalto,No existe,II,Dentro,Urbana,S/D,No existe,Intersección,Bueno,Buena,Diurna,Buen Tiempo,S/D,S/D,Colisión,Ninguna,S/D,Ninguna,Sin restricción
2020,5516,2020-12-14,Lunes,,,0.0,2,"Pickup/Utilitario,Moto/Ciclomotor", ,3,2,0,0,1,0,0,"-34.18568, -61.52726",S/D,,TEODELINA,General LÓPEZ,S/D,S/D,VIII,S/D,S/D,S/D,S/D,S/D,S/D,S/D,S/D,S/D,S/D,S/D,Colisión,S/D,S/D,S/D,S/D
2020,5517,2020-08-27,Jueves,14:50:00,,0.0,2,"Moto/Ciclomotor,Bicicleta",Juarez Celman 1141,2,0,1,0,1,0,0,"-32.747662111514,-61.814946677056",Calle,,TORTUGAS,Belgrano,Asfalto,No existe,III,Dentro,Urbana,Ninguna,No existe,Recta,Bueno,Buena,Diurna,Buen Tiempo,S/D,Ciclista,Atropello,Ninguna,Faltante,Ninguna,Sin restricción
2020,5518,2020-08-06,Jueves,16:15:00,,0.0,2,"Automóvil,Moto/Ciclomotor",Balcarce Y Mariano Moreno,3,2,0,0,1,0,0,"-31.676791847714,-60.768884414298",Calle,,SANTO TOMÉ,La Capital,Asfalto,No existe,I,Dentro,Urbana,Ninguna,No existe,Intersección,Bueno,Buena,Diurna,Buen Tiempo,De alcance,S/D,Colisión,Ninguna,Faltante,Ninguna,Sin restricción
2020,5519,2020-10-21,Miercoles,10:00:00,,0.0,2,"Moto/Ciclomotor,Pickup/Utilitario",Av Gral Belgrano Y J B Alberdi,3,2,0,0,1,0,0,"-30.9416, -61.55836",Calle,,ROSARIO,Rosario,S/D,S/D,II,S/D,Urbana,S/D,S/D,Intersección,S/D,S/D,Diurna,S/D,S/D,S/D,Colisión,S/D,S/D,S/D,S/D
2020,5520,2020-10-31,Sabado,20:00:00,,0.0,2,"Moto/Ciclomotor,Automóvil", ,2,1,0,0,1,0,0,"    -32.74779, -60.73303",Calle,,SAN LORENZO,San Lorenzo,S/D,S/D,XVII,Dentro,Urbana,S/D,S/D,Intersección,S/D,S/D,Diurna,S/D,S/D,S/D,S/D,S/D,S/D,Ninguna,S/D
2020,5521,2020-12-14,Lunes,,Ruta Nacional 11,0.0,2,"Pickup/Utilitario,Moto/Ciclomotor",Av San Martin Y Rivadavia,3,2,0,0,1,0,0,"-32.7506, -60.73415",Ruta,11,SAN LORENZO,San Lorenzo,Asfalto,S/D,XVII,S/D,Urbana,S/D,S/D,Intersección,S/D,S/D,S/D,S/D,S/D,S/D,Colisión,S/D,S/D,S/D,S/D
2020,5522,2020-12-06,Domingo,14:00:00,,0.0,2,"Moto/Ciclomotor,Automóvil",Av 9 de Julio Y Juan XXIII,2,1,0,0,1,0,0,"-33.00234, -60.76668",Calle,,PEREZ,Rosario,Asfalto,Pavimento,II,Dentro,Urbana,Ninguna,No existe,Intersección,Bueno,Buena,Diurna,Buen Tiempo,Lateral,S/D,Colisión,Ninguna,S/D,Ninguna,Sin restricción
2020,5523,2020-08-01,Sabado,16:30:00,,0.0,2,"Moto/Ciclomotor,Moto/Ciclomotor",Gutierrez 10,2,1,1,0,0,0,0,"-33.75217795372011,-61.950756311416",Calle,,VENADO TUERTO,General LÓPEZ,Asfalto,No existe,VIII,Dentro,Urbana,Ninguna,No existe,Recta,Bueno,Buena,Diurna,Buen Tiempo,Lateral,S/D,Colisión,Ninguna,Faltante,Ninguna,Sin restricción
2020,5524,2020-12-14,Lunes,,,0.0,1,Moto/Ciclomotor,Bv B Mitre Y M Diaz Velez,1,1,0,0,0,0,0,"-32.72137, -60.73968",Calle,,SAN LORENZO,San Lorenzo,Asfalto,S/D,XVII,S/D,Urbana,S/D,S/D,Intersección,S/D,S/D,S/D,S/D,Atropello animal,S/D,Colisión,S/D,S/D,S/D,S/D
2020,5525,2020-08-09,Domingo,14:55:00,,0.0,2,"Automóvil,Moto/Ciclomotor",Simon De Iriondo Y Uruguay,3,2,0,0,1,0,0,"-31.683788769654,-60.762334816826",Calle,,SANTA FE,La Capital,Asfalto,No existe,I,Dentro,Urbana,Ninguna,No existe,Intersección,Bueno,Buena,Diurna,Buen Tiempo,S/D,S/D,Colisión,Ninguna,Faltante,Ninguna,Sin restricción
2020,5526,2020-12-06,Domingo,03:00:00,,0.0,2,"Moto/Ciclomotor,Automóvil",Soldado Aguirre Y 9 de Julio,3,0,2,0,1,0,0,"-33.02971, -60.64799",S/D,,VILLA GOBERNADOR GÁLVEZ,Rosario,"Asfalto,Tierra",No existe,II,S/D,S/D,Ninguna,No existe,Recta,Deteriorada,Buena,Con luz artificial,Buen Tiempo,Lateral,S/D,Colisión,Material Suelto,Faltante,Cordón divisorio,Sin restricción
2020,5527,2020-08-09,Domingo,16:55:00,,0.0,2,"Automóvil,Moto/Ciclomotor",San Jeronimo Y Padilla,4,1,0,0,3,0,0,"-31.621550390414,-60.70064087073",Calle,,SANTA FE,La Capital,Asfalto,No existe,I,Dentro,Urbana,Ninguna,No existe,Intersección,Bueno,Buena,Diurna,Buen Tiempo,Lateral,S/D,Colisión,Ninguna,Faltante,Ninguna,Sin restricción
2020,5528,2020-12-12,Sabado,,,0.0,2,"Automóvil,Peatón",Bv Belgrano Y Pueyrredon,2,1,0,0,1,0,0,"-29.88822, -60.28629",Calle,,CALCHAQUÍ,Vera,Asfalto,S/D,XIX,S/D,Urbana,S/D,S/D,Intersección,S/D,S/D,S/D,S/D,S/D,Peatón,Atropello,S/D,S/D,S/D,S/D
2020,5529,2020-10-16,Viernes,16:10:00,Ruta Nacional 8,333.0,3,"Automóvil,Automóvil,Camión c / Acoplado", ,4,1,0,0,3,0,0,"-33.7554, -61.97368",Ruta,8,VENADO TUERTO,General LÓPEZ,S/D,S/D,VIII,S/D,Urbana,S/D,S/D,Cruce,S/D,S/D,Diurna,S/D,Múltiple,S/D,Colisión,S/D,S/D,S/D,Sin restricción
2020,5530,2020-08-25,Martes,19:50:00,Ruta Nacional 7,430.0,2,"Camión c / Semirremolque,Camión c / Semirremolque", ,2,1,0,0,1,0,0,"-34.282724261283896,-62.70246148109",Ruta,7,RUFINO,General LÓPEZ,Asfalto,Natural,VIII,Dentro,Urbana,Otra Señal,No existe,Recta,Deteriorada,Buena,Nocturna,Buen Tiempo,S/D,S/D,Colisión,Ninguna,"Horizontal,Vertical",Línea divisoria pintada,Sin restricción
2020,5531,2020-12-02,Miercoles,15:10:00,,0.0,2,"Moto/Ciclomotor,Automóvil",BRASIL 2220,2,1,0,0,1,0,0,"-33.07238, -60.58956",Calle,,PUEBLO ESTHER,Rosario,Asfalto,S/D,II,S/D,Urbana,S/D,S/D,S/D,Resbaladiza,S/D,Diurna,S/D,S/D,S/D,S/D,Agua,S/D,S/D,S/D
2020,5532,2020-10-29,Jueves,17:40:00,Ruta Nacional A012,0.0,2,"Bicicleta,Moto/Ciclomotor",Ayohuma Y Gdor Saavedra - Ruta 12,2,1,0,0,1,0,0,"    -32.7667, -60.74182",Ruta,A012,SAN LORENZO,San Lorenzo,S/D,S/D,XVII,Dentro,Urbana,S/D,S/D,Intersección,S/D,S/D,Diurna,Buen Tiempo,S/D,S/D,Colisión,S/D,S/D,S/D,S/D
2020,5533,2020-12-14,Lunes,,,0.0,2,"Moto/Ciclomotor,Moto/Ciclomotor",Mitre Y Cordoba,4,2,0,0,2,0,0,"-29.05339, -60.41694",Calle,,FORTÍN OLMOS,Vera,Asfalto,S/D,XIX,S/D,Urbana,S/D,S/D,Intersección,S/D,S/D,S/D,S/D,S/D,S/D,Colisión,S/D,S/D,S/D,S/D
2020,5534,2020-10-16,Viernes,,,0.0,2,"Moto/Ciclomotor,Automóvil",Av Gral Bartolome Mitre Y Av Italia,2,1,0,0,1,0,0,"-31.25144, -61.47516",Avenida,,RAFAELA,Castellanos,S/D,S/D,V,S/D,Urbana,S/D,S/D,Intersección,S/D,S/D,S/D,S/D,S/D,S/D,Colisión,S/D,S/D,S/D,S/D
2020,5535,2020-08-21,Viernes,11:20:00,,0.0,2,"Automóvil,Moto/Ciclomotor",Belgrano Y Lisandro de la Torre,2,1,0,0,1,0,0,"-31.68016778281,-60.763866020432",Calle,,SANTA FE,La Capital,Asfalto,No existe,I,Dentro,Urbana,Ninguna,No existe,Intersección,Bueno,Buena,Diurna,Buen Tiempo,Lateral,S/D,Colisión,Ninguna,Faltante,Ninguna,Sin restricción
2020,5536,2020-08-09,Domingo,21:50:00,,0.0,2,"Automóvil,Moto/Ciclomotor",Espora Y 1ro de Mayo,2,1,0,0,1,0,0,"-31.602835208343,-60.697692523253",Calle,,SANTA FE,La Capital,Asfalto,No existe,I,Dentro,Urbana,Ninguna,No existe,Intersección,Bueno,Buena,"Nocturna,Con luz artificial",Buen Tiempo,Lateral,S/D,Colisión,Ninguna,Faltante,Ninguna,Sin restricción
2020,5537,2020-12-07,Lunes,21:30:00,,0.0,2,"Bicicleta,Automóvil",España  Y TUCUMAN,2,1,0,0,1,0,0,"-33.0707, -60.57927",S/D,,PUEBLO ESTHER,Rosario,Asfalto,S/D,II,S/D,Urbana,S/D,S/D,Recta,S/D,S/D,S/D,S/D,S/D,Ciclista,Atropello,S/D,S/D,S/D,S/D
2020,5538,2020-12-13,Domingo,,,0.0,1,Moto/Ciclomotor, ,1,1,0,0,0,0,0,"-31.59956,-60.87173",S/D,,COLONIA SAN JOSÉ,Las Colonias,Asfalto,S/D,XI,S/D,S/D,S/D,S/D,Intersección,S/D,S/D,S/D,S/D,S/D,S/D,Cañda ocupante,S/D,S/D,S/D,S/D
2020,5539,2020-10-16,Viernes,,Ruta Provincial 70,101.0,2,"Moto/Ciclomotor,Pickup/Utilitario", ,2,1,0,0,1,0,0,"-31.22032, -61.71587",Ruta,70,PUEBLO SAN ANTONIO,Castellanos,S/D,S/D,V,S/D,Rural,S/D,S/D,Recta,S/D,S/D,S/D,S/D,S/D,S/D,Colisión,S/D,S/D,S/D,S/D
2020,5540,2020-12-03,Jueves,17:45:00,,0.0,2,"Moto/Ciclomotor,Automóvil",Av Gral San Martin Y Saenz Pe�a,2,1,0,0,1,0,0,"-33.01836, -60.63233",Calle,,VILLA GOBERNADOR GÁLVEZ,Rosario,Asfalto,Ripio,II,Dentro,Urbana,Ninguna,No existe,Intersección,Bueno,Buena,Diurna,Buen Tiempo,Lateral,S/D,Colisión,Ninguna,Faltante,Ninguna,Sin restricción
2020,5541,2020-12-13,Domingo,21:15:00,,0.0,2,"Moto/Ciclomotor,Pickup/Utilitario",Alberdi Y Galvez,3,0,1,0,2,0,0,"-31.58792, -60.93707",Calle,,FRANCK,Las Colonias,Asfalto,No existe,XI,Dentro,Urbana,Ninguna,No existe,Intersección,Bueno,Buena,"Nocturna,Con luz artificial",Buen Tiempo,Lateral,S/D,Colisión,Ninguna,Vertical,"Cordón divisorio,S/D",Sin restricción
2020,5542,2020-10-16,Viernes,22:30:00,,0.0,2,"Moto/Ciclomotor,Ambulancia",Av Facundo Zuviria Y Agustin Delgado,3,1,1,0,1,0,0,"-31.61955, -60.70548",Avenida,,SANTA FE,La Capital,S/D,S/D,I,S/D,Urbana,S/D,S/D,Intersección,S/D,S/D,Nocturna,S/D,S/D,S/D,Colisión,S/D,S/D,S/D,S/D
2020,5543,2020-12-03,Jueves,12:05:00,,0.0,2,"Automóvil,Automóvil",Av Gral San Martin 2300,2,1,0,0,1,0,0,"-33.02692, -60.62298",Calle,,VILLA GOBERNADOR GÁLVEZ,Rosario,Asfalto,No existe,I,Dentro,Urbana,Ninguna,No existe,Recta,Bueno,Buena,Diurna,Buen Tiempo,Lateral,S/D,Colisión,Ninguna,Faltante,Ninguna,Sin restricción
2020,5544,2020-08-10,Lunes,20:00:00,,0.0,2,"Automóvil,Moto/Ciclomotor",Av Facundo Zuviria Y Vieytes,2,1,0,0,1,0,0,"-31.600982054899,-60.701782884905",Avenida,,SANTA FE,La Capital,Asfalto,No existe,I,Dentro,Urbana,Ninguna,No existe,Intersección,Bueno,Buena,"Nocturna,Con luz artificial",Buen Tiempo,Lateral,S/D,Colisión,Ninguna,Faltante,Ninguna,Sin restricción
2020,5545,2020-12-14,Lunes,,Ruta Provincial 13,23.0,1,Moto/Ciclomotor,Ruta Prov. n� 13 ,2,2,0,0,0,0,0,"-32.26321, -61.66038",Ruta,13,EL TRÉBOL,San MARTÍN,Asfalto,S/D,XVIII,S/D,Urbana,S/D,S/D,Recta,S/D,S/D,S/D,S/D,S/D,S/D,Cañda ocupante,S/D,S/D,S/D,S/D
2020,5546,2020-08-15,Sabado,12:55:00,,0.0,2,"Automóvil,Moto/Ciclomotor",Antonio Martin Y Jose A Pero,2,0,1,0,1,0,0,"-34.26768326495,-62.723534458098",Calle,,RUFINO,General LÓPEZ,Tierra,No existe,VIII,Dentro,Urbana,Ninguna,No existe,Intersección,Bueno,Buena,Diurna,Buen Tiempo,Frontal,S/D,Colisión,Ninguna,Faltante,Ninguna,Sin restricción
2020,5547,2020-10-16,Viernes,,Ruta Secundaria 33-s,2.0,1,Pickup/Utilitario, ,1,0,1,0,0,0,0,"-32.723937034606934,-61.30963325500",Ruta,33-s,BUSTINZA,Iriondo,S/D,S/D,X,S/D,Rural,S/D,S/D,Recta,S/D,S/D,Nocturna,S/D,S/D,S/D,Despiste,S/D,S/D,S/D,S/D
2020,5548,2020-08-21,Viernes,13:55:00,,0.0,2,"Automóvil,Moto/Ciclomotor",J Macia Y Lisandro de La Torre,3,2,0,0,1,0,0,"-31.680856254435,-60.759574166625",Calle,,SANTO TOMÉ,La Capital,Asfalto,No existe,I,Dentro,Urbana,Ninguna,No existe,Intersección,Bueno,Buena,Diurna,Buen Tiempo,Lateral,S/D,Colisión,Ninguna,Vertical,Ninguna,Sin restricción
2020,5549,2020-08-28,Viernes,13:00:00,,0.0,2,"Automóvil,Moto/Ciclomotor",Av Urquiza Y Vieytes,2,1,0,0,1,0,0,"-31.601315090168,-60.700257505938",Avenida,,SANTA FE,La Capital,Asfalto,No existe,I,Dentro,Urbana,Ninguna,No existe,Intersección,Bueno,Buena,Diurna,Buen Tiempo,Lateral,S/D,Colisión,Ninguna,Faltante,Ninguna,Sin restricción
2020,5550,2020-12-16,Miercoles,,,0.0,2,"Taxi/Remis,Moto/Ciclomotor",Las Nueces Y Av Fuerza Aerea,2,1,0,0,1,0,0,"-32.92958, -60.82185",Avenida,,FUNES,Rosario,Asfalto,S/D,II,S/D,Urbana,S/D,S/D,Intersección,S/D,S/D,S/D,S/D,S/D,S/D,Colisión,S/D,S/D,S/D,S/D
2020,5551,2020-08-01,Sabado,17:15:00,,0.0,2,"Automóvil,Moto/Ciclomotor",Italia Y Juan XXIII,2,1,0,0,1,0,0,"-32.200762626654,-61.704717983936",Calle,,EL TRÉBOL,San MARTÍN,Hormigón,No existe,XVIII,Dentro,Urbana,Ninguna,No existe,Intersección,Bueno,Buena,Diurna,Buen Tiempo,Lateral,S/D,Colisión,Ninguna,Horizontal,Ninguna,Sin restricción
2020,5552,2020-12-16,Miercoles,,,0.0,2,"Bicicleta,Automóvil",3 De Febrero 1900,2,1,0,0,1,0,0,"-32.9508, -60.65079",Calle,,ROSARIO,Rosario,Asfalto,S/D,II,S/D,Urbana,S/D,S/D,Recta,S/D,S/D,S/D,S/D,S/D,Ciclista,Atropello,S/D,S/D,S/D,S/D