anio_acci,nro_acci,fecha,desc_dia,hora_aprox,desc_ruta,km,cant_participantes,desc_participante,calle_avenida_km,total,heridos_leves,heridos_graves,heridos_gravisimos,ilesos,fallecidos,sin_datos,posicion_XY,desc_tipo_via,desc_ruta_ori,desc_loc,desc_dpto,desc_tipo_calzada,desc_tipo_banquina,desc_unidad_regional,desc_lugar_calzada,desc_zona,desc_prioridad,desc_estado_semaforo,desc_lugar_via,desc_estado_via,desc_estado_visibilidad,desc_luminosidad,desc_estado_clima,desc_tipo_colision,desc_tipo_atropello,desc_tipo_hecho,desc_pres_calzada,desc_senializacion,desc_separacion_via,desc_restriccion
2020,5553,2020-10-17,Sabado,21:40:00,,0.0,2,"Moto/Ciclomotor,Automóvil",Guillermo Brown Y Gral Jose de San Martin,2,0,1,0,1,0,0,"-33.73999, -61.97006",Calle,,VENADO TUERTO,General LÓPEZ,S/D,S/D,VIII,S/D,Urbana,S/D,S/D,Intersección,S/D,S/D,Nocturna,S/D,S/D,S/D,Colisión,S/D,S/D,S/D,S/D
2020,5554,2020-08-30,Domingo,20:50:00,,0.0,2,"Moto/Ciclomotor,Automóvil",Pedro Diaz Colodrero Y 9 de Julio,2,1,0,0,1,0,0,"-31.624978, -60.702955",Calle,,SANTA FE,La Capital,Asfalto,No existe,I,Dentro,Urbana,Ninguna,No existe,Intersección,Bueno,Buena,"Nocturna,Con luz artificial",Buen Tiempo,Lateral,S/D,Colisión,Ninguna,Faltante,Ninguna,Sin restricción
2020,5555,2020-08-09,Domingo,17:10:00,,0.0,2,"Moto/Ciclomotor,Moto/Ciclomotor",Bv. Victoria Y San Martin,3,2,0,0,0,0,1,"-32.195079862049,-61.705576896501",Avenida,,EL TRÉBOL,San MARTÍN,Asfalto,No existe,XVIII,Dentro,Urbana,Ninguna,No existe,Intersección,Bueno,Buena,Diurna,Buen Tiempo,Lateral,S/D,Colisión,Ninguna,Faltante,Cordón divisorio,Sin restricción
2020,5556,2020-10-17,Sabado,18:25:00,,0.0,2,"Moto/Ciclomotor,Automóvil",Italia Y Bartolome Mitre,3,0,1,0,2,0,0,"-33.74602, -61.95822",Calle,,VENADO TUERTO,General LÓPEZ,S/D,S/D,VIII,S/D,Urbana,S/D,S/D,Intersección,S/D,S/D,Atardecer,S/D,S/D,S/D,Colisión,S/D,S/D,S/D,S/D
2020,5557,2020-12-04,Viernes,11:51:00,,0.0,3,"Moto/Ciclomotor,Pickup/Utilitario,Automóvil",San Luis Y Espora,3,1,0,0,2,0,0,"-33.02349, -60.60425",Calle,,VILLA GOBERNADOR GÁLVEZ,Rosario,Asfalto,No existe,II,Dentro,Urbana,Ninguna,No existe,Intersección,Otro,Buena,Diurna,Buen Tiempo,Múltiple,S/D,Colisión,Ninguna,Faltante,Ninguna,Sin restricción
2020,5558,2020-12-09,Miercoles,,,0.0,3,"Automóvil,Pickup/Utilitario,Automóvil",Cornelio Saavedra Y Maipu,4,1,0,0,3,0,0,"-33.74497, -61.96315",Calle,,VENADO TUERTO,General LÓPEZ,Asfalto,S/D,VIII,S/D,Urbana,S/D,S/D,Intersección,S/D,S/D,S/D,S/D,Múltiple,S/D,Colisión,S/D,S/D,S/D,S/D
2020,5559,2020-08-21,Viernes,20:15:00,,0.0,2,"Automóvil,Moto/Ciclomotor",Hernandarias Y Mariano Moreno,2,1,0,0,1,0,0,"-31.673005048669,-60.767988512905",Calle,,SANTO TOMÉ,La Capital,Asfalto,No existe,I,Dentro,Urbana,Ninguna,No existe,Recta,Bueno,Buena,Nocturna,Buen Tiempo,Lateral,S/D,Colisión,Ninguna,Faltante,Ninguna,Sin restricción
2020,5560,2020-12-09,Miercoles,,,0.0,1,Automóvil,Rivadavia Bernardino 300,1,1,0,0,0,0,0,"-32.82516, -60.71924",Calle,,CAPITÁN BERMÚDEZ,San Lorenzo,Asfalto,S/D,XVII,S/D,Urbana,S/D,S/D,Recta,S/D,S/D,S/D,S/D,Atropello animal,S/D,Colisión,S/D,S/D,S/D,S/D
2020,5561,2020-08-04,Martes,16:15:00,,0.0,2,"Moto/Ciclomotor,Automóvil",Dr Zavalla Y Gorriti,2,1,0,0,1,0,0,"-31.588171534274,-60.703383077146",Avenida,,SANTA FE,La Capital,Asfalto,No existe,I,Dentro,Urbana,Ninguna,No existe,Recta,Bueno,Buena,Diurna,Buen Tiempo,Lateral,S/D,Colisión,Ninguna,Vertical,Cordón divisorio,Sin restricción
2020,5562,2020-08-12,Miercoles,12:30:00,,0.0,2,"Moto/Ciclomotor,Automóvil",Bv. Am�rica Y Rosario,2,0,1,0,1,0,0,"-32.198890455756,-61.700128776467",Avenida,,EL TRÉBOL,San MARTÍN,Hormigón,No existe,XVIII,Dentro,Urbana,Paso Peatonal,No existe,Intersección,Bueno,Buena,Diurna,Buen Tiempo,Lateral,S/D,Colisión,Ninguna,Horizontal,"Cordón divisorio,Vegetación,Línea divisoria pintada",Sin restricción
2020,5563,2020-12-10,Jueves,,,0.0,1,Moto/Ciclomotor,Ayacucho Y Dante Alighieri,2,2,0,0,0,0,0,"-33.75751, -61.96664",Calle,,VENADO TUERTO,General LÓPEZ,Asfalto,S/D,VIII,S/D,Urbana,S/D,S/D,Intersección,S/D,S/D,S/D,S/D,Atropello animal,S/D,Colisión,S/D,S/D,S/D,S/D
2020,5564,2020-08-21,Viernes,20:45:00,,0.0,2,"Automóvil,Moto/Ciclomotor",Balcarce Y Mariano Candioti,2,1,0,0,1,0,0,"-31.678555833476,-60.756665905564",Calle,,SANTO TOMÉ,La Capital,Asfalto,No existe,I,Dentro,Urbana,Ninguna,No existe,Intersección,Bueno,Buena,Nocturna,Buen Tiempo,Lateral,S/D,Colisión,Ninguna,Faltante,Ninguna,Sin restricción
2020,5565,2020-07-27,Lunes,03:10:00,,0.0,1,Automóvil, ,1,0,0,0,0,1,0,"-32.23693, -60.93293",Camino Rural,,BARRANCAS,San JERÓNIMO,S/D,S/D,XV,Dentro,Rural,S/D,S/D,Recta,S/D,S/D,Nocturna,S/D,S/D,S/D,Vuelco,S/D,S/D,S/D,S/D
2020,5566,2020-08-18,Martes,19:00:00,,0.0,2,"Moto/Ciclomotor,Automóvil",Av A del Valle Y Gorriti,3,2,0,0,1,0,0,"-31.590685250378,-60.692270799516",Avenida,,SANTA FE,La Capital,Asfalto,No existe,I,Dentro,Urbana,Semáforo,Funciona,Intersección,Bueno,Buena,Atardecer,Buen Tiempo,Lateral,S/D,Colisión,Ninguna,"Horizontal,Vertical",Cordón divisorio,Accidente Previo
2020,5567,2020-12-10,Jueves,,,0.0,2,"Moto/Ciclomotor,Automóvil",Pueyrredon Y Almirante Brown,2,1,0,0,1,0,0,"-31.25052, -61.48777",Calle,,RAFAELA,Castellanos,Asfalto,S/D,V,S/D,Urbana,S/D,S/D,Intersección,S/D,S/D,S/D,S/D,S/D,S/D,Colisión,S/D,S/D,S/D,S/D
2020,5569,2020-12-10,Jueves,19:50:00,,0.0,2,"Moto/Ciclomotor,Moto/Ciclomotor",Urquiza Y J V Gimenez,2,2,0,0,0,0,0,"-29.44597, -60.21675",Calle,,VERA,Vera,Asfalto,S/D,XIX,S/D,Urbana,S/D,S/D,Intersección,S/D,S/D,S/D,S/D,S/D,S/D,Colisión,S/D,S/D,S/D,S/D
2020,5570,2020-10-17,Sabado,,Ruta Nacional 34,235.0,2,"Camión,Pickup/Utilitario", ,2,0,1,0,1,0,0,"-31.12632, -61.47435",Ruta,34,LEHMANN,Castellanos,S/D,S/D,V,S/D,Urbana,S/D,S/D,Recta,S/D,S/D,Atardecer,S/D,De alcance,S/D,Colisión,S/D,S/D,S/D,S/D
2020,5571,2020-12-11,Viernes,22:30:00,,0.0,2,"Automóvil,Moto/Ciclomotor",Belgrano Manuel Y Corrientes,2,1,0,0,1,0,0,"-31.74337, -61.09556",Calle,,SAN CARLOS CENTRO,Las Colonias,Asfalto,S/D,XI,S/D,Urbana,S/D,S/D,Intersección,S/D,S/D,S/D,S/D,S/D,S/D,Colisión,S/D,S/D,S/D,S/D
2020,5572,2020-08-12,Miercoles,19:25:00,,0.0,2,"Automóvil,Moto/Ciclomotor",Av Blas Parera Y French,2,1,0,0,1,0,0,"-31.585765275004,-60.725662994922",Avenida,,SANTA FE,La Capital,Asfalto,No existe,I,Dentro,Urbana,Semáforo,Funciona,Recta,Bueno,Buena,Nocturna,Buen Tiempo,S/D,S/D,Colisión,Ninguna,"Horizontal,Vertical",Ninguna,Sin restricción
2020,5573,2020-12-11,Viernes,,Autopista Provincial Brigadier E.LÓPEZ,0.0,2,"Moto/Ciclomotor,Automóvil", ,3,2,0,0,1,0,0,"-32.78295, -60.74547",Autopista,Brigadier E.LÓPEZ,FRAY LUIS BELTRÁN,San Lorenzo,Asfalto,S/D,XVII,S/D,Urbana,S/D,S/D,Recta,S/D,S/D,S/D,S/D,S/D,S/D,Colisión,S/D,S/D,S/D,S/D
2020,5574,2020-12-05,Sabado,21:00:00,,0.0,2,"Automóvil,Moto/Ciclomotor",Av Filipini Y Soldado Aguirre,2,1,0,0,1,0,0,"-33.02932, -60.63714",S/D,,VILLA GOBERNADOR GÁLVEZ,Rosario,Asfalto,No existe,II,S/D,S/D,Ninguna,No funciona,Rotonda,Con baches,S/D,Con luz artificial,Otro,S/D,S/D,S/D,Ninguna,S/D,Ninguna,Sin restricción
2020,5575,2020-10-17,Sabado,17:00:00,,0.0,2,"Bicicleta,Camión",Av Brasil Y Victor Manuel,2,1,0,0,1,0,0,"-31.24457, -61.48238",Avenida,,RAFAELA,Castellanos,S/D,S/D,V,S/D,Urbana,S/D,S/D,Intersección,S/D,S/D,Atardecer,S/D,S/D,Ciclista,Atropello,S/D,S/D,S/D,S/D
2020,5576,2020-12-11,Viernes,,,0.0,2,"Automóvil,Moto/Ciclomotor",Italia Y J B Mitri,2,0,1,0,1,0,0,"-30.93908, -61.56138",Calle,,SUNCHALES,Castellanos,Asfalto,S/D,V,S/D,Urbana,S/D,S/D,Intersección,S/D,S/D,S/D,S/D,S/D,S/D,Colisión,S/D,S/D,S/D,S/D
2020,5577,2020-08-10,Lunes,12:00:00,,0.0,2,"Moto/Ciclomotor,Moto/Ciclomotor", ,2,0,1,0,1,0,0,"-32.1466982430459,-61.6294276779814",Camino Rural,,CASAS,San MARTÍN,Tierra,No existe,XVIII,Dentro,Rural,Ninguna,No existe,Cruce,Deteriorada,Buena,Diurna,Buen Tiempo,Lateral,S/D,Colisión,Ninguna,Faltante,Ninguna,Sin restricción
2020,5578,2020-08-21,Viernes,10:00:00,,0.0,2,"Moto/Ciclomotor,Automóvil",Av Facundo Zuviria Y Larrea,2,1,0,0,1,0,0,"-31.593648918391,-60.699520564298",Avenida,,SANTA FE,La Capital,Asfalto,No existe,I,Dentro,Urbana,Ninguna,No existe,Recta,Bueno,Buena,Diurna,Buen Tiempo,Lateral,S/D,Colisión,Ninguna,Faltante,Cordón divisorio,Sin restricción
2020,5579,2020-08-22,Sabado,12:30:00,,0.0,2,"Bicicleta,Automóvil",Estanislao Zeballos 4370,2,1,0,0,1,0,0,"-31.600486181207,-60.717451695857",Calle,,SANTA FE,La Capital,Asfalto,No existe,I,Dentro,Rural,Ninguna,No existe,Recta,Bueno,Buena,Diurna,Buen Tiempo,S/D,Ciclista,Atropello,Ninguna,Faltante,Ninguna,Sin restricción
2020,5580,2020-12-05,Sabado,13:10:00,,0.0,2,"Moto/Ciclomotor,Moto/Ciclomotor",Donado Y Pje. publico,2,1,0,0,1,0,0,"-32.93661, -60.72719",Calle,,ROSARIO,Rosario,Asfalto,No existe,II,Dentro,Urbana,S/D,No existe,Intersección,Deteriorada,Buena,Diurna,Buen Tiempo,S/D,S/D,Colisión,S/D,Faltante,S/D,Sin restricción
2020,5581,2020-12-11,Viernes,,,0.0,2,"Moto/Ciclomotor,Automóvil",Leandro N Alem Y Brasil,3,2,0,0,1,0,0,"-30.94562, -61.5505",Calle,,SUNCHALES,Castellanos,Asfalto,S/D,V,S/D,Urbana,S/D,S/D,Intersección,S/D,S/D,S/D,S/D,S/D,S/D,Colisión,S/D,S/D,S/D,S/D
2020,5582,2020-08-26,Miercoles,19:15:00,,0.0,1,Moto/Ciclomotor,Av Facundo Zuviria Y Padre Genesio,1,1,0,0,0,0,0,"-31.598199888785,-60.700955962383",Avenida,,SANTA FE,La Capital,Asfalto,No existe,I,Dentro,Urbana,Ninguna,No existe,Recta,Bueno,Buena,Diurna,Buen Tiempo,Contra objeto fijo,S/D,Colisión,Ninguna,Faltante,Cordón divisorio,Reparación de Va
2020,5583,2020-08-12,Miercoles,18:00:00,,0.0,2,"Pickup/Utilitario,Moto/Ciclomotor",Carlos Bosch Y Simon de Iriondo,2,1,0,0,1,0,0,"-31.431242721407,-60.924930069651",Calle,,ESPERANZA,Las Colonias,Asfalto,Pavimento,XI,Dentro,Urbana,Ninguna,No existe,Intersección,Bueno,Buena,Diurna,Buen Tiempo,S/D,S/D,Colisión,Ninguna,Faltante,Ninguna,Sin restricción
2020,5584,2020-12-06,Domingo,15:30:00,,0.0,2,"Automóvil,Moto/Ciclomotor",Necochea Y San Lorenzo,3,2,0,0,1,0,0,"-33.13367, -60.79824",Calle,,ÁLVAREZ,Rosario,Ripio,Pavimento,II,Dentro,Urbana,Ninguna,No existe,Intersección,Bueno,Buena,Diurna,Buen Tiempo,Lateral,S/D,Colisión,Ninguna,Faltante,Ninguna,Sin restricción
2020,5585,2020-08-13,Jueves,18:30:00,,0.0,2,"Moto/Ciclomotor,Automóvil",Av Blas Parera Y Espora,3,2,0,0,1,0,0,"-31.597484927216,-60.722450615619",Avenida,,SANTA FE,La Capital,Asfalto,No existe,I,Dentro,Urbana,Paso Peatonal,No existe,Intersección,Bueno,Buena,Diurna,Buen Tiempo,S/D,S/D,Colisión,Ninguna,Horizontal,Cordón divisorio,Sin restricción
2020,5586,2020-12-12,Sabado,19:30:00,,0.0,1,Moto/Ciclomotor,Marconico Y Cornelio Saavedra,1,1,0,0,0,0,0,"-33.7432, -61.96456",Calle,,VENADO TUERTO,General LÓPEZ,Asfalto,S/D,VIII,S/D,Urbana,S/D,S/D,Intersección,S/D,S/D,S/D,S/D,S/D,S/D,Cañda ocupante,S/D,S/D,S/D,Sin restricción
2020,5587,2020-10-17,Sabado,,,0.0,1,Moto/Ciclomotor,Lavalle Y San Martin,1,1,0,0,0,0,0,"-32.81983, -61.39812",Calle,,CAÑADA DE GÓMEZ,Iriondo,S/D,S/D,X,S/D,Urbana,S/D,S/D,Intersección,Resbaladiza,S/D,S/D,Lluvia,S/D,S/D,Cañda ocupante,Agua,S/D,S/D,S/D
2020,5588,2020-12-12,Sabado,,,0.0,3,"Pickup/Utilitario,Bicicleta,Otros",Balcarce Y Marconico,3,2,0,0,1,0,0,"-33.74117, -61.96071",Calle,,VENADO TUERTO,General LÓPEZ,Asfalto,S/D,VIII,S/D,Urbana,S/D,S/D,Intersección,S/D,S/D,S/D,S/D,S/D,S/D,Atropello,S/D,S/D,S/D,S/D
2020,5589,2020-12-08,Martes,11:40:00,,0.0,2,"Automóvil,Automóvil",J.J.Paso ,2,1,0,0,1,0,0,"-32.92023, -60.71282",S/D,,ROSARIO,Rosario,Asfalto,No existe,II,S/D,S/D,Semáforo,Funciona,S/D,Otro,Buena,Nocturna,Buen Tiempo,Múltiple,S/D,Colisión,Ninguna,"Horizontal,Vertical",Ninguna,Sin restricción
2020,5590,2020-08-29,Sabado,20:00:00,,0.0,2,"Moto/Ciclomotor,Automóvil",Saavedra Y Reg 12 de Infanteria,3,2,0,0,1,0,0,"-31.596194207668304,-60.70149600505",Calle,,SANTA FE,La Capital,"Asfalto,Tierra",No existe,I,Dentro,Urbana,Ninguna,No existe,Intersección,Bueno,Buena,Nocturna,Buen Tiempo,Lateral,S/D,Colisión,Ninguna,Faltante,Ninguna,Sin restricción
2020,5591,2020-08-03,Lunes,18:30:00,,0.0,2,"Automóvil,Moto/Ciclomotor",JUAN JACOB Y AV CORDOBA,2,1,1,0,0,0,0,"-31.443343162536642,-60.95389187335",Camino Rural,,ESPERANZA,Las Colonias,Tierra,No existe,XI,Dentro,Rural,Ninguna,No existe,Intersección,Bueno,Buena,Atardecer,Buen Tiempo,Lateral,S/D,Colisión,Ninguna,Faltante,Ninguna,Sin restricción
2020,5592,2020-12-06,Domingo,15:00:00,,0.0,2,"Automóvil,Moto/Ciclomotor",Navarro Y Rodo,3,0,1,0,2,0,0,"-32.93189, -60.7261",Calle,,ROSARIO,Rosario,Asfalto,No existe,II,Dentro,Urbana,S/D,S/D,Intersección,Bueno,Buena,Diurna,Buen Tiempo,Lateral,S/D,Colisión,Ninguna,Faltante,Ninguna,Sin restricción
2020,5593,2020-12-12,Sabado,,,0.0,2,"Automóvil,Moto/Ciclomotor",Av Brasil Y Pueyrredon,2,1,0,0,1,0,0,"-31.24392, -61.48616",Calle,,RAFAELA,Castellanos,Asfalto,S/D,V,S/D,Urbana,S/D,S/D,Intersección,S/D,S/D,S/D,S/D,S/D,S/D,Colisión,S/D,S/D,S/D,S/D
2020,5594,2020-08-03,Lunes,19:50:00,,0.0,2,"Moto/Ciclomotor,Automóvil",Ayacucho Y Edmundo Rosas,3,1,0,0,2,0,0,"-31.589376632305,-60.732080890823",Calle,,SANTA FE,La Capital,"Hormigón,Tierra",No existe,I,Dentro,Urbana,Ninguna,No existe,Intersección,Con baches,Buena,Nocturna,Buen Tiempo,S/D,S/D,Colisión,Ninguna,Faltante,Ninguna,Sin restricción
2020,5595,2020-10-18,Domingo,17:50:00,,0.0,2,"Automóvil,Taxi/Remis",Italia Y Felix Goumonde,9,3,0,0,6,0,0,"-33.72685, -61.9732",Calle,,VENADO TUERTO,General LÓPEZ,S/D,S/D,VIII,S/D,Urbana,S/D,S/D,Intersección,S/D,S/D,Atardecer,S/D,S/D,S/D,Colisión,S/D,S/D,S/D,S/D
2020,5596,2020-08-03,Lunes,19:30:00,,0.0,2,"Automóvil,Bicicleta",Italia Y Lopez y Planes,2,1,0,0,1,0,0,"-31.45320832343,-60.943319470375",Calle,,ESPERANZA,Las Colonias,Asfalto,No existe,XI,Dentro,Urbana,Ninguna,No existe,Intersección,Bueno,Buena,Nocturna,Buen Tiempo,S/D,Ciclista,Atropello,Ninguna,Faltante,Ninguna,Sin restricción
2020,5597,2020-12-12,Sabado,,Ruta Nacional 11,0.0,2,"Camión,Moto/Ciclomotor",Calle 5-Colon Y Ruta Nacional 11,2,1,0,0,1,0,0,"-29.1378, -59.6552",Ruta,11,RECONQUISTA,General Obligado,Asfalto,S/D,IX,S/D,Urbana,S/D,S/D,Intersección,S/D,S/D,S/D,S/D,S/D,S/D,Colisión,S/D,S/D,S/D,S/D
2020,5598,2020-08-02,Domingo,12:30:00,,0.0,1,Bicicleta,Alvear Y Gorostiaga,1,1,0,0,0,0,0,"-31.613282159756,-60.689560996332",Calle,,SANTA FE,La Capital,Asfalto,No existe,I,Dentro,Urbana,Ninguna,No existe,Intersección,Bueno,Buena,Diurna,Buen Tiempo,Contra objeto fijo,S/D,Colisión,Ninguna,Faltante,Ninguna,Sin restricción
2020,5599,2020-12-12,Sabado,,,0.0,2,"Automóvil,Moto/Ciclomotor",Calle 44-27 de Abril Y Calle 17-Bartolome Mitre,2,1,0,0,1,0,0,"-29.14403, -59.66265",Calle,,RECONQUISTA,General Obligado,Asfalto,S/D,IX,S/D,Urbana,S/D,S/D,Intersección,S/D,S/D,S/D,S/D,S/D,S/D,Colisión,S/D,S/D,S/D,S/D
2020,5600,2020-08-03,Lunes,01:30:00,,0.0,2,"Automóvil,Bicicleta",Alvear Y Pedro Centeno,2,1,0,0,1,0,0,"-31.628737662462,-60.694112397106",Calle,,SANTA FE,La Capital,Asfalto,No existe,I,Dentro,Urbana,Ninguna,No existe,Intersección,Bueno,Buena,Diurna,Buen Tiempo,S/D,Ciclista,Atropello,Ninguna,Faltante,Ninguna,Sin restricción
2020,5601,2020-12-03,Jueves,15:30:00,,0.0,2,"Bicicleta,Moto/Ciclomotor",J.B.Justo Y Av. Provincias Unidas,2,2,0,0,0,0,0,"-32.91499, -60.71403",S/D,,ROSARIO,Rosario,S/D,S/D,II,S/D,S/D,S/D,S/D,Intersección,S/D,S/D,S/D,S/D,S/D,Ciclista,Atropello,S/D,Faltante,S/D,S/D
2020,5602,2020-10-18,Domingo,21:15:00,,0.0,2,"Moto/Ciclomotor,Automóvil",Santa Fe Y Guillermo Brown,3,1,0,0,2,0,0,"-33.73628, -61.96321",Calle,,VENADO TUERTO,General LÓPEZ,S/D,S/D,VIII,S/D,Urbana,S/D,S/D,Intersección,S/D,S/D,Nocturna,S/D,S/D,S/D,Colisión,S/D,S/D,S/D,S/D
2020,5603,2020-08-04,Martes,06:20:00,,0.0,2,"Automóvil,Moto/Ciclomotor",1 de Mayo Y San Martin,2,1,0,0,1,0,0,"-31.448056295085,-60.930097300249",Calle,,ESPERANZA,Las Colonias,Asfalto,Pavimento,XI,Dentro,Urbana,Ninguna,No existe,Intersección,Bueno,Buena,Amanecer,Buen Tiempo,Lateral,S/D,Colisión,Ninguna,Faltante,Ninguna,Sin restricción
2020,5604,2020-12-12,Sabado,,,0.0,2,"Automóvil,Moto/Ciclomotor",Alberdi ,3,2,0,0,1,0,0,"-28.49625,-59.35170",Calle,,VILLA OCAMPO,General Obligado,Asfalto,S/D,IX,S/D,Urbana,S/D,S/D,Intersección,S/D,S/D,S/D,S/D,S/D,S/D,Colisión,S/D,S/D,S/D,S/D
2020,5605,2020-12-12,Sabado,,,0.0,2,"Pickup/Utilitario,Moto/Ciclomotor",25 de Mayo Y Saavedra,3,2,0,0,1,0,0,"-28.04235, -59.21769",Calle,,FLORENCIA,General Obligado,Asfalto,S/D,IX,S/D,Urbana,S/D,S/D,Intersección,S/D,S/D,S/D,S/D,S/D,S/D,Colisión,S/D,S/D,S/D,S/D
2020,5606,2020-08-26,Miercoles,23:40:00,,0.0,2,"Moto/Ciclomotor,Automóvil",Hernandarias Y Juan Jose Castelli,2,1,0,0,1,0,0,"-31.673168728584,-60.767014436845",Calle,,SANTO TOMÉ,La Capital,Asfalto,No existe,I,Dentro,Urbana,Ninguna,No existe,Intersección,Bueno,Buena,"Nocturna,Con luz artificial",Buen Tiempo,Lateral,S/D,Colisión,Ninguna,Faltante,Ninguna,Sin restricción
2020,5607,2020-12-02,Miercoles,23:08:00,,0.0,3,"Bicicleta,Automóvil,Bicicleta",Av. Provincias Unidas Y Amenabar,3,1,0,0,2,0,0,"-32.96398, -60.71153",Avenida,,ROSARIO,Rosario,Asfalto,Pavimento,II,S/D,Urbana,Ninguna,No existe,Otro,Bueno,Buena,Diurna,Buen Tiempo,S/D,Ciclista,Atropello,Ninguna,Faltante,Ninguna,Sin restricción
2020,5608,2020-08-30,Domingo,18:40:00,,0.0,2,"Moto/Ciclomotor,Pickup/Utilitario",Manuel Belgrano Y Mendoza,3,2,0,0,1,0,0,"-31.746239432796,-61.096284411831",Calle,,SAN CARLOS CENTRO,Las Colonias,Ripio,No existe,XI,Dentro,Urbana,Ninguna,No existe,Intersección,Bueno,Buena,Atardecer,Buen Tiempo,Lateral,S/D,Colisión,Ninguna,Faltante,Ninguna,Sin restricción
2020,5609,2020-10-18,Domingo,17:40:00,,0.0,2,"Peatón,Moto/Ciclomotor",Islas Malvinas Y Pio XXI,2,0,1,0,1,0,0,"-28.047229349613204,-59.22871112823",Calle,,FLORENCIA,General Obligado,S/D,S/D,IX,S/D,Urbana,S/D,S/D,Intersección,S/D,S/D,Diurna,S/D,S/D,Peatón,Atropello,S/D,S/D,S/D,S/D
2020,5610,2020-12-12,Sabado,,,0.0,2,"Moto/Ciclomotor,Automóvil",25 de Mayo Y Italia,2,1,0,0,1,0,0,"-30.94383, -61.55992",Calle,,SUNCHALES,Castellanos,Asfalto,S/D,V,S/D,Urbana,S/D,S/D,Intersección,S/D,S/D,S/D,S/D,S/D,S/D,Colisión,S/D,S/D,S/D,S/D
2020,5611,2020-12-07,Lunes,15:02:00,,0.0,2,"Moto/Ciclomotor,Moto/Ciclomotor",Bv. 27 De Febrero Y Lima,2,2,0,0,0,0,0,"-32.95961, -60.68855",Calle,,ROSARIO,Rosario,Asfalto,Pavimento,II,S/D,Urbana,Ninguna,No existe,Otro,Bueno,Buena,Diurna,Buen Tiempo,Otro,S/D,Colisión,Ninguna,Faltante,Ninguna,Sin restricción
2020,5612,2020-12-13,Domingo,,,0.0,2,"Moto/Ciclomotor,Automóvil", ,2,0,1,0,1,0,0,"-32.97281, -61.53868",Camino Rural,,VILLA ELOÍSA,Iriondo,S/D,S/D,X,S/D,Rural,S/D,S/D,S/D,S/D,S/D,S/D,S/D,S/D,S/D,Colisión,S/D,S/D,S/D,S/D
2020,5613,2020-08-04,Martes,20:15:00,,0.0,2,"Bicicleta,Peatón", ,2,2,0,0,0,0,0,"-31.619520, -60.691736",Calle,,SANTA FE,La Capital,Asfalto,No existe,I,Dentro,Urbana,Ninguna,No existe,Recta,Bueno,Reducida,Nocturna,Buen Tiempo,Contra objeto fijo,"Ciclista,Peatón","Colisión,Atropello",Ninguna,Faltante,Ninguna,Sin restricción
2020,5614,2020-10-18,Domingo,07:30:00,Ruta Provincial 32,19.0,1,Moto/Ciclomotor, ,2,1,1,0,0,0,0,"-28.49191, -59.29375",Ruta,32,SAN VICENTE.,Castellanos,Tierra,S/D,V,S/D,Rural,S/D,S/D,Recta,Resbaladiza,S/D,Amanecer,S/D,S/D,S/D,Cañda ocupante,Agua,S/D,S/D,S/D
2020,5615,2020-08-08,Sabado,11:30:00,,0.0,2,"Moto/Ciclomotor,Automóvil",Vera Mujica 320,2,1,0,0,1,0,0,"-31.667776430206,-60.727918461308",Calle,,SANTA FE,La Capital,Asfalto,No existe,I,Dentro,Urbana,Ninguna,No existe,Recta,Bueno,Buena,Diurna,Buen Tiempo,Frontal,S/D,Colisión,Ninguna,Faltante,Ninguna,Sin restricción
2020,5616,2020-10-19,Lunes,,Ruta Nacional 33,727.0,1,Camión, ,1,1,0,0,0,0,0,"-33.13372, -61.2702",Ruta,33,SANFORD,Caseros,S/D,S/D,IV,S/D,Rural,S/D,S/D,Recta,Resbaladiza,S/D,Nocturna,S/D,Contra objeto fijo,S/D,Colisión,Agua,S/D,S/D,S/D
2020,5617,2020-08-10,Lunes,17:10:00,,0.0,1,Bicicleta,Ecuador Y Luis Perret,1,0,1,0,0,0,0,"-31.451499,-60.878785",Calle,,ESPERANZA,Las Colonias,Tierra,No existe,XI,Dentro,Urbana,Ninguna,No existe,Intersección,Bueno,Buena,Diurna,Buen Tiempo,S/D,S/D,Cañda ocupante,Ninguna,Faltante,Ninguna,Sin restricción
2020,5618,2020-08-05,Miercoles,15:10:00,,0.0,2,"Taxi/Remis,Bicicleta",Av Gral Paz Y Pedro de Vega,2,1,0,0,1,0,0,"-31.614126, -60.681266",Avenida,,SANTA FE,La Capital,Asfalto,No existe,I,Dentro,Urbana,Ninguna,No existe,Intersección,Bueno,Buena,Diurna,Buen Tiempo,S/D,Ciclista,Atropello,Ninguna,Faltante,Cordón divisorio,Sin restricción
2020,5619,2020-10-24,Sabado,,,0.0,3,"Peatón,Peatón,Automóvil",Pje 5 Y Av Caferata,3,2,0,0,1,0,0,"    -33.03006, -60.64109",Calle,,VILLA GOBERNADOR GÁLVEZ,Rosario,Asfalto,S/D,II,Dentro,Urbana,S/D,S/D,Intersección,S/D,S/D,S/D,S/D,S/D,Peatón,Atropello,S/D,S/D,S/D,S/D
2020,5620,2020-08-11,Martes,15:00:00,,0.0,2,"Moto/Ciclomotor,Pickup/Utilitario",Cristobal Colon Y Nicasio Oro�o,2,1,0,0,1,0,0,"-31.670106680562,-60.725437515178",Calle,,SANTA FE,La Capital,Asfalto,No existe,I,Dentro,Urbana,Ninguna,No existe,Intersección,Bueno,Buena,Diurna,Buen Tiempo,Lateral,S/D,Colisión,Ninguna,Faltante,Ninguna,Sin restricción
2020,5621,2020-10-19,Lunes,15:28:00,,0.0,2,"Moto/Ciclomotor,Automóvil",Juan B Justo Y 2 de Abril,2,1,0,0,1,0,0,"-33.75565, -61.95708",Calle,,VENADO TUERTO,General LÓPEZ,S/D,S/D,VIII,S/D,Urbana,S/D,S/D,Intersección,S/D,S/D,Diurna,S/D,S/D,S/D,Colisión,S/D,S/D,S/D,S/D