anio_acci,nro_acci,fecha,desc_dia,hora_aprox,desc_ruta,km,cant_participantes,desc_participante,calle_avenida_km,total,heridos_leves,heridos_graves,heridos_gravisimos,ilesos,fallecidos,sin_datos,posicion_XY,desc_tipo_via,desc_ruta_ori,desc_loc,desc_dpto,desc_tipo_calzada,desc_tipo_banquina,desc_unidad_regional,desc_lugar_calzada,desc_zona,desc_prioridad,desc_estado_semaforo,desc_lugar_via,desc_estado_via,desc_estado_visibilidad,desc_luminosidad,desc_estado_clima,desc_tipo_colision,desc_tipo_atropello,desc_tipo_hecho,desc_pres_calzada,desc_senializacion,desc_separacion_via,desc_restriccion
2020,5622,2020-08-02,Domingo,08:30:00,Ruta Secundaria 50-s,0.0,1,Automóvil, ,1,0,1,0,0,0,0,"-31.560813188552878,-61.07688724994",Ruta,50-s,SAN JERÓNIMO NORTE,Las Colonias,Asfalto,Natural,XI,Dentro,Urbana,Ninguna,No existe,Recta,Bueno,Buena,Amanecer,Buen Tiempo,S/D,S/D,Vuelco,Ninguna,Horizontal,Línea divisoria pintada,Sin restricción
2020,5623,2020-08-06,Jueves,13:50:00,,0.0,2,"Automóvil,Moto/Ciclomotor",Agustin Delgado Y Guemes,2,1,0,0,1,0,0,"-31.623949568755,-60.684796693415",Calle,,SANTA FE,La Capital,Asfalto,No existe,I,Dentro,Urbana,Ninguna,No existe,Intersección,Bueno,Buena,Diurna,Buen Tiempo,Lateral,S/D,Colisión,Ninguna,Faltante,Ninguna,Sin restricción
2020,5624,2020-08-14,Viernes,18:50:00,,0.0,2,"Moto/Ciclomotor,Automóvil",Cristobal Colon Y Zavalia,3,2,0,0,1,0,0,"-31.669034701985,-60.726810537557",Calle,,SANTA FE,La Capital,Asfalto,No existe,I,Dentro,Urbana,Ninguna,No existe,Intersección,Bueno,Buena,Atardecer,Buen Tiempo,Frontal,S/D,Colisión,Ninguna,Faltante,Ninguna,Sin restricción
2020,5625,2020-08-02,Domingo,23:30:00,,0.0,2,"Moto/Ciclomotor,Camión c / Acoplado",Sargento Cabral 590,5,2,1,0,2,0,0,"-31.549331652251,-61.078920562694",Calle,,SAN JERÓNIMO NORTE,Las Colonias,Hormigón,No existe,XI,Dentro,Urbana,Ninguna,No existe,Recta,Bueno,Buena,"Nocturna,Con luz artificial",Buen Tiempo,Lateral,S/D,Colisión,Ninguna,Faltante,Ninguna,Sin restricción
2020,5626,2020-10-25,Domingo,,,0.0,2,"Moto/Ciclomotor,Automóvil",24 De Setiembre Y Esmeralda,2,1,0,0,1,0,0,"    -32.98323, -60.62991",Calle,,ROSARIO,Rosario,Asfalto,S/D,II,Dentro,Urbana,S/D,S/D,Intersección,S/D,S/D,S/D,S/D,S/D,S/D,Colisión,S/D,S/D,S/D,S/D
2020,5627,2020-08-13,Jueves,17:00:00,,0.0,2,"Camión Chasis,Bicicleta",Estanislao Lopez Y Mariano Vera,2,0,1,0,1,0,0,"-31.544532679908,-61.079030002296",Calle,,SAN JERÓNIMO NORTE,Las Colonias,Asfalto,No existe,XI,Dentro,Urbana,Ninguna,No existe,Intersección,Bueno,Buena,Diurna,Buen Tiempo,S/D,Ciclista,Atropello,Ninguna,Faltante,Ninguna,Sin restricción
2020,5628,2020-10-19,Lunes,,Ruta Provincial 32,24.0,1,Automóvil, ,4,1,0,0,0,0,3,"-28.48855, -59.34548",Ruta,32,VILLA OCAMPO,General Obligado,S/D,S/D,IX,S/D,Urbana,S/D,S/D,Recta,S/D,S/D,S/D,S/D,S/D,S/D,Despiste,S/D,S/D,S/D,S/D
2020,5629,2020-10-19,Lunes,,,0.0,1,Moto/Ciclomotor,San Martin 200,1,1,0,0,0,0,0,"-31.46501, -60.93527",Calle,,ESPERANZA,Las Colonias,S/D,S/D,XI,S/D,Urbana,S/D,S/D,Recta,S/D,S/D,S/D,S/D,S/D,S/D,Cañda ocupante,S/D,S/D,S/D,S/D
2020,5630,2020-10-19,Lunes,21:15:00,,0.0,1,Moto/Ciclomotor,Ovidio Lagos 100,1,1,0,0,0,0,0,"-32.82261, -61.39882",Calle,,CAÑADA DE GÓMEZ,Iriondo,S/D,S/D,X,S/D,Urbana,S/D,S/D,Recta,S/D,S/D,Nocturna,S/D,Atropello animal,S/D,Colisión,S/D,S/D,S/D,S/D
2020,5631,2020-10-25,Domingo,,,0.0,2,"Moto/Ciclomotor,Automóvil",San Martin Y Corrientes,2,1,0,0,1,0,0,"    -29.46572, -60.21174",Calle,,VERA,Vera,Asfalto,S/D,II,Dentro,Urbana,S/D,S/D,Intersección,S/D,S/D,S/D,S/D,S/D,S/D,Colisión,S/D,S/D,S/D,S/D
2020,5632,2020-08-06,Jueves,18:00:00,,0.0,2,"Bicicleta,Automóvil",Av Gral Paz Y J M Zuviria,2,1,0,0,1,0,0,"-31.61974668502804,-60.685687065124",Avenida,,SANTA FE,La Capital,Asfalto,No existe,I,Dentro,Urbana,Paso Peatonal,No existe,Intersección,Bueno,Buena,Diurna,Buen Tiempo,S/D,Ciclista,Atropello,Ninguna,Horizontal,Cordón divisorio,Sin restricción
2020,5633,2020-12-13,Domingo,,Ruta Nacional 33,0.0,3,"Automóvil,Moto/Ciclomotor,Moto/Ciclomotor",Ruta Nacional 33 ,3,1,0,0,2,0,0,"-33.76603, -62.07719",Ruta,33,VENADO TUERTO,General LÓPEZ,Asfalto,S/D,VIII,S/D,Urbana,S/D,S/D,Recta,S/D,S/D,S/D,S/D,S/D,S/D,Colisión,S/D,S/D,S/D,S/D
2020,5634,2020-12-14,Lunes,15:30:00,,0.0,2,"Moto/Ciclomotor,Pickup/Utilitario",Nora Wade de Basualde Y Av Dr Luis Chapuis,3,1,0,0,2,0,0,"-33.73349, -61.97812",Calle,,VENADO TUERTO,General LÓPEZ,Asfalto,S/D,VIII,S/D,Urbana,S/D,S/D,Intersección,S/D,S/D,S/D,S/D,S/D,S/D,Colisión,S/D,S/D,S/D,S/D
2020,5635,2020-12-15,Martes,,Ruta Secundaria 7-s,0.0,2,"Moto/Ciclomotor,Bicicleta",Santa Fe Y Guillermo Brown,2,1,0,0,1,0,0,"-33.73629, -61.96322",Ruta,7-s,VENADO TUERTO,General LÓPEZ,Asfalto,S/D,VIII,S/D,Urbana,S/D,S/D,Intersección,S/D,S/D,S/D,S/D,S/D,Ciclista,Atropello,S/D,S/D,S/D,S/D
2020,5636,2020-12-15,Martes,,,0.0,2,"Automóvil,Automóvil", ,2,0,0,0,0,0,2,"-31.25192, -61.4904",Calle,,RAFAELA,Castellanos,S/D,S/D,V,S/D,Urbana,S/D,S/D,S/D,S/D,S/D,S/D,S/D,S/D,S/D,Colisión,S/D,S/D,S/D,S/D
2020,5637,2020-12-15,Martes,17:50:00,,0.0,2,"Automóvil,Bicicleta",Sargento Cabral Y Remedios de Escalada,2,1,0,0,1,0,0,"-31.26247, -61.49124",Calle,,RAFAELA,Castellanos,Asfalto,S/D,V,S/D,Urbana,S/D,S/D,Intersección,S/D,S/D,S/D,S/D,S/D,Ciclista,Atropello,S/D,S/D,S/D,S/D
2020,5638,2020-12-04,Viernes,18:25:00,,0.0,2,"Moto/Ciclomotor,Automóvil",Av. Pte.Peron Y Cno Limite de Municipio,4,1,1,0,2,0,0,"-32.96414, -60.70358",Calle,,ROSARIO,Rosario,Asfalto,S/D,II,S/D,Urbana,Ninguna,No existe,Otro,Bueno,Buena,Atardecer,Buen Tiempo,Otro,S/D,Colisión,Ninguna,Faltante,Cordón divisorio,Sin restricción
2020,5639,2020-12-15,Martes,,Ruta Nacional 11,0.0,2,"Moto/Ciclomotor,Moto/Ciclomotor",Calle 101 Y Ruta Nacional 11,2,1,0,0,1,0,0,"-28.36409, -59.26379",Ruta,11,LAS TOSCAS,General Obligado,Asfalto,S/D,IX,S/D,Urbana,S/D,S/D,Intersección,S/D,S/D,S/D,S/D,S/D,S/D,Colisión,S/D,S/D,S/D,S/D
2020,5640,2020-12-15,Martes,,,0.0,2,"Camión Chasis,Moto/Ciclomotor",Calle 44-27 de Abril Y Calle 35-España,3,2,0,0,1,0,0,"-29.15326, -59.66392",Calle,,RECONQUISTA,General Obligado,Asfalto,S/D,IX,S/D,Urbana,S/D,S/D,Intersección,S/D,S/D,S/D,S/D,S/D,S/D,Colisión,S/D,S/D,S/D,S/D
2020,5641,2020-08-11,Martes,21:55:00,,0.0,1,Moto/Ciclomotor,ZONA RURAL COLONIA CRIOLLA ,1,1,0,0,0,0,0,"-30.564479827880877,-59.92802739143",Camino Rural,,SAN JAVIER,San Javier,Tierra,No existe,XIV,Fuera,Rural,Ninguna,No existe,Intersección,Bueno,Reducida,Nocturna,Buen Tiempo,S/D,S/D,Cañda ocupante,Ninguna,Faltante,Ninguna,Sin restricción
2020,5642,2020-10-20,Martes,07:30:00,,0.0,2,"Taxi/Remis,Automóvil",Bv Santa Fe Y Jorge Newbery,2,1,0,0,1,0,0,"-31.25699, -61.46679",S/D,,RAFAELA,Castellanos,S/D,S/D,V,S/D,Urbana,S/D,S/D,Intersección,Resbaladiza,S/D,Amanecer,Lluvia,Lateral,S/D,Colisión,Agua,S/D,S/D,S/D
2020,5643,2020-12-03,Jueves,10:00:00,,0.0,2,"Automóvil,Moto/Ciclomotor",Vera Mujica Y Cerrito,2,1,0,0,0,0,1,"-32.95674, -60.67085",Calle,,ROSARIO,Rosario,Asfalto,Pavimento,II,S/D,Urbana,Ninguna,No existe,Otro,Bueno,Buena,Diurna,Buen Tiempo,Lateral,S/D,Colisión,Ninguna,Faltante,Ninguna,Sin restricción
2020,5644,2020-08-16,Domingo,11:30:00,,0.0,2,"Moto/Ciclomotor,Moto/Ciclomotor",Bv Poeta J Migno Y H Irigoyen,2,2,0,0,0,0,0,"-30.573572516441345,-59.93503734469",Calle,,SAN JAVIER,San Javier,Asfalto,No existe,XIV,Dentro,Urbana,Ninguna,No existe,Intersección,Bueno,Buena,Diurna,Buen Tiempo,Frontal,S/D,Colisión,Ninguna,Faltante,Ninguna,Sin restricción
2020,5645,2020-10-20,Martes,,Ruta Provincial 13,122.0,2,"Moto/Ciclomotor,Camión", ,3,0,2,0,1,0,0,"-31.46058, -61.71167",Ruta,13,CLUCELLAS,Castellanos,S/D,S/D,V,S/D,Urbana,S/D,S/D,Recta,S/D,S/D,Nocturna,S/D,S/D,S/D,Colisión,S/D,S/D,S/D,S/D
2020,5646,2020-12-08,Martes,16:20:00,,0.0,2,"Moto/Ciclomotor,Automóvil",Bv. 27 De Febrero Y Matienzo,2,0,1,0,1,0,0,"-32.9587, -60.69396",Avenida,,ROSARIO,Rosario,Asfalto,Pavimento,II,S/D,Urbana,Ninguna,No existe,Otro,Bueno,Buena,Diurna,Buen Tiempo,Otro,S/D,Colisión,Ninguna,Faltante,Ninguna,Sin restricción
2020,5647,2020-12-16,Miercoles,21:30:00,Ruta Nacional 34,0.0,2,"Pickup/Utilitario,Camión c / Acoplado",Ruta Nacional 34 ,3,1,0,0,2,0,0,"-30.90318, -61.55857",Ruta,34,SUNCHALES,Castellanos,Asfalto,S/D,V,S/D,Urbana,S/D,S/D,Recta,S/D,S/D,S/D,S/D,S/D,S/D,Colisión,S/D,S/D,S/D,S/D
2020,5648,2020-12-08,Martes,19:50:00,,0.0,2,"Automóvil,Automóvil",FAVARIO ,4,3,0,0,0,0,1,"-32.97394, -60.72936",Calle,,ROSARIO,Rosario,Asfalto,Pavimento,II,S/D,Urbana,Ninguna,No existe,Otro,Bueno,Buena,Nocturna,Buen Tiempo,Otro,S/D,Colisión,Ninguna,Faltante,Ninguna,Sin restricción
2020,5649,2020-12-16,Miercoles,,,0.0,2,"Automóvil,Moto/Ciclomotor",Calle 12 San Martin Y Calle 13-Iturraspe,2,1,0,0,1,0,0,"-29.1435, -59.64234",Calle,,RECONQUISTA,General Obligado,Asfalto,S/D,IX,S/D,Urbana,S/D,S/D,Intersección,S/D,S/D,S/D,S/D,S/D,S/D,Colisión,S/D,S/D,S/D,S/D
2020,5650,2020-08-16,Domingo,19:30:00,Ruta Provincial 1,0.0,1,Moto/Ciclomotor,Av Gral Lopez Y Ruta N� 1,1,1,0,0,0,0,0,"-30.578403174877167,-59.93885144591",Ruta,1,SAN JAVIER,San Javier,"Asfalto,Hormigón",Pavimento,XIV,Dentro,Urbana,Semáforo,Funciona,Intersección,Bueno,Buena,Nocturna,Buen Tiempo,S/D,S/D,Cañda ocupante,Ninguna,"Horizontal,Vertical",Línea divisoria pintada,Sin restricción
2020,5651,2020-10-20,Martes,,,0.0,2,"Moto/Ciclomotor,Pickup/Utilitario",Gobernador Crespo Y Jorge Newbery,2,1,0,0,1,0,0,"-31.2524, -61.46752",Calle,,RAFAELA,Castellanos,S/D,S/D,V,S/D,Urbana,S/D,S/D,Intersección,S/D,S/D,S/D,S/D,S/D,S/D,Colisión,S/D,S/D,S/D,S/D
2020,5652,2020-12-16,Miercoles,,,0.0,2,"Vehículo Oficial,Moto/Ciclomotor",7 de Octubre Y Pellegrini,4,1,0,0,3,0,0,"-32.81897, -61.39937",Calle,,CAÑADA DE GÓMEZ,Iriondo,Asfalto,S/D,X,S/D,Urbana,S/D,S/D,Intersección,S/D,S/D,S/D,S/D,S/D,S/D,Colisión,S/D,S/D,S/D,S/D
2020,5653,2020-12-16,Miercoles,,Ruta Nacional 11,0.0,2,"Automóvil,Automóvil",Ruta Nac 11 ,2,2,0,0,0,0,0,"-31.71017, -60.80484",Ruta,11,SAUCE VIEJO,La Capital,Asfalto,S/D,I,S/D,Urbana,S/D,S/D,Recta,S/D,S/D,S/D,S/D,S/D,S/D,Colisión,S/D,S/D,S/D,S/D
2020,5654,2020-10-21,Miercoles,16:25:00,,0.0,2,"Automóvil,Pickup/Utilitario",Gral Manuel Belgrano Y Roque Saenz Pe�a,2,1,0,0,1,0,0,"-33.73745, -61.9735",Calle,,VENADO TUERTO,General LÓPEZ,S/D,S/D,VIII,S/D,Urbana,S/D,S/D,Intersección,S/D,S/D,Diurna,S/D,S/D,S/D,Colisión,S/D,S/D,S/D,S/D
2020,5655,2020-12-06,Domingo,22:00:00,,0.0,2,"Automóvil,Bicicleta",Cafferata Y Pte.Quintana,2,1,0,0,1,0,0,"-32.97665, -60.68007",Calle,,ROSARIO,Rosario,Asfalto,No existe,II,Dentro,Urbana,Ninguna,No existe,Recta,Bueno,Buena,Con luz artificial,Buen Tiempo,Lateral,Ciclista,Atropello,Ninguna,Faltante,Ninguna,Sin restricción
2020,5657,2020-10-21,Miercoles,14:55:00,,0.0,1,Moto/Ciclomotor,Mariano Moreno Y 25 de Mayo,1,0,1,0,0,0,0,"-33.74694, -61.96915",Calle,,VENADO TUERTO,General LÓPEZ,S/D,S/D,VIII,S/D,Urbana,S/D,S/D,Intersección,S/D,S/D,Diurna,S/D,S/D,S/D,Cañda ocupante,S/D,S/D,S/D,S/D
2020,5658,2020-10-22,Jueves,,,0.0,2,"Moto/Ciclomotor,Moto/Ciclomotor",J Abele Y Perusia,2,0,1,0,1,0,0,"-31.23836, -61.48408",Calle,,RAFAELA,Castellanos,S/D,S/D,V,S/D,Urbana,S/D,S/D,Intersección,S/D,S/D,Atardecer,S/D,S/D,S/D,Colisión,S/D,S/D,S/D,S/D
2020,5659,2020-12-07,Lunes,21:40:00,,0.0,2,"Pickup/Utilitario,Automóvil",Av. Ovidio Lagos Y Av. Battle y Ordo�ez,5,4,0,0,1,0,0,"-33.00977, -60.6774",Calle,,ROSARIO,Rosario,Asfalto,No existe,II,Dentro,Urbana,Ninguna,Funciona,Recta,Bueno,Buena,Nocturna,Buen Tiempo,Otro,S/D,Colisión,Ninguna,Horizontal,Línea divisoria pintada,Sin restricción
2020,5660,2020-08-17,Lunes,07:45:00,Ruta Provincial 1,0.0,2,"Moto/Ciclomotor,Bicicleta",Ruta N� 1 ,2,1,1,0,0,0,0,"-30.577005743980422,-59.93833243846",Ruta,1,SAN JAVIER,San Javier,Asfalto,Natural,XIV,Dentro,Urbana,Ninguna,No existe,Recta,Bueno,Reducida,"Amanecer,Con luz artificial",Buen Tiempo,S/D,Ciclista,Atropello,Ninguna,S/D,Ninguna,Sin restricción
2020,5661,2020-08-14,Viernes,22:50:00,,0.0,2,"Moto/Ciclomotor,Moto/Ciclomotor",Guemes Y Quintana,2,1,0,0,1,0,0,"-31.625791025991,-60.685321364406",Calle,,SANTA FE,La Capital,Asfalto,No existe,I,Dentro,Urbana,Ninguna,No existe,Intersección,Bueno,Reducida,"Nocturna,Con luz artificial",Buen Tiempo,Lateral,S/D,Colisión,Ninguna,Faltante,Ninguna,Sin restricción
2020,5662,2020-10-22,Jueves,,,0.0,2,"Moto/Ciclomotor,Automóvil",Calle 5 Y Calle 58,3,2,0,0,1,0,0,"-31.42435, -62.06149",Calle,,FRONTERA,Castellanos,S/D,S/D,V,S/D,Urbana,S/D,S/D,Intersección,S/D,S/D,S/D,S/D,S/D,S/D,Colisión,S/D,S/D,S/D,S/D
2020,5664,2020-08-19,Miercoles,20:45:00,,0.0,2,"Automóvil,Moto/Ciclomotor",Florian Pavcke Y Libertad,2,0,1,0,1,0,0,"-30.584350312681,-59.935292338232",Calle,,SAN JAVIER,San Javier,Asfalto,No existe,XIV,Dentro,Urbana,Ninguna,No existe,Intersección,Bueno,Buena,"Nocturna,Con luz artificial",Buen Tiempo,S/D,S/D,Colisión,Ninguna,Faltante,Ninguna,Sin restricción
2020,5665,2020-12-05,Sabado,20:20:00,,0.0,2,"Pickup/Utilitario,Moto/Ciclomotor",Av. Ovidio Lagos 3950,2,0,1,0,1,0,0,"-32.97901, -60.67064",Avenida,,ROSARIO,Rosario,Asfalto,No existe,II,Dentro,Urbana,Ninguna,S/D,Recta,Bueno,Buena,Atardecer,Buen Tiempo,Lateral,S/D,Colisión,Ninguna,Faltante,Cordón divisorio,Sin restricción
2020,5666,2020-10-25,Domingo,,,0.0,2,"Bicicleta,Automóvil", Remedios de Escalada de San M Y General Jose de San Martin,2,1,0,0,1,0,0,"    -33.04392, -61.17223",Calle,,CASILDA,Caseros,S/D,S/D,IV,Dentro,Urbana,S/D,S/D,Intersección,S/D,S/D,Diurna,S/D,S/D,Ciclista,Atropello,S/D,S/D,S/D,S/D
2020,5667,2020-10-22,Jueves,,,0.0,1,Automóvil,San Juan Y Carriego,1,0,1,0,0,0,0,"-32.9411, -60.6896",Calle,,ROSARIO,Rosario,S/D,S/D,II,S/D,Urbana,S/D,S/D,Intersección,S/D,S/D,S/D,S/D,S/D,S/D,Despiste,S/D,S/D,S/D,S/D
2020,5668,2020-10-22,Jueves,01:20:00,,0.0,2,"Vehículo Oficial,Automóvil",Av. Corrientes Y San Juan,2,0,2,0,0,0,0,"-32.94941, -60.64329",Calle,,ROSARIO,Rosario,S/D,S/D,II,S/D,Urbana,S/D,S/D,Intersección,S/D,S/D,Nocturna,S/D,S/D,S/D,Colisión,S/D,S/D,S/D,S/D
2020,5669,2020-10-26,Lunes,,,0.0,2,"Automóvil,Automóvil",Antartida Argentina ,3,1,0,0,2,0,0,"    -32.04908, -61.60258",Camino Rural,,CAÑADA ROSQUÍN,San MARTÍN,Asfalto,Natural,XVIII,Dentro,Rural,Ninguna,S/D,Intersección,Bueno,S/D,S/D,S/D,Frontal,S/D,Colisión,S/D,S/D,S/D,S/D
2020,5670,2020-08-14,Viernes,23:10:00,,0.0,2,"Automóvil,Moto/Ciclomotor",Alvear Y Derqui,2,1,0,0,1,0,0,"-31.617820159812,-60.690911824008",Calle,,SANTA FE,La Capital,Asfalto,No existe,I,Dentro,Urbana,Ninguna,No existe,Intersección,Bueno,Reducida,Nocturna,Buen Tiempo,Lateral,S/D,Colisión,Ninguna,Faltante,Ninguna,Sin restricción
2020,5671,2020-12-01,Martes,11:10:00,,0.0,2,"Moto/Ciclomotor,Automóvil",Saavedra Y Crespo,2,1,0,0,1,0,0,"-32.97257, -60.67622",Calle,,ROSARIO,Rosario,Asfalto,No existe,II,Dentro,Urbana,Ninguna,No existe,Intersección,Bueno,Buena,Diurna,Buen Tiempo,Lateral,S/D,Colisión,Ninguna,Faltante,Ninguna,Sin restricción
2020,5672,2020-08-22,Sabado,19:45:00,,0.0,1,Automóvil, ,5,4,0,0,1,0,0,"-31.772718429565433,-61.30002021789",Camino Rural,,SANTA CLARA DE BUENA VISTA,Las Colonias,Tierra,No existe,XI,Dentro,Rural,Ninguna,No existe,Recta,Bueno,Buena,Nocturna,Buen Tiempo,Atropello animal,S/D,Colisión,Ninguna,Faltante,Ninguna,Sin restricción
2020,5673,2020-10-23,Viernes,08:07:00,,0.0,2,"Bicicleta,Pickup/Utilitario",Juan Jose Castelli Y Marconico,2,1,0,0,1,0,0,"-33.74377, -61.9656",Calle,,VENADO TUERTO,General LÓPEZ,S/D,S/D,VIII,S/D,Urbana,S/D,S/D,Intersección,S/D,S/D,Diurna,S/D,S/D,Ciclista,Atropello,S/D,S/D,S/D,S/D
2020,5674,2020-12-03,Jueves,12:50:00,,0.0,2,"Pickup/Utilitario,Moto/Ciclomotor",Av. Battle y Ordo�ez Y Av. Ovidio Lagos,3,1,0,0,2,0,0,"-33.00977, -60.6774",Avenida,,ROSARIO,Rosario,Asfalto,No existe,II,Dentro,Urbana,Ninguna,No existe,Recta,Bueno,Buena,Diurna,Buen Tiempo,Lateral,S/D,Colisión,Ninguna,Faltante,Ninguna,Sin restricción
2020,5675,2020-08-21,Viernes,14:30:00,,0.0,1,Moto/Ciclomotor,Av Carlos s Begnis Y Dr De la Colina,1,1,0,0,0,0,0,"-30.574149048295,-59.936471890153",Avenida,,SAN JAVIER,San Javier,Tierra,No existe,XIV,Dentro,Urbana,Ninguna,No existe,Recta,Resbaladiza,Buena,Diurna,Buen Tiempo,S/D,S/D,Cañda ocupante,Material Suelto,Faltante,Ninguna,Sin restricción
2020,5676,2020-08-09,Domingo,01:15:00,,0.0,1,Moto/Ciclomotor, ,1,0,0,0,0,1,0,"-28.37073,-59.26387",S/D,,SAN ANTONIO DE OBLIGADO,General Obligado,S/D,S/D,IX,S/D,Rural,S/D,S/D,S/D,S/D,S/D,Nocturna,S/D,Contra objeto fijo,S/D,Colisión,S/D,S/D,S/D,S/D
2020,5677,2020-12-03,Jueves,17:00:00,,0.0,2,"Automóvil,Moto/Ciclomotor",Av. Francia Y Pte.Quintana,2,1,0,0,1,0,0,"-32.97767, -60.67461",Avenida,,ROSARIO,Rosario,Asfalto,No existe,II,Dentro,Urbana,Ninguna,No existe,Recta,Bueno,Buena,Diurna,Buen Tiempo,Lateral,S/D,Colisión,Ninguna,Horizontal,Cordón divisorio,Sin restricción
2020,5678,2020-10-23,Viernes,12:36:00,,0.0,2,"Moto/Ciclomotor,Automóvil",Italia Y Alvear,2,1,0,0,1,0,0,"-33.74511, -61.95893",Calle,,VENADO TUERTO,General LÓPEZ,S/D,S/D,VIII,S/D,Urbana,S/D,S/D,Intersección,S/D,S/D,Diurna,S/D,S/D,S/D,Colisión,S/D,S/D,S/D,S/D
2020,5679,2020-08-14,Viernes,09:20:00,,0.0,2,"Automóvil,Moto/Ciclomotor",Hernandarias Y Las Heras,2,1,0,0,1,0,0,"-31.608517258946,-60.689309845593",Calle,,SANTA FE,La Capital,Asfalto,No existe,I,Dentro,Urbana,Ninguna,No existe,Intersección,Bueno,Buena,Diurna,Buen Tiempo,Lateral,S/D,Colisión,Ninguna,Faltante,Ninguna,Sin restricción
2020,5680,2020-08-26,Miercoles,17:50:00,,0.0,1,Automóvil,San Martin Y Santiago Cabral,1,1,0,0,0,0,0,"-30.577130526847,-59.928364497947",Calle,,SAN JAVIER,San Javier,Asfalto,Natural,XIV,Dentro,Urbana,Ninguna,No existe,Recta,Bueno,Buena,Diurna,Buen Tiempo,Contra objeto fijo,S/D,Colisión,Ninguna,S/D,Ninguna,Sin restricción
2020,5681,2020-10-27,Martes,,,0.0,1,Moto/Ciclomotor,Iturraspe 2900,1,1,0,0,0,0,0,"    -31.62831, -60.70522",Calle,,SANTA FE,La Capital,Asfalto,Ripio,I,Dentro,Urbana,S/D,S/D,Intersección,S/D,S/D,S/D,S/D,Contra objeto fijo,S/D,Colisión,S/D,S/D,S/D,S/D
2020,5682,2020-10-23,Viernes,16:10:00,,0.0,2,"Moto/Ciclomotor,Pickup/Utilitario",Pavon Y Garibaldi,2,1,0,0,1,0,0,"-33.75055, -61.95382",Calle,,VENADO TUERTO,General LÓPEZ,S/D,S/D,VIII,S/D,Urbana,S/D,S/D,Intersección,S/D,S/D,Diurna,S/D,S/D,S/D,Colisión,S/D,S/D,S/D,S/D
2020,5683,2020-12-05,Sabado,18:30:00,,0.0,2,"Moto/Ciclomotor,Moto/Ciclomotor",Castellanos Y Bv. Segui,3,1,0,0,2,0,0,"-32.97253, -60.6833",Calle,,ROSARIO,Rosario,Asfalto,No existe,II,Dentro,Urbana,Ninguna,No existe,Intersección,Bueno,Buena,Atardecer,Buen Tiempo,Lateral,S/D,Colisión,Ninguna,Faltante,Ninguna,Sin restricción
2020,5684,2020-08-14,Viernes,01:50:00,Ruta Secundaria 80-s,0.0,1,Automóvil, ,1,1,0,0,0,0,0,"-31.141212, -60.959815",Ruta,80-s,PROGRESO,Las Colonias,Asfalto,Natural,XI,Dentro,Rural,Marca Vial,No existe,Puente,Bueno,Buena,Nocturna,Buen Tiempo,S/D,S/D,Vuelco,Ninguna,Horizontal,Línea divisoria pintada,Sin restricción
2020,5685,2020-08-21,Viernes,09:00:00,,0.0,2,"Automóvil,Bicicleta",Alvear Y J M Zuviria,2,1,0,0,1,0,0,"-31.618720543028,-60.691181952437",Calle,,SANTA FE,La Capital,Asfalto,No existe,I,Dentro,Urbana,Ninguna,No existe,Intersección,Bueno,Buena,Diurna,Buen Tiempo,S/D,Ciclista,"Colisión,Atropello",Ninguna,Faltante,Ninguna,Sin restricción
2020,5686,2020-10-23,Viernes,17:50:00,,0.0,1,Moto/Ciclomotor,Santa Fe Y Chacabuco,1,1,0,0,0,0,0,"-33.74326, -61.95781",Calle,,VENADO TUERTO,General LÓPEZ,S/D,S/D,VIII,S/D,Urbana,S/D,S/D,Intersección,S/D,S/D,Diurna,S/D,Atropello animal,S/D,Colisión,S/D,S/D,S/D,S/D
2020,5687,2020-12-05,Sabado,23:35:00,,0.0,2,"Automóvil,Moto/Ciclomotor",Pueyrredon Y Av. Ntra.Sra.del Rosario,2,1,0,0,1,0,0,"-33.00072, -60.66921",Calle,,ROSARIO,Rosario,Asfalto,No existe,II,Dentro,Urbana,Ninguna,No existe,Recta,Bueno,Buena,Nocturna,Buen Tiempo,Lateral,S/D,Colisión,Ninguna,Faltante,Ninguna,Sin restricción
2020,5688,2020-08-29,Sabado,01:40:00,,0.0,1,Moto/Ciclomotor,CAMINO RURAL ,1,1,0,0,0,0,0,"-31.126735210418666,-60.98716735839",Camino Rural,,PROGRESO,Las Colonias,Tierra,No existe,XI,Dentro,Rural,Ninguna,No existe,Recta,Bueno,Buena,Nocturna,Buen Tiempo,S/D,S/D,Cañda ocupante,Ninguna,Faltante,Ninguna,Sin restricción
2020,5689,2020-08-29,Sabado,23:40:00,,0.0,1,Moto/Ciclomotor, ,2,2,0,0,0,0,0,"-30.57836830615999,-59.931101202964",Calle,,SAN JAVIER,San Javier,Tierra,No existe,XIV,Dentro,Urbana,Ninguna,No existe,Recta,Con baches,Buena,"Nocturna,Con luz artificial",Buen Tiempo,Otro,S/D,Cañda ocupante,Material Suelto,Faltante,Ninguna,Sin restricción
2020,5690,2020-10-23,Viernes,,,0.0,2,"Moto/Ciclomotor,Automóvil",Av Aristobulo del Valle Y Suiza,2,1,0,0,1,0,0,"-31.26179, -61.46748",Avenida,,RAFAELA,Castellanos,S/D,S/D,V,S/D,Urbana,S/D,S/D,Intersección,S/D,S/D,S/D,S/D,S/D,S/D,Colisión,S/D,S/D,S/D,S/D
2020,5691,2020-12-07,Lunes,19:10:00,,0.0,2,"Moto/Ciclomotor,Automóvil",Av. Corrientes Y Pte.Quintana,3,0,1,0,2,0,0,"-32.98178, -60.6514",Calle,,ROSARIO,Rosario,Asfalto,Pavimento,II,Dentro,Urbana,Ninguna,No existe,Intersección,Bueno,Buena,Atardecer,Buen Tiempo,Lateral,S/D,Colisión,Ninguna,Faltante,Ninguna,Sin restricción