anio_acci,nro_acci,fecha,desc_dia,hora_aprox,desc_ruta,km,cant_participantes,desc_participante,calle_avenida_km,total,heridos_leves,heridos_graves,heridos_gravisimos,ilesos,fallecidos,sin_datos,posicion_XY,desc_tipo_via,desc_ruta_ori,desc_loc,desc_dpto,desc_tipo_calzada,desc_tipo_banquina,desc_unidad_regional,desc_lugar_calzada,desc_zona,desc_prioridad,desc_estado_semaforo,desc_lugar_via,desc_estado_via,desc_estado_visibilidad,desc_luminosidad,desc_estado_clima,desc_tipo_colision,desc_tipo_atropello,desc_tipo_hecho,desc_pres_calzada,desc_senializacion,desc_separacion_via,desc_restriccion
2020,5692,2020-08-14,Viernes,13:50:00,Ruta Provincial 6,0.0,2,"Camión Chasis,Camión c / Acoplado",San Martin Y Rivadavia,2,1,0,0,1,0,0,"-31.763382695203,-61.101985587513",Ruta,6,SAN CARLOS SUR,Las Colonias,Asfalto,No existe,XI,Dentro,Urbana,Ninguna,No existe,Intersección,Bueno,Buena,Diurna,Buen Tiempo,Lateral,S/D,Colisión,Ninguna,Horizontal,Línea divisoria pintada,Sin restricción
2020,5693,2020-10-23,Viernes,,Autopista Nacional A008,22.0,2,"Moto/Ciclomotor,Pickup/Utilitario",Av. Circunvalacion Y Ayacucho,2,0,1,0,1,0,0,"-33.01574, -60.63486",Autopista,A008,ROSARIO,Rosario,S/D,S/D,II,S/D,Urbana,S/D,S/D,Intersección,S/D,S/D,S/D,S/D,S/D,S/D,Colisión,S/D,S/D,S/D,S/D
2020,5694,2020-12-08,Martes,10:00:00,,0.0,2,"Automóvil,Automóvil",Bv. Segui Y Sarmiento,4,2,0,0,2,0,0,"-32.97921, -60.64639",Calle,,ROSARIO,Rosario,Asfalto,No existe,II,Dentro,Urbana,Ninguna,No existe,Intersección,Bueno,Buena,Diurna,Buen Tiempo,Lateral,S/D,Colisión,Ninguna,Faltante,Ninguna,Sin restricción
2020,5695,2020-08-28,Viernes,11:30:00,,0.0,1,Moto/Ciclomotor,Av Gral Paz Y Quintana,1,1,0,0,0,0,0,"-31.624942123889923,-60.68923294544",Avenida,,SANTA FE,La Capital,Asfalto,No existe,I,Dentro,Urbana,Paso Peatonal,No existe,Recta,Bueno,Buena,Diurna,Buen Tiempo,Contra objeto fijo,S/D,"Cañda ocupante,Colisión",Ninguna,Horizontal,Ninguna,Sin restricción
2020,5696,2020-08-23,Domingo,11:55:00,,0.0,2,"Moto/Ciclomotor,Automóvil",Guemes Y Libertad,4,1,0,0,3,0,0,"-31.753510838795,-61.102723471077",Calle,,SAN CARLOS SUR,Las Colonias,Ripio,No existe,XI,Dentro,Urbana,Ninguna,No existe,Intersección,Bueno,Buena,Diurna,Buen Tiempo,Lateral,S/D,Colisión,Ninguna,Faltante,Ninguna,Sin restricción
2020,5697,2020-12-08,Martes,10:00:00,,0.0,2,"Automóvil,Automóvil",Av. Uriburu Y España,2,1,0,0,1,0,0,"-32.99117, -60.65808",Calle,,ROSARIO,Rosario,Asfalto,No existe,II,Dentro,Urbana,Ninguna,S/D,Intersección,Bueno,Buena,Diurna,Buen Tiempo,De alcance,S/D,Colisión,Ninguna,Faltante,Ninguna,Sin restricción
2020,5698,2020-10-27,Martes,,,0.0,2,"Moto/Ciclomotor,Pickup/Utilitario",French Y Las Heras,2,1,0,0,1,0,0,"    -31.59406, -60.68504",Calle,,SANTA FE,La Capital,S/D,S/D,I,Dentro,Urbana,S/D,S/D,Intersección,S/D,S/D,S/D,S/D,Lateral,S/D,Colisión,S/D,S/D,S/D,S/D
2020,5699,2020-08-31,Lunes,10:50:00,,0.0,1,Moto/Ciclomotor,Hernandarias 1100,2,2,0,0,0,0,0,"-31.610778901628,-60.678735657246",Calle,,SANTA FE,La Capital,Asfalto,No existe,I,Dentro,Urbana,Ninguna,No existe,Paso a Nivel FFCC,Bueno,Buena,Diurna,Buen Tiempo,Atropello animal,S/D,Colisión,Ninguna,"Horizontal,Vertical",Ninguna,Sin restricción
2020,5700,2020-12-07,Lunes,17:25:00,,0.0,2,"Moto/Ciclomotor,Automóvil",Anchorena Y Cepeda,2,1,0,0,1,0,0,"-32.99708, -60.62504",Calle,,ROSARIO,Rosario,Asfalto,No existe,II,Dentro,Urbana,Ninguna,No existe,Intersección,Bueno,Buena,Diurna,Buen Tiempo,Lateral,S/D,Colisión,Ninguna,Faltante,Ninguna,Sin restricción
2020,5701,2020-08-26,Miercoles,19:40:00,Ruta Provincial 4,45.0,1,Automóvil, ,4,1,0,0,3,0,0,"-31.06395703418831, -60.89528320726",Ruta,4,SANTO DOMINGO,Las Colonias,Asfalto,Natural,XI,Dentro,Rural,Ninguna,No existe,Curva,Bueno,Buena,Diurna,Buen Tiempo,S/D,S/D,Vuelco,Ninguna,Horizontal,Línea divisoria pintada,Sin restricción
2020,5702,2020-08-23,Domingo,21:30:00,Ruta Provincial 1,0.0,2,"Moto/Ciclomotor,Otros", ,3,1,1,0,1,0,0,"-31.102061569690708,-60.09467303752",Ruta,1,HELVECIA,Garay,Asfalto,No existe,VII,Dentro,Urbana,S/D,No existe,Recta,Otro,S/D,Nocturna,S/D,S/D,S/D,Colisión,Ninguna,S/D,Ninguna,Sin restricción
2020,5703,2020-12-05,Sabado,07:45:00,,0.0,2,"Moto/Ciclomotor,Automóvil",Dorrego Y Estado de Israel,2,1,0,0,1,0,0,"-32.99225, -60.6609",Calle,,ROSARIO,Rosario,Asfalto,No existe,II,Dentro,Urbana,Ninguna,No existe,Intersección,Bueno,Buena,Diurna,Buen Tiempo,Lateral,S/D,Colisión,Ninguna,Faltante,Ninguna,Sin restricción
2020,5704,2020-08-27,Jueves,09:10:00,,0.0,2,"Automóvil,Peatón",9 de Julio Y San Martin,2,1,0,0,1,0,0,"-31.058926285923,-61.16894321989",Calle,,SARMIENTO,Las Colonias,Asfalto,No existe,XI,Dentro,Rural,Ninguna,No existe,Intersección,Bueno,Buena,Diurna,Buen Tiempo,S/D,Peatón,Atropello,Ninguna,Faltante,Ninguna,Sin restricción
2020,5705,2020-10-27,Martes,,,0.0,1,Automóvil,Arzeno Y French,2,2,0,0,0,0,0,"    -31.58504, -60.72978",Calle,,SANTA FE,La Capital,Asfalto,S/D,I,Dentro,Urbana,Ninguna,No existe,Intersección,S/D,S/D,S/D,S/D,Contra objeto fijo,S/D,Colisión,S/D,S/D,Ninguna,S/D
2020,5706,2020-08-28,Viernes,14:00:00,,0.0,2,"Automóvil,Moto/Ciclomotor",Av A del Valle Y J Castelli,2,1,0,0,1,0,0,"-31.606702, -60.693130",Calle,,SANTA FE,La Capital,Asfalto,No existe,I,Dentro,Urbana,Semáforo,Funciona,Intersección,Bueno,Buena,Diurna,Buen Tiempo,Lateral,S/D,Colisión,Ninguna,"Horizontal,Vertical",Cordón divisorio,Sin restricción
2020,5707,2020-12-03,Jueves,,,0.0,2,"Peatón,Otros",España 4200,2,1,0,0,1,0,0,"-32.98448, -60.65648",Calle,,ROSARIO,Rosario,Asfalto,No existe,II,Dentro,Urbana,Ninguna,No existe,Intersección,Bueno,Buena,Diurna,Buen Tiempo,S/D,Peatón,Atropello,S/D,Faltante,Ninguna,Sin restricción
2020,5708,2020-08-28,Viernes,21:15:00,Ruta Provincial 10,0.0,2,"Moto/Ciclomotor,Pickup/Utilitario", ,4,0,1,0,3,0,0,"-31.34781360626223,-61.235706210136",Ruta,10,NUEVO TORINO,Las Colonias,Asfalto,Natural,XI,Dentro,Urbana,Ninguna,No existe,Intersección,Bueno,Buena,Diurna,Buen Tiempo,Lateral,S/D,Colisión,Ninguna,Horizontal,Línea divisoria pintada,Sin restricción
2020,5709,2020-08-26,Miercoles,11:30:00,,0.0,2,"Automóvil,Moto/Ciclomotor",Pbro Marozi Y San Martin,2,1,0,0,1,0,0,"-31.420506834983847,-60.33441424369",Calle,,SANTA ROSA DE CALCHINES,Garay,Asfalto,No existe,VII,Dentro,Urbana,Ninguna,No existe,Intersección,Bueno,Buena,Diurna,Buen Tiempo,S/D,S/D,Colisión,Ninguna,Faltante,Ninguna,Sin restricción
2020,5710,2020-08-22,Sabado,19:00:00,,0.0,2,"Automóvil,Moto/Ciclomotor",Belgrano Y Derqui,3,2,0,0,1,0,0,"-31.617357778328,-60.693026726089",Calle,,SANTA FE,La Capital,Asfalto,No existe,I,Dentro,Urbana,Ninguna,No existe,Intersección,Bueno,Buena,Atardecer,Buen Tiempo,Lateral,S/D,Colisión,Ninguna,Faltante,Ninguna,Sin restricción
2020,5711,2020-10-27,Martes,17:40:00,,0.0,2,"Moto/Ciclomotor,Automóvil",General Juan Lavalle 2500,2,1,0,0,1,0,0,"    -33.03615, -61.16042",Calle,,CASILDA,Caseros,Asfalto,S/D,IV,Dentro,Urbana,S/D,S/D,Intersección,S/D,S/D,Diurna,S/D,S/D,S/D,Colisión,S/D,S/D,S/D,S/D
2020,5712,2020-08-30,Domingo,21:50:00,Ruta Provincial 1,0.0,1,Moto/Ciclomotor,Felipe II Y Ruta Prov 1,1,1,0,0,0,0,0,"-31.198808848857883,-60.15968173742",Ruta,1,CAYASTA,Garay,Asfalto,Pavimento,VII,Dentro,Urbana,Semáforo,Funciona,Recta,Bueno,Buena,Nocturna,Buen Tiempo,Atropello animal,S/D,Colisión,Ninguna,"Horizontal,Vertical",Línea divisoria pintada,Sin restricción
2020,5713,2020-10-27,Martes,,,0.0,1,Moto/Ciclomotor, ,3,3,0,0,0,0,0,"    -31.44865, -60.93057",S/D,,ESPERANZA,Las Colonias,S/D,S/D,XI,S/D,S/D,S/D,S/D,Recta,S/D,S/D,S/D,S/D,Contra objeto fijo,S/D,Colisión,S/D,S/D,S/D,S/D
2020,5714,2020-08-20,Jueves,,Ruta Provincial 6,0.0,2,"Automóvil,Moto/Ciclomotor",Lito Gonella Y Peru,2,0,1,0,1,0,0,"-31.450670957565308,-60.91156929731",Ruta,6,ESPERANZA,Las Colonias,Asfalto,No existe,XI,Dentro,Urbana,Señal Pare,No existe,Intersección,Bueno,Buena,Atardecer,Buen Tiempo,S/D,S/D,Colisión,Ninguna,"Horizontal,Vertical",Línea divisoria pintada,Sin restricción
2020,5715,2020-08-03,Lunes,21:50:00,Autovía Nacional 168,473.0,2,"Moto/Ciclomotor,Otros", ,3,1,0,0,0,0,2,"-31.640802, -60.666331",Autovía,168,SANTA FE,La Capital,Asfalto,Natural,I,Fuera,Urbana,Marca Vial,No existe,Recta,Bueno,Buena,Nocturna,Buen Tiempo,Lateral,S/D,Colisión,Ninguna,Horizontal,Guardarrail,Sin restricción
2020,5716,2020-08-29,Sabado,10:20:00,Ruta Provincial 1,24.5,2,"Camión Chasis,Moto/Ciclomotor", ,3,1,0,0,2,0,0,"-31.49727, -60.44434",Ruta,1,LOS ZAPALLOS,Garay,Asfalto,Natural,VII,Dentro,Urbana,Marca Vial,No existe,Puente,Bueno,Buena,Diurna,Buen Tiempo,Otro,S/D,Colisión,Ninguna,Horizontal,Línea divisoria pintada,Sin restricción
2020,5717,2020-10-27,Martes,,,0.0,2,"Moto/Ciclomotor,Automóvil", ,2,0,1,0,1,0,0,"    -31.44865, -60.93057",S/D,,ESPERANZA,Las Colonias,S/D,S/D,XI,S/D,Urbana,S/D,S/D,Intersección,S/D,S/D,S/D,S/D,Lateral,S/D,Colisión,S/D,S/D,S/D,S/D
2020,5718,2020-08-21,Viernes,20:40:00,,0.0,1,Moto/Ciclomotor,CAMINO RURAL ,1,1,0,0,0,0,0,"-31.460037231445312,-60.96467971801",Camino Rural,,ESPERANZA,Las Colonias,Tierra,No existe,XI,Dentro,Rural,Ninguna,No existe,Recta,Bueno,Reducida,Nocturna,Buen Tiempo,Atropello animal,S/D,Colisión,Ninguna,Faltante,Ninguna,Sin restricción
2020,5720,2020-08-09,Domingo,,Autovía Nacional 168,472.0,2,"Automóvil,Otros", ,3,1,0,0,1,0,1,"-31.641739, -60.672104",Autovía,168,SANTA FE,La Capital,Asfalto,No existe,I,Dentro,Urbana,Ninguna,No existe,Puente,Bueno,Buena,Diurna,Buen Tiempo,De alcance,S/D,Colisión,Ninguna,"Horizontal,Vertical",Guardarrail,Sin restricción
2020,5721,2020-10-27,Martes,12:10:00,,0.0,2,"Tren,Peatón", ,2,1,0,0,1,0,0,"    -31.97343, -60.92061",Calle,,CORONDA,San JERÓNIMO,S/D,S/D,XV,Dentro,Urbana,S/D,S/D,Paso a Nivel FFCC,S/D,S/D,S/D,S/D,S/D,Peatón,Atropello,S/D,S/D,S/D,S/D
2020,5722,2020-12-01,Martes,14:40:00,,0.0,2,"Automóvil,Bicicleta",Republica de Irak Y Cruz Chica,2,1,0,0,1,0,0,"-32.88691, -60.70569",Calle,,ROSARIO,Rosario,Asfalto,Pavimento,II,S/D,Urbana,Ninguna,S/D,Recta,Bueno,Buena,Diurna,Buen Tiempo,S/D,Ciclista,Atropello,Ninguna,Vertical,Ninguna,Sin restricción
2020,5723,2020-08-01,Sabado,18:45:00,,0.0,2,"Moto/Ciclomotor,Peatón",Entre Rios 850,2,0,1,0,1,0,0,"-31.305643191909,-60.65482654795",Calle,,LAGUNA PAIVA,La Capital,Asfalto,No existe,I,Dentro,Urbana,Ninguna,No existe,Recta,Bueno,Buena,"Atardecer,Con luz artificial",Buen Tiempo,S/D,Peatón,Atropello,Ninguna,Faltante,Ninguna,Sin restricción
2020,5724,2020-08-01,Sabado,18:35:00,,0.0,2,"Automóvil,Moto/Ciclomotor",LOS ZORZALES Y LOS TALAS,2,1,0,0,1,0,0,"-31.629247069358847,-60.60643851757",Calle,,COLASTINE,La Capital,Arena,No existe,I,Dentro,Urbana,Ninguna,No existe,Intersección,Con baches,Buena,Atardecer,Buen Tiempo,Lateral,S/D,Colisión,Ninguna,Faltante,Ninguna,Sin restricción
2020,5725,2020-08-10,Lunes,22:00:00,Ruta Nacional 11,328.0,2,"Automóvil,Transporte de Pasajeros Urbano (> 8 asientos)",Av San Martin Y Guido Spano,6,1,0,0,4,1,0,"-32.78189,-60.72668",Ruta,11,FRAY LUIS BELTRÁN,San Lorenzo,Asfalto,No existe,XVII,S/D,Urbana,Ninguna,Funciona,Intersección,Bueno,S/D,Nocturna,S/D,De alcance,S/D,Colisión,Ninguna,Faltante,"Ninguna,S/D",Sin restricción
2020,5726,2020-08-25,Martes,17:50:00,,0.0,2,"Pickup/Utilitario,Camión",1° de Mayo Y Boassi,2,0,1,0,1,0,0,"-31.309105172104,-60.659482959531",Calle,,LAGUNA PAIVA,La Capital,Asfalto,No existe,I,Dentro,Urbana,Ninguna,No existe,Intersección,Bueno,Buena,Atardecer,Buen Tiempo,Lateral,S/D,Colisión,Ninguna,Faltante,Ninguna,Sin restricción
2020,5727,2020-12-02,Miercoles,16:00:00,,0.0,2,"Moto/Ciclomotor,Automóvil",Buenos Aires Y Amenabar,3,2,0,0,1,0,0,"-32.97325, -60.63912",Calle,,ROSARIO,Rosario,Asfalto,No existe,II,S/D,Urbana,Ninguna,No existe,Recta,Bueno,Reducida,Diurna,Lluvia,De alcance,S/D,Colisión,Agua,S/D,Ninguna,Sin restricción
2020,5728,2020-08-20,Jueves,14:10:00,Ruta Provincial 2,29.0,1,Automóvil, ,1,1,0,0,0,0,0,"-31.32113, -60.66595",Ruta,2,ARROYO AGUIAR,La Capital,Asfalto,Natural,I,Fuera,Rural,Marca Vial,No existe,Recta,Bueno,Buena,Diurna,Buen Tiempo,S/D,S/D,Vuelco,Ninguna,Horizontal,Línea divisoria pintada,Sin restricción
2020,5729,2020-08-18,Martes,12:50:00,Ruta Provincial 5,30.0,2,"Automóvil,Moto/Ciclomotor", ,2,1,0,0,1,0,0,"-31.53960227966309,-60.688524842262",Ruta,5,MONTE VERA,La Capital,Asfalto,Ripio,I,Dentro,Rural,Señal Pare,No existe,Intersección,Bueno,Buena,Diurna,Buen Tiempo,S/D,S/D,Colisión,Ninguna,Vertical,Guardarrail,Sin restricción
2020,5730,2020-08-27,Jueves,19:20:00,Autovía Nacional 168,0.0,1,Camión c / Acoplado, ,1,1,0,0,0,0,0,"-31.649917, -60.617090",Autovía,168,COLASTINE,La Capital,Asfalto,Natural,I,Fuera,Rural,Ninguna,No existe,Recta,Bueno,Buena,Nocturna,Buen Tiempo,S/D,S/D,Despiste,Ninguna,Faltante,Guardarrail,Sin restricción
2020,5731,2020-08-03,Lunes,04:30:00,Ruta Provincial 2,17.0,2,"Automóvil,Moto/Ciclomotor", ,3,2,0,0,1,0,0,"-31.428663313339428, -60.6733544158",Ruta,2,ARROYO AGUIAR,La Capital,Asfalto,Natural,I,Dentro,Urbana,Ninguna,No existe,Recta,Bueno,Buena,Nocturna,Buen Tiempo,S/D,S/D,Colisión,Ninguna,Faltante,Ninguna,Sin restricción
2020,5732,2020-08-25,Martes,19:30:00,Ruta Provincial 4,0.0,2,"Tractor,Pickup/Utilitario", ,2,1,0,0,1,0,0,"-31.295102834701503,-60.69378733634",Ruta,4,LAGUNA PAIVA,La Capital,Asfalto,S/D,I,Dentro,Rural,Marca Vial,No existe,Recta,Bueno,Buena,"Atardecer,Con luz artificial",Buen Tiempo,S/D,S/D,Colisión,Ninguna,Horizontal,Línea divisoria pintada,Sin restricción
2020,5733,2020-08-09,Domingo,13:30:00,Ruta Provincial 1,2.5,2,"Moto/Ciclomotor,Otros", ,3,1,0,0,2,0,0,"   -31.62899, -60.60962",Ruta,1,COLASTINE,La Capital,Asfalto,Pavimento,I,Dentro,Urbana,Semáforo,Funciona,Recta,Bueno,Buena,Diurna,Buen Tiempo,De alcance,S/D,Colisión,Ninguna,"Horizontal,Vertical","Guardarrail,Línea divisoria pintada",Sin restricción
2020,5734,2020-12-08,Martes,12:00:00,,0.0,2,"Automóvil,Moto/Ciclomotor",Cullen Y Ugarte,4,0,1,0,3,0,0,"-32.87807, -60.73073",S/D,,ROSARIO,Rosario,Asfalto,Pavimento,II,S/D,Urbana,S/D,No existe,Intersección,Bueno,Buena,Diurna,S/D,S/D,S/D,Colisión,S/D,S/D,Ninguna,S/D
2020,5735,2020-08-21,Viernes,19:05:00,Ruta Provincial 2,0.0,2,"Moto/Ciclomotor,Pickup/Utilitario",Av Pte Peron Y Moreno,2,0,1,0,1,0,0,"-31.305496289038,-60.657982000082",Ruta,2,LAGUNA PAIVA,La Capital,Asfalto,Natural,I,Dentro,Urbana,Ninguna,No existe,Intersección,Bueno,Buena,"Atardecer,Con luz artificial",Buen Tiempo,S/D,S/D,Colisión,Ninguna,Faltante,Ninguna,Sin restricción
2020,5736,2020-10-27,Martes,18:00:00,Ruta Nacional 11,0.0,2,"Moto/Ciclomotor,Moto/Ciclomotor",Av San Lorenzo Y Santa fe,2,1,1,0,0,0,0,"    -32.82307, -60.71422",Ruta,11,CAPITÁN BERMÚDEZ,San Lorenzo,Asfalto,S/D,XVII,Dentro,Urbana,Ninguna,S/D,Intersección,S/D,S/D,Atardecer,S/D,Lateral,S/D,Colisión,S/D,S/D,S/D,S/D
2020,5737,2020-08-01,Sabado,14:55:00,Ruta Provincial 1,0.0,2,"Automóvil,Moto/Ciclomotor", ,2,1,0,0,1,0,0,"-31.635752, -60.621914",Ruta,1,COLASTINE,La Capital,Asfalto,Natural,I,Dentro,Urbana,Ninguna,Funciona,Recta,Bueno,Buena,Diurna,Buen Tiempo,"Contra objeto fijo,De alcance",S/D,Colisión,Ninguna,Vertical,Ninguna,Sin restricción
2020,5738,2020-12-01,Martes,21:50:00,,0.0,2,"Moto/Ciclomotor,Bicicleta",Salvat Y Villa del Parque,4,4,0,0,0,0,0,"-32.88367, -60.72827",Calle,,ROSARIO,Rosario,S/D,S/D,II,Fuera,Urbana,S/D,No existe,Intersección,Bueno,S/D,Nocturna,S/D,S/D,Ciclista,Atropello,S/D,S/D,S/D,S/D
2020,5739,2020-12-03,Jueves,,,0.0,2,"Moto/Ciclomotor,Automóvil",Polledo Y Salvat,2,0,1,0,1,0,0,"-32.88322, -60.72075",S/D,,ROSARIO,Rosario,Asfalto,S/D,II,S/D,S/D,S/D,No existe,Intersección,Bueno,Buena,Diurna,S/D,S/D,S/D,S/D,S/D,S/D,S/D,S/D
2020,5740,2020-10-27,Martes,,,0.0,2,"Moto/Ciclomotor,Automóvil",Av A del Valle Y Alberti,4,2,0,0,2,0,0,"    -31.60218, -60.69184",Avenida,,SANTA FE,La Capital,Asfalto,S/D,I,Dentro,Urbana,S/D,S/D,Intersección,S/D,S/D,S/D,S/D,S/D,S/D,Colisión,S/D,S/D,S/D,S/D
2020,5741,2020-12-01,Martes,17:00:00,,0.0,2,"Bicicleta,Automóvil",Lavalle Y Mendoza,2,1,0,0,1,0,0,"-32.94449, -60.67908",S/D,,ROSARIO,Rosario,Asfalto,No existe,II,S/D,S/D,Semáforo,Funciona,Intersección,Bueno,Buena,Diurna,Buen Tiempo,De alcance,Ciclista,Atropello,Ninguna,Faltante,Ninguna,Sin restricción
2020,5743,2020-12-04,Viernes,10:30:00,,0.0,2,"Bicicleta,Automóvil",Rodriguez Y Montevideo,2,1,0,0,1,0,0,"-32.95248, -60.66117",S/D,,ROSARIO,Rosario,Asfalto,No existe,II,S/D,Urbana,Ninguna,No existe,Intersección,Bueno,Buena,Diurna,Buen Tiempo,De alcance,Ciclista,Atropello,Ninguna,Faltante,Ninguna,Sin restricción
2020,5744,2020-08-20,Jueves,16:30:00,Ruta Nacional 33,685.0,1,Pickup/Utilitario,Ruta Prov 93 ,1,0,0,0,0,1,0,"-33.45644,-61.50331",Ruta,33,FIRMAT,General LÓPEZ,Asfalto,Natural,VIII,S/D,Rural,Ninguna,No existe,Cruce,Bueno,S/D,Diurna,S/D,S/D,S/D,Vuelco,Ninguna,Faltante,"Ninguna,S/D",Sin restricción
2020,5745,2020-08-22,Sabado,11:00:00,,0.0,2,"Automóvil,Peatón",Urquiza 0,2,0,0,0,1,1,0,"    -29.58096, -60.38043",Calle,,LA GALLARETA,Vera,S/D,S/D,XIX,S/D,Urbana,S/D,S/D,Intersección,S/D,S/D,Diurna,S/D,S/D,Peatón,Atropello,S/D,S/D,S/D,S/D
2020,5747,2020-12-03,Jueves,12:20:00,,0.0,2,"Moto/Ciclomotor,Taxi/Remis",Cerrito Y Buenos Aires,2,1,0,0,1,0,0,"-32.96287, -60.63662",Calle,,ROSARIO,Rosario,Asfalto,No existe,II,Dentro,Urbana,Semáforo,Funciona,Recta,Bueno,Buena,Diurna,Buen Tiempo,Lateral,S/D,Colisión,Ninguna,Vertical,Ninguna,Sin restricción
2020,5748,2020-12-04,Viernes,12:00:00,,0.0,2,"Moto/Ciclomotor,Automóvil",Italia Y Rueda,2,1,0,0,1,0,0,"-32.96937, -60.65393",Calle,,ROSARIO,Rosario,Asfalto,No existe,II,Dentro,Urbana,Ninguna,No existe,Intersección,Bueno,Buena,Diurna,Buen Tiempo,Lateral,S/D,Colisión,Ninguna,Faltante,Ninguna,Sin restricción
2020,5749,2020-12-06,Domingo,13:10:00,,0.0,2,"Automóvil,Pickup/Utilitario",Av. Corrientes Y Av. Pellegrini,2,1,0,0,1,0,0,"-32.95684, -60.64505",Avenida,,ROSARIO,Rosario,Asfalto,No existe,II,Dentro,Urbana,Semáforo,Funciona,Recta,Bueno,Buena,Diurna,Buen Tiempo,De alcance,S/D,Colisión,Ninguna,Vertical,Ninguna,Sin restricción
2020,5750,2020-12-04,Viernes,15:00:00,,0.0,2,"Moto/Ciclomotor,Automóvil",Colon Y E.Zeballos,2,2,0,0,0,0,0,"-32.95739, -60.62775",Calle,,ROSARIO,Rosario,Asfalto,S/D,II,S/D,Urbana,Señal Pare,S/D,Recta,Bueno,S/D,Diurna,S/D,S/D,S/D,Colisión,S/D,S/D,S/D,S/D
2020,5751,2020-08-31,Lunes,18:40:00,,0.0,1,Moto/Ciclomotor,Catamarca Y Santiago Massa,1,1,0,0,0,0,0,"-32.298030669373,-61.414492062305",Calle,,CENTENO,San JERÓNIMO,S/D,No existe,XV,Dentro,Urbana,S/D,S/D,Intersección,S/D,S/D,Diurna,S/D,Atropello animal,S/D,Colisión,S/D,S/D,Ninguna,S/D
2020,5752,2020-08-29,Sabado,16:20:00,,0.0,2,"Moto/Ciclomotor,Moto/Ciclomotor",Buenos Aires Y Laprida,2,2,0,0,0,0,0,"-32.053609516143,-61.59553609062",Calle,,CAÑADA ROSQUÍN,San MARTÍN,Asfalto,No existe,XVIII,Dentro,Urbana,Ninguna,No existe,Intersección,S/D,S/D,Diurna,S/D,S/D,S/D,Colisión,S/D,Faltante,Ninguna,S/D
2020,5753,2020-12-07,Lunes,20:45:00,,0.0,2,"Peatón,Automóvil",Italia Y Urquiza,2,1,0,0,1,0,0,"-32.94124, -60.64696",S/D,,ROSARIO,Rosario,Asfalto,S/D,II,S/D,S/D,S/D,S/D,Recta,S/D,S/D,Nocturna,S/D,S/D,Peatón,Atropello,S/D,S/D,S/D,S/D
2020,5754,2020-08-01,Sabado,18:55:00,,0.0,2,"Automóvil,Moto/Ciclomotor",Patricios Y San Martin,2,1,0,0,1,0,0,"-33.010984101839,-60.651155927428",Calle,,ROSARIO,Rosario,Asfalto,No existe,II,Dentro,Urbana,Semáforo,Funciona,Intersección,Bueno,Buena,Atardecer,Buen Tiempo,S/D,S/D,Colisión,Ninguna,"Horizontal,Vertical",Línea divisoria pintada,Sin restricción
2020,5755,2020-12-07,Lunes,18:00:00,,0.0,2,"Automóvil,Automóvil",Nansen Y Bv. Rondeau,2,1,0,0,1,0,0,"-32.90939, -60.68766",S/D,,ROSARIO,Rosario,Asfalto,S/D,II,S/D,Urbana,Ninguna,S/D,Recta,Bueno,S/D,S/D,Otro,De alcance,S/D,S/D,Ninguna,Horizontal,Ninguna,Sin restricción
2020,5756,2020-08-31,Lunes,13:20:00,,0.0,2,"Automóvil,Peatón",3 De Febrero Y Mitre,2,1,0,0,1,0,0,"-32.952517831526,-60.641136876805",Calle,,ROSARIO,Rosario,Asfalto,No existe,II,Dentro,Urbana,Semáforo,Funciona,Intersección,S/D,S/D,Diurna,S/D,S/D,Peatón,Atropello,S/D,"Horizontal,Vertical",Ninguna,S/D
2020,5757,2020-12-05,Sabado,11:50:00,,0.0,2,"Vehículo Oficial,Automóvil",Bv. Oroño Y San Lorenzo,2,1,0,0,1,0,0,"-32.94136, -60.65283",Calle,,ROSARIO,Rosario,Asfalto,S/D,II,S/D,Urbana,S/D,S/D,Recta,Bueno,S/D,Diurna,S/D,S/D,S/D,Colisión,S/D,S/D,S/D,S/D
2020,5758,2020-08-01,Sabado,20:00:00,,0.0,2,"Automóvil,Moto/Ciclomotor",Bv. Oroño Y H. Brandoni,3,2,0,0,1,0,0,"-33.00645012515,-60.664657382132",Avenida,,ROSARIO,Rosario,Asfalto,No existe,II,Dentro,Urbana,Semáforo,Funciona,Intersección,Bueno,Buena,Diurna,Buen Tiempo,S/D,S/D,Colisión,Ninguna,"Horizontal,Vertical","Cordón divisorio,Vegetación,Línea divisoria pintada",Sin restricción
2020,5759,2020-08-09,Domingo,15:50:00,,0.0,2,"Camión,Automóvil",Santa Fe Bis 229,2,1,0,0,0,0,1,"-32.037908122953,-61.208077614862",Calle,,GÁLVEZ,San JERÓNIMO,Asfalto,No existe,XV,Dentro,Urbana,Ninguna,No existe,Recta,Bueno,Buena,Diurna,Buen Tiempo,S/D,S/D,Aplastamiento,"Ninguna,S/D",Faltante,Ninguna,Sin restricción