anio_acci,nro_acci,fecha,desc_dia,hora_aprox,desc_ruta,km,cant_participantes,desc_participante,calle_avenida_km,total,heridos_leves,heridos_graves,heridos_gravisimos,ilesos,fallecidos,sin_datos,posicion_XY,desc_tipo_via,desc_ruta_ori,desc_loc,desc_dpto,desc_tipo_calzada,desc_tipo_banquina,desc_unidad_regional,desc_lugar_calzada,desc_zona,desc_prioridad,desc_estado_semaforo,desc_lugar_via,desc_estado_via,desc_estado_visibilidad,desc_luminosidad,desc_estado_clima,desc_tipo_colision,desc_tipo_atropello,desc_tipo_hecho,desc_pres_calzada,desc_senializacion,desc_separacion_via,desc_restriccion
2020,5760,2020-10-29,Jueves,,,0.0,1,Automóvil,Av Circunvalaci�n ,3,1,0,0,2,0,0,"    -31.66454, -60.73329",Avenida,,SANTA FE,La Capital,S/D,Ripio,I,Dentro,Urbana,Ninguna,No existe,Curva,S/D,S/D,S/D,S/D,S/D,S/D,Vuelco,S/D,S/D,Cordón divisorio,S/D
2020,5761,2020-12-01,Martes,08:20:00,,0.0,2,"Moto/Ciclomotor,Taxi/Remis",Pte.Roca Y San Lorenzo,2,1,0,0,1,0,0,"-32.9429, -60.64453",Calle,,ROSARIO,Rosario,Asfalto,S/D,II,S/D,Urbana,S/D,S/D,Recta,Bueno,S/D,Diurna,S/D,S/D,S/D,Colisión,S/D,S/D,S/D,S/D
2020,5762,2020-08-18,Martes,,,0.0,1,Automóvil, ,1,1,0,0,0,0,0,"-31.508874893188477,-60.71405410766",Camino Rural,,RECREO,La Capital,Tierra,No existe,I,Fuera,Rural,S/D,No existe,Recta,S/D,S/D,S/D,S/D,S/D,S/D,Despiste,S/D,S/D,Ninguna,S/D
2020,5763,2020-08-31,Lunes,,,0.0,2,"Moto/Ciclomotor,Automóvil",Av. Uriburu Y Callao,3,1,0,0,2,0,0,"-32.991395473099,-60.672443307726",Avenida,,ROSARIO,Rosario,Asfalto,No existe,II,Dentro,Urbana,Ninguna,No existe,Intersección,S/D,S/D,S/D,S/D,S/D,S/D,Colisión,S/D,Faltante,Cordón divisorio,S/D
2020,5764,2020-12-01,Martes,15:10:00,,0.0,2,"Automóvil,Moto/Ciclomotor",Castellanos Y 9 De Julio,2,1,0,0,1,0,0,"-32.9473, -60.67694",Calle,,ROSARIO,Rosario,Asfalto,S/D,II,S/D,Urbana,S/D,S/D,Recta,Bueno,S/D,Diurna,S/D,S/D,S/D,Colisión,S/D,S/D,S/D,S/D
2020,5765,2020-08-01,Sabado,,,0.0,2,"Moto/Ciclomotor,Moto/Ciclomotor", ,3,2,0,0,0,0,1,"-33.74080270377522,-61.974644338677",Calle,,VENADO TUERTO,General LÓPEZ,S/D,S/D,VIII,Dentro,Urbana,S/D,S/D,S/D,S/D,S/D,S/D,S/D,S/D,S/D,Colisión,S/D,S/D,S/D,S/D
2020,5766,2020-08-10,Lunes,,,0.0,2,"Moto/Ciclomotor,Automóvil", ,4,2,0,0,2,0,0,"-31.467095473535,-60.937958470213",S/D,,ESPERANZA,Las Colonias,S/D,S/D,XI,S/D,S/D,S/D,S/D,S/D,S/D,S/D,S/D,S/D,S/D,S/D,Colisión,S/D,S/D,S/D,S/D
2020,5767,2020-10-29,Jueves,,,0.0,2,"Moto/Ciclomotor,Pickup/Utilitario", ,2,1,0,0,1,0,0,"    -31.60561, -60.6926",Calle,,SANTA FE,La Capital,Asfalto,S/D,I,Dentro,Urbana,S/D,S/D,Intersección,S/D,S/D,Diurna,S/D,S/D,S/D,Colisión,S/D,S/D,S/D,S/D
2020,5768,2020-08-30,Domingo,,Ruta Nacional 33,0.0,2,"Moto/Ciclomotor,Camión",Mariano Moreno Y  Ruta Nac 33,2,1,0,0,1,0,0,"-33.05667579174043,-61.163790822029",Ruta,33,CASILDA,Caseros,Asfalto,Pavimento,IV,Dentro,Urbana,Marca Vial,No existe,Intersección,S/D,S/D,S/D,S/D,S/D,S/D,Colisión,S/D,Horizontal,Línea divisoria pintada,S/D
2020,5769,2020-12-08,Martes,07:30:00,,0.0,2,"Moto/Ciclomotor,Pickup/Utilitario",Bv. 27 De Febrero Y Entre Rios,2,0,1,0,1,0,0,"-32.9671, -60.64628",Calle,,ROSARIO,Rosario,Asfalto,S/D,II,S/D,Urbana,S/D,S/D,Recta,S/D,S/D,Diurna,S/D,S/D,S/D,Colisión,S/D,S/D,S/D,S/D
2020,5770,2020-07-31,Viernes,15:30:00,,0.0,2,"Automóvil,Bicicleta",Lopez y Planes Y Rivadavia,2,1,0,0,1,0,0,"-31.967886599469,-60.917581422308",Calle,,CORONDA,San JERÓNIMO,Asfalto,No existe,XV,Dentro,Urbana,Ninguna,No existe,Intersección,Bueno,Buena,Diurna,Buen Tiempo,S/D,Ciclista,Atropello,Ninguna,Faltante,Ninguna,Sin restricción
2020,5771,2020-08-23,Domingo,07:25:00,,0.0,1,Moto/Ciclomotor,Av J J Paso Y 1ro de Mayo,2,0,1,0,0,1,0,"-31.66291,-60.7155",Avenida,,SANTA FE,La Capital,Asfalto,No existe,I,S/D,Urbana,Ninguna,No existe,Intersección,Bueno,S/D,Diurna,S/D,S/D,S/D,Cañda ocupante,Ninguna,Horizontal,"Ninguna,S/D",Sin restricción
2020,5772,2020-10-29,Jueves,10:30:00,,0.0,2,"Automóvil,Moto/Ciclomotor", ,2,1,0,0,1,0,0,"    -32.37111, -61.35933",Calle,,SAN GENARO,San JERÓNIMO,S/D,S/D,XV,Dentro,Urbana,S/D,S/D,Intersección,S/D,S/D,Diurna,S/D,Lateral,S/D,Colisión,S/D,S/D,Ninguna,S/D
2020,5773,2020-08-10,Lunes,22:00:00,Ruta Provincial 10,0.0,2,"Automóvil,Automóvil",Bvard 20 de Junio Y Rivadavia,4,1,0,0,3,0,0,"-32.027953951622,-61.215565086759",Ruta,10,GÁLVEZ,San JERÓNIMO,Asfalto,No existe,XV,Dentro,Urbana,Ninguna,No existe,Intersección,Bueno,S/D,Nocturna,S/D,Lateral,S/D,Colisión,Ninguna,Faltante,Cordón divisorio,Sin restricción
2020,5774,2020-08-29,Sabado,,Ruta Provincial 26,0.0,3,"Automóvil,Pickup/Utilitario,Moto/Ciclomotor",Boulevard Lisandro de la Torre Y General Juan Lavalle,4,2,0,0,2,0,0,"-33.0409124493599,-61.1573803424835",Ruta,26,CASILDA,Caseros,Asfalto,No existe,IV,Dentro,Urbana,Ninguna,No existe,Recta,S/D,S/D,S/D,S/D,Múltiple,S/D,Colisión,S/D,Faltante,Cordón divisorio,S/D
2020,5775,2020-10-29,Jueves,,,0.0,2,"Bicicleta,Automóvil",Av 7 Jefes Y Chacabuco,2,1,0,0,1,0,0,"    -31.63713, -60.68205",Avenida,,SANTA FE,La Capital,Asfalto,No existe,I,Dentro,Urbana,S/D,No existe,Intersección,S/D,S/D,Diurna,S/D,S/D,Ciclista,Atropello,S/D,S/D,S/D,Sin restricción
2020,5776,2020-08-02,Domingo,,,0.0,1,Automóvil,Av Blas Parera 5440,1,0,1,0,0,0,0,"-31.6131034152,-60.718251572522",Avenida,,SANTA FE,La Capital,Asfalto,No existe,I,Dentro,Urbana,Paso Peatonal,No existe,Recta,Bueno,Buena,S/D,Buen Tiempo,Contra objeto fijo,S/D,Colisión,Ninguna,Faltante,"Cordón divisorio,Vegetación,Línea divisoria pintada",Sin restricción
2020,5777,2020-12-19,Sabado,15:20:00,,0.0,2,"Automóvil,Moto/Ciclomotor",Entre Rios Y San Martin,2,1,0,0,1,0,0,"-33.06081, -60.62135",Calle,,ROSARIO,Rosario,Asfalto,Pavimento,II,Dentro,Urbana,S/D,No existe,Intersección,Bueno,Buena,Diurna,S/D,S/D,S/D,Colisión,Ninguna,Faltante,Ninguna,Sin restricción
2020,5778,2020-10-31,Sabado,15:40:00,,0.0,1,Otros,Junin Y Matienzo,2,1,0,0,1,0,0,"    -32.92715, -60.69521",Calle,,ROSARIO,Rosario,Asfalto,S/D,II,Dentro,Urbana,S/D,S/D,Intersección,S/D,S/D,Diurna,S/D,S/D,S/D,Colisión,S/D,S/D,S/D,S/D
2020,5779,2020-12-02,Miercoles,13:08:00,,0.0,2,"Automóvil,Moto/Ciclomotor",La Rioja Y San Jeronimo,2,1,0,0,1,0,0,"-31.64539, -60.70771",Calle,,SANTA FE,La Capital,Asfalto,Pavimento,I,Dentro,Urbana,Ninguna,No existe,Intersección,Bueno,Buena,Diurna,Buen Tiempo,Lateral,S/D,Colisión,Ninguna,Faltante,Ninguna,Sin restricción
2020,5780,2020-08-02,Domingo,,,0.0,2,"Automóvil,Moto/Ciclomotor", ,2,1,0,0,1,0,0,"-31.445403904254,-60.929741331955",S/D,,ESPERANZA,Las Colonias,S/D,S/D,XI,S/D,S/D,S/D,S/D,S/D,S/D,S/D,S/D,S/D,S/D,S/D,Colisión,S/D,S/D,S/D,S/D
2020,5781,2020-08-29,Sabado,,,0.0,2,"Automóvil,Moto/Ciclomotor",Chacabuco 2400,3,1,0,0,2,0,0,"-33.048502588395,-61.180486031617",Calle,,CASILDA,Caseros,Asfalto,No existe,IV,Dentro,Urbana,Ninguna,No existe,Intersección,S/D,S/D,S/D,S/D,De alcance,S/D,Colisión,S/D,Faltante,Ninguna,S/D
2020,5782,2020-12-01,Martes,16:40:00,,0.0,2,"Automóvil,Bicicleta",Arturo Illia Y Uruguay,2,1,0,0,1,0,0,"-31.66136, -60.71087",Calle,,SANTA FE,La Capital,Asfalto,Pavimento,I,Dentro,Urbana,Semáforo,Funciona,Intersección,Bueno,Buena,Diurna,Buen Tiempo,S/D,Ciclista,Atropello,Ninguna,Faltante,Ninguna,Sin restricción
2020,5783,2020-08-02,Domingo,09:00:00,,0.0,2,"Pickup/Utilitario,Moto/Ciclomotor",Juan de Garay Y Maipu,3,1,0,0,2,0,0,"-29.232019277593,-61.776486388585",Calle,,TOSTADO,9 de Julio,Asfalto,No existe,XII,Dentro,Urbana,S/D,S/D,Intersección,Bueno,Buena,Diurna,Buen Tiempo,Lateral,S/D,Colisión,Ninguna,S/D,S/D,Sin restricción
2020,5784,2020-08-18,Martes,19:30:00,,0.0,2,"Moto/Ciclomotor,Moto/Ciclomotor", ,3,3,0,0,0,0,0,"-29.058689500029,-60.416140095541",Calle,,FORTÍN OLMOS,Vera,S/D,S/D,XIX,Dentro,Urbana,Ninguna,S/D,Intersección,S/D,S/D,Nocturna,Otro,Lateral,S/D,Colisión,S/D,S/D,Ninguna,S/D
2020,5785,2020-12-02,Miercoles,13:00:00,,0.0,2,"Automóvil,Moto/Ciclomotor",Rivadavia Y Hipolito Yrigoyen,2,1,0,0,1,0,0,"-31.64279, -60.70318",Calle,,SANTA FE,La Capital,Asfalto,Pavimento,I,Dentro,Urbana,Semáforo,Funciona,Intersección,Bueno,Buena,Diurna,Buen Tiempo,Lateral,S/D,Colisión,Ninguna,Faltante,Ninguna,Sin restricción
2020,5786,2020-08-11,Martes,,,0.0,1,Moto/Ciclomotor,Matheu 1880,2,2,0,0,0,0,0,"-31.595618546923,-60.682176485465",Calle,,SANTA FE,La Capital,Asfalto,No existe,I,Dentro,Urbana,S/D,S/D,Recta,S/D,S/D,S/D,S/D,S/D,S/D,Cañda ocupante,S/D,S/D,Ninguna,S/D
2020,5787,2020-08-29,Sabado,,,0.0,1,Moto/Ciclomotor,Av Pe�aloza 8000,1,1,0,0,0,0,0,"-31.589595558317,-60.711688047403",Avenida,,SANTA FE,La Capital,Asfalto,No existe,I,Dentro,Urbana,Ninguna,No existe,Intersección,S/D,S/D,S/D,S/D,Atropello animal,S/D,Colisión,S/D,Faltante,Cordón divisorio,S/D
2020,5788,2020-12-01,Martes,15:15:00,,0.0,2,"Automóvil,Bicicleta",4 de Enero Y La Rioja,2,1,0,0,1,0,0,"-31.64465, -60.71127",Calle,,SANTA FE,La Capital,Asfalto,Pavimento,I,Dentro,Urbana,Ninguna,No existe,Intersección,Bueno,Buena,Diurna,Buen Tiempo,S/D,Ciclista,Atropello,Ninguna,Faltante,Ninguna,Sin restricción
2020,5789,2020-08-03,Lunes,,,0.0,2,"Automóvil,Moto/Ciclomotor",Av Blas Parera Y Gorriti,3,1,0,0,2,0,0,"-31.583146564061,-60.726253732054",Avenida,,SANTA FE,La Capital,Asfalto,No existe,I,Dentro,Urbana,Semáforo,Funciona,Intersección,Bueno,Buena,S/D,Buen Tiempo,Lateral,S/D,Colisión,Ninguna,"Horizontal,Vertical","Cordón divisorio,Línea divisoria pintada",Sin restricción
2020,5790,2020-12-03,Jueves,06:20:00,,0.0,2,"Automóvil,Automóvil",Junin Y Belgrano,3,1,0,0,2,0,0,"-31.63994, -60.69962",Calle,,SANTA FE,La Capital,Asfalto,Pavimento,I,Dentro,Urbana,Ninguna,No existe,Intersección,Bueno,Buena,Diurna,Buen Tiempo,Lateral,S/D,Colisión,Ninguna,Faltante,Ninguna,Sin restricción
2020,5791,2020-08-28,Viernes,11:30:00,,0.0,2,"Pickup/Utilitario,Moto/Ciclomotor",Belgrano Y San Martin,3,1,0,0,2,0,0,"-29.88765706166,-60.287478715004",Calle,,VERA,Vera,Asfalto,No existe,XIX,Dentro,Urbana,Semáforo,Funciona,Intersección,S/D,S/D,Diurna,S/D,De alcance,S/D,Colisión,S/D,Vertical,Cordón divisorio,S/D
2020,5792,2020-12-05,Sabado,18:40:00,,0.0,2,"Moto/Ciclomotor,Pickup/Utilitario",Ituzaingo ,2,1,0,0,1,0,0,"-31.63987, -60.69284",Calle,,SANTA FE,La Capital,Asfalto,No existe,I,Dentro,Urbana,S/D,No existe,Intersección,Bueno,S/D,S/D,S/D,S/D,S/D,S/D,S/D,S/D,S/D,S/D
2020,5793,2020-12-04,Viernes,10:45:00,,0.0,2,"Moto/Ciclomotor,Automóvil",Av Freyre Y Monse�or Zaspe,2,1,0,0,1,0,0,"-31.65405, -60.72076",Avenida,,SANTA FE,La Capital,Asfalto,S/D,I,S/D,Urbana,S/D,S/D,Intersección,Bueno,S/D,S/D,S/D,S/D,S/D,S/D,Ninguna,Vertical,S/D,S/D
2020,5794,2020-08-12,Miercoles,,,0.0,2,"Moto/Ciclomotor,Automóvil",Cullen Y San Martin,2,0,1,0,1,0,0,"-31.452339666777,-60.931391514747",Calle,,ESPERANZA,Las Colonias,S/D,S/D,XI,Dentro,Urbana,S/D,S/D,Intersección,S/D,S/D,S/D,S/D,Lateral,S/D,Colisión,S/D,S/D,S/D,Sin restricción
2020,5795,2020-07-31,Viernes,17:30:00,,0.0,2,"Moto/Ciclomotor,Automóvil",Pje Chubut 2381,2,1,0,0,1,0,0,"-31.581647, -60.685012",Calle,,SANTA FE,La Capital,Tierra,No existe,I,Dentro,Urbana,Ninguna,No existe,Intersección,Bueno,Buena,Diurna,Buen Tiempo,De alcance,S/D,Colisión,Ninguna,Faltante,Ninguna,Sin restricción
2020,5796,2020-12-01,Martes,14:30:00,,0.0,2,"Automóvil,Automóvil",Av Urquiza Y Juan de Garay,3,2,0,0,1,0,0,"-31.65142, -60.71472",Avenida,,SANTA FE,La Capital,Asfalto,Pavimento,I,S/D,Urbana,Ninguna,Funciona,Intersección,Bueno,Buena,Diurna,Buen Tiempo,S/D,S/D,Colisión,Ninguna,Vertical,Ninguna,Sin restricción
2020,5797,2020-12-07,Lunes,08:00:00,,0.0,2,"Peatón,Automóvil",Cristobal Colon Y Vera Mujica,2,1,0,0,1,0,0,"-31.66799, -60.7281",Calle,,SANTA FE,La Capital,Asfalto,Pavimento,I,S/D,Urbana,Ninguna,No existe,Intersección,Bueno,Buena,Diurna,Buen Tiempo,S/D,Peatón,Atropello,Ninguna,Faltante,Ninguna,Sin restricción
2020,5798,2020-08-12,Miercoles,,Ruta Provincial 18,0.0,2,"Moto/Ciclomotor,Camión",Av. Battle y Ordo�ez Y Av. Ovidio Lagos,2,0,0,0,1,1,0,"-33.00975089704,-60.677419074977",Ruta,18,ROSARIO,Rosario,Asfalto,No existe,II,Dentro,Urbana,Semáforo,Funciona,Intersección,Bueno,Buena,S/D,S/D,Lateral,S/D,Colisión,Ninguna,"Horizontal,Vertical",Cordón divisorio,Sin restricción
2020,5799,2020-08-03,Lunes,01:30:00,,0.0,2,"Pickup/Utilitario,Moto/Ciclomotor",Galvez Y Independencia,2,0,1,0,1,0,0,"-32.893874828066,-60.905788487159",Calle,,ROLDÁN,San Lorenzo,Asfalto,No existe,XVII,Dentro,Urbana,Ninguna,No existe,Intersección,Bueno,Buena,Diurna,Buen Tiempo,S/D,S/D,Colisión,Ninguna,Faltante,Ninguna,Sin restricción
2020,5800,2020-08-27,Jueves,14:40:00,Ruta Nacional 33,0.0,2,"Automóvil,Moto/Ciclomotor",Av L de la Torre-Ruta Nac 11 Y Gral Lopez,2,0,1,0,1,0,0,"-31.96829572319984,-60.925878882408",Ruta,33,CORONDA,San JERÓNIMO,Asfalto,No existe,XV,Dentro,Urbana,Ninguna,No existe,Intersección,S/D,S/D,Diurna,S/D,S/D,S/D,Colisión,S/D,Faltante,Cordón divisorio,S/D
2020,5801,2020-08-04,Martes,,,0.0,2,"Pickup/Utilitario,Moto/Ciclomotor",Estrada Y Reg 12 de Infanteria,2,1,0,0,1,0,0,"-31.593050241662,-60.715615315568",Calle,,SANTA FE,La Capital,Asfalto,No existe,I,Dentro,Urbana,Semáforo,Funciona,Intersección,Bueno,Buena,Diurna,Buen Tiempo,S/D,S/D,Colisión,Ninguna,Vertical,Ninguna,Sin restricción
2020,5802,2020-12-15,Martes,13:30:00,,0.0,2,"Moto/Ciclomotor,Vehículo Oficial",Islas Malvinas Y Zavalia,2,1,0,0,0,0,1,"-31.66811, -60.72566",S/D,,SANTA FE,La Capital,Asfalto,Pavimento,I,S/D,S/D,Ninguna,No existe,Intersección,Bueno,Buena,Diurna,Buen Tiempo,S/D,S/D,Colisión,Ninguna,Faltante,Ninguna,Sin restricción
2020,5803,2020-08-29,Sabado,,,0.0,2,"Automóvil,Bicicleta", ,2,1,0,0,1,0,0,"-31.452527046203635,-60.93453168869",S/D,,ESPERANZA,Las Colonias,S/D,S/D,XI,Dentro,S/D,S/D,S/D,S/D,S/D,S/D,S/D,S/D,S/D,Ciclista,Atropello,S/D,S/D,S/D,S/D
2020,5804,2020-12-03,Jueves,20:10:00,,0.0,2,"Moto/Ciclomotor,Bicicleta",Av Lopez y Planes Y Artigas,2,2,0,0,0,0,0,"-31.62133, -60.71355",S/D,,SANTA FE,La Capital,Asfalto,No existe,I,S/D,Urbana,Semáforo,Funciona,Intersección,Bueno,Buena,Con luz artificial,Buen Tiempo,Lateral,Ciclista,Atropello,Ninguna,Vertical,Línea divisoria pintada,Sin restricción
2020,5805,2020-08-11,Martes,16:00:00,Ruta Provincial 6,0.0,2,"Camión,Bicicleta",Aaron Castellanos ,2,1,0,0,1,0,0,"-31.454007069404,-60.912108548583",Ruta,6,ESPERANZA,Las Colonias,Asfalto,Ripio,XI,Dentro,Urbana,Ninguna,No existe,Intersección,Bueno,Buena,Diurna,Buen Tiempo,S/D,Ciclista,Atropello,Ninguna,Horizontal,"Línea divisoria pintada,S/D",Sin restricción
2020,5806,2020-08-04,Martes,12:30:00,,0.0,2,"Pickup/Utilitario,Moto/Ciclomotor",Av. Francia Y Catamarca,2,1,0,0,1,0,0,"-32.935721530129,-60.663939867522",Avenida,,ROSARIO,Rosario,Asfalto,No existe,II,Dentro,Urbana,Semáforo,Funciona,Intersección,Bueno,Buena,Diurna,Buen Tiempo,S/D,S/D,Colisión,Ninguna,"Horizontal,Vertical","Cordón divisorio,Vegetación",Sin restricción
2020,5807,2020-12-04,Viernes,13:40:00,,0.0,2,"Peatón,Automóvil",Av Freyre Y La Rioja,2,0,1,0,0,0,1,"-31.64294, -60.71787",Avenida,,SANTA FE,La Capital,Hormigón,No existe,I,Dentro,Urbana,S/D,No existe,Intersección,Bueno,Buena,Diurna,S/D,S/D,Peatón,Atropello,Ninguna,S/D,S/D,S/D
2020,5808,2020-08-13,Jueves,16:40:00,,0.0,2,"Moto/Ciclomotor,Moto/Ciclomotor",Dr Brarda Y Falucho,2,1,1,0,0,0,0,"-31.467095473535,-60.937958470213",Calle,,GÁLVEZ,San JERÓNIMO,Asfalto,No existe,XV,Dentro,Urbana,Ninguna,S/D,Intersección,Bueno,Buena,Diurna,Buen Tiempo,Lateral,S/D,Colisión,Ninguna,S/D,"Ninguna,S/D",Sin restricción
2020,5809,2020-12-07,Lunes,00:30:00,,0.0,2,"Moto/Ciclomotor,Pickup/Utilitario",Av Freyre Y Santiago del Estero,3,2,0,0,1,0,0,"-31.63534, -60.71541",Avenida,,SANTA FE,La Capital,Hormigón,No existe,I,Dentro,Urbana,Ninguna,No existe,Intersección,Bueno,Buena,Nocturna,Buen Tiempo,Lateral,S/D,Colisión,S/D,Faltante,Cordón divisorio,Sin restricción
2020,5810,2020-08-29,Sabado,,,0.0,1,Bicicleta, ,1,1,0,0,0,0,0,"-31.45144343376156,-60.931152105331",S/D,,ESPERANZA,Las Colonias,S/D,S/D,XI,Dentro,S/D,S/D,S/D,S/D,S/D,S/D,S/D,S/D,S/D,S/D,Cañda ocupante,S/D,S/D,S/D,S/D
2020,5811,2020-08-02,Domingo,19:15:00,Ruta Provincial 65,0.0,2,"Moto/Ciclomotor,Camión c / Acoplado",Pellegrini Y Ruta Prov 65,2,1,0,0,1,0,0,"-32.373912404009,-61.350914904711",Ruta,65,SAN GENARO,San JERÓNIMO,Asfalto,Ripio,XV,Dentro,Urbana,Ninguna,No existe,Intersección,Bueno,Buena,Nocturna,Buen Tiempo,S/D,S/D,Colisión,Ninguna,Horizontal,Línea divisoria pintada,Sin restricción
2020,5812,2020-12-01,Martes,08:00:00,,0.0,2,"Bicicleta,Transporte de Pasajeros Urbano (> 8 asientos)",Av Freyre Y Bv Pellegrini,2,1,0,0,0,0,1,"-31.63319, -60.71476",Avenida,,SANTA FE,La Capital,Hormigón,No existe,I,Dentro,Urbana,Semáforo,Funciona,Recta,Bueno,Buena,Diurna,Buen Tiempo,S/D,Ciclista,Atropello,Ninguna,Faltante,Cordón divisorio,Sin restricción
2020,5813,2020-08-23,Domingo,19:55:00,,0.0,2,"Transporte de Pasajeros Urbano (> 8 asientos),Moto/Ciclomotor",Ricchieri Y Av. Pte.Peron,2,0,0,0,1,1,0,"-32.95556,-60.66621",Avenida,,ROSARIO,Rosario,Asfalto,No existe,II,S/D,Urbana,Ninguna,No existe,Recta,Bueno,S/D,Nocturna,S/D,Lateral,S/D,Colisión,S/D,Horizontal,"Ninguna,S/D",Sin restricción
2020,5814,2020-12-08,Martes,14:35:00,,0.0,2,"Automóvil,Moto/Ciclomotor",Rivadavia Y Av Galicia,2,1,0,0,1,0,0,"-31.60571, -60.69207",Avenida,,SANTA FE,La Capital,S/D,Ripio,I,Dentro,Urbana,Ninguna,No existe,Otro,Otro,Reducida,Diurna,Otro,Otro,S/D,Otro,Otro,Faltante,Ninguna,Sin restricción
2020,5815,2020-08-29,Sabado,08:30:00,,0.0,2,"Peatón,Automóvil",Balcarce 4100,2,1,0,0,1,0,0,"-32.982341811933,-60.661602519947",Calle,,ROSARIO,Rosario,Asfalto,No existe,II,Dentro,Urbana,Ninguna,S/D,Intersección,S/D,S/D,Diurna,S/D,S/D,Peatón,Atropello,S/D,Faltante,Ninguna,S/D
2020,5816,2020-08-03,Lunes,11:30:00,Ruta Nacional 11,0.0,2,"Pickup/Utilitario,Moto/Ciclomotor",Av L de la Torre-Ruta Nac 11 Y Pringles,4,1,0,0,3,0,0,"-31.97052579366,-60.926266492785",Ruta,11,CORONDA,San JERÓNIMO,Asfalto,Ripio,XV,Dentro,Urbana,Ninguna,No existe,Intersección,Bueno,Buena,Diurna,Buen Tiempo,S/D,S/D,Colisión,Ninguna,Horizontal,Línea divisoria pintada,Sin restricción
2020,5818,2020-10-24,Sabado,,Ruta Nacional 11,0.0,2,"Moto/Ciclomotor,Camión c / Acoplado",Calle 121 Y Ruta Nacional 11,2,1,0,0,1,0,0,"    -28.35116, -59.26386",Ruta,11,LAS TOSCAS,General Obligado,Asfalto,Natural,IX,Dentro,Urbana,S/D,S/D,Intersección,S/D,S/D,Nocturna,S/D,Lateral,S/D,Colisión,S/D,S/D,S/D,Sin restricción
2020,5819,2020-12-06,Domingo,09:00:00,,0.0,2,"Automóvil,Automóvil",Reg 12 de Infanteria Y Riobamba,4,1,0,0,3,0,0,"-31.60383, -60.66658",Calle,,SANTA FE,La Capital,S/D,No existe,I,Dentro,Urbana,Ninguna,No existe,Otro,Otro,S/D,S/D,Otro,Otro,S/D,Otro,Otro,Faltante,Ninguna,Sin restricción
2020,5820,2020-10-24,Sabado,,,0.0,2,"Automóvil,Moto/Ciclomotor",Calle 12 San Martin Y Calle 23-Gral lopez,2,1,0,0,1,0,0,"    -29.14892, -59.64299",Calle,,RECONQUISTA,General Obligado,Asfalto,S/D,IX,Dentro,Urbana,S/D,S/D,Intersección,S/D,S/D,Nocturna,S/D,Lateral,S/D,Colisión,S/D,S/D,S/D,S/D
2020,5821,2020-08-03,Lunes,10:20:00,,0.0,2,"Automóvil,Bicicleta",Av Republica Y B Sur Mer,2,1,0,0,1,0,0,"-32.032933553153,-61.212995078892",Avenida,,GÁLVEZ,San JERÓNIMO,Asfalto,No existe,XV,Dentro,Urbana,Ninguna,No existe,Intersección,Bueno,Buena,Diurna,Buen Tiempo,S/D,Ciclista,Atropello,Ninguna,Faltante,Ninguna,Sin restricción
2020,5822,2020-08-14,Viernes,16:45:00,,0.0,2,"Moto/Ciclomotor,Camión",Hipolito Irigoyen Y Santo Domingo,2,1,0,0,1,0,0,"-29.239833354949965,-61.77036702632",Calle,,TOSTADO,9 de Julio,Asfalto,No existe,XII,Dentro,Urbana,Ninguna,No existe,Recta,S/D,Buena,Diurna,Buen Tiempo,De alcance,S/D,Colisión,S/D,Faltante,Ninguna,Sin restricción
2020,5823,2020-10-24,Sabado,,,0.0,2,"Moto/Ciclomotor,Moto/Ciclomotor",Calle 10 Y Calle 13,3,2,0,0,1,0,0,"    -29.11848, -59.65999",Calle,,AVELLANEDA,General Obligado,Asfalto,S/D,IX,Dentro,Urbana,S/D,S/D,Intersección,S/D,S/D,Diurna,S/D,Lateral,S/D,Colisión,S/D,S/D,S/D,Sin restricción
2020,5824,2020-08-13,Jueves,04:40:00,Ruta Provincial 13,0.0,1,Automóvil, ,1,1,0,0,0,0,0,"-31.939181, -61.860980",Ruta,13,SAN JORGE,San MARTÍN,Asfalto,Natural,XVIII,Dentro,Rural,Ninguna,No existe,Curva,Bueno,S/D,Nocturna,S/D,S/D,S/D,Vuelco,Ninguna,Faltante,Guardarrail,Sin restricción
2020,5825,2020-10-25,Domingo,00:30:00,,0.0,1,Automóvil,Carlos Pellegrini 1089,1,1,0,0,0,0,0,"    -33.75172, -61.9667",Calle,,VENADO TUERTO,General LÓPEZ,Asfalto,S/D,VII,Dentro,Urbana,S/D,S/D,Recta,S/D,S/D,Nocturna,S/D,Contra objeto fijo,S/D,Colisión,S/D,S/D,S/D,S/D
2020,5830,2020-08-26,Miercoles,08:00:00,,0.0,2,"Automóvil,Moto/Ciclomotor",Moreau de Justo Y Salta,2,1,0,0,1,0,0,"-29.893059200866,-60.29022223743",Calle,,VERA,Vera,S/D,No existe,XIX,Dentro,Urbana,S/D,S/D,Intersección,S/D,S/D,Diurna,S/D,S/D,S/D,Colisión,S/D,S/D,Ninguna,S/D
2020,5832,2020-08-20,Jueves,16:30:00,,0.0,2,"Bicicleta,Moto/Ciclomotor",Iturraspe 1600,2,1,0,0,1,0,0,"-31.768846918877,-61.826969908387",Calle,,SASTRE,San MARTÍN,S/D,No existe,XVIII,Dentro,Urbana,S/D,S/D,Intersección,S/D,S/D,Diurna,S/D,S/D,Ciclista,Atropello,S/D,S/D,Ninguna,S/D