anio_acci,nro_acci,fecha,desc_dia,hora_aprox,desc_ruta,km,cant_participantes,desc_participante,calle_avenida_km,total,heridos_leves,heridos_graves,heridos_gravisimos,ilesos,fallecidos,sin_datos,posicion_XY,desc_tipo_via,desc_ruta_ori,desc_loc,desc_dpto,desc_tipo_calzada,desc_tipo_banquina,desc_unidad_regional,desc_lugar_calzada,desc_zona,desc_prioridad,desc_estado_semaforo,desc_lugar_via,desc_estado_via,desc_estado_visibilidad,desc_luminosidad,desc_estado_clima,desc_tipo_colision,desc_tipo_atropello,desc_tipo_hecho,desc_pres_calzada,desc_senializacion,desc_separacion_via,desc_restriccion
2020,5833,2020-12-02,Miercoles,06:25:00,,0.0,2,"Moto/Ciclomotor,Automóvil",Azcuenaga Y Guemes,2,1,0,0,1,0,0,"-31.59759, -60.67715",Calle,,SANTA FE,La Capital,S/D,No existe,I,S/D,Urbana,Ninguna,No existe,Otro,Otro,Reducida,Diurna,Otro,Otro,S/D,Otro,Otro,Faltante,Ninguna,Sin restricción
2020,5834,2020-12-01,Martes,19:00:00,,0.0,2,"Moto/Ciclomotor,Automóvil",Av A del Valle Y Alberti,3,1,0,0,2,0,0,"-31.6022, -60.69184",Avenida,,SANTA FE,La Capital,S/D,No existe,I,Dentro,Urbana,Ninguna,No existe,Otro,Otro,S/D,Diurna,Otro,Otro,S/D,Otro,Otro,Vertical,Ninguna,Sin restricción
2020,5835,2020-08-28,Viernes,16:00:00,Autopista Nacional A008,0.0,1,Moto/Ciclomotor,Av. Circunvalacion Y Av. Sorrento,1,1,0,0,0,0,0,"-32.90825307369234,-60.723978281021",Autopista,A008,ROSARIO,Rosario,Asfalto,No existe,II,Dentro,Urbana,Ninguna,No existe,Recta,S/D,S/D,Diurna,S/D,S/D,S/D,Cañda ocupante,S/D,Faltante,Guardarrail,S/D
2020,5836,2020-12-01,Martes,13:40:00,,0.0,2,"Taxi/Remis,Automóvil",San Jeronimo Y Cordoba,3,1,0,0,2,0,0,"-31.62798, -60.70251",Calle,,SANTA FE,La Capital,Asfalto,No existe,I,S/D,Urbana,Ninguna,No existe,Intersección,Bueno,Buena,Diurna,Buen Tiempo,Lateral,S/D,Colisión,Ninguna,Vertical,Ninguna,Sin restricción
2020,5837,2020-08-04,Martes,19:20:00,Ruta Secundaria 87-s,18.0,1,Moto/Ciclomotor, ,1,1,0,0,0,0,0,"-29.72130982381118, -60.06465658000",Ruta,87-s,MARGARITA,Vera,Ripio,No existe,XIX,Dentro,Urbana,Ninguna,No existe,Intersección,Bueno,Buena,Diurna,Buen Tiempo,S/D,S/D,Cañda ocupante,Ninguna,Faltante,Ninguna,Sin restricción
2020,5838,2020-12-02,Miercoles,15:00:00,,0.0,2,"Automóvil,Moto/Ciclomotor",San Jeronimo Y M De Polonia,2,1,0,0,1,0,0,"-31.61796, -60.69955",Calle,,SANTA FE,La Capital,Asfalto,No existe,I,Dentro,Urbana,Ninguna,No existe,Intersección,Bueno,Buena,Diurna,Buen Tiempo,Lateral,S/D,Colisión,Ninguna,S/D,Ninguna,Sin restricción
2020,5839,2020-08-15,Sabado,,Ruta Provincial Brigadier E.LÓPEZ,145.0,1,Automóvil, ,1,0,0,1,0,0,0,"-31.667809, -60.799978",Ruta,Brigadier E.LÓPEZ,SANTO TOMÉ,La Capital,Asfalto,Natural,I,Dentro,Urbana,S/D,No existe,Recta,Bueno,S/D,S/D,S/D,S/D,S/D,Despiste,Ninguna,Faltante,"Vegetación,Línea divisoria pintada",S/D
2020,5840,2020-08-27,Jueves,08:30:00,Autopista Provincial Brigadier E.LÓPEZ,18.0,2,"Vehículo Oficial,Automóvil", ,10,10,0,0,0,0,0,"-32.729563, -60.764332",Autopista,Brigadier E.LÓPEZ,SAN LORENZO,San Lorenzo,Asfalto,Natural,XVII,Dentro,Rural,Marca Vial,No existe,Recta,S/D,S/D,Diurna,S/D,S/D,S/D,"Vuelco,Despiste",S/D,Horizontal,Vegetación,S/D
2020,5841,2020-08-05,Miercoles,09:20:00,,0.0,2,"Automóvil,Automóvil",Agustin Delgado Y Av Facundo Zuviria,2,1,0,0,1,0,0,"-31.619530796921,-60.705457929418",Avenida,,SANTA FE,La Capital,Asfalto,No existe,I,Dentro,Urbana,Semáforo,Funciona,Intersección,Bueno,Buena,Diurna,Buen Tiempo,S/D,S/D,Colisión,Ninguna,"Horizontal,Vertical","Cordón divisorio,Línea divisoria pintada",Sin restricción
2020,5842,2020-12-04,Viernes,,,0.0,2,"Automóvil,Moto/Ciclomotor",Av A del Valle Y Alberti,3,1,0,0,2,0,0,"-31.60222, -60.69179",Calle,,SANTA FE,La Capital,Asfalto,No existe,I,Dentro,Urbana,Ninguna,No existe,Intersección,Bueno,S/D,S/D,Buen Tiempo,Lateral,S/D,Colisión,Ninguna,S/D,Ninguna,Sin restricción
2020,5843,2020-12-06,Domingo,22:45:00,,0.0,2,"Bicicleta,Automóvil",San Jeronimo Y Vieytes,2,1,0,0,1,0,0,"-31.60248, -60.69501",Calle,,SANTA FE,La Capital,Asfalto,No existe,I,S/D,Urbana,Ninguna,No existe,Intersección,Bueno,Buena,"Nocturna,Con luz artificial",Buen Tiempo,S/D,Ciclista,Atropello,Ninguna,S/D,Ninguna,Sin restricción
2020,5844,2020-08-06,Jueves,,,0.0,2,"Moto/Ciclomotor,Automóvil",Casta�aduy Y Vieytes,3,2,0,0,1,0,0,"-31.59611983687,-60.727007638335",Calle,,SANTA FE,La Capital,Asfalto,No existe,I,Dentro,Urbana,Ninguna,No existe,Intersección,Bueno,Buena,Diurna,Buen Tiempo,S/D,S/D,Colisión,Ninguna,Faltante,Ninguna,Sin restricción
2020,5845,2020-08-15,Sabado,,,0.0,1,Vehículo Oficial,Callejon Aguirre Y Europa,3,2,0,0,0,0,1,"-31.582124620079,-60.71637460713",Calle,,SANTA FE,La Capital,Asfalto,No existe,I,Dentro,Urbana,Ninguna,No existe,Recta,Bueno,S/D,S/D,S/D,S/D,S/D,Despiste,Ninguna,Faltante,Ninguna,Sin restricción
2020,5846,2020-12-08,Martes,11:30:00,,0.0,2,"Taxi/Remis,Moto/Ciclomotor",Quintana Y 9 de Julio,2,1,0,0,1,0,0,"-31.62225, -60.7021",Calle,,SANTA FE,La Capital,Asfalto,No existe,I,Dentro,Urbana,Ninguna,No existe,Intersección,Bueno,Buena,Diurna,Buen Tiempo,Lateral,S/D,Colisión,Ninguna,S/D,Ninguna,Sin restricción
2020,5847,2020-08-06,Jueves,,,0.0,2,"Peatón,Taxi/Remis",Balcarce Y San Juan,2,0,1,0,1,0,0,"-32.946564350152,-60.65259510323",Calle,,ROSARIO,Rosario,Asfalto,No existe,II,Dentro,Urbana,Paso Peatonal,No existe,Intersección,Bueno,Buena,Diurna,Buen Tiempo,S/D,Peatón,Atropello,Ninguna,Horizontal,Ninguna,Sin restricción
2020,5848,2020-08-27,Jueves,01:30:00,,0.0,1,Moto/Ciclomotor,Bv San Martin Y Santa Rosa,1,1,0,0,0,0,0,"-32.901503954636,-60.90062896177",Avenida,,ROLDÁN,San Lorenzo,Asfalto,No existe,XVII,Dentro,Urbana,Ninguna,No existe,Intersección,S/D,S/D,Nocturna,S/D,S/D,S/D,Cañda ocupante,S/D,Faltante,Cordón divisorio,S/D
2020,5849,2020-09-06,Domingo,17:50:00,,0.0,2,"Peatón,Tren",Lamadrid Y Flamarion,2,0,0,0,1,1,0,"-32.99731, -60.65823",Calle,,ROSARIO,Rosario,"Asfalto,Tierra",No existe,II,Dentro,Urbana,Ninguna,No existe,Paso a Nivel FFCC,Bueno,Buena,Diurna,Buen Tiempo,S/D,Peatón,Atropello,Ninguna,Faltante,Ninguna,Sin restricción
2020,5850,2020-08-04,Martes,21:45:00,,0.0,2,"Moto/Ciclomotor,Moto/Ciclomotor",Alberdi Y Mariano Moreno,4,2,0,0,1,0,1,"-31.976121497691,-60.921080511606",Calle,,CORONDA,San JERÓNIMO,Asfalto,No existe,XV,Dentro,Urbana,Ninguna,No existe,Intersección,Bueno,Buena,Nocturna,Buen Tiempo,S/D,S/D,Colisión,Ninguna,Faltante,Ninguna,Sin restricción
2020,5851,2020-09-11,Viernes,02:50:00,,0.0,2,"Moto/Ciclomotor,Automóvil",Av. Mongsfeld ,2,0,0,0,1,1,0,"-32.93078, -60.67107",Calle,,ROSARIO,Rosario,Asfalto,No existe,II,Dentro,Urbana,Ninguna,No existe,Recta,Bueno,S/D,Nocturna,S/D,Lateral,S/D,Colisión,Ninguna,Faltante,Ninguna,Sin restricción
2020,5852,2020-08-06,Jueves,10:40:00,,0.0,2,"Pickup/Utilitario,Bicicleta",Roque e Coulin Y Sarmiento,2,1,0,0,1,0,0,"-32.032449665652,-61.218789530428",Calle,,GÁLVEZ,San JERÓNIMO,Asfalto,No existe,XV,Dentro,Urbana,Ninguna,No existe,Intersección,Bueno,Buena,Diurna,Buen Tiempo,S/D,Ciclista,Atropello,Ninguna,Faltante,Ninguna,Sin restricción
2020,5853,2020-08-15,Sabado,14:20:00,,0.0,2,"Pickup/Utilitario,Moto/Ciclomotor",Av. Arijon Y Italia,3,1,0,0,2,0,0,"-33.003272531007,-60.659112554622",Avenida,,ROSARIO,Rosario,Asfalto,No existe,II,Dentro,Urbana,Ninguna,No existe,Intersección,Bueno,Buena,Diurna,Buen Tiempo,Lateral,S/D,Colisión,Ninguna,"Horizontal,Vertical",Ninguna,Sin restricción
2020,5854,2020-08-05,Miercoles,12:40:00,,0.0,2,"Moto/Ciclomotor,Pickup/Utilitario",Colon Y San Martin,2,1,0,0,1,0,0,"-29.457134059159,-60.210077174341",Calle,,VERA,Vera,S/D,S/D,XIX,Dentro,Urbana,S/D,S/D,Intersección,S/D,S/D,Diurna,S/D,Lateral,S/D,Colisión,S/D,S/D,S/D,S/D
2020,5855,2020-08-26,Miercoles,08:30:00,,0.0,2,"Automóvil,Bicicleta",Lavalle Y Primera Junta,2,1,0,0,1,0,0,"-32.031118068935,-61.214251966941",Calle,,GÁLVEZ,San JERÓNIMO,Hormigón,No existe,XV,Dentro,Urbana,Ninguna,No existe,Intersección,Bueno,Buena,Diurna,Buen Tiempo,S/D,Ciclista,Atropello,Ninguna,Faltante,Ninguna,Sin restricción
2020,5856,2020-09-07,Lunes,11:45:00,Autopista Nacional A012,0.0,2,"Camión Chasis,Moto/Ciclomotor",Ruta Nacional 9 ,2,0,0,0,1,1,0,"-32.90798, -60.89493",Autopista,A012,ROLDÁN,San Lorenzo,Asfalto,Natural,XVII,Dentro,Rural,Señal Pare,No existe,Cruce,Ahuellamiento,Buena,Diurna,Buen Tiempo,Lateral,S/D,Colisión,Ninguna,"Horizontal,Vertical",Ninguna,Sin restricción
2020,5857,2020-12-08,Martes,12:40:00,,0.0,2,"Automóvil,Moto/Ciclomotor",San Jeronimo Y Pedro Centeno,2,1,0,0,1,0,0,"-31.62704, -60.70223",Calle,,SANTA FE,La Capital,Asfalto,No existe,I,S/D,Urbana,Ninguna,No existe,Intersección,Bueno,Buena,Diurna,Buen Tiempo,S/D,S/D,Colisión,Ninguna,S/D,Ninguna,Sin restricción
2020,5858,2020-08-07,Viernes,,,0.0,2,"Moto/Ciclomotor,Automóvil", ,2,1,0,0,1,0,0,"-31.448825188884307,-60.93028956909",S/D,,ESPERANZA,Las Colonias,S/D,S/D,XI,S/D,S/D,S/D,S/D,S/D,S/D,S/D,S/D,S/D,S/D,S/D,Colisión,S/D,S/D,S/D,S/D
2020,5859,2020-08-26,Miercoles,11:35:00,,0.0,2,"Pickup/Utilitario,Moto/Ciclomotor",Lavalle Y Primera Junta,2,1,0,0,1,0,0,"-32.031118068935,-61.214251966941",Calle,,GÁLVEZ,San JERÓNIMO,S/D,No existe,XV,Dentro,Urbana,S/D,S/D,Intersección,S/D,S/D,Diurna,S/D,S/D,S/D,Colisión,S/D,S/D,Ninguna,S/D
2020,5861,2020-08-07,Viernes,,,0.0,2,"Moto/Ciclomotor,Automóvil", ,2,0,1,0,1,0,0,"-31.445424662554,-60.929648775699",S/D,,ESPERANZA,Las Colonias,S/D,S/D,XI,S/D,S/D,S/D,S/D,S/D,S/D,S/D,S/D,S/D,S/D,S/D,Colisión,S/D,S/D,S/D,S/D
2020,5862,2020-12-08,Martes,21:40:00,,0.0,2,"Automóvil,Moto/Ciclomotor",Luciano Torrent Y Av Facundo Zuviria,3,1,0,0,2,0,0,"-31.62349, -60.70523",Calle,,SANTA FE,La Capital,Asfalto,No existe,I,Dentro,Urbana,Ninguna,No existe,Intersección,Bueno,Buena,"Nocturna,Con luz artificial",Buen Tiempo,S/D,S/D,Colisión,Ninguna,S/D,Ninguna,Sin restricción
2020,5863,2020-12-04,Viernes,11:15:00,,0.0,2,"Pickup/Utilitario,Moto/Ciclomotor", ,3,1,1,0,1,0,0,"-29.23007, -61.77279",Calle,,TOSTADO,9 de Julio,Hormigón,No existe,XII,Dentro,Urbana,Ninguna,No existe,Intersección,Bueno,Buena,Diurna,Buen Tiempo,"Frontal,Lateral",S/D,Colisión,Ninguna,Faltante,Ninguna,Sin restricción
2020,5864,2020-08-15,Sabado,,Ruta Provincial 26,0.0,1,Automóvil, ,1,1,0,0,0,0,0,"-32.967100063303,-60.686295773492",Ruta,26,CASILDA,Caseros,Asfalto,S/D,IV,Fuera,Rural,S/D,S/D,Recta,Bueno,S/D,S/D,S/D,S/D,S/D,Despiste,S/D,S/D,Línea divisoria pintada,Sin restricción
2020,5865,2020-12-07,Lunes,20:50:00,Ruta Nacional A012,49.0,1,Pickup/Utilitario, ,1,1,0,0,0,0,0,"-32.90222, -60.92588",Ruta,A012,ROLDÁN,San Lorenzo,Asfalto,Natural,XVII,S/D,S/D,Ninguna,No existe,Recta,Bueno,Buena,Diurna,Buen Tiempo,S/D,S/D,Vuelco,Ninguna,Faltante,Ninguna,Sin restricción
2020,5866,2020-08-23,Domingo,06:30:00,,0.0,1,Moto/Ciclomotor,Avenida Independencia 500,1,0,0,0,0,1,0,"-31.8562,-61.57861",Avenida,,SAN MARTIN DE LAS ESCOBAS,San MARTÍN,S/D,S/D,XVIII,S/D,Urbana,S/D,S/D,Recta,S/D,S/D,Nocturna,S/D,Contra objeto fijo,S/D,Colisión,S/D,S/D,S/D,S/D
2020,5867,2020-08-24,Lunes,,,0.0,2,"Moto/Ciclomotor,Automóvil",Ituzaingo Y Tucuman,2,1,0,0,1,0,0,"-29.885121007105,-60.290054312504",Calle,,CALCHAQUÍ,Vera,S/D,No existe,XIX,Dentro,Urbana,S/D,S/D,Intersección,S/D,S/D,S/D,S/D,S/D,S/D,Colisión,S/D,S/D,Ninguna,S/D
2020,5868,2020-12-04,Viernes,19:15:00,,0.0,2,"Moto/Ciclomotor,Automóvil",Gorriti Y Av A del Valle,3,2,0,0,1,0,0,"-31.59077, -60.69205",S/D,,SANTA FE,La Capital,Asfalto,S/D,I,S/D,Urbana,S/D,S/D,Recta,Bueno,S/D,S/D,S/D,S/D,S/D,Colisión,S/D,S/D,S/D,S/D
2020,5869,2020-08-15,Sabado,,,0.0,2,"Automóvil,Moto/Ciclomotor", ,2,1,0,0,1,0,0,"-31.467095473535,-60.937958470213",S/D,,ESPERANZA,Las Colonias,S/D,S/D,XI,S/D,Urbana,S/D,S/D,S/D,S/D,S/D,S/D,S/D,S/D,S/D,Colisión,S/D,S/D,S/D,S/D
2020,5870,2020-08-05,Miercoles,16:45:00,,0.0,2,"Moto/Ciclomotor,Moto/Ciclomotor",Rioja 1450,2,1,0,0,1,0,0,"-31.903508423078,-61.276323357632",Calle,,LÓPEZ,San JERÓNIMO,S/D,No existe,XV,Dentro,Urbana,Ninguna,No existe,Intersección,S/D,Buena,Diurna,Buen Tiempo,S/D,S/D,Colisión,Ninguna,Faltante,Ninguna,Sin restricción
2020,5871,2020-08-24,Lunes,18:10:00,,0.0,2,"Automóvil,Moto/Ciclomotor",Guemes Y San Jeronimo,2,1,0,0,1,0,0,"-31.975362878134,-60.923717770251",Calle,,CORONDA,San JERÓNIMO,"Asfalto,Tierra",No existe,XV,Dentro,Urbana,Ninguna,S/D,Intersección,S/D,S/D,Diurna,S/D,S/D,S/D,Colisión,S/D,Faltante,Ninguna,S/D
2020,5872,2020-09-12,Sabado,15:20:00,Ruta Provincial 2,42.0,1,Vehículo Oficial, ,7,6,0,0,0,1,0,"-31.28384, -60.65585",Ruta,2,LAGUNA PAIVA,La Capital,Asfalto,Natural,I,Dentro,Rural,Ninguna,No existe,Recta,Bueno,Buena,Diurna,Buen Tiempo,S/D,S/D,Vuelco,Ninguna,Faltante,Ninguna,Sin restricción
2020,5873,2020-12-04,Viernes,14:30:00,,0.0,2,"Moto/Ciclomotor,Moto/Ciclomotor",Pavon Y Av A del Valle,2,1,0,0,1,0,0,"-31.59638, -60.69192",S/D,,SANTA FE,La Capital,Asfalto,S/D,I,S/D,Urbana,S/D,S/D,Recta,Bueno,S/D,S/D,Buen Tiempo,Lateral,S/D,Colisión,S/D,S/D,S/D,S/D
2020,5874,2020-08-05,Miercoles,18:40:00,,0.0,1,Moto/Ciclomotor,CAMINO RURAL ,2,1,0,0,1,0,0,"-29.43431970475216, -60.34773069577",Camino Rural,,LAS GAMAS,Vera,Tierra,Ripio,XIX,Dentro,Urbana,Ninguna,No existe,Recta,Bueno,Buena,Diurna,Buen Tiempo,S/D,S/D,Cañda ocupante,Ninguna,Faltante,Ninguna,Sin restricción
2020,5875,2020-08-18,Martes,14:20:00,,0.0,2,"Tractor,Peatón", ,2,1,0,0,1,0,0,"-31.981636, -60.920775",Calle,,CORONDA,San JERÓNIMO,S/D,S/D,XV,Dentro,Urbana,S/D,S/D,Recta,S/D,Buena,Diurna,S/D,S/D,Peatón,Atropello,S/D,S/D,S/D,S/D
2020,5876,2020-08-24,Lunes,12:25:00,Ruta Nacional 11,0.0,1,Moto/Ciclomotor,Av L de la Torre-Ruta Nac 11 Y Cnel Rodriguez,1,1,0,0,0,0,0,"-31.969824582338337,-60.92617660760",Ruta,11,CORONDA,San JERÓNIMO,Asfalto,Pavimento,XV,Dentro,Urbana,Marca Vial,No existe,Intersección,S/D,S/D,Diurna,S/D,S/D,S/D,Cañda ocupante,S/D,Horizontal,Línea divisoria pintada,S/D
2020,5877,2020-08-15,Sabado,23:00:00,,0.0,1,Moto/Ciclomotor,Belgrano ,1,0,0,1,0,0,0,"-32.374837, -61.330561",Calle,,SAN GENARO,San JERÓNIMO,S/D,S/D,XV,Dentro,Urbana,S/D,S/D,Recta,S/D,S/D,Nocturna,S/D,S/D,S/D,Cañda ocupante,S/D,S/D,Ninguna,Sin restricción
2020,5878,2020-08-07,Viernes,,Ruta Nacional 11,488.0,1,Automóvil, ,1,1,0,0,0,0,0,"-31.458430603054378, -60.7373849762",Ruta,11,RECREO,La Capital,Asfalto,Natural,I,Dentro,Urbana,Ninguna,No existe,Recta,Bueno,Buena,Amanecer,Buen Tiempo,Contra objeto fijo,S/D,Colisión,Ninguna,Horizontal,Línea divisoria pintada,Sin restricción
2020,5879,2020-08-16,Domingo,16:10:00,Autopista Nacional Rosario -Cordoba,364.0,2,"Moto/Ciclomotor,Moto/Ciclomotor", ,2,0,0,0,1,1,0,"    -32.84244, -61.42191",Autopista,Rosario -Cordoba,CAÑADA DE GÓMEZ,Iriondo,Asfalto,Natural,X,S/D,Rural,Ninguna,No existe,Recta,Bueno,S/D,Diurna,S/D,S/D,S/D,Colisión,S/D,Faltante,"Vegetación,S/D",Sin restricción
2020,5880,2020-12-02,Miercoles,11:30:00,,0.0,2,"Automóvil,Moto/Ciclomotor",Quintana Y Guemes,2,1,0,0,1,0,0,"-31.62584, -60.6853",Calle,,SANTA FE,La Capital,Asfalto,No existe,I,Dentro,Urbana,S/D,No existe,Intersección,Bueno,Buena,Diurna,S/D,S/D,S/D,S/D,Ninguna,S/D,S/D,S/D
2020,5881,2020-08-08,Sabado,,,0.0,2,"Automóvil,Automóvil",Boulevard Lisandro de la Torre Y Chacabuco,2,1,0,0,1,0,0,"-33.051769459635,-61.177772864488",Avenida,,CASILDA,Caseros,Asfalto,No existe,IV,Dentro,Urbana,Paso Peatonal,No existe,Intersección,Bueno,Buena,Diurna,Buen Tiempo,S/D,S/D,Colisión,Ninguna,Horizontal,"Cordón divisorio,Vegetación",Sin restricción
2020,5882,2020-09-20,Domingo,21:15:00,Autopista Nacional A012,39.0,2,"Camión,Pickup/Utilitario",Los Tilos ,2,0,0,0,1,1,0,"-32.91439, -60.89673",Autopista,A012,ROLDÁN,San Lorenzo,Asfalto,Natural,XVII,Dentro,Urbana,Ninguna,No existe,Intersección,Bueno,Reducida,Nocturna,Buen Tiempo,Lateral,S/D,Colisión,Ninguna,Faltante,Ninguna,Sin restricción
2020,5883,2020-12-06,Domingo,11:40:00,,0.0,2,"Bicicleta,Automóvil",J Castelli 220,2,1,0,0,1,0,0,"-31.59946, -60.72801",Calle,,SANTA FE,La Capital,Asfalto,No existe,I,Dentro,Urbana,Ninguna,No existe,Recta,Bueno,Buena,Diurna,Buen Tiempo,De alcance,Ciclista,Atropello,Ninguna,S/D,Ninguna,Sin restricción
2020,5884,2020-08-25,Martes,12:40:00,,0.0,1,Pickup/Utilitario, ,3,0,1,0,0,2,0,"-32.89533,-61.41404",Camino Rural,,CAÑADA DE GÓMEZ,Iriondo,S/D,S/D,X,S/D,Rural,S/D,S/D,Recta,S/D,S/D,Diurna,S/D,S/D,S/D,Vuelco,S/D,S/D,S/D,S/D
2020,5885,2020-08-16,Domingo,11:30:00,Ruta Nacional 11,0.0,2,"Moto/Ciclomotor,Automóvil",Avenida Nuestra Se�ora del Luj 2300,3,2,0,0,1,0,0,"-31.675987492728,-60.771411325623",Ruta,11,SANTO TOMÉ,La Capital,Asfalto,No existe,I,Dentro,Urbana,Ninguna,Funciona,Recta,Bueno,Buena,Diurna,Buen Tiempo,De alcance,S/D,Colisión,Ninguna,"Horizontal,Vertical",Línea divisoria pintada,Sin restricción
2020,5886,2020-08-22,Sabado,18:25:00,,0.0,2,"Moto/Ciclomotor,Peatón",Moreno 2800,2,1,0,0,1,0,0,"-29.452737837591,-60.211748328979",Calle,,VERA,Vera,S/D,No existe,XIX,Dentro,Urbana,S/D,S/D,Intersección,S/D,S/D,Diurna,S/D,S/D,Peatón,Atropello,S/D,Faltante,Ninguna,S/D
2020,5887,2020-08-09,Domingo,,,0.0,1,Otros, ,1,1,0,0,0,0,0,"-31.445408517215,-60.929720763902",S/D,,ESPERANZA,Las Colonias,S/D,S/D,XI,S/D,S/D,S/D,S/D,S/D,S/D,S/D,S/D,S/D,S/D,S/D,Cañda ocupante,S/D,S/D,S/D,S/D
2020,5888,2020-12-07,Lunes,19:30:00,,0.0,2,"Automóvil,Moto/Ciclomotor",Sarmiento Y Derqui,2,1,0,0,1,0,0,"-31.61855, -60.68767",Calle,,SANTA FE,La Capital,Asfalto,No existe,I,Dentro,Urbana,Ninguna,No existe,Intersección,Bueno,Buena,Diurna,Buen Tiempo,Lateral,S/D,Colisión,Ninguna,S/D,Ninguna,Sin restricción
2020,5889,2020-12-03,Jueves,17:00:00,,0.0,2,"Moto/Ciclomotor,Pickup/Utilitario",Bruno Baranosky Y Norberto Carlos Montibelli,2,1,0,0,1,0,0,"-31.30091, -60.67252",Avenida,,LAGUNA PAIVA,La Capital,Ripio,No existe,I,S/D,Urbana,Ninguna,No existe,Intersección,Bueno,Buena,Diurna,Buen Tiempo,Lateral,S/D,Colisión,Ninguna,Faltante,Ninguna,Sin restricción
2020,5890,2020-12-08,Martes,13:20:00,,0.0,2,"Moto/Ciclomotor,Moto/Ciclomotor",Av Candioti 2000,2,1,0,0,1,0,0,"-31.31017, -60.65683",Avenida,,LAGUNA PAIVA,La Capital,Asfalto,No existe,I,S/D,Urbana,Ninguna,No existe,Recta,Bueno,Buena,Diurna,Buen Tiempo,S/D,S/D,S/D,Ninguna,Faltante,Ninguna,Sin restricción
2020,5891,2020-12-02,Miercoles,12:00:00,Ruta Provincial 2,0.0,2,"Automóvil,Pickup/Utilitario", ,2,1,0,0,1,0,0,"-31.50876, -60.67827",Ruta,2,MONTE VERA,La Capital,Hormigón,Natural,I,S/D,Urbana,Ninguna,No existe,Recta,Resbaladiza,Reducida,Diurna,Lluvia,De alcance,S/D,Colisión,Agua,Horizontal,Guardarrail,Sin restricción
2020,5892,2020-12-02,Miercoles,22:00:00,Ruta Provincial 2,0.0,1,Moto/Ciclomotor, ,1,0,1,0,0,0,0,"-31.49965, -60.67659",Ruta,2,MONTE VERA,La Capital,Hormigón,Natural,I,Dentro,Rural,Ninguna,No existe,Recta,Bueno,Buena,Nocturna,Buen Tiempo,Atropello animal,S/D,Colisión,Ninguna,Horizontal,Vegetación,Sin restricción
2020,5893,2020-12-05,Sabado,21:50:00,,0.0,2,"Moto/Ciclomotor,Automóvil",Ruta pcial 2 Av San Martin ,2,1,0,0,1,0,0,"-31.64571, -60.70631",Calle,,MONTE VERA,La Capital,Asfalto,Ripio,I,Dentro,Urbana,Ninguna,No existe,Intersección,Bueno,Buena,Nocturna,Buen Tiempo,Lateral,S/D,Colisión,Ninguna,Horizontal,Ninguna,Sin restricción
2020,5894,2020-12-01,Martes,10:15:00,,0.0,2,"Moto/Ciclomotor,Pickup/Utilitario",Brigadier Estanislao Lopez Y Cordoba,2,1,0,0,1,0,0,"-31.51446, -60.67887",Calle,,MONTE VERA,La Capital,Ripio,No existe,I,Dentro,Urbana,Ninguna,No existe,Intersección,Bueno,Buena,Nocturna,Buen Tiempo,Lateral,S/D,Colisión,Ninguna,Faltante,Ninguna,Sin restricción
2020,5895,2020-07-15,Miercoles,,,0.0,2,"Automóvil,Otros", ,2,1,0,0,1,0,0,"-31.467095473535,-60.937958470213",S/D,,ESPERANZA,Las Colonias,Asfalto,No existe,XI,S/D,Urbana,S/D,No existe,Intersección,Bueno,S/D,S/D,S/D,S/D,S/D,Colisión,Ninguna,Faltante,S/D,S/D
2020,5896,2020-08-24,Lunes,19:30:00,,0.0,2,"Moto/Ciclomotor,Pickup/Utilitario",1 de Mayo ,3,2,0,0,1,0,0,"-32.85471618175509,-61.152643561363",Calle,,CARCARAÑÁ,San Lorenzo,S/D,No existe,XVII,Dentro,Urbana,S/D,S/D,Intersección,S/D,S/D,Diurna,S/D,S/D,S/D,Colisión,S/D,S/D,Ninguna,S/D
2020,5897,2020-12-08,Martes,11:15:00,,0.0,2,"Moto/Ciclomotor,Pickup/Utilitario",San Luis ,4,1,0,0,3,0,0,"-32.71226, -60.73975",Calle,,PUERTO SAN MARTÍN,San Lorenzo,Asfalto,No existe,XVII,Dentro,Urbana,Ninguna,No existe,Intersección,Bueno,Buena,Diurna,Buen Tiempo,Lateral,S/D,Colisión,Ninguna,Horizontal,Ninguna,Sin restricción
2020,5898,2020-12-07,Lunes,08:20:00,,0.0,2,"Moto/Ciclomotor,Automóvil",Av San Martin Y Cayetano Nerbutti,2,1,0,0,1,0,0,"-32.71836, -60.73145",Avenida,,PUERTO SAN MARTÍN,San Lorenzo,Asfalto,No existe,XVII,Dentro,Urbana,Ninguna,S/D,Intersección,Bueno,Buena,Diurna,Buen Tiempo,De alcance,S/D,Colisión,Ninguna,Horizontal,Ninguna,Sin restricción
2020,5899,2020-12-03,Jueves,16:20:00,Ruta Nacional 11,0.0,2,"Moto/Ciclomotor,Automóvil",Cordoba ,2,1,0,0,1,0,0,"-32.7137, -60.75641",Ruta,11,PUERTO SAN MARTÍN,San Lorenzo,Asfalto,Natural,XVII,Dentro,Urbana,Ninguna,No existe,Intersección,Ahuellamiento,Buena,Diurna,Buen Tiempo,De alcance,S/D,Colisión,Ninguna,Horizontal,Ninguna,Sin restricción
2020,5900,2020-12-02,Miercoles,,,0.0,2,"Automóvil,Otros", ,2,1,0,0,1,0,0,"-32.78352, -60.73313",Avenida,,FRAY LUIS BELTRÁN,San Lorenzo,Asfalto,Natural,XVII,Dentro,Urbana,Ninguna,No existe,Intersección,Bueno,Buena,Diurna,Buen Tiempo,Otro,S/D,Colisión,Ninguna,Faltante,S/D,Sin restricción