anio_acci,nro_acci,fecha,desc_dia,hora_aprox,desc_ruta,km,cant_participantes,desc_participante,calle_avenida_km,total,heridos_leves,heridos_graves,heridos_gravisimos,ilesos,fallecidos,sin_datos,posicion_XY,desc_tipo_via,desc_ruta_ori,desc_loc,desc_dpto,desc_tipo_calzada,desc_tipo_banquina,desc_unidad_regional,desc_lugar_calzada,desc_zona,desc_prioridad,desc_estado_semaforo,desc_lugar_via,desc_estado_via,desc_estado_visibilidad,desc_luminosidad,desc_estado_clima,desc_tipo_colision,desc_tipo_atropello,desc_tipo_hecho,desc_pres_calzada,desc_senializacion,desc_separacion_via,desc_restriccion
2020,5901,2020-12-06,Domingo,18:50:00,,0.0,2,"Automóvil,Automóvil",Sarmiento Y Meyer,5,5,0,0,0,0,0,"-32.85905, -61.14746",Calle,,CARCARAÑÁ,San Lorenzo,Asfalto,S/D,XVII,S/D,Urbana,Ninguna,No existe,Intersección,Bueno,Buena,Atardecer,Buen Tiempo,S/D,S/D,Colisión,Ninguna,S/D,S/D,S/D
2020,5902,2020-12-05,Sabado,21:15:00,,0.0,2,"Moto/Ciclomotor,Automóvil",Venezuela Y Puerto Rico,2,1,0,0,1,0,0,"-32.81996, -60.71265",Calle,,CAPITÁN BERMÚDEZ,San Lorenzo,Asfalto,S/D,XVII,Dentro,Urbana,Ninguna,No existe,Intersección,Bueno,S/D,Nocturna,Buen Tiempo,S/D,S/D,Colisión,Ninguna,Horizontal,S/D,Sin restricción
2020,5903,2020-12-08,Martes,04:35:00,Autopista Provincial Brigadier E.LÓPEZ,0.0,1,Automóvil, ,2,2,0,0,0,0,0,"-32.71343, -60.77543",Autopista,Brigadier E.LÓPEZ,SAN LORENZO,San Lorenzo,S/D,S/D,XVII,S/D,S/D,S/D,S/D,S/D,S/D,S/D,S/D,S/D,S/D,S/D,S/D,S/D,S/D,S/D,S/D
2020,5904,2020-12-07,Lunes,06:00:00,Ruta Secundaria 10-s,0.0,1,Otros, ,2,2,0,0,0,0,0,"-32.71517, -60.80753",Ruta,10-s,SAN LORENZO,San Lorenzo,S/D,S/D,XVII,S/D,S/D,S/D,S/D,S/D,S/D,S/D,S/D,S/D,S/D,S/D,S/D,S/D,S/D,S/D,S/D
2020,5905,2020-08-16,Domingo,19:20:00,,0.0,2,"Moto/Ciclomotor,Moto/Ciclomotor",Bvard Argentino Y Dr A Ega�a,2,1,0,0,0,0,1,"-32.03414261341097,-61.229333281517",Avenida,,GÁLVEZ,San JERÓNIMO,"Asfalto,Tierra",No existe,XV,Dentro,Urbana,Ninguna,No existe,Intersección,Bueno,Reducida,Atardecer,Buen Tiempo,Lateral,S/D,Colisión,Ninguna,Faltante,Cordón divisorio,Sin restricción
2020,5906,2020-08-24,Lunes,,Ruta Provincial 70,0.0,2,"Moto/Ciclomotor,Pickup/Utilitario",Lito Gonella Y Ruta provincial 70,2,0,1,0,1,0,0,"-31.447378784926,-60.910056097711",Ruta,70,ESPERANZA,Las Colonias,Asfalto,Ripio,XI,Dentro,Urbana,Ninguna,No existe,Intersección,Bueno,Buena,S/D,Buen Tiempo,S/D,S/D,Colisión,Ninguna,Horizontal,"Línea divisoria pintada,S/D",Sin restricción
2020,5907,2020-12-06,Domingo,,,0.0,2,"Moto/Ciclomotor,Automóvil",Sargento Cabral Y Belgrano,3,2,0,0,1,0,0,"-32.74684, -60.73063",S/D,,SAN LORENZO,San Lorenzo,S/D,S/D,XVII,S/D,S/D,S/D,S/D,S/D,S/D,S/D,S/D,S/D,S/D,S/D,S/D,S/D,S/D,S/D,S/D
2020,5908,2020-12-05,Sabado,,,0.0,2,"Pickup/Utilitario,Bicicleta",Av San Martin Y Buenos aires,3,1,0,0,2,0,0,"-32.75677, -60.73418",S/D,,SAN LORENZO,San Lorenzo,S/D,S/D,XVII,S/D,S/D,S/D,S/D,S/D,S/D,S/D,S/D,S/D,S/D,Ciclista,Atropello,S/D,S/D,S/D,S/D
2020,5909,2020-08-16,Domingo,10:10:00,,0.0,2,"Peatón,Pickup/Utilitario",Corrientes Y Maestro Victor Cochet,2,1,0,0,1,0,0,"-32.458931825983,-60.895267322708",Calle,,MACIEL,San JERÓNIMO,S/D,S/D,XV,Dentro,Urbana,S/D,S/D,Recta,S/D,S/D,Diurna,S/D,S/D,Peatón,Atropello,S/D,S/D,S/D,S/D
2020,5910,2020-12-01,Martes,15:15:00,,0.0,2,"Automóvil,Automóvil",Av. Pellegrini Y Italia,2,1,0,0,1,0,0,"-32.95567, -60.65063",Calle,,ROSARIO,Rosario,Asfalto,No existe,II,Dentro,Urbana,Ninguna,No existe,Recta,Bueno,Buena,Diurna,Buen Tiempo,S/D,S/D,Colisión,Ninguna,Faltante,Ninguna,Sin restricción
2020,5911,2020-08-24,Lunes,21:00:00,Ruta Provincial 6,0.0,2,"Moto/Ciclomotor,Automóvil",Ruta provincial 70 ,2,1,0,0,1,0,0,"-31.446924906831,-60.911899752466",Ruta,6,ESPERANZA,Las Colonias,Asfalto,Pavimento,XI,Dentro,Urbana,Ninguna,No existe,Rotonda,Bueno,Buena,Nocturna,Buen Tiempo,S/D,S/D,Colisión,S/D,Horizontal,"Línea divisoria pintada,S/D",Sin restricción
2020,5912,2020-08-17,Lunes,00:40:00,,0.0,2,"Moto/Ciclomotor,Automóvil",Dean Funes Y España,4,2,0,0,2,0,0,"-33.737464828265,-61.967519588005",Calle,,VENADO TUERTO,General LÓPEZ,Asfalto,No existe,VIII,Dentro,Urbana,Ninguna,No existe,Intersección,Bueno,Buena,"Nocturna,Con luz artificial",Buen Tiempo,Lateral,S/D,Colisión,Ninguna,Faltante,Ninguna,Sin restricción
2020,5913,2020-09-21,Lunes,19:00:00,Ruta Nacional 9,308.0,2,"Pickup/Utilitario,Moto/Ciclomotor",BECQUER ,2,0,0,0,1,1,0,"-32.91857, -60.82836",Ruta,9,FUNES,Rosario,Asfalto,Natural,II,Dentro,Urbana,Ninguna,No existe,Intersección,Bueno,Buena,Diurna,Buen Tiempo,Frontal,S/D,Colisión,Ninguna,Horizontal,Línea divisoria pintada,Sin restricción
2020,5914,2020-08-24,Lunes,11:40:00,,0.0,3,"Pickup/Utilitario,Peatón,Peatón",Av. Pellegrini Y Camilo Aldao,3,1,1,0,1,0,0,"-32.948054909744,-60.695670689517",Avenida,,ROSARIO,Rosario,Asfalto,No existe,II,Dentro,Urbana,Semáforo,Funciona,Intersección,Bueno,Buena,Diurna,Buen Tiempo,S/D,Peatón,Atropello,Ninguna,"Horizontal,Vertical","Cordón divisorio,Línea divisoria pintada",Sin restricción
2020,5915,2020-08-24,Lunes,,Ruta Nacional 11,0.0,1,Automóvil,Avenida Nuestra Se�ora del Luj Y Frutos,2,2,0,0,0,0,0,"-31.682207186529,-60.776353523832",Ruta,11,SANTO TOMÉ,La Capital,Asfalto,Pavimento,I,Dentro,Urbana,Ninguna,No existe,Intersección,Bueno,Buena,Diurna,Buen Tiempo,Contra objeto fijo,S/D,Colisión,Ninguna,Faltante,Ninguna,Sin restricción
2020,5916,2020-09-22,Martes,23:35:00,Ruta Provincial 18,10.0,2,"Automóvil,Camión c / Acoplado", ,2,0,0,0,0,2,0,"-33.1167, -60.70794",Ruta,18,PIÑERO,Rosario,Asfalto,Natural,II,Dentro,Rural,Ninguna,No existe,Recta,Bueno,S/D,Nocturna,Buen Tiempo,Frontal,S/D,Colisión,Ninguna,Faltante,Línea divisoria pintada,Sin restricción
2020,5917,2020-08-15,Sabado,20:15:00,,0.0,2,"Camión c / Acoplado,Automóvil", ,2,1,0,0,1,0,0,"-32.360169800102,-61.336653262529",S/D,,SAN GENARO,San JERÓNIMO,S/D,S/D,XV,S/D,S/D,S/D,S/D,S/D,S/D,S/D,Nocturna,S/D,S/D,S/D,Colisión,S/D,S/D,S/D,Sin restricción
2020,5918,2020-08-21,Viernes,17:50:00,,0.0,2,"Pickup/Utilitario,Moto/Ciclomotor",Bv Belgrano Y Estanislao Lopez,2,1,0,0,1,0,0,"-29.888518260945,-60.281347299284",Avenida,,CALCHAQUÍ,Vera,S/D,No existe,XIX,Dentro,Urbana,S/D,S/D,Intersección,S/D,S/D,Diurna,Buen Tiempo,S/D,S/D,Colisión,S/D,S/D,S/D,S/D
2020,5919,2020-08-15,Sabado,21:30:00,Ruta Provincial Brigadier E.LÓPEZ,98.0,2,"Camión c / Semirremolque,Camión c / Acoplado", ,3,1,0,0,2,0,0,"-32.075088, -60.992621",Ruta,Brigadier E.LÓPEZ,AROCENA,San JERÓNIMO,Asfalto,Natural,XV,Dentro,Rural,Ninguna,No existe,Recta,Bueno,Buena,Nocturna,Buen Tiempo,De alcance,S/D,Colisión,Ninguna,Faltante,Línea divisoria pintada,Sin restricción
2020,5920,2020-08-17,Lunes,18:25:00,,0.0,1,Automóvil,Capitan Bermudez 921,1,0,1,0,0,0,0,"-32.022740469783,-61.221853256453",Avenida,,GÁLVEZ,San JERÓNIMO,Asfalto,No existe,XV,Dentro,Urbana,Ninguna,No existe,Recta,Bueno,Buena,Diurna,Buen Tiempo,Contra objeto fijo,S/D,Colisión,Ninguna,Faltante,"Cordón divisorio,Vegetación",Sin restricción
2020,5921,2020-08-17,Lunes,22:25:00,Ruta Nacional 11,366.0,2,"Automóvil,Automóvil", ,4,2,0,0,2,0,0,"-32.43696212768551,-60.900478363037",Ruta,11,MACIEL,San JERÓNIMO,Asfalto,Natural,XV,Dentro,Rural,Ninguna,No existe,Recta,Bueno,S/D,Nocturna,Buen Tiempo,S/D,S/D,Colisión,S/D,S/D,Línea divisoria pintada,Sin restricción
2020,5922,2020-08-23,Domingo,23:55:00,Autopista Secundaria 49-s,0.0,2,"Moto/Ciclomotor,Camión c / Acoplado",Av J Ortiz Y O'Higgins,3,2,0,0,1,0,0,"-31.893918067216873,-61.87214210629",Autopista,49-s,SAN JORGE,San MARTÍN,Asfalto,No existe,XVIII,Dentro,Urbana,Ninguna,No existe,Intersección,Bueno,Buena,Diurna,Buen Tiempo,S/D,S/D,Colisión,Ninguna,Faltante,Ninguna,Sin restricción
2020,5923,2020-08-22,Sabado,21:20:00,,0.0,2,"Moto/Ciclomotor,Automóvil",Bv Lisandro de la Torre Y Gral Bolivar,2,0,1,0,1,0,0,"-31.903956113654,-61.850118190388",Avenida,,SAN JORGE,San MARTÍN,Asfalto,No existe,XVIII,Dentro,Urbana,Marca Vial,No existe,Intersección,Bueno,Buena,Nocturna,Buen Tiempo,S/D,S/D,Colisión,Ninguna,Horizontal,Ninguna,Sin restricción
2020,5924,2020-08-22,Sabado,11:00:00,,0.0,2,"Moto/Ciclomotor,Automóvil",Bartolome Mitre Y Santiago del Estero,3,1,1,0,1,0,0,"-31.888799604455,-61.859088039716",Calle,,SAN JORGE,San MARTÍN,Asfalto,No existe,XVIII,Dentro,Urbana,Ninguna,No existe,Intersección,Bueno,Buena,Diurna,Buen Tiempo,S/D,S/D,Colisión,Ninguna,Faltante,Ninguna,Sin restricción
2020,5925,2020-06-22,Lunes,12:25:00,Ruta Nacional 11,0.0,2,"Pickup/Utilitario,Moto/Ciclomotor",9 de Julio Y Av L de la Torre-Ruta Nac 11,2,1,0,0,1,0,0,"-31.971247657938,-60.926395786467",Ruta,11,CORONDA,San JERÓNIMO,Asfalto,No existe,XV,Dentro,Urbana,Ninguna,No existe,Intersección,Bueno,Buena,Diurna,Buen Tiempo,S/D,S/D,Colisión,Ninguna,Horizontal,Línea divisoria pintada,Sin restricción
2020,5926,2020-08-19,Miercoles,,,0.0,2,"Moto/Ciclomotor,Pickup/Utilitario",Dorrego Y Tucuman,3,2,0,0,1,0,0,"-32.742135732151,-60.737155033943",Avenida,,SAN LORENZO,San Lorenzo,Asfalto,No existe,XVII,Dentro,Urbana,Ninguna,No existe,Intersección,Bueno,S/D,S/D,Buen Tiempo,Lateral,S/D,Colisión,Ninguna,Faltante,Línea divisoria pintada,Sin restricción
2020,5927,2020-08-23,Domingo,,Ruta Nacional 11,483.0,2,"Otros,Moto/Ciclomotor", ,3,2,0,0,1,0,0,"-31.508756875991846,-60.72693407535",Ruta,11,RECREO,La Capital,Asfalto,No existe,I,Dentro,Rural,Ninguna,No existe,Recta,Bueno,Buena,S/D,Buen Tiempo,Lateral,S/D,Colisión,Ninguna,Horizontal,Línea divisoria pintada,Sin restricción
2020,5928,2020-08-19,Miercoles,12:15:00,,0.0,2,"Pickup/Utilitario,Moto/Ciclomotor",Bv Belgrano Y Sgto Cabral,2,1,0,0,1,0,0,"-29.888009694433,-60.285026184749",Avenida,,CALCHAQUÍ,Vera,S/D,No existe,XIX,Dentro,Urbana,S/D,S/D,Intersección,S/D,Buena,Diurna,Buen Tiempo,S/D,S/D,Colisión,S/D,S/D,"Cordón divisorio,Vegetación",Sin restricción
2020,5929,2020-08-18,Martes,21:00:00,Ruta Nacional 11,0.0,2,"Moto/Ciclomotor,Automóvil",Bv B Mitre Y Ruta Nac 11,2,1,0,0,1,0,0,"-32.722241878509486,-60.73210000991",Ruta,11,SAN LORENZO,San Lorenzo,Asfalto,No existe,XV,Dentro,Urbana,Semáforo,Funciona,Intersección,Bueno,Buena,"Nocturna,Con luz artificial",Buen Tiempo,Lateral,S/D,Colisión,Ninguna,"Horizontal,Vertical","Cordón divisorio,Vegetación",Sin restricción
2020,5930,2020-08-14,Viernes,,,0.0,2,"Bicicleta,Automóvil",Bv 9 de Julio Y Tucuman,2,1,0,0,1,0,0,"-31.891383043519,-61.865528229405",Avenida,,SAN JORGE,San MARTÍN,Asfalto,No existe,XVIII,Dentro,Urbana,Ninguna,No existe,Intersección,Bueno,Buena,S/D,Buen Tiempo,S/D,Ciclista,Atropello,Ninguna,Faltante,Ninguna,Sin restricción
2020,5931,2020-08-18,Martes,17:00:00,,0.0,2,"Pickup/Utilitario,Bicicleta",Av Roque Saenz Pe�a Y Mitre,3,2,0,0,1,0,0,"-32.368723, -61.353174",Avenida,,SAN GENARO,San JERÓNIMO,Asfalto,S/D,XV,Dentro,Urbana,S/D,S/D,Intersección,Bueno,Buena,Diurna,S/D,S/D,Ciclista,Atropello,S/D,S/D,S/D,Sin restricción
2020,5932,2020-08-20,Jueves,00:15:00,,0.0,2,"Automóvil,Moto/Ciclomotor",Bvard 20 de Junio Y Sgo del Estero,2,1,0,0,1,0,0,"-32.030454607703,-61.215735728981",Calle,,GÁLVEZ,San JERÓNIMO,Asfalto,No existe,XV,Dentro,Urbana,Ninguna,No existe,Intersección,Bueno,Buena,Diurna,Buen Tiempo,S/D,S/D,Colisión,Ninguna,Faltante,"Cordón divisorio,Vegetación",Sin restricción
2020,5933,2020-08-21,Viernes,,,0.0,3,"Moto/Ciclomotor,Moto/Ciclomotor,Pickup/Utilitario",Av A del Valle Y Risso,3,2,0,0,1,0,0,"-31.60118005661,-60.691937479327",Avenida,,SANTA FE,La Capital,Asfalto,No existe,I,Dentro,Urbana,S/D,No existe,Intersección,Bueno,S/D,S/D,S/D,Múltiple,S/D,Colisión,Ninguna,Faltante,"Cordón divisorio,Vegetación",Sin restricción
2020,5934,2020-08-21,Viernes,,,0.0,2,"Moto/Ciclomotor,Automóvil",1 de Mayo Y Dante Alighieri,2,1,0,0,1,0,0,"-33.046689954228,-61.165672518929",Calle,,CASILDA,Caseros,Asfalto,No existe,IV,Dentro,Urbana,Ninguna,No existe,Intersección,Bueno,Buena,Diurna,Buen Tiempo,S/D,S/D,Colisión,Ninguna,Faltante,Ninguna,Sin restricción
2020,5935,2020-08-21,Viernes,,,0.0,2,"Moto/Ciclomotor,Pickup/Utilitario",Boulevard Lisandro de la Torre Y Mariano Moreno,3,2,0,0,1,0,0,"-33.047887536509,-61.170650259847",Avenida,,CASILDA,Caseros,Asfalto,No existe,IV,Dentro,Urbana,Ninguna,No existe,Intersección,Bueno,Buena,S/D,Buen Tiempo,S/D,S/D,Colisión,Ninguna,Faltante,"Cordón divisorio,Vegetación",Sin restricción
2020,5936,2020-08-21,Viernes,00:10:00,,0.0,2,"Moto/Ciclomotor,Vehículo Oficial",Bv. Avellaneda Y 24 De Setiembre,2,1,0,0,1,0,0,"-32.972921, -60.687598",Avenida,,ROSARIO,Rosario,Asfalto,No existe,II,Dentro,Urbana,Ninguna,No existe,Intersección,Bueno,Buena,Nocturna,Buen Tiempo,Lateral,S/D,Colisión,Ninguna,Faltante,Ninguna,Sin restricción
2020,5937,2020-08-21,Viernes,,,0.0,2,"Moto/Ciclomotor,Moto/Ciclomotor", ,2,1,0,0,1,0,0,"-33.04562717037074,-61.163331477170",S/D,,CASILDA,Caseros,S/D,S/D,IV,S/D,S/D,Ninguna,S/D,S/D,S/D,S/D,S/D,S/D,De alcance,S/D,Colisión,S/D,S/D,S/D,S/D
2020,5938,2020-08-21,Viernes,,,0.0,2,"Moto/Ciclomotor,Pickup/Utilitario",Doctor Estanislao Zeballos Sev Y San Lorenzo,3,2,0,0,1,0,0,"-33.0446447193,-61.159720336679",Calle,,CASILDA,Caseros,Asfalto,S/D,IV,Dentro,Urbana,Ninguna,No existe,Intersección,Bueno,Buena,Diurna,Buen Tiempo,S/D,S/D,Colisión,Ninguna,Faltante,Ninguna,Sin restricción
2020,5939,2020-08-21,Viernes,12:20:00,Ruta Provincial 21,0.0,2,"Bicicleta,Camión",Av Gral San Martin Y Bv San diego,2,1,0,0,0,0,1,"-33.019283, -60.631504",Ruta,21,VILLA GOBERNADOR GÁLVEZ,Rosario,Asfalto,No existe,II,Dentro,Urbana,Semáforo,Funciona,Intersección,Bueno,Buena,Diurna,S/D,S/D,Ciclista,Atropello,Ninguna,"Horizontal,Vertical",Cordón divisorio,Sin restricción
2020,5940,2020-08-01,Sabado,,,0.0,1,Otros, ,1,0,1,0,0,0,0,"-31.41883, -60.92102",S/D,,LA ORILLA,Las Colonias,S/D,S/D,XI,Dentro,S/D,S/D,S/D,S/D,S/D,S/D,S/D,S/D,S/D,S/D,S/D,S/D,S/D,S/D,S/D
2020,5941,2020-08-31,Lunes,19:15:00,Autopista Provincial Brigadier E.LÓPEZ,141.0,2,"Camión,Camión", ,2,0,1,0,1,0,0,"-31.72366, -60.83026",Autopista,Brigadier E.LÓPEZ,SAUCE VIEJO,La Capital,Asfalto,Natural,I,Dentro,Rural,Marca Vial,S/D,Recta,S/D,S/D,Diurna,S/D,De alcance,S/D,Colisión,S/D,Horizontal,Vegetación,S/D
2020,5942,2020-08-29,Sabado,14:00:00,Autopista Provincial Brigadier E.LÓPEZ,0.0,1,Automóvil, ,1,1,0,0,0,0,0,"-32.87871109229456, -60.71353154981",Autopista,Brigadier E.LÓPEZ,ROSARIO,Rosario,Asfalto,No existe,II,Dentro,Urbana,Ninguna,No existe,Recta,Bueno,Buena,Diurna,Buen Tiempo,S/D,S/D,Despiste,Ninguna,Horizontal,Ninguna,Sin restricción
2020,5943,2020-08-23,Domingo,19:40:00,Ruta Nacional 11,751.0,1,Ambulancia, ,1,1,0,0,0,0,0,"-29.338495, -59.925348",Ruta,11,RECONQUISTA,General Obligado,Asfalto,Natural,IX,Dentro,Rural,Ninguna,No existe,Recta,Bueno,Reducida humo,Atardecer,Otro,Contra objeto fijo,S/D,Colisión,Ninguna,Faltante,Línea divisoria pintada,Desvío Provisorio
2020,5944,2020-08-29,Sabado,14:50:00,Ruta Provincial 1,52.0,1,Automóvil, ,1,1,0,0,0,0,0,"-31.321960269599, -60.2959023531612",Ruta,1,SANTA ROSA DE CALCHINES,Garay,Asfalto,Natural,VII,Dentro,Urbana,Ninguna,No existe,Recta,Bueno,Buena,Diurna,Buen Tiempo,Contra objeto fijo,S/D,Colisión,Ninguna,Horizontal,Línea divisoria pintada,Sin restricción
2020,5945,2020-08-30,Domingo,00:50:00,Ruta Nacional 33,548.0,1,Tractor, ,1,1,0,0,0,0,0,"-34.22337, -62.60828",Ruta,33,RUFINO,General LÓPEZ,Asfalto,Natural,VIII,Dentro,Urbana,Marca Vial,No existe,Recta,S/D,S/D,Nocturna,S/D,Atropello animal,S/D,Colisión,S/D,Horizontal,Línea divisoria pintada,S/D
2020,5946,2020-08-30,Domingo,,Ruta Nacional 33,0.0,1,Automóvil, ,1,1,0,0,0,0,0,"-29.338495, -59.925348",Ruta,33,PEREZ,Rosario,Asfalto,Pavimento,II,Dentro,Rural,Ninguna,No existe,Recta,Bueno,S/D,S/D,Buen Tiempo,S/D,S/D,Vuelco,Ninguna,Faltante,Ninguna,Sin restricción
2020,5947,2020-08-31,Lunes,16:24:00,,0.0,2,"Automóvil,Moto/Ciclomotor",Bernardino Rivadavia Y Francia,2,1,0,0,1,0,0,"-33.756773270457,-61.969984087415",Calle,,VENADO TUERTO,General LÓPEZ,Asfalto,No existe,VIII,Dentro,Urbana,Ninguna,No existe,Intersección,S/D,S/D,Diurna,S/D,S/D,S/D,Colisión,S/D,Faltante,Ninguna,S/D
2020,5948,2020-08-01,Sabado,17:30:00,,0.0,2,"Moto/Ciclomotor,Moto/Ciclomotor",2 de Abril Y 3 de Febrero,2,2,0,0,0,0,0,"-33.75845928948,-61.962317617202",Calle,,VENADO TUERTO,General LÓPEZ,Asfalto,No existe,VIII,Dentro,Urbana,Ninguna,No existe,Intersección,Bueno,Buena,Diurna,Buen Tiempo,S/D,S/D,Colisión,Ninguna,Faltante,Ninguna,Sin restricción
2020,5949,2020-08-20,Jueves,14:38:00,,0.0,2,"Moto/Ciclomotor,Moto/Ciclomotor",Iturbide Y Leandro N Alem,4,1,0,0,3,0,0,"-33.760244574936,-61.957172936097",Calle,,VENADO TUERTO,General LÓPEZ,Asfalto,No existe,VIII,Dentro,Urbana,Ninguna,No existe,Intersección,S/D,S/D,Diurna,S/D,S/D,S/D,Colisión,S/D,Faltante,Ninguna,S/D
2020,5950,2020-08-10,Lunes,18:30:00,,0.0,2,"Moto/Ciclomotor,Automóvil",San Martin Y 2 de Julio,2,1,0,0,1,0,0,"-31.452339666777,-60.931391514747",Calle,,MALABRIGO,General Obligado,Asfalto,No existe,IX,Dentro,Urbana,Ninguna,S/D,Intersección,Bueno,Buena,Diurna,Buen Tiempo,Lateral,S/D,Colisión,"Ninguna,S/D",Faltante,"Ninguna,S/D",Sin restricción
2020,5951,2020-08-01,Sabado,,,0.0,1,Bicicleta,Guillermo Brown Y Miguel de Azcuenaga,1,1,0,0,0,0,0,"-33.742816647266,-61.975280727429",Calle,,VENADO TUERTO,General LÓPEZ,Asfalto,No existe,VIII,Dentro,Urbana,Señal Pare,No existe,Recta,Bueno,Buena,Atardecer,Buen Tiempo,S/D,S/D,Cañda ocupante,Ninguna,Vertical,Ninguna,Sin restricción
2020,5952,2020-08-30,Domingo,19:12:00,,0.0,2,"Automóvil,Moto/Ciclomotor",Bernardino Rivadavia Y San Lorenzo,2,0,1,0,1,0,0,"-33.749447865135,-61.956501308491",Calle,,VENADO TUERTO,General LÓPEZ,Asfalto,No existe,VIII,Dentro,Urbana,Ninguna,No existe,Intersección,S/D,S/D,Atardecer,S/D,Frontal,S/D,Colisión,S/D,Faltante,Ninguna,S/D
2020,5953,2020-08-01,Sabado,21:15:00,,0.0,2,"Automóvil,Moto/Ciclomotor",Avenida San Martin Y Bv Sarmiento,3,2,0,0,1,0,0,"-28.488403855008,-59.358163739784",Avenida,,VILLA OCAMPO,General Obligado,Asfalto,No existe,IX,Dentro,Urbana,S/D,S/D,Rotonda,Bueno,Buena,Nocturna,Buen Tiempo,S/D,S/D,Colisión,Ninguna,S/D,Cordón divisorio,Sin restricción
2020,5954,2020-08-11,Martes,10:45:00,,0.0,2,"Moto/Ciclomotor,Moto/Ciclomotor",Calle 106 Y Calle 111,3,1,0,0,2,0,0,"-29.116360376522,-59.66855498046",Calle,,AVELLANEDA,General Obligado,Asfalto,No existe,IX,Dentro,Urbana,Ninguna,No existe,Intersección,Bueno,Buena,Diurna,Buen Tiempo,Lateral,S/D,Colisión,Ninguna,Faltante,Ninguna,Sin restricción
2020,5955,2020-08-30,Domingo,19:30:00,Ruta Provincial 32,0.0,1,Automóvil, ,2,0,1,0,1,0,0,"-28.489152789115906,-59.33562934398",Ruta,32,VILLA OCAMPO,General Obligado,S/D,S/D,IX,Dentro,Rural,S/D,S/D,Recta,S/D,S/D,Diurna,S/D,Contra objeto fijo,S/D,Colisión,S/D,S/D,S/D,S/D
2020,5956,2020-09-25,Viernes,09:50:00,,0.0,1,Automóvil,Av Almte Brown Y Salvador del Carril,1,0,0,0,0,1,0,"-31.6231, -60.6786",Calle,,SANTA FE,La Capital,Asfalto,No existe,I,Dentro,Urbana,Ninguna,No existe,Recta,Bueno,Buena,Diurna,Lluvia,Contra objeto fijo,S/D,Colisión,Agua,Faltante,Ninguna,Sin restricción
2020,5957,2020-08-29,Sabado,23:40:00,Ruta Nacional 33,0.0,1,Automóvil,Ruta Nac 8 Y Ruta Nacional 33,1,1,0,0,0,0,0,"-33.72388, -61.99945",Ruta,33,VENADO TUERTO,General LÓPEZ,Asfalto,Natural,VIII,Fuera,Urbana,Marca Vial,No existe,Rotonda,S/D,S/D,Nocturna,S/D,S/D,S/D,Despiste,S/D,Horizontal,Ninguna,S/D
2020,5958,2020-09-27,Domingo,04:25:00,Ruta Provincial 65,65.0,1,Automóvil, ,4,2,0,1,0,1,0,"-32.48489, -61.51189",Ruta,65,LAS ROSAS,Belgrano,Asfalto,Natural,III,Fuera,Rural,Ninguna,No existe,Curva,Bueno,Buena,Nocturna,Buen Tiempo,S/D,S/D,Despiste,Ninguna,Faltante,Línea divisoria pintada,Sin restricción
2020,5959,2020-08-28,Viernes,20:50:00,,0.0,2,"Automóvil,Moto/Ciclomotor",9 de Julio Y General Guemes,2,1,0,0,1,0,0,"-28.482916209179,-59.353019402256",Calle,,VILLA OCAMPO,General Obligado,S/D,No existe,IX,Dentro,Urbana,S/D,S/D,Intersección,S/D,S/D,Nocturna,S/D,S/D,S/D,Colisión,S/D,S/D,S/D,S/D
2020,5960,2020-08-02,Domingo,19:30:00,,0.0,1,Automóvil,EX RUTA 11 ,3,1,0,0,2,0,0,"-29.294090, -59.878410",Camino Rural,,BERNA,General Obligado,S/D,S/D,IX,Dentro,Rural,S/D,S/D,Recta,S/D,S/D,Nocturna,S/D,S/D,S/D,Despiste,S/D,S/D,S/D,S/D
2020,5961,2020-09-27,Domingo,01:00:00,Ruta Nacional 11,494.0,2,"Automóvil,Automóvil", ,4,2,1,0,0,1,0,"-31.40065, -60.74723",Ruta,11,CANDIOTI,La Capital,Asfalto,Pavimento,I,Dentro,Urbana,Ninguna,No existe,Recta,Bueno,S/D,Nocturna,Lluvia,S/D,S/D,Colisión,Agua,Faltante,Línea divisoria pintada,Sin restricción
2020,5962,2020-08-02,Domingo,01:50:00,,0.0,2,"Automóvil,Moto/Ciclomotor",Calle 13 Y Calle 26,2,1,0,0,1,0,0,"-29.119579578989,-59.650132590967",Calle,,AVELLANEDA,General Obligado,Asfalto,No existe,IX,Dentro,Urbana,Ninguna,No existe,Intersección,Bueno,Buena,Diurna,Buen Tiempo,S/D,S/D,Colisión,Ninguna,Faltante,Ninguna,Sin restricción
2020,5963,2020-08-28,Viernes,,Ruta Nacional 9,0.0,2,"Camión,Moto/Ciclomotor", ,2,1,0,0,1,0,0,"-32.855385, -61.214256",Ruta,9,CAÑADA DE GÓMEZ,Iriondo,Asfalto,S/D,X,Dentro,Urbana,S/D,S/D,Recta,S/D,S/D,Diurna,S/D,De alcance,S/D,Colisión,S/D,S/D,S/D,S/D