anio_acci,nro_acci,fecha,desc_dia,hora_aprox,desc_ruta,km,cant_participantes,desc_participante,calle_avenida_km,total,heridos_leves,heridos_graves,heridos_gravisimos,ilesos,fallecidos,sin_datos,posicion_XY,desc_tipo_via,desc_ruta_ori,desc_loc,desc_dpto,desc_tipo_calzada,desc_tipo_banquina,desc_unidad_regional,desc_lugar_calzada,desc_zona,desc_prioridad,desc_estado_semaforo,desc_lugar_via,desc_estado_via,desc_estado_visibilidad,desc_luminosidad,desc_estado_clima,desc_tipo_colision,desc_tipo_atropello,desc_tipo_hecho,desc_pres_calzada,desc_senializacion,desc_separacion_via,desc_restriccion
2020,5964,2020-08-02,Domingo,12:30:00,,0.0,2,"Peatón,Automóvil",Calle 42 - Misiones Y Calle 47-Islas Malvinas,3,1,0,0,2,0,0,"-29.159969629977,-59.661723658586",Calle,,RECONQUISTA,General Obligado,Asfalto,No existe,IX,Dentro,Urbana,S/D,S/D,Intersección,Bueno,Buena,Diurna,Buen Tiempo,S/D,Peatón,Atropello,Ninguna,S/D,S/D,Sin restricción
2020,5965,2020-08-11,Martes,14:10:00,,0.0,2,"Moto/Ciclomotor,Pickup/Utilitario",Calle 30-Lucas Funes Y Calle 61-La Rioja,2,1,0,0,1,0,0,"-29.166118577364,-59.656569030729",Calle,,RECONQUISTA,General Obligado,Asfalto,No existe,IX,Dentro,Urbana,S/D,S/D,Intersección,Bueno,S/D,Diurna,S/D,Lateral,S/D,Colisión,Ninguna,S/D,S/D,S/D
2020,5966,2020-08-28,Viernes,10:00:00,,0.0,2,"Bicicleta,Automóvil",España Y Roca,2,1,0,0,1,0,0,"-33.749346355418,-61.958354928227",Calle,,VENADO TUERTO,General LÓPEZ,Asfalto,No existe,VIII,Dentro,Urbana,Ninguna,No existe,Intersección,S/D,S/D,Diurna,S/D,S/D,Ciclista,Atropello,S/D,Faltante,Ninguna,S/D
2020,5967,2020-08-02,Domingo,13:00:00,,0.0,2,"Automóvil,Automóvil",Bv. Balcarce Y Pellegrini,3,1,0,0,2,0,0,"-32.82071858151,-61.399792980249",Avenida,,CAÑADA DE GÓMEZ,Iriondo,Asfalto,No existe,X,Dentro,Urbana,Ninguna,No existe,Intersección,Bueno,Buena,Diurna,Buen Tiempo,S/D,S/D,Colisión,Ninguna,Faltante,Ninguna,Sin restricción
2020,5968,2020-08-12,Miercoles,06:50:00,Ruta Nacional 11,0.0,2,"Moto/Ciclomotor,Bicicleta", ,2,2,0,0,0,0,0,"-29.142927, -59.656021",Ruta,11,RECONQUISTA,General Obligado,Asfalto,No existe,IX,Dentro,Urbana,Ninguna,Funciona,Recta,Bueno,Buena,Diurna,Buen Tiempo,S/D,S/D,Colisión,S/D,"Horizontal,Vertical",Cordón divisorio,Sin restricción
2020,5969,2020-08-02,Domingo,,,0.0,3,"Automóvil,Automóvil,Camión",Bv. Rondeau 1400,5,3,0,0,2,0,0,"-32.899867151766,-60.690570717243",Avenida,,ROSARIO,Rosario,Asfalto,No existe,II,Dentro,Urbana,Ninguna,No existe,Intersección,Bueno,Buena,Diurna,Buen Tiempo,S/D,S/D,Colisión,Ninguna,Horizontal,"Cordón divisorio,Vegetación,Línea divisoria pintada",Sin restricción
2020,5970,2020-08-03,Lunes,15:00:00,,0.0,2,"Pickup/Utilitario,Moto/Ciclomotor", ,3,1,0,0,2,0,0,"-28.48778978611527,-59.354847646527",S/D,,VILLA OCAMPO,General Obligado,S/D,S/D,IX,S/D,S/D,S/D,S/D,S/D,S/D,S/D,Nocturna,S/D,S/D,S/D,Colisión,S/D,S/D,S/D,S/D
2020,5973,2020-09-04,Viernes,19:40:00,Ruta Provincial 10,96.0,2,"Peatón,Camión", ,3,0,0,0,2,1,0,"-32.00921, -61.21413",Ruta,10,GÁLVEZ,San JERÓNIMO,Asfalto,Natural,XV,Dentro,Rural,Ninguna,No existe,Recta,Bueno,S/D,Nocturna,Buen Tiempo,S/D,Peatón,Atropello,Ninguna,Faltante,Ninguna,Sin restricción
2020,5974,2020-09-12,Sabado,13:30:00,,0.0,1,Moto/Ciclomotor,Av Leandro Alem Y Dorrego,1,0,0,0,0,1,0,"-31.64411, -60.68814",Calle,,SANTA FE,La Capital,Asfalto,No existe,I,Dentro,Urbana,Semáforo,Funciona,Intersección,Bueno,S/D,Diurna,S/D,S/D,S/D,Cañda ocupante,Ninguna,"Horizontal,Vertical",Cordón divisorio,Sin restricción
2020,5975,2020-09-25,Viernes,11:30:00,Ruta Nacional 8,292.0,2,"Pickup/Utilitario,Automóvil", ,2,1,0,0,0,1,0,"-33.8365, -61.22876",Ruta,8,WHEELWRIGHT,General LÓPEZ,Asfalto,Pavimento,VIII,Dentro,Rural,Ninguna,No existe,Recta,Bueno,S/D,Diurna,S/D,S/D,S/D,Colisión,Ninguna,Faltante,Línea divisoria pintada,Sin restricción
2020,5976,2020-09-27,Domingo,00:03:00,,0.0,2,"Automóvil,Moto/Ciclomotor",ITALIA Y SARMIENTO,2,0,0,0,1,1,0,"-32.32101, -61.63169",Calle,,LOS CARDOS,San MARTÍN,S/D,S/D,XVIII,Dentro,Urbana,S/D,S/D,Intersección,S/D,S/D,Nocturna,S/D,S/D,S/D,Colisión,S/D,S/D,S/D,S/D
2020,5978,2020-09-19,Sabado,22:20:00,Ruta Nacional 33,170.0,2,"Automóvil,Camión c / Acoplado", ,2,0,0,0,1,1,0,"-33.26289, -61.37469",Ruta,33,CHABAS,Caseros,Asfalto,Natural,VI,Dentro,Rural,Ninguna,No existe,Recta,Bueno,S/D,Nocturna,S/D,S/D,S/D,Colisión,Ninguna,Faltante,Línea divisoria pintada,Sin restricción
2020,5979,2020-09-01,Martes,00:45:00,Ruta Nacional 9,353.0,2,"Camión,Camión", ,2,1,0,0,0,1,0,"-32.85643, -61.19758",Ruta,9,CORREA,Iriondo,Asfalto,Natural,X,Dentro,Rural,Ninguna,No existe,Recta,Bueno,S/D,Nocturna,S/D,Frontal,S/D,Colisión,Ninguna,Faltante,Línea divisoria pintada,Sin restricción
2020,5980,2020-09-05,Sabado,04:15:00,,0.0,2,"Automóvil,Moto/Ciclomotor",Boulevard Centenario Y Independencia,2,0,0,0,1,1,0,"-32.81227, -61.40629",Calle,,CAÑADA DE GÓMEZ,Iriondo,Asfalto,No existe,X,Dentro,Urbana,Ninguna,No existe,Intersección,Bueno,S/D,Nocturna,S/D,Lateral,S/D,Colisión,Ninguna,Faltante,Cordón divisorio,Sin restricción
2020,5981,2020-10-25,Domingo,,Ruta Provincial 70,0.0,2,"Moto/Ciclomotor,Automóvil",M Aragon Y Bv Santa Fe,3,1,0,0,2,0,0,"    -31.25641, -61.47023",Ruta,70,RAFAELA,Castellanos,Asfalto,S/D,V,Dentro,Urbana,S/D,S/D,Intersección,S/D,S/D,S/D,S/D,Lateral,S/D,Colisión,S/D,S/D,S/D,S/D
2020,5982,2020-12-16,Miercoles,,,0.0,2,"Bicicleta,Moto/Ciclomotor",Alberdi J B Y J B Mitri,2,1,0,0,1,0,0,"    -30.93981, -61.56458",Calle,,ROSARIO,Rosario,Asfalto,S/D,II,Dentro,Urbana,S/D,S/D,Intersección,S/D,S/D,S/D,S/D,S/D,Ciclista,Atropello,S/D,S/D,S/D,S/D
2020,5983,2020-10-26,Lunes,,Ruta Provincial 1,2.5,2,"Camión,Camión", ,2,1,0,0,1,0,0,"    -31.62629, -60.60446",Ruta,1,COLASTINE,La Capital,Asfalto,Natural,I,Dentro,Urbana,S/D,S/D,Intersección,S/D,S/D,S/D,S/D,Lateral,S/D,Colisión,S/D,S/D,S/D,S/D
2020,5984,2020-10-26,Lunes,,,0.0,2,"Moto/Ciclomotor,Automóvil",Laprida Y Ballesteros,3,1,0,0,2,0,0,"    -32.81706, -61.40309",Calle,,CAÑADA DE GÓMEZ,Iriondo,S/D,S/D,X,Dentro,Urbana,S/D,S/D,Intersección,S/D,S/D,S/D,S/D,S/D,S/D,Colisión,S/D,S/D,S/D,S/D
2020,5985,2020-10-27,Martes,02:00:00,Ruta Nacional 8,0.0,2,"Moto/Ciclomotor,Bicicleta",Vuelta de Obligado Y Ruta Nac 8,2,1,0,0,1,0,0,"    -33.76749, -61.96436",Ruta,8,VENADO TUERTO,General LÓPEZ,Asfalto,S/D,VIII,Dentro,Urbana,S/D,S/D,Intersección,S/D,S/D,Nocturna,S/D,S/D,Ciclista,Atropello,S/D,S/D,S/D,S/D
2020,5986,2020-10-27,Martes,,,0.0,2,"Camión c / Semirremolque,Moto/Ciclomotor",Maipu Y Santa Fe,2,1,0,0,1,0,0,"    -33.74242, -61.95844",Calle,,VENADO TUERTO,General LÓPEZ,Asfalto,S/D,VIII,Dentro,Urbana,S/D,S/D,Intersección,S/D,S/D,Diurna,S/D,Lateral,S/D,Colisión,S/D,S/D,S/D,S/D
2020,5987,2020-10-27,Martes,,,0.0,2,"Moto/Ciclomotor,Moto/Ciclomotor",Calle 61-La Rioja Y Calle 30-Lucas Funes,2,1,0,0,1,0,0,"    -29.16617, -59.65657",Calle,,RECONQUISTA,General Obligado,Asfalto,S/D,IX,Dentro,Urbana,S/D,S/D,Intersección,S/D,S/D,S/D,S/D,S/D,S/D,Colisión,S/D,S/D,S/D,S/D
2020,5988,2020-10-28,Miercoles,,,0.0,2,"Moto/Ciclomotor,Automóvil",Carlos Pellegrini Y Coronel Dorrego,2,1,0,0,1,0,0,"    -33.75403, -61.97088",Calle,,VENADO TUERTO,General LÓPEZ,S/D,S/D,VIII,Dentro,Urbana,S/D,S/D,Intersección,S/D,S/D,S/D,S/D,S/D,S/D,Colisión,S/D,S/D,S/D,S/D
2020,5989,2020-09-12,Sabado,13:10:00,,0.0,2,"Camión,Moto/Ciclomotor",Av Federico Carlos Sigel Y Moreno,5,3,0,0,1,1,0,"-29.34488, -59.9661",Calle,,MALABRIGO,General Obligado,S/D,S/D,IX,Dentro,Urbana,S/D,S/D,Intersección,S/D,S/D,Diurna,S/D,Lateral,S/D,Colisión,S/D,S/D,S/D,S/D
2020,5990,2020-10-27,Martes,,Ruta Provincial 1,0.0,1,Automóvil, ,1,1,0,0,0,0,0,"    -29.18765, -59.64961",Ruta,1,RECONQUISTA,General Obligado,Asfalto,Natural,IX,Dentro,Urbana,S/D,No existe,Recta,S/D,S/D,Nocturna,S/D,Contra objeto fijo,S/D,Colisión,S/D,S/D,S/D,S/D
2020,5991,2020-09-18,Viernes,23:35:00,Ruta Provincial 14,200.0,1,Pickup/Utilitario, ,5,2,0,0,2,1,0,"-34.32316, -62.05451",Ruta,14,SAN GREGORIO,General LÓPEZ,Asfalto,Natural,VIII,Dentro,Rural,Ninguna,No existe,Recta,Bueno,S/D,Nocturna,S/D,S/D,S/D,Vuelco,Ninguna,Faltante,Línea divisoria pintada,Sin restricción
2020,5992,2020-10-28,Miercoles,,,0.0,2,"Tracción animal / Carro,Automóvil",Calle 10-Ludue�a Y Calle 15-Patricio Diez,2,1,0,0,1,0,0,"    -29.1448, -59.64123",Calle,,RECONQUISTA,General Obligado,S/D,S/D,IX,Dentro,Urbana,S/D,S/D,Intersección,S/D,S/D,Diurna,S/D,S/D,S/D,Colisión,S/D,S/D,S/D,S/D
2020,5993,2020-10-29,Jueves,,,0.0,2,"Bicicleta,Automóvil",Calle 19-Habegger Y Calle 12 San Martin,3,2,0,0,1,0,0,"    -29.14676, -59.6427",Calle,,RECONQUISTA,General Obligado,Asfalto,S/D,IX,Dentro,Urbana,S/D,S/D,Intersección,S/D,S/D,S/D,S/D,S/D,Ciclista,Atropello,S/D,S/D,S/D,S/D
2020,5994,2020-10-30,Viernes,17:30:00,Ruta Provincial 40,0.0,2,"Moto/Ciclomotor,Pickup/Utilitario",Calle 44-27 de Abril ,2,1,0,0,1,0,0,"    -29.15388, -59.66381",Ruta,40,RECONQUISTA,General Obligado,S/D,S/D,IX,Dentro,Urbana,S/D,S/D,Intersección,S/D,S/D,Diurna,S/D,S/D,S/D,Colisión,S/D,S/D,S/D,S/D
2020,5995,2020-10-30,Viernes,08:30:00,,0.0,2,"Moto/Ciclomotor,Automóvil",Calle 30-Lucas Funes Y Calle 23-Gral lopez,2,1,0,0,1,0,0,"    -29.14771, -59.65403",Calle,,RECONQUISTA,General Obligado,Asfalto,S/D,IX,Dentro,Urbana,S/D,S/D,Intersección,S/D,S/D,Diurna,S/D,S/D,S/D,Colisión,S/D,S/D,S/D,S/D
2020,5996,2020-10-31,Sabado,,,0.0,2,"Moto/Ciclomotor,Moto/Ciclomotor",Dr Jose Andres Valdez Y Gral Manuel Belgrano,2,1,0,0,1,0,0,"    -33.72834, -61.98067",Calle,,VENADO TUERTO,General LÓPEZ,Asfalto,S/D,VIII,S/D,Urbana,S/D,S/D,Intersección,S/D,S/D,Diurna,S/D,S/D,S/D,Colisión,S/D,S/D,S/D,S/D
2020,5997,2020-10-31,Sabado,,,0.0,2,"Pickup/Utilitario,Moto/Ciclomotor",1ro de Mayo Y P Gaggero,2,0,1,0,1,0,0,"    -30.79098, -60.58419",Calle,,SAN JUSTO,San Justo,Asfalto,S/D,XVI,Dentro,Urbana,S/D,S/D,Intersección,S/D,S/D,Diurna,S/D,Lateral,S/D,Colisión,S/D,S/D,S/D,S/D
2020,5998,2020-09-05,Sabado,02:50:00,,0.0,1,Moto/Ciclomotor,E Poggi Y Luis Maggi,1,0,0,0,0,1,0,"-31.23536, -61.5078",Calle,,RAFAELA,Castellanos,Asfalto,No existe,V,Dentro,Urbana,Ninguna,No existe,Intersección,Bueno,S/D,Nocturna,S/D,S/D,S/D,Cañda ocupante,Ninguna,Faltante,Ninguna,Sin restricción
2020,5999,2020-12-01,Martes,,,0.0,2,"Automóvil,Moto/Ciclomotor", ,3,1,0,0,2,0,0,"-34.26341, -62.71196",S/D,,RUFINO,General LÓPEZ,S/D,S/D,VIII,S/D,S/D,S/D,S/D,S/D,S/D,S/D,S/D,S/D,S/D,S/D,S/D,S/D,S/D,S/D,S/D
2020,6000,2020-09-05,Sabado,06:40:00,,0.0,2,"Moto/Ciclomotor,Automóvil",Leandro N Alem Y 1ro de Mayo,3,0,0,0,2,1,0,"-30.94821, -61.56204",Calle,,SUNCHALES,Castellanos,Asfalto,No existe,V,Dentro,Urbana,Ninguna,No existe,Intersección,Bueno,S/D,Nocturna,S/D,S/D,S/D,Colisión,Ninguna,Faltante,Ninguna,Sin restricción
2020,6001,2020-12-01,Martes,,Ruta Nacional 11,0.0,2,"Pickup/Utilitario,Moto/Ciclomotor",Silverio Cordoba ,2,0,1,0,1,0,0,"-32.73414, -60.74115",Ruta,11,SAN LORENZO,San Lorenzo,S/D,S/D,XVII,S/D,S/D,S/D,S/D,S/D,S/D,S/D,S/D,S/D,S/D,S/D,S/D,S/D,S/D,S/D,S/D
2020,6002,2020-12-01,Martes,10:20:00,,0.0,2,"Automóvil,Moto/Ciclomotor",Almte Brown 900,2,1,0,0,1,0,0,"-32.05009, -61.7849",S/D,,CARLOS PELLEGRINI,San MARTÍN,S/D,S/D,XVIII,S/D,S/D,S/D,S/D,S/D,S/D,S/D,S/D,S/D,S/D,S/D,S/D,S/D,S/D,S/D,S/D
2020,6003,2020-12-02,Miercoles,,Ruta Nacional 11,0.0,2,"Moto/Ciclomotor,Camión",Pte Roca ,2,1,0,0,1,0,0,"-31.55443, -60.72764",Ruta,11,RECREO,La Capital,S/D,S/D,I,S/D,S/D,S/D,S/D,S/D,S/D,S/D,S/D,S/D,S/D,S/D,S/D,S/D,S/D,S/D,S/D
2020,6004,2020-12-02,Miercoles,20:15:00,,0.0,2,"Moto/Ciclomotor,Transporte de Pasajeros Urbano (> 8 asientos)",ECUADOR Y CAMINO DEL INMIGRANTE,2,1,0,0,1,0,0,"-33.03229, -60.60209",S/D,,VILLA GOBERNADOR GÁLVEZ,Rosario,S/D,S/D,II,S/D,S/D,S/D,S/D,S/D,S/D,S/D,S/D,S/D,S/D,S/D,S/D,S/D,S/D,S/D,S/D
2020,6005,2020-12-02,Miercoles,,Ruta Nacional 9,0.0,2,"Otros,Otros",Yatay ,2,1,0,0,1,0,0,"-32.92405, -60.78275",Ruta,9,FUNES,Rosario,S/D,S/D,II,S/D,S/D,S/D,S/D,S/D,S/D,S/D,S/D,S/D,S/D,S/D,S/D,S/D,S/D,S/D,S/D
2020,6006,2020-12-02,Miercoles,,,0.0,2,"Bicicleta,Automóvil",GENERAL MANUEL BELGRANO Y SAN LORENZO,2,1,0,0,1,0,0,"-33.04378, -61.16038",S/D,,CASILDA,Caseros,S/D,S/D,IV,S/D,S/D,S/D,S/D,S/D,S/D,S/D,S/D,S/D,S/D,Ciclista,Atropello,S/D,S/D,S/D,S/D
2020,6007,2020-12-02,Miercoles,,,0.0,2,"Moto/Ciclomotor,Pickup/Utilitario",Boulevard Lisandro de la Torre Y Boulevard Ovidio Lagos,3,2,0,0,1,0,0,"-33.04448, -61.16426",S/D,,CASILDA,Caseros,S/D,S/D,IV,S/D,S/D,S/D,S/D,S/D,S/D,S/D,S/D,S/D,S/D,S/D,S/D,S/D,S/D,S/D,S/D
2020,6009,2020-12-02,Miercoles,,,0.0,2,"Moto/Ciclomotor,Pickup/Utilitario", ,2,1,0,0,1,0,0,"-31.44985, -60.93",S/D,,ESPERANZA,Las Colonias,S/D,S/D,XI,S/D,S/D,S/D,S/D,S/D,S/D,S/D,S/D,S/D,S/D,S/D,S/D,S/D,S/D,S/D,S/D
2020,6010,2020-12-02,Miercoles,,,0.0,2,"Pickup/Utilitario,Camión", ,4,4,0,0,0,0,0,"-31.44941, -60.93034",S/D,,ESPERANZA,Las Colonias,S/D,S/D,IX,S/D,S/D,S/D,S/D,S/D,S/D,S/D,S/D,S/D,S/D,S/D,S/D,S/D,S/D,S/D,S/D
2020,6011,2020-12-02,Miercoles,,,0.0,2,"Pickup/Utilitario,Moto/Ciclomotor", ,2,1,0,0,1,0,0,"-32.03281, -61.21658",S/D,,GÁLVEZ,San JERÓNIMO,S/D,S/D,XV,S/D,S/D,S/D,S/D,S/D,S/D,S/D,S/D,S/D,S/D,S/D,S/D,S/D,S/D,S/D,S/D
2020,6012,2020-12-02,Miercoles,23:10:00,,0.0,2,"Moto/Ciclomotor,Otros",AV SAN MARTIN Y MALVINA ARGENTINAS,4,2,0,0,2,0,0,"-32.78244, -60.73275",S/D,,FRAY LUIS BELTRÁN,San Lorenzo,S/D,S/D,XVII,S/D,S/D,S/D,S/D,S/D,S/D,S/D,S/D,S/D,S/D,S/D,S/D,S/D,S/D,S/D,S/D
2020,6013,2020-12-03,Jueves,21:40:00,Ruta Nacional 11,383.0,2,"Moto/Ciclomotor,Peatón", ,3,1,0,0,2,0,0,"-32.34648, -60.94489",Ruta,11,MONJE,San JERÓNIMO,S/D,S/D,XV,S/D,S/D,S/D,S/D,S/D,S/D,S/D,S/D,S/D,S/D,Peatón,Atropello,S/D,S/D,S/D,S/D
2020,6014,2020-12-05,Sabado,18:15:00,,0.0,2,"Peatón,Automóvil", ,2,0,1,0,1,0,0,"-32.88955, -60.70981",S/D,,ROSARIO,Rosario,S/D,S/D,II,S/D,S/D,S/D,S/D,S/D,S/D,S/D,S/D,S/D,S/D,Peatón,Atropello,S/D,S/D,S/D,S/D
2020,6015,2020-12-05,Sabado,,,0.0,2,"Moto/Ciclomotor,Automóvil",Boulevard Cristobal Colon Y Vicente Lopez,3,1,0,0,2,0,0,"-33.05784, -61.16584",S/D,,CASILDA,Caseros,S/D,S/D,IV,S/D,S/D,S/D,S/D,S/D,S/D,S/D,S/D,S/D,S/D,S/D,S/D,S/D,S/D,S/D,S/D
2020,6016,2020-12-05,Sabado,22:35:00,,0.0,2,"Automóvil,Moto/Ciclomotor",LAVALLE ,2,1,0,0,1,0,0,"-32.05095, -61.78257",S/D,,CARLOS PELLEGRINI,San MARTÍN,S/D,S/D,XVIII,S/D,S/D,S/D,S/D,S/D,S/D,S/D,S/D,S/D,S/D,S/D,S/D,S/D,S/D,S/D,S/D
2020,6017,2020-12-06,Domingo,,Ruta Provincial 2,0.0,1,Automóvil, ,2,2,0,0,0,0,0,"-31.43478, -60.67389",Ruta,2,ARROYO AGUIAR,La Capital,S/D,S/D,I,S/D,S/D,S/D,S/D,S/D,S/D,S/D,S/D,S/D,S/D,S/D,Despiste,S/D,S/D,S/D,S/D
2020,6018,2020-12-06,Domingo,01:30:00,,0.0,2,"Moto/Ciclomotor,Automóvil",Serrano Y Reg.11 de Infanteria,2,1,0,0,1,0,0,"-31.59827, -60.69184",Calle,,ROSARIO,Rosario,Asfalto,No existe,II,Dentro,Urbana,Semáforo,Funciona,Intersección,Bueno,S/D,Nocturna,S/D,S/D,S/D,Colisión,S/D,Vertical,"Cordón divisorio,Vegetación,S/D",S/D
2020,6019,2020-12-06,Domingo,19:30:00,,0.0,2,"Bicicleta,Automóvil",Galvez Y San Lorenzo,2,1,0,0,1,0,0,"-31.59357, -60.93889",S/D,,FRANCK,Las Colonias,S/D,S/D,XI,S/D,S/D,S/D,S/D,S/D,S/D,S/D,S/D,S/D,S/D,Ciclista,Atropello,S/D,S/D,S/D,S/D
2020,6020,2020-12-04,Viernes,18:30:00,,0.0,2,"Moto/Ciclomotor,Pickup/Utilitario",Gomez Y Paganini,2,1,0,0,1,0,0,"-32.43078, -60.81832",S/D,,GABOTO,San JERÓNIMO,S/D,S/D,XV,S/D,S/D,S/D,S/D,S/D,S/D,S/D,S/D,S/D,S/D,S/D,S/D,S/D,S/D,S/D,S/D
2020,6021,2020-12-07,Lunes,,,0.0,2,"Moto/Ciclomotor,Otros",Av Pe�aloza Y Callejon Aguirre,3,0,2,0,0,0,1,"-31.58308, -60.71144",S/D,,SANTA FE,La Capital,S/D,S/D,I,S/D,S/D,S/D,S/D,S/D,S/D,S/D,S/D,S/D,S/D,S/D,S/D,S/D,S/D,S/D,S/D
2020,6022,2020-12-07,Lunes,12:50:00,,0.0,2,"Automóvil,Moto/Ciclomotor",San Luis Y Callao,2,1,0,0,1,0,0,"-32.94514, -60.66079",S/D,,ROSARIO,Rosario,S/D,S/D,II,S/D,S/D,S/D,S/D,S/D,S/D,S/D,S/D,S/D,S/D,S/D,S/D,S/D,S/D,S/D,S/D
2020,6023,2020-12-07,Lunes,,,0.0,2,"Moto/Ciclomotor,Automóvil",Moreno Y Alem,2,1,0,0,1,0,0,"-32.77824, -60.7334",S/D,,FRAY LUIS BELTRÁN,San Lorenzo,S/D,S/D,XVII,S/D,S/D,S/D,S/D,S/D,S/D,S/D,S/D,S/D,S/D,S/D,S/D,S/D,S/D,S/D,S/D
2020,6024,2020-12-07,Lunes,22:50:00,,0.0,2,"Pickup/Utilitario,Moto/Ciclomotor",Bv 9 de Julio ,2,1,0,0,1,0,0,"-31.89451, -61.86674",S/D,,SAN JORGE,San MARTÍN,S/D,S/D,XVIII,S/D,S/D,S/D,S/D,S/D,S/D,S/D,S/D,S/D,S/D,S/D,S/D,S/D,S/D,S/D,S/D
2020,6025,2020-12-06,Domingo,06:45:00,,0.0,2,"Moto/Ciclomotor,Moto/Ciclomotor",9 de Julio Y Agustin Justo,3,0,2,0,1,0,0,"-29.88296, -60.28147",S/D,,CALCHAQUÍ,Vera,S/D,S/D,XIX,S/D,S/D,S/D,S/D,S/D,S/D,S/D,S/D,S/D,S/D,S/D,S/D,S/D,S/D,S/D,S/D
2020,6026,2020-12-08,Martes,,,0.0,2,"Moto/Ciclomotor,Automóvil",La Pampa Y Catamarca,3,2,0,0,1,0,0,"-29.22584, -61.76593",S/D,,TOSTADO,9 de Julio,S/D,S/D,XII,S/D,S/D,S/D,S/D,S/D,S/D,S/D,S/D,S/D,S/D,S/D,S/D,S/D,S/D,S/D,S/D
2020,6027,2020-12-01,Martes,19:05:00,Ruta Nacional 19,123.0,2,"Moto/Ciclomotor,Pickup/Utilitario", ,2,1,1,0,0,0,0,"-31.43274, -62.00655",Ruta,19,JOSEFINA,Castellanos,S/D,S/D,V,S/D,S/D,S/D,S/D,S/D,S/D,S/D,S/D,S/D,S/D,S/D,S/D,S/D,S/D,S/D,S/D
2020,6028,2020-11-16,Lunes,19:40:00,,0.0,2,"Bicicleta,Automóvil",Iturraspe Y Francia,2,1,0,0,1,0,0,"-31.62745, -60.70938",Calle,,SANTA FE,La Capital,Asfalto,No existe,I,S/D,Urbana,Semáforo,Funciona,Intersección,Bueno,Buena,Atardecer,Buen Tiempo,S/D,Ciclista,Atropello,Ninguna,Vertical,Línea divisoria pintada,Sin restricción
2020,6029,2020-11-16,Lunes,08:30:00,,0.0,2,"Automóvil,Bicicleta",Av Gral Paz Y Padilla,2,1,0,0,1,0,0,"-31.62414, -60.68866",Avenida,,SANTA FE,La Capital,Asfalto,No existe,I,S/D,Urbana,Ninguna,No existe,Intersección,Bueno,S/D,Diurna,Buen Tiempo,S/D,Ciclista,Atropello,Ninguna,S/D,Ninguna,Sin restricción
2020,6030,2020-11-16,Lunes,22:30:00,,0.0,2,"Pickup/Utilitario,Bicicleta",Alvear ,2,1,0,0,1,0,0,"-31.6242, -60.69276",Calle,,SANTA FE,La Capital,Asfalto,No existe,I,Dentro,Urbana,Ninguna,No existe,S/D,Bueno,Reducida,Nocturna,Buen Tiempo,S/D,Ciclista,Atropello,Ninguna,S/D,Ninguna,Sin restricción
2020,6031,2020-11-16,Lunes,18:25:00,,0.0,2,"Automóvil,Moto/Ciclomotor",P.Harris Y Av. de los Trabajadores,4,1,0,0,3,0,0,"-32.91072, -60.68035",Calle,,ROSARIO,Rosario,Asfalto,S/D,II,S/D,Urbana,S/D,S/D,Intersección,Bueno,Buena,Diurna,Buen Tiempo,Frontal,S/D,Colisión,S/D,Faltante,S/D,S/D
2020,6032,2020-11-16,Lunes,13:10:00,,0.0,2,"Vehículo Oficial,Automóvil",San Lorenzo Y Balcarce,2,1,0,0,1,0,0,"-32.94171, -60.65138",Calle,,ROSARIO,Rosario,Asfalto,S/D,II,S/D,Urbana,S/D,S/D,Intersección,S/D,S/D,Diurna,S/D,S/D,S/D,Colisión,S/D,S/D,S/D,S/D
2020,6033,2020-11-16,Lunes,22:30:00,,0.0,2,"Moto/Ciclomotor,Automóvil",Cordoba Y Suipacha,3,2,0,0,1,0,0,"-32.94176, -60.66416",Calle,,ROSARIO,Rosario,Asfalto,S/D,II,S/D,Urbana,S/D,S/D,Intersección,Bueno,S/D,Nocturna,S/D,S/D,S/D,Colisión,S/D,S/D,S/D,S/D
2020,6034,2020-11-16,Lunes,19:35:00,Ruta Provincial 68,30.0,2,"Automóvil,Pickup/Utilitario", ,6,4,2,0,0,0,0,"-31.14034, -61.03784",Ruta,68,HIPATIA,Las Colonias,Tierra,No existe,XI,Dentro,Rural,Ninguna,No existe,Recta,Deteriorada,Reducida polvo,Atardecer,Buen Tiempo,Frontal,S/D,Colisión,Ninguna,Faltante,Ninguna,Sin restricción
2020,6035,2020-11-16,Lunes,12:40:00,Autovía Nacional 19,13.0,1,Automóvil, ,2,2,0,0,0,0,0,"-31.64857, -60.90824",Autovía,19,SAN AGUSTÍN,Las Colonias,Asfalto,Natural,XI,Fuera,Rural,Ninguna,No existe,Recta,Bueno,Buena,Diurna,Buen Tiempo,S/D,S/D,Vuelco,Ninguna,Faltante,Vegetación,Sin restricción
2020,6036,2020-12-05,Sabado,22:40:00,,0.0,1,Automóvil, ,1,1,0,0,0,0,0,"-31.52348, -60.74763",S/D,,SANTA FE,La Capital,S/D,S/D,I,S/D,S/D,S/D,S/D,S/D,S/D,S/D,S/D,S/D,S/D,S/D,Despiste,S/D,S/D,S/D,S/D
2020,6037,2020-12-06,Domingo,22:30:00,Ruta Nacional 11,786.0,2,"Moto/Ciclomotor,Automóvil", ,2,1,0,0,1,0,0,"-29.23668, -59.72867",Ruta,11,RECONQUISTA,General Obligado,S/D,S/D,IX,S/D,S/D,S/D,S/D,S/D,S/D,S/D,S/D,S/D,S/D,S/D,S/D,S/D,S/D,S/D,S/D
2020,6038,2020-12-01,Martes,,Ruta Provincial 70,24.0,1,Pickup/Utilitario, ,2,2,0,0,0,0,0,"-31.38479, -61.11268",Ruta,70,HUMBOLDT,Las Colonias,S/D,S/D,XI,S/D,S/D,S/D,S/D,S/D,S/D,S/D,S/D,S/D,S/D,S/D,Vuelco,S/D,S/D,S/D,S/D
2020,6039,2020-11-16,Lunes,09:00:00,,0.0,2,"Automóvil,Automóvil",Juan Jose Paso Y 25 de Mayo,2,1,0,0,1,0,0,"-31.39239, -61.08229",Calle,,HUMBOLDT,Las Colonias,Hormigón,No existe,XI,S/D,Urbana,S/D,No existe,Intersección,Bueno,Buena,Diurna,S/D,S/D,S/D,Colisión,Ninguna,Faltante,S/D,S/D
2020,6040,2020-11-16,Lunes,21:20:00,,0.0,2,"Automóvil,Bicicleta",Mariano Moreno 800,2,0,1,0,1,0,0,"-31.45945, -60.93566",S/D,,ESPERANZA,Las Colonias,Asfalto,No existe,XI,S/D,S/D,S/D,S/D,Recta,Bueno,Reducida,"Nocturna,Con luz artificial",Buen Tiempo,S/D,Ciclista,Atropello,Ninguna,S/D,Ninguna,Sin restricción
2020,6041,2020-11-16,Lunes,18:00:00,,0.0,2,"Automóvil,Moto/Ciclomotor",San Martin Y Leiva M,2,1,0,0,1,0,0,"-29.46779, -60.21216",Calle,,VERA,Vera,Asfalto,S/D,XIX,S/D,Urbana,Ninguna,No existe,Intersección,Bueno,Buena,Atardecer,Buen Tiempo,S/D,S/D,Colisión,Ninguna,S/D,Ninguna,S/D