anio_acci,nro_acci,fecha,desc_dia,hora_aprox,desc_ruta,km,cant_participantes,desc_participante,calle_avenida_km,total,heridos_leves,heridos_graves,heridos_gravisimos,ilesos,fallecidos,sin_datos,posicion_XY,desc_tipo_via,desc_ruta_ori,desc_loc,desc_dpto,desc_tipo_calzada,desc_tipo_banquina,desc_unidad_regional,desc_lugar_calzada,desc_zona,desc_prioridad,desc_estado_semaforo,desc_lugar_via,desc_estado_via,desc_estado_visibilidad,desc_luminosidad,desc_estado_clima,desc_tipo_colision,desc_tipo_atropello,desc_tipo_hecho,desc_pres_calzada,desc_senializacion,desc_separacion_via,desc_restriccion
2020,6042,2020-11-16,Lunes,11:00:00,,0.0,2,"Taxi/Remis,Bicicleta",Av Leandro Alem Y La Rioja,2,1,0,0,1,0,0,"-31.6469, -60.70206",Avenida,,SANTA FE,La Capital,Asfalto,Pavimento,I,Dentro,Urbana,Semáforo,Funciona,Intersección,Bueno,Buena,Diurna,Buen Tiempo,S/D,Ciclista,Atropello,Ninguna,Faltante,Ninguna,Sin restricción
2020,6043,2020-12-02,Miercoles,09:30:00,,0.0,1,Automóvil, ,2,1,1,0,0,0,0,"-31.09997, -60.09417",S/D,,HELVECIA,Garay,S/D,S/D,VII,S/D,S/D,S/D,S/D,S/D,S/D,S/D,S/D,S/D,S/D,S/D,S/D,S/D,S/D,S/D,S/D
2020,6044,2020-11-16,Lunes,00:10:00,,0.0,2,"Automóvil,Moto/Ciclomotor",P Opicci Y Mitre,2,1,0,0,1,0,0,"-33.02452, -60.63449",Calle,,VILLA GOBERNADOR GÁLVEZ,Rosario,Asfalto,S/D,II,S/D,Urbana,S/D,Funciona,Intersección,Bueno,S/D,Nocturna,S/D,S/D,S/D,Colisión,S/D,S/D,S/D,S/D
2020,6045,2020-12-03,Jueves,13:55:00,,0.0,2,"Moto/Ciclomotor,Moto/Ciclomotor",Balcarce Y Maipu,2,1,0,0,1,0,0,"-33.7429, -61.95936",S/D,,VENADO TUERTO,General LÓPEZ,S/D,S/D,VIII,S/D,S/D,S/D,S/D,S/D,S/D,S/D,S/D,S/D,S/D,S/D,S/D,S/D,S/D,S/D,S/D
2020,6046,2020-11-16,Lunes,11:10:00,,0.0,2,"Peatón,Automóvil",Eva Peron Y Av Gral San Martin,2,0,0,0,1,1,0,"-33.02691, -60.62298",Calle,,VILLA GOBERNADOR GÁLVEZ,Rosario,Asfalto,No existe,II,Dentro,Urbana,Ninguna,Funciona,Intersección,Bueno,Buena,Diurna,Buen Tiempo,S/D,Peatón,Atropello,Ninguna,Faltante,Ninguna,Sin restricción
2020,6047,2020-12-03,Jueves,21:00:00,,0.0,2,"Moto/Ciclomotor,Automóvil",España Y P Jose T Maxwell,3,2,0,0,1,0,0,"-33.72698, -61.97576",S/D,,VENADO TUERTO,General LÓPEZ,S/D,S/D,VII,S/D,S/D,S/D,S/D,S/D,S/D,S/D,S/D,S/D,S/D,S/D,S/D,S/D,S/D,S/D,S/D
2020,6048,2020-12-03,Jueves,,,0.0,1,Automóvil,E Oliber Y Constitucion,1,1,0,0,0,0,0,"-31.26006, -61.48681",S/D,,RAFAELA,Castellanos,S/D,S/D,V,S/D,S/D,S/D,S/D,S/D,S/D,S/D,S/D,S/D,S/D,S/D,Vuelco,S/D,S/D,S/D,S/D
2020,6049,2020-11-16,Lunes,15:45:00,,0.0,2,"Automóvil,Moto/Ciclomotor",Brasil Y Velez Sarsfield,2,0,1,0,1,0,0,"-32.92627, -60.72018",Calle,,ROSARIO,Rosario,Asfalto,No existe,II,Dentro,Urbana,Ninguna,No existe,Intersección,S/D,Buena,Diurna,Buen Tiempo,De alcance,S/D,Colisión,Ninguna,Faltante,Ninguna,Sin restricción
2020,6050,2020-12-03,Jueves,19:30:00,,0.0,2,"Automóvil,Automóvil",Calle 12 San Martin Y Calle 15-Patricio Diez,2,1,0,0,1,0,0,"-29.14465, -59.64258",S/D,,RECONQUISTA,General Obligado,S/D,S/D,IX,S/D,S/D,S/D,S/D,S/D,S/D,S/D,S/D,S/D,S/D,S/D,S/D,S/D,S/D,S/D,S/D
2020,6051,2020-12-03,Jueves,19:00:00,,0.0,2,"Moto/Ciclomotor,Automóvil",Bv. Balcarce Y Schnaur,3,2,0,0,1,0,0,"-32.82172, -61.39441",S/D,,CAÑADA DE GÓMEZ,Iriondo,S/D,S/D,X,S/D,S/D,S/D,S/D,S/D,S/D,S/D,S/D,S/D,S/D,S/D,S/D,S/D,S/D,S/D,S/D
2020,6052,2020-11-16,Lunes,18:15:00,,0.0,2,"Moto/Ciclomotor,Automóvil",Av. Jorge Newbery Y Sanchez de Loria,2,2,0,0,0,0,0,"-32.90857, -60.73301",Avenida,,ROSARIO,Rosario,Asfalto,No existe,II,Dentro,Urbana,Ninguna,No existe,Intersección,Bueno,S/D,Atardecer,Buen Tiempo,S/D,S/D,Colisión,Ninguna,S/D,Ninguna,Sin restricción
2020,6053,2020-12-03,Jueves,18:00:00,,0.0,2,"Pickup/Utilitario,Automóvil",Soldado Aguirre Y San Nicolas,2,2,0,0,0,0,0,"-33.02943, -60.63973",S/D,,VILLA GOBERNADOR GÁLVEZ,Rosario,S/D,S/D,II,S/D,S/D,S/D,S/D,S/D,S/D,S/D,S/D,S/D,S/D,S/D,S/D,S/D,S/D,S/D,S/D
2020,6054,2020-11-16,Lunes,11:55:00,,0.0,2,"Automóvil,Moto/Ciclomotor",Dean Funes Y Montes Carballo,3,2,0,0,1,0,0,"-32.96813, -60.73208",Calle,,ROSARIO,Rosario,Asfalto,Pavimento,II,S/D,Urbana,Ninguna,No existe,Intersección,Bueno,Buena,"Nocturna,Con luz artificial",Buen Tiempo,S/D,S/D,Colisión,Ninguna,Faltante,Ninguna,Sin restricción
2020,6055,2020-12-04,Viernes,11:40:00,,0.0,2,"Automóvil,Moto/Ciclomotor",26 de Abril Y 9 de Julio,3,2,0,0,1,0,0,"-33.75186, -61.9828",S/D,,VENADO TUERTO,General LÓPEZ,S/D,S/D,VIII,S/D,S/D,S/D,S/D,S/D,S/D,S/D,S/D,S/D,S/D,S/D,S/D,S/D,S/D,S/D,S/D
2020,6056,2020-11-16,Lunes,02:15:00,,0.0,2,"Peatón,Automóvil",Bv. 27 De Febrero Y P.L.Funes,2,0,1,0,0,0,1,"-32.95899, -60.70045",Avenida,,ROSARIO,Rosario,Asfalto,Pavimento,II,S/D,Urbana,Ninguna,No existe,Intersección,Otro,Reducida,"Nocturna,Con luz artificial",Buen Tiempo,S/D,Peatón,Atropello,Ninguna,Faltante,Ninguna,Sin restricción
2020,6057,2020-11-16,Lunes,19:00:00,,0.0,2,"Moto/Ciclomotor,Automóvil",Av. Francia Y Av. Ntra.Sra.del Rosario,3,2,0,0,1,0,0,"-33.00097, -60.67784",Calle,,ROSARIO,Rosario,Asfalto,No existe,II,Dentro,Urbana,Ninguna,No existe,Intersección,Bueno,Buena,Atardecer,Buen Tiempo,Lateral,S/D,Colisión,Ninguna,Faltante,Ninguna,Sin restricción
2020,6058,2020-12-04,Viernes,,,0.0,2,"Bicicleta,Moto/Ciclomotor",Italia Y Martin de Pueyrredon,2,1,0,0,1,0,0,"-33.73989, -61.96308",S/D,,VENADO TUERTO,General LÓPEZ,S/D,S/D,VIII,S/D,S/D,S/D,S/D,S/D,S/D,S/D,S/D,S/D,S/D,Ciclista,Atropello,S/D,S/D,S/D,S/D
2020,6059,2020-12-04,Viernes,,,0.0,2,"Bicicleta,Moto/Ciclomotor",Vuelta de Obligado Y 3 de Febrero,2,1,0,0,1,0,0,"-33.76401, -61.95794",S/D,,VENADO TUERTO,General LÓPEZ,S/D,S/D,VII,S/D,S/D,S/D,S/D,S/D,S/D,S/D,S/D,S/D,S/D,Ciclista,Atropello,S/D,S/D,S/D,S/D
2020,6060,2020-11-16,Lunes,17:00:00,,0.0,2,"Moto/Ciclomotor,Automóvil",Biedma Y Colon,2,1,0,0,1,0,0,"-32.98365, -60.63429",Calle,,ROSARIO,Rosario,Asfalto,No existe,II,Dentro,Urbana,Ninguna,No existe,Intersección,Bueno,Buena,Diurna,Buen Tiempo,Lateral,S/D,Colisión,Ninguna,Faltante,Ninguna,Sin restricción
2020,6061,2020-12-04,Viernes,17:00:00,Autovía Nacional 19,102.0,2,"Automóvil,Automóvil", ,5,5,0,0,0,0,0,"-31.49774, -61.67479",Autovía,19,MARIA JUANA,Castellanos,S/D,S/D,V,S/D,S/D,S/D,S/D,S/D,S/D,S/D,S/D,S/D,S/D,S/D,S/D,S/D,S/D,S/D,S/D
2020,6062,2020-11-17,Martes,10:20:00,,0.0,2,"Moto/Ciclomotor,Bicicleta",Av Freyre Y Hipolito Yrigoyen,2,1,0,0,1,0,0,"-31.64016, -60.71678",S/D,,SANTA FE,La Capital,Asfalto,No existe,I,S/D,S/D,Ninguna,No existe,Intersección,Bueno,Buena,Diurna,Buen Tiempo,S/D,Ciclista,Atropello,Ninguna,Faltante,Ninguna,Sin restricción
2020,6063,2020-12-04,Viernes,13:10:00,,0.0,1,Moto/Ciclomotor,Calle 10-Ludue�a Y Calle 47-Islas Malvinas,1,1,0,0,0,0,0,"-29.16188, -59.64377",S/D,,RECONQUISTA,General Obligado,S/D,S/D,IX,S/D,S/D,S/D,S/D,S/D,S/D,S/D,S/D,S/D,S/D,S/D,Vuelco,S/D,S/D,S/D,S/D
2020,6064,2020-11-17,Martes,22:20:00,,0.0,2,"Automóvil,Moto/Ciclomotor",Bv Pellegrini 3500,2,1,0,0,1,0,0,"-31.63308, -60.71471",Calle,,SANTA FE,La Capital,Hormigón,No existe,I,S/D,Urbana,Ninguna,No existe,Intersección,Bueno,Reducida,"Nocturna,Con luz artificial",Buen Tiempo,Lateral,S/D,Colisión,Ninguna,Vertical,Ninguna,Sin restricción
2020,6065,2020-11-17,Martes,18:00:00,,0.0,2,"Moto/Ciclomotor,Pickup/Utilitario",Av Blas Parera Y Gorostiaga,2,1,0,0,1,0,0,"-31.60699, -60.71988",Avenida,,SANTA FE,La Capital,Asfalto,No existe,I,S/D,Urbana,Semáforo,Funciona,Intersección,Bueno,Buena,Atardecer,Buen Tiempo,Lateral,S/D,Colisión,Ninguna,Vertical,Línea divisoria pintada,Sin restricción
2020,6066,2020-11-17,Martes,13:40:00,,0.0,2,"Taxi/Remis,Moto/Ciclomotor",French Y Alberdi,2,1,0,0,1,0,0,"-31.59511, -60.67969",Calle,,SANTA FE,La Capital,S/D,No existe,I,Dentro,Urbana,Ninguna,No existe,Intersección,S/D,Reducida,Diurna,S/D,S/D,S/D,Colisión,S/D,Horizontal,Ninguna,Sin restricción
2020,6067,2020-11-17,Martes,19:20:00,,0.0,2,"Moto/Ciclomotor,Automóvil",Dorrego Y Liniers,2,1,0,0,1,0,0,"-32.7832, -60.72858",Calle,,FRAY LUIS BELTRÁN,San Lorenzo,Asfalto,Pavimento,XVII,S/D,Urbana,Ninguna,No existe,Intersección,Con baches,S/D,Atardecer,Buen Tiempo,S/D,S/D,Colisión,S/D,Vertical,Ninguna,Sin restricción
2020,6068,2020-11-17,Martes,17:15:00,Autopista Nacional A012,65.0,2,"Moto/Ciclomotor,Automóvil",Ayohuma ,2,1,0,0,1,0,0,"-32.7667, -60.74184",Autopista,A012,SAN LORENZO,San Lorenzo,S/D,S/D,XVII,S/D,Urbana,S/D,S/D,Recta,S/D,S/D,Diurna,S/D,S/D,S/D,Colisión,S/D,S/D,S/D,S/D
2020,6069,2020-12-05,Sabado,,,0.0,2,"Bicicleta,Pickup/Utilitario",3 de Febrero Y Rafaela,2,1,0,0,1,0,0,"-31.45027, -60.91684",S/D,,ESPERANZA,Las Colonias,S/D,S/D,IX,S/D,S/D,S/D,S/D,S/D,S/D,S/D,S/D,S/D,S/D,Ciclista,Atropello,S/D,S/D,S/D,S/D
2020,6070,2020-12-05,Sabado,,Ruta Provincial 70,0.0,1,Moto/Ciclomotor,RUTA 6 ,2,2,0,0,0,0,0,"-31.44542, -60.91539",Ruta,70,ESPERANZA,Las Colonias,S/D,S/D,IX,S/D,Urbana,S/D,S/D,S/D,S/D,S/D,S/D,S/D,S/D,S/D,S/D,S/D,S/D,S/D,S/D
2020,6071,2020-12-05,Sabado,10:00:00,,0.0,2,"Automóvil,Moto/Ciclomotor",Calle 71-Nicaragua Y Calle 12 San Martin,2,1,0,0,1,0,0,"-29.1714, -59.64618",S/D,,RECONQUISTA,General Obligado,S/D,S/D,IX,S/D,S/D,S/D,S/D,S/D,S/D,S/D,S/D,S/D,S/D,S/D,S/D,S/D,S/D,S/D,S/D
2020,6072,2020-12-05,Sabado,12:00:00,,0.0,1,Moto/Ciclomotor,Mitre Y Juan de Garay,1,1,0,0,0,0,0,"-31.73779, -61.09847",S/D,,SAN CARLOS CENTRO,Las Colonias,S/D,S/D,IX,S/D,S/D,S/D,S/D,S/D,S/D,S/D,S/D,S/D,S/D,S/D,S/D,S/D,S/D,S/D,S/D
2020,6073,2020-12-05,Sabado,19:25:00,,0.0,1,Pickup/Utilitario,España Y Pje Juan Pablo I,1,1,0,0,0,0,0,"-29.45763, -60.21417",S/D,,VERA,Vera,S/D,S/D,XIX,S/D,S/D,S/D,S/D,S/D,S/D,S/D,S/D,S/D,S/D,S/D,S/D,S/D,S/D,S/D,S/D
2020,6074,2020-12-05,Sabado,21:40:00,Ruta Nacional 11,0.0,2,"Moto/Ciclomotor,Automóvil",Calle 105-Alicia Moreau ,3,3,0,0,0,0,0,"-29.18337, -59.65134",Ruta,11,RECONQUISTA,General Obligado,S/D,S/D,IX,S/D,Urbana,S/D,S/D,S/D,S/D,S/D,S/D,S/D,S/D,S/D,S/D,S/D,S/D,S/D,S/D
2020,6075,2020-12-06,Domingo,03:30:00,,0.0,2,"Moto/Ciclomotor,Pickup/Utilitario",Roca Y Bv 12 de octubre,3,2,0,0,1,0,0,"-33.75702, -61.97246",S/D,,VENADO TUERTO,General LÓPEZ,S/D,S/D,VIII,S/D,S/D,S/D,S/D,S/D,S/D,S/D,S/D,S/D,S/D,S/D,S/D,S/D,S/D,S/D,S/D
2020,6076,2020-12-06,Domingo,21:25:00,,0.0,2,"Automóvil,Moto/Ciclomotor",Garibaldi ,3,2,0,0,1,0,0,"-33.7499, -61.9526",S/D,,VENADO TUERTO,General LÓPEZ,S/D,S/D,VIII,S/D,S/D,S/D,S/D,S/D,S/D,S/D,S/D,S/D,S/D,S/D,S/D,S/D,S/D,S/D,S/D
2020,6077,2020-12-06,Domingo,22:00:00,,0.0,2,"Moto/Ciclomotor,Moto/Ciclomotor",Chaco Y Alsina V,2,2,0,0,0,0,0,"-33.7436, -61.94801",S/D,,VENADO TUERTO,General LÓPEZ,S/D,S/D,VIII,S/D,S/D,S/D,S/D,S/D,S/D,S/D,S/D,S/D,S/D,S/D,S/D,S/D,S/D,S/D,S/D
2020,6078,2020-12-06,Domingo,09:00:00,,0.0,1,Automóvil,Av. Circunvalacion Y Mendoza,1,1,0,0,0,0,0,"-32.94669, -60.72205",Avenida,,ROSARIO,Rosario,S/D,S/D,II,S/D,S/D,S/D,S/D,S/D,S/D,S/D,S/D,S/D,S/D,S/D,S/D,S/D,S/D,S/D,S/D
2020,6079,2020-12-06,Domingo,,,0.0,2,"Moto/Ciclomotor,Pickup/Utilitario",Av Independencia Y 1ro de Mayo,2,1,0,0,1,0,0,"-32.94669, -60.72205",S/D,,SUNCHALES,Castellanos,S/D,S/D,V,S/D,S/D,S/D,S/D,S/D,S/D,S/D,S/D,S/D,S/D,S/D,S/D,S/D,S/D,S/D,S/D
2020,6080,2020-12-07,Lunes,16:20:00,,0.0,2,"Pickup/Utilitario,Moto/Ciclomotor",Ituzaingo Y Turner S,2,1,0,0,1,0,0,"-33.76326, -61.96036",S/D,,VENADO TUERTO,General LÓPEZ,S/D,S/D,VIII,S/D,S/D,S/D,S/D,S/D,S/D,S/D,S/D,S/D,S/D,S/D,S/D,S/D,S/D,S/D,S/D
2020,6081,2020-12-07,Lunes,23:40:00,Ruta Nacional 33,0.0,1,Moto/Ciclomotor,Lisandro de la Torre ,1,1,0,0,0,0,0,"-33.72146, -61.99461",Ruta,33,VENADO TUERTO,General LÓPEZ,S/D,S/D,VIII,S/D,S/D,S/D,S/D,S/D,S/D,S/D,S/D,S/D,S/D,S/D,S/D,S/D,S/D,S/D,S/D
2020,6082,2020-12-07,Lunes,23:40:00,,0.0,2,"Automóvil,Moto/Ciclomotor",Quintana Y Juan Lavalle,4,2,0,0,2,0,0,"-33.73737, -61.97814",S/D,,VENADO TUERTO,General LÓPEZ,S/D,S/D,VIII,S/D,S/D,S/D,S/D,S/D,S/D,S/D,S/D,S/D,S/D,S/D,S/D,S/D,S/D,S/D,S/D
2020,6083,2020-12-06,Domingo,,,0.0,2,"Moto/Ciclomotor,Moto/Ciclomotor",Bv. 27 De Febrero Y Lima,4,2,0,0,2,0,0,"-32.95961, -60.68855",S/D,,ROSARIO,Rosario,Asfalto,No existe,II,S/D,S/D,Ninguna,No existe,Intersección,S/D,S/D,S/D,S/D,S/D,S/D,Colisión,S/D,Faltante,"Cordón divisorio,S/D",S/D
2020,6084,2020-12-07,Lunes,03:30:00,Ruta Nacional 11,0.0,2,"Moto/Ciclomotor,Automóvil", ,2,0,1,0,1,0,0,"-31.66687, -60.74751",Ruta,11,SANTA FE,La Capital,S/D,S/D,I,S/D,S/D,S/D,S/D,S/D,S/D,S/D,S/D,S/D,S/D,S/D,S/D,S/D,S/D,S/D,S/D
2020,6085,2020-12-08,Martes,15:50:00,,0.0,1,Automóvil,Mariano Lopez Y Santa Fe,1,1,0,0,0,0,0,"-33.71869, -61.977",S/D,,VENADO TUERTO,General LÓPEZ,S/D,S/D,VIII,S/D,S/D,S/D,S/D,S/D,S/D,S/D,S/D,S/D,S/D,S/D,Vuelco,S/D,S/D,S/D,S/D
2020,6086,2020-12-08,Martes,,,0.0,1,Automóvil, ,1,1,0,0,0,0,0,"-31.25346, -61.49197",S/D,,RAFAELA,Castellanos,S/D,S/D,V,S/D,S/D,S/D,S/D,S/D,S/D,S/D,S/D,S/D,S/D,S/D,Vuelco,S/D,S/D,S/D,S/D
2020,6087,2020-11-17,Martes,20:30:00,,0.0,2,"Automóvil,Moto/Ciclomotor",M de Iriondo Y Cochabamba,2,1,0,0,1,0,0,"-32.75399, -60.74031",Calle,,SAN LORENZO,San Lorenzo,S/D,S/D,XVII,S/D,Urbana,S/D,S/D,Intersección,S/D,S/D,Nocturna,S/D,S/D,S/D,Colisión,S/D,S/D,S/D,S/D
2020,6088,2020-11-17,Martes,01:25:00,,0.0,2,"Automóvil,Moto/Ciclomotor",Bv. Bouchard Y B.Alvarez,4,3,0,0,1,0,0,"-32.89029, -60.73084",Avenida,,ROSARIO,Rosario,Asfalto,No existe,II,Fuera,Urbana,Ninguna,S/D,Intersección,Bueno,S/D,Nocturna,Buen Tiempo,S/D,S/D,Colisión,S/D,S/D,S/D,Sin restricción
2020,6089,2020-11-17,Martes,18:40:00,,0.0,2,"Moto/Ciclomotor,Automóvil",Av. Provincias Unidas 1300,3,1,0,0,2,0,0,"-32.94362, -60.71252",Avenida,,ROSARIO,Rosario,Asfalto,S/D,II,S/D,Urbana,S/D,S/D,Recta,Bueno,S/D,Atardecer,S/D,S/D,S/D,Colisión,S/D,S/D,S/D,S/D
2020,6090,2020-10-28,Miercoles,19:00:00,,0.0,2,"Moto/Ciclomotor,Peatón",Ituzaingo 1300,2,1,0,0,1,0,0,"    -29.89046, -60.29102",Calle,,CALCHAQUÍ,Vera,Ripio,S/D,XIX,S/D,S/D,Ninguna,No existe,Recta,Bueno,Buena,Atardecer,S/D,S/D,Peatón,Atropello,Ninguna,S/D,Cordón divisorio,Sin restricción
2020,6091,2020-11-17,Martes,16:45:00,,0.0,2,"Moto/Ciclomotor,Automóvil",Dorrego Y Viamonte,2,1,0,0,1,0,0,"-32.96333, -60.65398",Calle,,ROSARIO,Rosario,Asfalto,No existe,II,Dentro,Urbana,Ninguna,No existe,Intersección,Bueno,Buena,Diurna,Buen Tiempo,Lateral,S/D,Colisión,Ninguna,Faltante,Ninguna,Sin restricción
2020,6092,2020-11-27,Viernes,22:30:00,,0.0,1,Moto/Ciclomotor,Av A del Valle Y French,1,1,0,0,0,0,0,"-31.5924, -60.69216",Avenida,,SANTA FE,La Capital,Asfalto,Pavimento,I,Dentro,Urbana,Ninguna,No existe,Recta,Bueno,Buena,Nocturna,Buen Tiempo,S/D,S/D,Despiste,Ninguna,Vertical,Ninguna,Sin restricción
2020,6093,2020-11-27,Viernes,17:50:00,,0.0,2,"Moto/Ciclomotor,Otros",Av Facundo Zuviria Y Reg 12 de Infanteria,3,2,0,0,0,0,1,"    -31.59652, -60.70043",Avenida,,SANTA FE,La Capital,Asfalto,S/D,I,Dentro,Urbana,S/D,No existe,Recta,Bueno,Buena,Diurna,S/D,Lateral,S/D,Colisión,Ninguna,Vertical,Ninguna,S/D
2020,6094,2020-11-17,Martes,13:30:00,,0.0,2,"Pickup/Utilitario,Moto/Ciclomotor",Neuquen Y Pinto Lucero,4,1,1,0,2,0,0,"-33.75454, -61.93943",Calle,,VENADO TUERTO,General LÓPEZ,Tierra,No existe,VIII,Dentro,Urbana,Ninguna,No existe,Intersección,Otro,Buena,Diurna,Buen Tiempo,Frontal,S/D,Colisión,S/D,Faltante,Ninguna,Sin restricción
2020,6095,2020-11-17,Martes,18:15:00,,0.0,2,"Moto/Ciclomotor,Automóvil",L N Alem Y N Figueredo,2,0,1,0,1,0,0,"-30.79218, -60.58687",Calle,,SAN JUSTO,San Justo,Asfalto,No existe,XVI,Dentro,Urbana,Ninguna,No existe,Intersección,Bueno,Buena,Diurna,Buen Tiempo,Lateral,S/D,Colisión,Ninguna,Faltante,Ninguna,Sin restricción
2020,6096,2020-11-17,Martes,14:30:00,,0.0,2,"Peatón,Automóvil",San Martin 2200,2,1,0,0,1,0,0,"-32.96316, -60.64092",Avenida,,ROSARIO,Rosario,Asfalto,No existe,II,Dentro,Urbana,Ninguna,No existe,Recta,Bueno,Buena,Diurna,Buen Tiempo,S/D,Peatón,Atropello,Ninguna,S/D,Ninguna,Sin restricción
2020,6097,2020-11-27,Viernes,11:00:00,,0.0,2,"Pickup/Utilitario,Moto/Ciclomotor",Gorriti Y Av A del Valle,2,1,0,0,1,0,0,"    -31.59057, -60.69223",Avenida,,SANTA FE,La Capital,Asfalto,Pavimento,I,S/D,Urbana,Ninguna,No existe,Recta,Bueno,Buena,Diurna,Buen Tiempo,Lateral,S/D,Colisión,Ninguna,Vertical,Ninguna,Sin restricción
2020,6098,2020-11-24,Martes,16:00:00,,0.0,2,"Automóvil,Moto/Ciclomotor",9 de Julio Y Larrea,2,1,0,0,1,0,0,"    -33.10642, -61.70895",S/D,,SANTA FE,La Capital,Asfalto,Pavimento,I,S/D,Urbana,Ninguna,No existe,Recta,Bueno,Buena,Diurna,Buen Tiempo,Lateral,S/D,Colisión,Ninguna,Vertical,Ninguna,Sin restricción
2020,6099,2020-11-17,Martes,19:40:00,,0.0,2,"Moto/Ciclomotor,Moto/Ciclomotor",Pte Juan D Peron Y Bolivia,3,2,0,0,1,0,0,"-29.222468686495,-61.768558335529",Calle,,TOSTADO,9 de Julio,"Asfalto,Ripio",No existe,XII,Dentro,Urbana,Ninguna,No existe,Intersección,Bueno,Reducida,"Nocturna,Con luz artificial",Buen Tiempo,Lateral,S/D,Colisión,Ninguna,Faltante,Ninguna,Sin restricción
2020,6100,2020-11-24,Martes,11:50:00,,0.0,2,"Pickup/Utilitario,Moto/Ciclomotor",Corrientes Y San Juan,2,1,0,0,1,0,0,"    -32.57862, -60.84663",Calle,,SANTA FE,La Capital,Asfalto,Pavimento,I,S/D,Urbana,Ninguna,No existe,Intersección,Con baches,Buena,Diurna,Buen Tiempo,S/D,S/D,Colisión,Ninguna,Vertical,Ninguna,Sin restricción
2020,6101,2020-11-17,Martes,17:10:00,,0.0,2,"Automóvil,Automóvil",Bv Galvez Y Alvear,2,1,0,0,1,0,0,"-31.63692, -60.69651",Calle,,SANTA FE,La Capital,Asfalto,No existe,I,Dentro,Urbana,S/D,Funciona,Intersección,Bueno,S/D,Diurna,S/D,Lateral,S/D,Colisión,S/D,S/D,S/D,S/D
2020,6102,2020-11-26,Jueves,16:30:00,,0.0,2,"Moto/Ciclomotor,Automóvil",3 de Febrero 3600,3,2,0,0,1,0,0,"    -31.65588, -60.72373",Calle,,SANTA FE,La Capital,Asfalto,S/D,I,S/D,Urbana,Ninguna,S/D,Intersección,Bueno,Buena,Atardecer,Buen Tiempo,S/D,S/D,Colisión,Ninguna,Vertical,Ninguna,Sin restricción
2020,6103,2020-11-17,Martes,20:45:00,,0.0,2,"Pickup/Utilitario,Moto/Ciclomotor",Quintana Y Roca,2,1,0,0,1,0,0,"-33.24663, -60.83844",Calle,,ACEBAL,Rosario,Asfalto,Pavimento,II,S/D,Urbana,Ninguna,No existe,Intersección,S/D,Buena,"Nocturna,Con luz artificial",Buen Tiempo,Frontal,S/D,Colisión,S/D,S/D,S/D,S/D
2020,6104,2020-11-17,Martes,10:30:00,Ruta Nacional 9,291.0,4,"Automóvil,Automóvil,Automóvil,Automóvil", ,5,1,0,0,4,0,0,"-32.92472, -60.77111",Ruta,9,FUNES,Rosario,Asfalto,Ripio,II,Dentro,Urbana,Semáforo,Funciona,Recta,Bueno,Buena,Diurna,Buen Tiempo,Múltiple,S/D,Colisión,Ninguna,Vertical,Línea divisoria pintada,Sin restricción
2020,6105,2020-11-28,Sabado,18:20:00,,0.0,2,"Automóvil,Moto/Ciclomotor", ,2,1,0,0,1,0,0,"    -31.61063, -60.69727",S/D,,SANTA FE,La Capital,Asfalto,S/D,I,S/D,Urbana,Ninguna,S/D,Intersección,Bueno,Buena,Atardecer,Buen Tiempo,S/D,S/D,Colisión,Ninguna,Vertical,Ninguna,Sin restricción
2020,6106,2020-11-17,Martes,17:20:00,,0.0,2,"Pickup/Utilitario,Bicicleta",Suipacha 400,2,1,0,0,1,0,0," -32.90462, -60.81334",Calle,,FUNES,Rosario,Asfalto,No existe,II,Dentro,Urbana,Ninguna,No existe,Recta,Bueno,Buena,Diurna,Buen Tiempo,S/D,Ciclista,Atropello,Ninguna,Faltante,Ninguna,Sin restricción
2020,6107,2020-11-30,Lunes,21:00:00,,0.0,2,"Automóvil,Automóvil",J J Paso Y Francia,3,2,0,0,1,0,0,"    -31.66218, -60.71974",Calle,,SANTA FE,La Capital,Asfalto,No existe,I,Dentro,Urbana,Ninguna,No existe,Intersección,Bueno,Buena,"Nocturna,Con luz artificial",Buen Tiempo,Frontal,S/D,Colisión,Ninguna,Vertical,Ninguna,Sin restricción
2020,6108,2020-11-26,Jueves,10:10:00,,0.0,2,"Automóvil,Moto/Ciclomotor",25 de Mayo Y Hipolito Yrigoyen,2,1,0,0,1,0,0,"    -31.64237, -60.70456",Calle,,SANTA FE,La Capital,Asfalto,Pavimento,I,Dentro,Urbana,Ninguna,No existe,Intersección,Bueno,Buena,Diurna,Buen Tiempo,Lateral,S/D,Colisión,Ninguna,Faltante,Ninguna,Sin restricción
2020,6109,2020-11-26,Jueves,14:30:00,,0.0,2,"Moto/Ciclomotor,Automóvil",Av Freyre Y Gdor Crespo,2,1,0,0,1,0,0,"    -31.63881, -60.71668",Avenida,,SANTA FE,La Capital,Hormigón,No existe,I,Dentro,Urbana,Ninguna,No existe,Intersección,Bueno,Buena,Diurna,Buen Tiempo,Lateral,S/D,Colisión,Ninguna,Faltante,Ninguna,Sin restricción
2020,6110,2020-11-17,Martes,18:15:00,,0.0,2,"Automóvil,Moto/Ciclomotor",Pascual Rosas Y San Lorenzo,3,2,0,0,1,0,0,"-32.93559, -60.68535",Calle,,ROSARIO,Rosario,Asfalto,No existe,II,Dentro,Urbana,Ninguna,No existe,Intersección,Bueno,Buena,Diurna,Buen Tiempo,S/D,S/D,Colisión,Ninguna,Faltante,Ninguna,Sin restricción
2020,6111,2020-11-26,Jueves,18:30:00,,0.0,2,"Moto/Ciclomotor,Automóvil",Av Lopez y Planes Y Candido Pujato,2,1,0,0,1,0,0,"    -31.63156, -60.71404",Avenida,,SANTA FE,La Capital,Asfalto,No existe,I,Dentro,Urbana,Ninguna,No existe,Intersección,Bueno,Buena,Diurna,Buen Tiempo,Lateral,S/D,Colisión,Ninguna,Faltante,Ninguna,Sin restricción
2020,6112,2020-11-17,Martes,14:05:00,,0.0,2,"Moto/Ciclomotor,Automóvil",Constitucion Y Biedma,3,1,0,0,2,0,0,"-32.97501, -60.6825",Calle,,ROSARIO,Rosario,Asfalto,No existe,II,Dentro,Urbana,Ninguna,No existe,Intersección,Bueno,Buena,Diurna,Buen Tiempo,Lateral,S/D,Colisión,Ninguna,Faltante,Ninguna,Sin restricción
2020,6113,2020-11-17,Martes,23:00:00,,0.0,2,"Moto/Ciclomotor,Automóvil",Fragata Sarmiento Y Iriondo,2,1,0,0,1,0,0,"-32.9872, -60.68135",Calle,,ROSARIO,Rosario,Asfalto,No existe,II,Dentro,Urbana,Ninguna,No existe,Intersección,Bueno,Buena,Nocturna,Buen Tiempo,Lateral,S/D,Colisión,Ninguna,Faltante,Ninguna,Sin restricción