anio_acci,nro_acci,fecha,desc_dia,hora_aprox,desc_ruta,km,cant_participantes,desc_participante,calle_avenida_km,total,heridos_leves,heridos_graves,heridos_gravisimos,ilesos,fallecidos,sin_datos,posicion_XY,desc_tipo_via,desc_ruta_ori,desc_loc,desc_dpto,desc_tipo_calzada,desc_tipo_banquina,desc_unidad_regional,desc_lugar_calzada,desc_zona,desc_prioridad,desc_estado_semaforo,desc_lugar_via,desc_estado_via,desc_estado_visibilidad,desc_luminosidad,desc_estado_clima,desc_tipo_colision,desc_tipo_atropello,desc_tipo_hecho,desc_pres_calzada,desc_senializacion,desc_separacion_via,desc_restriccion
2020,6114,2020-11-17,Martes,13:15:00,,0.0,2,"Automóvil,Automóvil",Callao Y Juan Canals,4,1,0,0,3,0,0,"-32.98601, -60.67104",Calle,,ROSARIO,Rosario,Asfalto,No existe,II,Dentro,Urbana,Ninguna,No existe,Intersección,Bueno,Buena,Diurna,Buen Tiempo,Lateral,S/D,Colisión,Ninguna,Faltante,Ninguna,Sin restricción
2020,6115,2020-11-17,Martes,15:40:00,,0.0,2,"Moto/Ciclomotor,Automóvil",Bv. Segui Y Av. Ovidio Lagos,4,0,2,0,2,0,0,"-32.97504, -60.66933",Calle,,ROSARIO,Rosario,Asfalto,No existe,II,Dentro,Urbana,Ninguna,No existe,Intersección,Bueno,Buena,Diurna,Buen Tiempo,Lateral,S/D,Colisión,Ninguna,Faltante,Ninguna,Sin restricción
2020,6116,2020-11-27,Viernes,00:30:00,,0.0,2,"Moto/Ciclomotor,Automóvil",Francia Y Gdor Crespo,2,1,0,0,1,0,0,"    -31.63959, -60.71281",Calle,,SANTA FE,La Capital,Hormigón,No existe,I,Dentro,Urbana,Ninguna,No existe,Intersección,Bueno,Reducida,"Nocturna,Con luz artificial",Buen Tiempo,Lateral,S/D,Colisión,Ninguna,Faltante,Ninguna,Sin restricción
2020,6117,2020-11-27,Viernes,10:20:00,,0.0,2,"Automóvil,Moto/Ciclomotor", ,2,1,0,0,1,0,0,"    -31.64298, -60.71765",Avenida,,SANTA FE,La Capital,Asfalto,No existe,I,Dentro,Urbana,Ninguna,No existe,Intersección,Bueno,Buena,Diurna,Buen Tiempo,Lateral,S/D,Colisión,Ninguna,Faltante,Ninguna,Sin restricción
2020,6118,2020-11-18,Miercoles,08:40:00,,0.0,2,"Automóvil,Moto/Ciclomotor",Av Urquiza Y J J Paso,2,1,0,0,1,0,0,"-31.66248, -60.71823",Avenida,,SANTA FE,La Capital,Asfalto,Pavimento,I,S/D,Urbana,Ninguna,Funciona,Intersección,Bueno,Buena,Diurna,Buen Tiempo,S/D,Ciclista,Atropello,Ninguna,Vertical,Ninguna,Sin restricción
2020,6119,2020-11-18,Miercoles,13:38:00,,0.0,2,"Automóvil,Moto/Ciclomotor",Av Urquiza Y Corrientes,2,1,0,0,1,0,0,"-31.65255, -60.7151",Avenida,,SANTA FE,La Capital,Asfalto,Pavimento,I,S/D,Urbana,Ninguna,No existe,Intersección,Con baches,Buena,Diurna,Buen Tiempo,De alcance,S/D,Colisión,Ninguna,Vertical,Ninguna,Sin restricción
2020,6120,2020-11-29,Domingo,15:00:00,,0.0,2,"Moto/Ciclomotor,Automóvil",Roque Saenz Pe�a Y Gdor Crespo,2,1,0,0,1,0,0,"    -31.63811, -60.72343",Calle,,SANTA FE,La Capital,Hormigón,No existe,I,Dentro,Urbana,Ninguna,No existe,Intersección,Bueno,Buena,Diurna,Buen Tiempo,S/D,S/D,Colisión,Ninguna,Faltante,Ninguna,Sin restricción
2020,6121,2020-11-29,Domingo,10:00:00,,0.0,2,"Automóvil,Moto/Ciclomotor",Tucuman Y Av Urquiza,2,1,0,0,1,0,0,"    -31.64525, -60.71292",Avenida,,SANTA FE,La Capital,Hormigón,No existe,I,Dentro,Urbana,Ninguna,Funciona,Intersección,Bueno,Buena,Diurna,Buen Tiempo,Lateral,S/D,Colisión,Ninguna,Faltante,Ninguna,Sin restricción
2020,6122,2020-11-18,Miercoles,20:00:00,,0.0,2,"Moto/Ciclomotor,Automóvil",Av Galicia Y Rivadavia,2,1,0,0,1,0,0,"-31.60569, -60.69212",Calle,,SANTA FE,La Capital,S/D,No existe,I,Dentro,Urbana,Ninguna,No existe,Intersección,S/D,Reducida,"Nocturna,Con luz artificial",S/D,S/D,S/D,Colisión,Otro,Faltante,Ninguna,Sin restricción
2020,6123,2020-11-18,Miercoles,20:25:00,,0.0,2,"Moto/Ciclomotor,Automóvil",Reg 12 de Infanteria 850,2,2,0,0,0,0,0,"-31.60243, -60.67355",Avenida,,SANTA FE,La Capital,S/D,No existe,I,S/D,Urbana,Ninguna,No existe,Intersección,S/D,Reducida,Nocturna,S/D,S/D,S/D,Colisión,Otro,Faltante,Ninguna,Sin restricción
2020,6124,2020-11-30,Lunes,17:00:00,,0.0,2,"Automóvil,Moto/Ciclomotor",Francia Y Mendoza,2,1,0,0,1,0,0,"    -31.64719, -60.7149",Calle,,SANTA FE,La Capital,Asfalto,No existe,I,Dentro,Urbana,S/D,Funciona,Intersección,Bueno,Buena,Diurna,S/D,S/D,S/D,Colisión,Ninguna,Faltante,S/D,S/D
2020,6126,2020-11-18,Miercoles,15:45:00,,0.0,2,"Moto/Ciclomotor,Automóvil",Av Galicia Y Candioti,2,2,0,0,0,0,0,"-31.60674, -60.68646",Avenida,,SANTA FE,La Capital,S/D,No existe,I,S/D,Urbana,Otra Señal,S/D,Intersección,S/D,Reducida,Diurna,S/D,S/D,S/D,Colisión,S/D,Faltante,Ninguna,Sin restricción
2020,6127,2020-11-25,Miercoles,02:00:00,,0.0,2,"Bicicleta,Moto/Ciclomotor",Av Blas Parera 4700,2,1,0,0,0,0,1,"    -31.62041, -60.72048",Calle,,SANTA FE,La Capital,Asfalto,No existe,I,S/D,Urbana,Semáforo,Funciona,Recta,Bueno,Buena,Diurna,Buen Tiempo,S/D,Ciclista,Atropello,Ninguna,Vertical,Línea divisoria pintada,Sin restricción
2020,6128,2020-11-18,Miercoles,17:00:00,,0.0,2,"Moto/Ciclomotor,Pickup/Utilitario",General Lopez Y España,2,1,0,0,1,0,0,"-32.72409, -60.73346",Calle,,SAN LORENZO,San Lorenzo,S/D,S/D,XVII,S/D,Urbana,S/D,No existe,Intersección,S/D,S/D,Diurna,S/D,Lateral,S/D,Colisión,S/D,S/D,S/D,S/D
2020,6129,2020-11-18,Miercoles,21:10:00,,0.0,2,"Moto/Ciclomotor,Automóvil",Bv. 27 De Febrero Y Dorrego,2,0,1,0,1,0,0,"-32.96558, -60.6546",Calle,,ROSARIO,Rosario,Asfalto,S/D,II,S/D,Urbana,S/D,Funciona,Intersección,S/D,S/D,Nocturna,S/D,S/D,S/D,Colisión,S/D,Faltante,S/D,S/D
2020,6130,2020-11-18,Miercoles,19:30:00,,0.0,2,"Pickup/Utilitario,Automóvil",Urquiza Y Rodriguez,2,1,0,0,1,0,0,"-32.93929, -60.65785",Calle,,ROSARIO,Rosario,Asfalto,No existe,II,Dentro,Urbana,Señal Pare,No existe,Intersección,Bueno,Buena,Atardecer,Buen Tiempo,De alcance,S/D,Colisión,Ninguna,Vertical,Ninguna,Sin restricción
2020,6131,2020-11-18,Miercoles,12:10:00,,0.0,2,"Pickup/Utilitario,Automóvil",Bv. 27 De Febrero Y Suipacha,2,1,0,0,1,0,0,"-32.96291, -60.66949",Avenida,,ROSARIO,Rosario,Asfalto,S/D,II,Dentro,Urbana,Semáforo,Funciona,Intersección,Bueno,Buena,Diurna,Buen Tiempo,De alcance,S/D,Colisión,Ninguna,Vertical,Cordón divisorio,Sin restricción
2020,6132,2020-11-18,Miercoles,15:00:00,,0.0,2,"Automóvil,Automóvil",Av. Pellegrini Y Pueyrredon,2,1,0,0,1,0,0,"-32.95391, -60.66012",Avenida,,ROSARIO,Rosario,Asfalto,No existe,II,Dentro,Urbana,Semáforo,Funciona,Intersección,Bueno,Buena,Diurna,Buen Tiempo,De alcance,S/D,Colisión,Ninguna,Vertical,Cordón divisorio,Sin restricción
2020,6133,2020-11-17,Martes,17:20:00,,0.0,2,"Moto/Ciclomotor,Automóvil",Fray C Rodriguez Y La Paz,2,1,0,0,1,0,0,"    -31.61857, -60.71493",Avenida,,SANTA FE,La Capital,Asfalto,No existe,I,S/D,Urbana,Semáforo,Funciona,Intersección,Bueno,Buena,Diurna,Buen Tiempo,Lateral,S/D,Colisión,Ninguna,Vertical,Línea divisoria pintada,Sin restricción
2020,6134,2020-08-04,Martes,22:00:00,,0.0,2,"Taxi/Remis,Moto/Ciclomotor",Mariano Moreno Bis Y Rivadavia,2,1,0,0,1,0,0,"-32.81756715044,-61.396193350224",Calle,,CAÑADA DE GÓMEZ,Iriondo,Asfalto,No existe,II,Dentro,Urbana,Ninguna,No existe,Intersección,Bueno,S/D,Nocturna,Buen Tiempo,Lateral,S/D,Colisión,Ninguna,S/D,Ninguna,Sin restricción
2020,6135,2020-08-28,Viernes,17:45:00,,0.0,2,"Moto/Ciclomotor,Automóvil",Cristobal Colon Y Junin,2,1,0,0,1,0,0,"-33.744265770558,-61.975691594895",Calle,,VENADO TUERTO,General LÓPEZ,Asfalto,No existe,VIII,Dentro,Urbana,Ninguna,No existe,Intersección,S/D,S/D,Diurna,S/D,S/D,S/D,Colisión,S/D,Faltante,Ninguna,S/D
2020,6136,2020-08-04,Martes,13:15:00,,0.0,2,"Automóvil,Moto/Ciclomotor",Calle 18-Belgrano Y Calle 21-Gdor. iriondo,2,1,0,0,1,0,0,"-29.147439545643,-59.646600466984",Calle,,RECONQUISTA,General Obligado,Asfalto,No existe,II,Dentro,Urbana,Paso Peatonal,No existe,Intersección,Bueno,Buena,Diurna,Buen Tiempo,S/D,S/D,Colisión,Ninguna,Horizontal,Ninguna,Sin restricción
2020,6137,2020-11-18,Miercoles,19:15:00,,0.0,2,"Moto/Ciclomotor,Moto/Ciclomotor",Juan D Peron Y Alberti,2,0,1,0,1,0,0,"-30.30262, -61.23917",Calle,,SAN CRISTÓBAL,San CRISTÓBAL,Ripio,No existe,XIII,S/D,Urbana,Ninguna,No existe,Intersección,Resbaladiza,Buena,Atardecer,Buen Tiempo,Lateral,S/D,Colisión,Material Suelto,Faltante,Ninguna,Sin restricción
2020,6138,2020-11-30,Lunes,00:30:00,,0.0,2,"Automóvil,Moto/Ciclomotor",Av A del Valle Y J Castelli,2,1,0,0,1,0,0,"    -31.60676, -60.69305",Avenida,,SANTA FE,La Capital,Asfalto,No existe,I,Dentro,Urbana,Ninguna,No existe,Intersección,Bueno,Reducida,Nocturna,Buen Tiempo,Lateral,S/D,Colisión,Ninguna,S/D,Ninguna,Sin restricción
2020,6139,2020-08-27,Jueves,18:00:00,,0.0,2,"Automóvil,Moto/Ciclomotor",Calle 16 Gral Obligado Y Calle 51-Rio Negro,2,1,0,0,1,0,0,"-29.163390398025516,-59.64792698621",Calle,,RECONQUISTA,General Obligado,S/D,No existe,IX,Dentro,Urbana,S/D,S/D,Intersección,S/D,S/D,Nocturna,S/D,S/D,S/D,Colisión,S/D,S/D,Ninguna,S/D
2020,6140,2020-08-13,Jueves,23:05:00,,0.0,2,"Automóvil,Moto/Ciclomotor",Hipolito Irigoyen Y Tomas Alva Edison,2,1,0,0,1,0,0,"-33.74984979629514,-61.976655721664",Avenida,,VENADO TUERTO,General LÓPEZ,Asfalto,No existe,VIII,Dentro,Urbana,Ninguna,No existe,Intersección,Bueno,Buena,"Nocturna,Con luz artificial",Buen Tiempo,Lateral,S/D,Colisión,Ninguna,Faltante,Ninguna,Sin restricción
2020,6141,2020-11-27,Viernes,19:10:00,,0.0,2,"Moto/Ciclomotor,Automóvil",J Castelli Y Mitre,2,1,0,0,1,0,0,"    -31.60901, -60.68266",Calle,,SANTA FE,La Capital,Asfalto,No existe,I,Dentro,Urbana,Ninguna,No existe,Intersección,Bueno,Buena,Atardecer,Buen Tiempo,Lateral,S/D,Colisión,Ninguna,S/D,Ninguna,Sin restricción
2020,6142,2020-11-18,Miercoles,11:15:00,,0.0,2,"Moto/Ciclomotor,Automóvil",Islas Malvinas Y Bv Mariano Moreno,2,1,0,0,1,0,0,"-30.36108, -61.91191",Calle,,SAN CRISTÓBAL,San CRISTÓBAL,Asfalto,Pavimento,XIII,S/D,Urbana,Ninguna,No existe,Intersección,Bueno,Buena,Diurna,Buen Tiempo,S/D,S/D,Colisión,Ninguna,S/D,Ninguna,Sin restricción
2020,6143,2020-08-05,Miercoles,01:45:00,,0.0,2,"Pickup/Utilitario,Bicicleta",Necochea Y Quintana,3,2,0,0,1,0,0,"-32.814543643458,-61.399706813679",Calle,,CAÑADA DE GÓMEZ,Iriondo,Asfalto,No existe,X,Dentro,Urbana,Ninguna,No existe,Intersección,Bueno,Buena,"Nocturna,Con luz artificial",Buen Tiempo,S/D,Ciclista,Atropello,Ninguna,Faltante,Ninguna,Sin restricción
2020,6144,2020-08-13,Jueves,17:15:00,,0.0,2,"Moto/Ciclomotor,Automóvil",Hipolito Irigoyen Y Tomas Alva Edison,3,2,0,0,1,0,0,"-33.74984979629514,-61.976655721664",Avenida,,VENADO TUERTO,General LÓPEZ,Asfalto,No existe,VIII,Dentro,Urbana,Ninguna,No existe,Intersección,Bueno,Buena,Diurna,Buen Tiempo,Lateral,S/D,Colisión,Ninguna,Faltante,Ninguna,Sin restricción
2020,6145,2020-08-27,Jueves,06:50:00,Autopista Nacional Rosario -Cordoba,0.0,2,"Automóvil,Camión", ,2,1,0,0,1,0,0,"-32.84253, -61.41534",Autopista,Rosario -Cordoba,CAÑADA DE GÓMEZ,Iriondo,Asfalto,Pavimento,X,Dentro,Rural,Marca Vial,No existe,Recta,S/D,S/D,Diurna,S/D,De alcance,S/D,Colisión,S/D,Horizontal,Vegetación,S/D
2020,6146,2020-11-18,Miercoles,20:00:00,,0.0,2,"Pickup/Utilitario,Bicicleta",Juan de Garay Y A castellanos,3,1,1,0,1,0,0,"-30.36508, -60.39761",Calle,,GOBERNADOR CRESPO,San Justo,Hormigón,No existe,XVI,Dentro,Urbana,Ninguna,No existe,Intersección,Bueno,Reducida,Atardecer,Buen Tiempo,S/D,Ciclista,Atropello,Ninguna,Faltante,Ninguna,Sin restricción
2020,6147,2020-08-05,Miercoles,16:55:00,,0.0,1,Bicicleta,Corrientes 100,1,1,0,0,0,0,0,"-33.736980438988,-61.956029343583",Calle,,VENADO TUERTO,General LÓPEZ,Tierra,No existe,VIII,Dentro,Urbana,Ninguna,No existe,Intersección,Bueno,Buena,Diurna,Buen Tiempo,Atropello animal,S/D,Colisión,Ninguna,Faltante,Ninguna,Sin restricción
2020,6148,2020-08-13,Jueves,20:00:00,,0.0,2,"Moto/Ciclomotor,Automóvil",Juan Lavalle Y Nicolas Avellaneda,4,2,0,0,2,0,0,"-33.740700103146,-61.975458765995",Calle,,VENADO TUERTO,General LÓPEZ,Asfalto,No existe,VIII,Dentro,Urbana,Ninguna,No existe,Intersección,Bueno,S/D,Nocturna,Buen Tiempo,Lateral,S/D,Colisión,S/D,Faltante,Ninguna,Sin restricción
2020,6149,2020-11-29,Domingo,22:30:00,,0.0,2,"Pickup/Utilitario,Bicicleta",Av Gral Paz Y J M Zuviria,2,1,0,0,1,0,0,"    -31.61992, -60.68565",Avenida,,SANTA FE,La Capital,Asfalto,No existe,I,Dentro,Urbana,Ninguna,No existe,Intersección,Bueno,Reducida,Nocturna,Buen Tiempo,S/D,Ciclista,Atropello,Ninguna,S/D,Ninguna,Sin restricción
2020,6150,2020-11-18,Miercoles,16:50:00,,0.0,2,"Automóvil,Bicicleta",Tucuman 2600,2,1,0,0,1,0,0,"-31.64679, -60.70676",Calle,,SANTA FE,La Capital,Asfalto,Pavimento,I,Dentro,Urbana,Ninguna,No existe,Recta,Bueno,Buena,Diurna,Buen Tiempo,S/D,Ciclista,Atropello,Ninguna,Faltante,Ninguna,Sin restricción
2020,6151,2020-11-18,Miercoles,10:00:00,,0.0,2,"Automóvil,Pickup/Utilitario",Av Fuerza Aerea Y Los Pumas,2,1,0,0,1,0,0,"-32.92867, -60.79955",Avenida,,FUNES,Rosario,Asfalto,Ripio,II,Dentro,Urbana,Ninguna,No existe,Intersección,Bueno,Buena,Diurna,Buen Tiempo,Frontal,S/D,Colisión,Ninguna,Vertical,Línea divisoria pintada,Sin restricción
2020,6152,2020-11-24,Martes,20:00:00,,0.0,2,"Bicicleta,Automóvil",Av Almte Brown Y Regis Martinez,2,1,0,0,1,0,0,"    -31.62336, -60.67878",Avenida,,SANTA FE,La Capital,Asfalto,No existe,I,Dentro,Urbana,Ninguna,No existe,Recta,Bueno,Reducida,Nocturna,Buen Tiempo,S/D,Ciclista,Atropello,Ninguna,S/D,Ninguna,Sin restricción
2020,6153,2020-11-18,Miercoles,21:15:00,,0.0,2,"Automóvil,Moto/Ciclomotor",Lavalle 470,2,1,1,0,0,0,0,"-33.00784, -60.61339",S/D,,VILLA GOBERNADOR GÁLVEZ,Rosario,Asfalto,S/D,II,S/D,S/D,Ninguna,S/D,Recta,Bueno,Buena,"Nocturna,Con luz artificial",Buen Tiempo,De alcance,S/D,Colisión,Ninguna,Faltante,Ninguna,Sin restricción
2020,6154,2020-11-18,Miercoles,20:30:00,,0.0,2,"Automóvil,Automóvil",La Paz Y Av. Provincias Unidas,5,2,3,0,0,0,0,"-32.95571, -60.71191",Calle,,ROSARIO,Rosario,Asfalto,Pavimento,II,S/D,Urbana,Ninguna,No existe,Intersección,Bueno,Buena,"Nocturna,Con luz artificial",Buen Tiempo,Otro,S/D,Colisión,Ninguna,Faltante,Ninguna,Sin restricción
2020,6155,2020-11-30,Lunes,20:20:00,,0.0,2,"Pickup/Utilitario,Bicicleta",Javier de la Rosa Y Av Almte Brown,2,2,0,0,0,0,0,"    -31.60488, -60.66598",Avenida,,SANTA FE,La Capital,S/D,No existe,I,Dentro,Urbana,Ninguna,No existe,Otro,Otro,Reducida,"Nocturna,Con luz artificial",Otro,Otro,S/D,Otro,Otro,Faltante,Ninguna,Sin restricción
2020,6156,2020-08-05,Miercoles,18:45:00,,0.0,2,"Pickup/Utilitario,Bicicleta",Bernardino Rivadavia Y Juan Lavalle,2,1,0,0,1,0,0,"-33.754076513733,-61.965001762688",Calle,,VENADO TUERTO,General LÓPEZ,Asfalto,No existe,VIII,Dentro,Urbana,Ninguna,No existe,Intersección,Bueno,Buena,Atardecer,Buen Tiempo,S/D,Ciclista,Atropello,Ninguna,Horizontal,Ninguna,Sin restricción
2020,6157,2020-11-18,Miercoles,18:00:00,,0.0,2,"Moto/Ciclomotor,Automóvil",Ayacucho Y Reg.11 de Infanteria,2,1,0,0,1,0,0,"-32.99842, -60.63644",Calle,,ROSARIO,Rosario,Asfalto,No existe,II,Dentro,Urbana,Ninguna,No existe,Intersección,Bueno,S/D,S/D,Buen Tiempo,Lateral,S/D,Colisión,S/D,S/D,Ninguna,Sin restricción
2020,6158,2020-08-05,Miercoles,18:55:00,,0.0,2,"Moto/Ciclomotor,Automóvil",Alberdi Juan Bautista Y Ituzaingo,2,1,0,0,1,0,0,"-33.755925333559,-61.966069110212",Calle,,VENADO TUERTO,General LÓPEZ,Asfalto,No existe,VIII,Dentro,Urbana,Ninguna,No existe,Intersección,Bueno,Buena,Diurna,Buen Tiempo,S/D,S/D,Colisión,Ninguna,Faltante,Ninguna,Sin restricción
2020,6159,2020-08-26,Miercoles,19:00:00,Ruta Nacional 11,0.0,2,"Moto/Ciclomotor,Automóvil",30 de Abril Y Ruta Nacional 11,2,1,0,0,1,0,0,"-31.496633291244507,-60.73262035846",Ruta,11,RECREO,La Capital,Asfalto,Ripio,I,Dentro,Urbana,Marca Vial,No existe,Intersección,S/D,S/D,Diurna,S/D,S/D,S/D,Colisión,S/D,Horizontal,Línea divisoria pintada,S/D
2020,6160,2020-11-18,Miercoles,21:50:00,,0.0,2,"Moto/Ciclomotor,Automóvil",Ayacucho Y Centenario,2,1,0,0,1,0,0,"-33.00387, -60.63598",Calle,,ROSARIO,Rosario,Asfalto,No existe,II,Dentro,Urbana,Ninguna,No existe,Intersección,Bueno,Buena,"Nocturna,Con luz artificial",Buen Tiempo,Lateral,S/D,Colisión,Ninguna,Faltante,Ninguna,Sin restricción
2020,6161,2020-08-05,Miercoles,19:30:00,,0.0,1,Moto/Ciclomotor,Cayetano Silva Y San Luis,2,2,0,0,0,0,0,"-33.749914214645,-61.94496082873",Calle,,VENADO TUERTO,General LÓPEZ,Tierra,No existe,VIII,Dentro,Urbana,Ninguna,No existe,Intersección,Bueno,Buena,Diurna,Buen Tiempo,S/D,S/D,Cañda ocupante,Ninguna,Faltante,Ninguna,Sin restricción
2020,6162,2020-11-27,Viernes,19:00:00,,0.0,2,"Automóvil,Moto/Ciclomotor",Los Nogales Y Las Acacias,2,1,0,0,1,0,0,"    -31.57246, -60.68576",Calle,,SANTA FE,La Capital,S/D,No existe,I,Dentro,Urbana,Ninguna,No existe,Otro,Otro,Reducida,Diurna,Otro,Otro,S/D,Otro,Otro,Faltante,Ninguna,Sin restricción
2020,6163,2020-08-13,Jueves,,,0.0,2,"Automóvil,Moto/Ciclomotor",Av Luis Fanti ,2,1,0,0,1,0,0,"-31.259774, -61.506727",Avenida,,RAFAELA,Castellanos,Asfalto,Natural,V,Dentro,Urbana,Ninguna,Funciona,Rotonda,Bueno,Buena,Diurna,Buen Tiempo,De alcance,S/D,Colisión,Ninguna,"Horizontal,Vertical",Cordón divisorio,Sin restricción
2020,6164,2020-08-05,Miercoles,,,0.0,2,"Automóvil,Peatón",Bernardino Rivadavia Y Bernardo de Monteagudo,2,1,0,0,1,0,0,"-33.759024012062,-61.974098571325",Calle,,VENADO TUERTO,General LÓPEZ,Asfalto,No existe,VIII,Dentro,Urbana,Ninguna,No existe,Intersección,Bueno,Buena,Diurna,Buen Tiempo,S/D,Peatón,Atropello,Ninguna,Faltante,Ninguna,Sin restricción
2020,6165,2020-11-18,Miercoles,11:05:00,,0.0,2,"Automóvil,Automóvil",Av. Uriburu Y San Martin,3,1,0,0,2,0,0,"-32.99061, -60.64659",Avenida,,ROSARIO,Rosario,Asfalto,No existe,II,Dentro,Urbana,Semáforo,Funciona,Intersección,Bueno,Buena,Diurna,Buen Tiempo,Lateral,S/D,Colisión,Ninguna,Faltante,Cordón divisorio,Sin restricción
2020,6166,2020-08-26,Miercoles,,,0.0,2,"Bicicleta,Automóvil",Buenos Aires Y Mendoza,2,1,0,0,1,0,0,"-32.952473569195,-60.633997204012",Calle,,ROSARIO,Rosario,Asfalto,No existe,II,Dentro,Urbana,Ninguna,No existe,Intersección,S/D,S/D,Diurna,S/D,S/D,Ciclista,Atropello,S/D,Faltante,Ninguna,S/D
2020,6167,2020-08-06,Jueves,,Ruta Provincial 70,0.0,2,"Moto/Ciclomotor,Pickup/Utilitario",Bv Santa Fe Y Lavalle,2,1,0,0,1,0,0,"-31.252701702741,-61.490659646664",Ruta,70,RAFAELA,Castellanos,Asfalto,No existe,V,Dentro,Urbana,Paso Peatonal,No existe,Intersección,Bueno,Buena,Atardecer,Buen Tiempo,S/D,S/D,Colisión,Ninguna,Horizontal,Cordón divisorio,Sin restricción
2020,6168,2020-11-27,Viernes,13:30:00,,0.0,2,"Moto/Ciclomotor,Automóvil",25 de Mayo Y Azcuenaga,2,2,0,0,0,0,0,"    -31.59482, -60.69051",Calle,,SANTA FE,La Capital,S/D,Pavimento,I,Dentro,Urbana,Ninguna,No existe,Paso a Nivel FFCC,Otro,Reducida,Diurna,Otro,Otro,S/D,Otro,Otro,Faltante,Ninguna,Sin restricción
2020,6169,2020-11-19,Jueves,02:10:00,,0.0,1,Automóvil,Av. Belgrano 900,3,0,2,0,1,0,0,"-32.94347, -60.63412",Avenida,,ROSARIO,Rosario,Asfalto,S/D,II,S/D,Urbana,S/D,Intermitente,Recta,Bueno,Reducida,Nocturna,S/D,S/D,S/D,S/D,S/D,S/D,S/D,S/D
2020,6170,2020-08-13,Jueves,23:00:00,Ruta Provincial 1,0.0,1,Camión c / Acoplado, ,1,1,0,0,0,0,0,"-29.207408, -59.659121",Ruta,1,AVELLANEDA,General Obligado,Asfalto,Natural,II,Dentro,Rural,Ninguna,No existe,Recta,Bueno,Buena,Nocturna,Buen Tiempo,S/D,S/D,Vuelco,Ninguna,Faltante,Ninguna,Sin restricción
2020,6171,2020-08-07,Viernes,,,0.0,2,"Moto/Ciclomotor,Moto/Ciclomotor", ,2,1,0,0,1,0,0,"-31.244536245042,-61.482454696348",Avenida,,RAFAELA,Castellanos,Asfalto,No existe,V,Dentro,Urbana,Ninguna,No existe,Intersección,Bueno,Buena,Diurna,Buen Tiempo,S/D,S/D,Colisión,Ninguna,Faltante,Ninguna,Sin restricción
2020,6172,2020-08-25,Martes,18:45:00,Ruta Provincial 6,0.0,2,"Bicicleta,Otros", ,2,1,0,0,1,0,0,"-31.7142690718174,-61.0895861685276",Ruta,6,SAN CARLOS CENTRO,Las Colonias,Asfalto,Natural,XI,S/D,S/D,Marca Vial,No existe,Recta,S/D,S/D,Diurna,S/D,S/D,Ciclista,Atropello,S/D,Horizontal,Línea divisoria pintada,S/D
2020,6173,2020-08-14,Viernes,09:20:00,,0.0,2,"Moto/Ciclomotor,Moto/Ciclomotor",Chacabuco Y Santa Fe,2,2,0,0,0,0,0,"-33.743236077604,-61.95772507542",Calle,,VENADO TUERTO,General LÓPEZ,Asfalto,No existe,VIII,Dentro,Urbana,Ninguna,No existe,Intersección,Bueno,Buena,Diurna,Buen Tiempo,Lateral,S/D,Colisión,Ninguna,Faltante,Ninguna,Sin restricción
2020,6174,2020-08-07,Viernes,,,0.0,2,"Moto/Ciclomotor,Automóvil",MITRE ,2,1,0,0,1,0,0,"-31.087824269919,-61.902876514575",Calle,,RAMONA,Castellanos,S/D,S/D,V,Dentro,Urbana,S/D,S/D,Intersección,S/D,S/D,S/D,S/D,S/D,S/D,Colisión,S/D,S/D,S/D,S/D
2020,6175,2020-11-19,Jueves,21:30:00,,0.0,2,"Moto/Ciclomotor,Automóvil",Maipu Y Moreno,2,1,0,0,1,0,0,"-31.30536, -60.66047",Calle,,LAGUNA PAIVA,La Capital,Asfalto,No existe,I,Dentro,Urbana,Ninguna,No existe,Intersección,Bueno,Buena,"Nocturna,Con luz artificial",Buen Tiempo,Lateral,S/D,Colisión,Ninguna,Faltante,Ninguna,Sin restricción
2020,6176,2020-08-25,Martes,,Ruta Nacional 34,397.8,2,"Camión,Pickup/Utilitario", ,2,1,0,0,1,0,0,"-29.807907, -62.015166",Ruta,34,CERES,San CRISTÓBAL,Asfalto,Natural,XIII,Dentro,Rural,Marca Vial,No existe,Recta,S/D,S/D,Nocturna,S/D,Lateral,S/D,Colisión,S/D,Horizontal,Línea divisoria pintada,S/D
2020,6178,2020-11-19,Jueves,09:30:00,Autopista Nacional A008,9.0,2,"Taxi/Remis,Camión c / Acoplado", ,2,1,0,0,1,0,0,"-32.94059, -60.72266",Autopista,A008,ROSARIO,Rosario,Asfalto,No existe,II,Dentro,Urbana,S/D,No existe,Recta,Bueno,Buena,Diurna,Buen Tiempo,Lateral,S/D,Colisión,Ninguna,S/D,S/D,Reparación de Va