anio_acci,nro_acci,fecha,desc_dia,hora_aprox,desc_ruta,km,cant_participantes,desc_participante,calle_avenida_km,total,heridos_leves,heridos_graves,heridos_gravisimos,ilesos,fallecidos,sin_datos,posicion_XY,desc_tipo_via,desc_ruta_ori,desc_loc,desc_dpto,desc_tipo_calzada,desc_tipo_banquina,desc_unidad_regional,desc_lugar_calzada,desc_zona,desc_prioridad,desc_estado_semaforo,desc_lugar_via,desc_estado_via,desc_estado_visibilidad,desc_luminosidad,desc_estado_clima,desc_tipo_colision,desc_tipo_atropello,desc_tipo_hecho,desc_pres_calzada,desc_senializacion,desc_separacion_via,desc_restriccion
2020,6307,2020-09-28,Lunes,16:30:00,,0.0,2,"Moto/Ciclomotor,Pickup/Utilitario",Av. Pte.Peron Y Lima,2,1,0,0,1,0,0,"-32.958174246412,-60.688206981828",Avenida,,ROSARIO,Rosario,Asfalto,No existe,II,Dentro,Urbana,Paso Peatonal,No existe,Intersección,Bueno,Buena,Diurna,Buen Tiempo,S/D,S/D,Colisión,Ninguna,Horizontal,Cordón divisorio,Sin restricción
2020,6308,2020-11-26,Jueves,21:20:00,,0.0,1,Moto/Ciclomotor,Salta 1300,2,1,1,0,0,0,0,"    -30.30941, -61.22781",Calle,,SAN CRISTÓBAL,San CRISTÓBAL,Asfalto,S/D,XIII,S/D,Urbana,S/D,S/D,Recta,Bueno,Reducida,Nocturna,Buen Tiempo,Atropello animal,S/D,Colisión,S/D,S/D,S/D,S/D
2020,6309,2020-11-24,Martes,14:20:00,,0.0,2,"Bicicleta,Automóvil",Buenos Aires Y Cordoba,2,1,0,0,1,0,0,"    -32.56725, -61.77026",Calle,,MONTES DE OCA,Belgrano,S/D,S/D,III,S/D,Urbana,Ninguna,No existe,Cruce,S/D,Buena,Diurna,Buen Tiempo,Lateral,Ciclista,Atropello,S/D,Faltante,Ninguna,Sin restricción
2020,6310,2020-02-11,Martes,,Autopista Nacional A008,27.0,1,Moto/Ciclomotor,Av. Circunvalacion Y Av. Uriburu,1,0,0,0,0,1,0,"-32.99236,-60.70277",Autopista,A008,ROSARIO,Rosario,Asfalto,No existe,II,S/D,Rural,Ninguna,No existe,Intersección,Bueno,S/D,S/D,S/D,S/D,S/D,S/D,S/D,Faltante,"Guardarrail,S/D",Sin restricción
2020,6311,2020-11-26,Jueves,23:00:00,Ruta Provincial 65,101.0,1,Automóvil, ,1,1,0,0,0,0,0,"    -32.42952, -61.8905",Ruta,65,BOUQUET,Belgrano,Asfalto,No existe,III,S/D,Rural,Ninguna,No existe,Curva,Bueno,Reducida,Nocturna,Buen Tiempo,S/D,S/D,Vuelco,Ninguna,Faltante,Línea divisoria pintada,Sin restricción
2020,6312,2020-02-15,Sabado,,,0.0,2,"Otros,Peatón", ,2,0,0,0,0,1,1,"-32.95243530892894, -60.66822616376",S/D,,ROSARIO,Rosario,S/D,S/D,II,S/D,S/D,S/D,S/D,S/D,S/D,S/D,S/D,S/D,S/D,Peatón,Atropello,S/D,S/D,S/D,S/D
2020,6313,2020-11-30,Lunes,19:30:00,,0.0,2,"Automóvil,Peatón",Uruguay ,2,1,0,0,1,0,0,"    -31.42128, -60.33566",Calle,,SANTA ROSA DE CALCHINES,Garay,Asfalto,Pavimento,VII,Dentro,Urbana,Ninguna,No existe,Recta,Bueno,Buena,Nocturna,Buen Tiempo,S/D,Peatón,Atropello,Ninguna,Faltante,S/D,Sin restricción
2020,6314,2020-11-28,Sabado,12:15:00,,0.0,2,"Pickup/Utilitario,Moto/Ciclomotor",Rivadavia Y Crespo,2,0,1,0,1,0,0,"    -31.13581, -60.99112",Calle,,PROGRESO,Las Colonias,Asfalto,No existe,XI,Dentro,Urbana,Ninguna,No existe,Intersección,Bueno,Buena,Diurna,Buen Tiempo,Lateral,S/D,Colisión,Material Suelto,S/D,Ninguna,Sin restricción
2020,6315,2020-11-25,Miercoles,18:45:00,,0.0,2,"Automóvil,Automóvil", ,5,2,0,0,3,0,0,"    -31.39903, -61.08197",Calle,,HUMBOLDT,Las Colonias,Tierra,Natural,XI,S/D,Rural,Ninguna,No existe,Intersección,Bueno,Buena,Atardecer,Buen Tiempo,S/D,S/D,Colisión,Ninguna,Faltante,S/D,Sin restricción
2020,6316,2020-11-25,Miercoles,18:00:00,,0.0,2,"Moto/Ciclomotor,Pickup/Utilitario",Rivadavia ,2,1,0,0,1,0,0,"    -31.43882, -60.92518",Calle,,ESPERANZA,Las Colonias,Asfalto,No existe,XI,Dentro,Urbana,S/D,S/D,Intersección,Bueno,S/D,Diurna,S/D,Lateral,S/D,Colisión,Ninguna,S/D,Ninguna,Sin restricción
2020,6317,2020-11-26,Jueves,20:50:00,,0.0,1,Moto/Ciclomotor,3 de Febrero 1800,1,1,0,0,0,0,0,"    -31.44661, -60.93273",Calle,,ESPERANZA,Las Colonias,Asfalto,No existe,XI,Dentro,Urbana,S/D,No existe,Recta,Resbaladiza,Buena,"Nocturna,Con luz artificial",Buen Tiempo,S/D,S/D,Cañda ocupante,Otro,Faltante,Ninguna,Sin restricción
2020,6318,2020-09-26,Sabado,11:20:00,,0.0,2,"Automóvil,Moto/Ciclomotor",Bv. Segui Y Camilo Aldao,3,1,1,0,1,0,0,"-32.970468244672,-60.694799458315",Avenida,,ROSARIO,Rosario,Asfalto,No existe,II,Dentro,Urbana,Ninguna,No existe,Intersección,Bueno,Buena,Diurna,Buen Tiempo,S/D,S/D,Colisión,Ninguna,Faltante,Cordón divisorio,Sin restricción
2020,6319,2020-09-02,Miercoles,,,0.0,1,Bicicleta,Av Lopez y Planes Y Iturraspe,1,1,0,0,0,0,0,"-31.626410682333,-60.713783660889",Avenida,,SANTA FE,La Capital,Asfalto,No existe,I,Dentro,Urbana,Paso Peatonal,Funciona,Recta,Bueno,S/D,S/D,Buen Tiempo,S/D,S/D,Cañda ocupante,Ninguna,"Horizontal,Vertical",Cordón divisorio,Sin restricción
2020,6320,2020-09-23,Miercoles,08:00:00,,0.0,2,"Moto/Ciclomotor,Automóvil",Cerrito Y Larrea,4,2,0,0,2,0,0,"-32.952906373376,-60.696769270641",Calle,,ROSARIO,Rosario,Asfalto,No existe,II,Dentro,Urbana,Ninguna,No existe,Intersección,Bueno,Buena,Diurna,Buen Tiempo,S/D,S/D,Colisión,Ninguna,Faltante,Ninguna,Sin restricción
2020,6321,2020-09-06,Domingo,18:20:00,,0.0,1,Moto/Ciclomotor,Av Pte Peron Y Ecuador,1,1,0,0,0,0,0,"-31.619593418352,-60.718490033087",Avenida,,SANTA FE,La Capital,Asfalto,No existe,I,Dentro,Urbana,Ninguna,Funciona,Intersección,Bueno,Buena,Diurna,Buen Tiempo,S/D,S/D,Cañda ocupante,Ninguna,Vertical,Cordón divisorio,Sin restricción
2020,6322,2020-09-29,Martes,01:50:00,,0.0,2,"Peatón,Automóvil",Ricardo Rojas 2178,2,1,0,0,1,0,0,"-32.955054445672,-60.724937301438",Calle,,ROSARIO,Rosario,Asfalto,No existe,II,Dentro,Urbana,Ninguna,No existe,Recta,Bueno,Buena,Nocturna,Buen Tiempo,S/D,Peatón,Atropello,Ninguna,Faltante,Ninguna,Sin restricción
2020,6323,2020-09-07,Lunes,07:45:00,,0.0,2,"Moto/Ciclomotor,Pickup/Utilitario",Iturraspe Y Saavedra,2,1,0,0,1,0,0,"-31.627163932887,-60.710511478103",Calle,,SANTA FE,La Capital,Asfalto,No existe,I,Dentro,Urbana,Otra Señal,No existe,Intersección,Bueno,Buena,Diurna,Buen Tiempo,Lateral,S/D,Colisión,Ninguna,Vertical,Ninguna,Sin restricción
2020,6324,2020-09-25,Viernes,16:40:00,,0.0,2,"Automóvil,Moto/Ciclomotor",Camilo Aldao Y Ocampo,2,1,0,0,1,0,0,"-32.957575570383,-60.695301858963",Calle,,ROSARIO,Rosario,Asfalto,No existe,II,Dentro,Urbana,Señal Pare,No existe,Intersección,Bueno,Buena,Diurna,Buen Tiempo,S/D,S/D,Colisión,Ninguna,Vertical,Ninguna,Sin restricción
2020,6325,2020-09-09,Miercoles,12:45:00,,0.0,2,"Moto/Ciclomotor,Automóvil",Av Lopez y Planes Y Fray C Rodriguez,2,1,0,0,1,0,0,"-31.618742312868,-60.713461647208",Avenida,,SANTA FE,La Capital,Asfalto,No existe,I,Dentro,Urbana,Semáforo,Funciona,Intersección,Bueno,Buena,Diurna,Buen Tiempo,Lateral,S/D,Colisión,Ninguna,"Horizontal,Vertical",Cordón divisorio,Sin restricción
2020,6326,2020-09-19,Sabado,23:05:00,Autopista Nacional A008,0.0,2,"Moto/Ciclomotor,Automóvil",Av. Circunvalacion Y Av. Pte.Peron,2,0,1,0,1,0,0,"-32.970337162875,-60.716091144135",Autopista,A008,ROSARIO,Rosario,Asfalto,No existe,II,Dentro,Urbana,Semáforo,Funciona,Intersección,Bueno,Buena,"Nocturna,Con luz artificial",Buen Tiempo,S/D,S/D,Colisión,Ninguna,Vertical,Cordón divisorio,Sin restricción
2020,6327,2020-09-16,Miercoles,12:45:00,,0.0,2,"Automóvil,Moto/Ciclomotor",Cochabamba Y Servando Bayo,3,0,2,0,1,0,0,"-32.950106719729,-60.687592317031",Calle,,ROSARIO,Rosario,Asfalto,No existe,II,Dentro,Urbana,Ninguna,No existe,Intersección,Bueno,Buena,Diurna,Buen Tiempo,S/D,S/D,Colisión,Ninguna,Faltante,Ninguna,Sin restricción
2020,6328,2020-11-27,Viernes,18:35:00,,0.0,2,"Moto/Ciclomotor,Automóvil",25 de Mayo Y Domingo Faustino Sarmiento,2,1,0,0,1,0,0,"    -31.44786, -60.93111",Calle,,ESPERANZA,Las Colonias,Asfalto,No existe,XI,Dentro,Urbana,Ninguna,No existe,Intersección,Bueno,S/D,Diurna,Buen Tiempo,Lateral,S/D,Colisión,Ninguna,S/D,Ninguna,Sin restricción
2020,6329,2020-09-11,Viernes,19:00:00,,0.0,2,"Moto/Ciclomotor,Pickup/Utilitario",Av Blas Parera Y Fray C Rodriguez,2,1,0,0,1,0,0,"-31.61814272403719,-60.716848969459",Avenida,,SANTA FE,La Capital,Asfalto,No existe,I,Dentro,Urbana,Ninguna,Funciona,Intersección,Bueno,Buena,Atardecer,Buen Tiempo,Lateral,S/D,Colisión,Ninguna,Faltante,Línea divisoria pintada,Sin restricción
2020,6330,2020-09-13,Domingo,02:00:00,Autopista Nacional A008,0.0,2,"Moto/Ciclomotor,Automóvil",Av de Circunvalacion Y Av Gral San Martin,2,0,1,0,1,0,0,"-33.01669880747795,-60.633826553821",Autopista,A008,VILLA GOBERNADOR GÁLVEZ,Rosario,Asfalto,No existe,II,Dentro,Urbana,Ninguna,Intermitente,Intersección,Bueno,Buena,"Nocturna,Con luz artificial",Buen Tiempo,Lateral,S/D,Colisión,Ninguna,Vertical,Ninguna,Sin restricción
2020,6331,2020-11-21,Sabado,21:35:00,,0.0,2,"Peatón,Moto/Ciclomotor",Belgrano 400,2,1,1,0,0,0,0,"-30.715579160488,-61.462912611949",Calle,,MOISES VILLE,San CRISTÓBAL,Tierra,No existe,XIII,Dentro,Urbana,Ninguna,No existe,Recta,Con baches,Buena,"Nocturna,Con luz artificial",Buen Tiempo,S/D,Peatón,Atropello,Ninguna,Faltante,Ninguna,Sin restricción
2020,6332,2020-09-14,Lunes,14:30:00,,0.0,2,"Pickup/Utilitario,Bicicleta",Av. Carlos Colombres Y P.Rivarola,2,1,0,0,1,0,0,"-32.966174228332,-60.724752212708",Avenida,,ROSARIO,Rosario,Asfalto,No existe,II,Dentro,Urbana,Señal Pare,No existe,Intersección,Bueno,Buena,Diurna,Buen Tiempo,S/D,Ciclista,Atropello,Ninguna,Vertical,Ninguna,Sin restricción
2020,6333,2020-09-13,Domingo,20:50:00,Ruta Nacional 33,0.0,2,"Moto/Ciclomotor,Pickup/Utilitario",AV PTE PERON Y JOSE M. ROSA,3,1,1,0,1,0,0,"-32.970679, -60.716742",Ruta,33,ROSARIO,Rosario,Asfalto,No existe,II,Dentro,Urbana,Semáforo,Funciona,Intersección,Bueno,Buena,"Nocturna,Con luz artificial",Buen Tiempo,Lateral,S/D,Colisión,Ninguna,Vertical,Cordón divisorio,Sin restricción
2020,6334,2020-09-12,Sabado,17:20:00,,0.0,2,"Moto/Ciclomotor,Automóvil",Iturraspe Y Saavedra,2,1,0,0,1,0,0,"-31.627163932887,-60.710511478103",Calle,,SANTA FE,La Capital,Asfalto,No existe,I,Dentro,Urbana,Ninguna,No existe,Intersección,Bueno,Buena,Diurna,Buen Tiempo,Lateral,S/D,Colisión,Ninguna,Faltante,Ninguna,Sin restricción
2020,6335,2020-11-21,Sabado,19:30:00,,0.0,2,"Moto/Ciclomotor,Otros",Av Milano Y Hipolito Vieytes,2,1,0,0,1,0,0,"-29.87701, -61.94736",Avenida,,CERES,San CRISTÓBAL,Hormigón,No existe,XIII,Dentro,Urbana,Ninguna,No existe,Intersección,Bueno,Buena,Diurna,Buen Tiempo,Lateral,S/D,Colisión,Ninguna,Horizontal,"Cordón divisorio,Vegetación",Sin restricción
2020,6336,2020-11-30,Lunes,06:45:00,,0.0,2,"Pickup/Utilitario,Moto/Ciclomotor",General Manuel Belgrano Y A Gabarret,2,0,0,0,1,1,0,"-31.43649, -60.92552",Calle,,ESPERANZA,Las Colonias,Asfalto,No existe,XI,Dentro,Urbana,Ninguna,No existe,Intersección,Bueno,Buena,"Nocturna,Con luz artificial",Buen Tiempo,Lateral,S/D,Colisión,Ninguna,Faltante,Ninguna,Sin restricción
2020,6337,2020-09-11,Viernes,08:40:00,,0.0,2,"Moto/Ciclomotor,Peatón",Bv. 27 De Febrero Y Bv. Avellaneda,3,1,0,0,2,0,0,"-32.960321199993,-60.684593378268",Avenida,,ROSARIO,Rosario,Asfalto,No existe,II,Dentro,Urbana,Semáforo,Funciona,Intersección,Bueno,Buena,Diurna,Buen Tiempo,S/D,Peatón,Atropello,Ninguna,Vertical,Cordón divisorio,Sin restricción
2020,6338,2020-11-21,Sabado,16:00:00,,0.0,2,"Moto/Ciclomotor,Automóvil",Avenida de Mayo Y Laprida,2,1,0,0,1,0,0,"-29.87718, -61.93934",Avenida,,CERES,San CRISTÓBAL,Hormigón,No existe,XIII,Dentro,Urbana,Ninguna,No existe,Recta,Bueno,Reducida,"Nocturna,Con luz artificial",Buen Tiempo,De alcance,S/D,Colisión,Ninguna,Faltante,Vegetación,Sin restricción
2020,6339,2020-09-18,Viernes,09:00:00,,0.0,2,"Peatón,Automóvil",Artigas 3921,2,1,0,0,1,0,0,"-31.620662023516,-60.717847844918",Calle,,SANTA FE,La Capital,Asfalto,No existe,I,Dentro,Urbana,Ninguna,No existe,Recta,Bueno,Buena,Diurna,Buen Tiempo,S/D,Peatón,Atropello,Ninguna,Faltante,Ninguna,Sin restricción
2020,6340,2020-09-18,Viernes,16:50:00,Autopista Nacional A008,0.0,1,Moto/Ciclomotor,Av. Circunvalacion Y Av. Pellegrini,2,0,1,0,1,0,0,"-32.94882416725159,-60.721888840198",Autopista,A008,ROSARIO,Rosario,Asfalto,Pavimento,II,Dentro,Urbana,Marca Vial,No existe,Recta,Bueno,Buena,Atardecer,Buen Tiempo,Contra objeto fijo,S/D,Colisión,Ninguna,Horizontal,Guardarrail,Sin restricción
2020,6341,2020-09-09,Miercoles,08:20:00,,0.0,2,"Automóvil,Automóvil",Bv. Segui Y Camilo Aldao,5,4,1,0,0,0,0,"-32.970468244672,-60.694799458315",Avenida,,ROSARIO,Rosario,Asfalto,No existe,II,Dentro,Urbana,Ninguna,No existe,Intersección,Bueno,Buena,Diurna,Buen Tiempo,S/D,S/D,Colisión,Ninguna,Faltante,Cordón divisorio,Sin restricción
2020,6342,2020-11-21,Sabado,01:00:00,Ruta Provincial 2,203.0,2,"Pickup/Utilitario,Camión Chasis", ,3,1,0,0,2,0,0,"-30.25691, -61.21358",Ruta,2,SAN CRISTÓBAL,San CRISTÓBAL,Asfalto,Natural,XIII,Dentro,Rural,Ninguna,No existe,Curva,Bueno,Reducida,Nocturna,Buen Tiempo,Lateral,S/D,Colisión,Ninguna,Faltante,Ninguna,S/D
2020,6343,2020-09-18,Viernes,18:30:00,,0.0,2,"Moto/Ciclomotor,Pickup/Utilitario",Av Blas Parera Y M De Polonia,2,1,0,0,1,0,0,"-31.614064644618,-60.717773095057",Avenida,,SANTA FE,La Capital,Asfalto,No existe,I,Dentro,Urbana,Ninguna,No existe,Intersección,Bueno,Buena,Atardecer,Buen Tiempo,Lateral,S/D,Colisión,Ninguna,Faltante,"Cordón divisorio,Vegetación",Sin restricción
2020,6344,2020-11-30,Lunes,11:15:00,,0.0,2,"Moto/Ciclomotor,Automóvil",Marcos Avellaneda ,2,1,0,0,1,0,0,"    -31.45391, -60.9324",Calle,,ESPERANZA,Las Colonias,Asfalto,No existe,XI,Dentro,Urbana,Ninguna,No existe,Recta,Bueno,Buena,Diurna,Buen Tiempo,De alcance,S/D,Colisión,Ninguna,Faltante,Ninguna,Sin restricción
2020,6345,2020-11-21,Sabado,14:20:00,,0.0,2,"Automóvil,Moto/Ciclomotor",Ituzaingo Y Rivadavia,2,0,1,0,1,0,0,"-29.88868, -60.29068",Calle,,CALCHAQUÍ,Vera,Ripio,No existe,XIX,Dentro,Urbana,Ninguna,No existe,Intersección,Deteriorada,Buena,Diurna,Buen Tiempo,De alcance,S/D,Colisión,Ninguna,Faltante,Ninguna,Sin restricción
2020,6346,2020-09-07,Lunes,,,0.0,2,"Moto/Ciclomotor,Pickup/Utilitario",Av. De Las Palmeras 8600,2,1,0,0,1,0,0,"-32.974036173291,-60.734476503777",Avenida,,ROSARIO,Rosario,Asfalto,No existe,II,Dentro,Urbana,Ninguna,No existe,Intersección,Bueno,Buena,Diurna,Buen Tiempo,S/D,S/D,Colisión,Ninguna,Faltante,Ninguna,Sin restricción
2020,6347,2020-09-22,Martes,18:30:00,,0.0,2,"Peatón,Moto/Ciclomotor",Av Pte Peron Y Padre Catena,2,1,0,0,0,0,1,"-31.629908791951,-60.717989595436",Avenida,,SANTA FE,La Capital,Asfalto,No existe,I,Dentro,Urbana,Semáforo,Funciona,Intersección,Bueno,Buena,Atardecer,Buen Tiempo,S/D,Peatón,Atropello,Ninguna,"Horizontal,Vertical",Cordón divisorio,Sin restricción
2020,6348,2020-11-21,Sabado,19:25:00,Ruta Nacional 11,364.0,2,"Moto/Ciclomotor,Bicicleta", ,2,2,0,0,0,0,0,"-29.87322, -60.28501",Ruta,11,CALCHAQUÍ,Vera,Asfalto,Natural,XIX,Dentro,Urbana,Ninguna,No existe,Cruce,Con baches,Buena,Atardecer,Buen Tiempo,S/D,Ciclista,Atropello,Ninguna,Faltante,Ninguna,Sin restricción
2020,6349,2020-09-07,Lunes,21:45:00,,0.0,2,"Automóvil,Automóvil",Bv. Avellaneda Y Riobamba,2,1,1,0,0,0,0,"-32.955645359165,-60.68341318688",Avenida,,ROSARIO,Rosario,Asfalto,No existe,II,Dentro,Urbana,Paso Peatonal,No existe,Intersección,Bueno,Buena,"Nocturna,Con luz artificial",Buen Tiempo,S/D,S/D,Colisión,Ninguna,Horizontal,"Cordón divisorio,Línea divisoria pintada",Sin restricción
2020,6350,2020-09-23,Miercoles,00:40:00,,0.0,2,"Vehículo Oficial,Vehículo Oficial",Av Pte Peron Y Juan Del Campillo,2,2,0,0,0,0,0,"-31.626770967973,-60.718687480304",Avenida,,SANTA FE,La Capital,Asfalto,No existe,I,Dentro,Urbana,Ninguna,No existe,Intersección,Bueno,Buena,Nocturna,Buen Tiempo,S/D,S/D,Cañda ocupante,Ninguna,Faltante,Ninguna,Sin restricción
2020,6351,2020-11-30,Lunes,,,0.0,2,"Pickup/Utilitario,Moto/Ciclomotor",Estanislao Lopez ,3,1,0,0,2,0,0,"    -29.89105, -60.28176",Calle,,CALCHAQUÍ,Vera,Asfalto,No existe,XIX,Dentro,Urbana,Ninguna,No existe,Recta,Bueno,Buena,Diurna,Buen Tiempo,De alcance,S/D,Colisión,Ninguna,Faltante,Ninguna,Sin restricción
2020,6352,2020-11-29,Domingo,15:50:00,,0.0,2,"Automóvil,Moto/Ciclomotor",Bv C Pellegrini Y Fco Angeloni,3,2,0,0,1,0,0,"    -30.79216, -60.60418",Calle,,SAN JUSTO,San Justo,Asfalto,No existe,XVI,Dentro,Urbana,Ninguna,No existe,Intersección,Bueno,Buena,Diurna,Lluvia,Frontal,S/D,Colisión,Ninguna,Faltante,Ninguna,Sin restricción
2020,6353,2020-11-21,Sabado,10:50:00,Ruta Secundaria 293-s,67.0,1,Moto/Ciclomotor, ,2,0,1,0,1,0,0,"-28.31413, -61.54417",Ruta,293-s,SANTA MARGARITA,9 de Julio,Tierra,No existe,XII,Dentro,Rural,Ninguna,No existe,Cruce,Ahuellamiento,Buena,Diurna,Buen Tiempo,Otro,S/D,Vuelco,Ninguna,Faltante,Ninguna,Sin restricción
2020,6354,2020-09-06,Domingo,21:30:00,,0.0,2,"Automóvil,Automóvil",Bv. Segui Y Pje. Espinillo,4,2,0,0,2,0,0,"-32.970741891888,-60.699114398066",Avenida,,ROSARIO,Rosario,Asfalto,Pavimento,II,Dentro,Urbana,Ninguna,No existe,Intersección,Bueno,Buena,"Nocturna,Con luz artificial",Buen Tiempo,S/D,S/D,Colisión,Ninguna,Faltante,Cordón divisorio,Sin restricción
2020,6355,2020-11-21,Sabado,00:20:00,,0.0,2,"Automóvil,Moto/Ciclomotor",San Jeronimo Y Monse�or Zaspe,3,2,0,0,1,0,0,"-31.65566, -60.71063",Calle,,SANTA FE,La Capital,Asfalto,Pavimento,I,Dentro,Urbana,Ninguna,No existe,Intersección,Bueno,Buena,"Nocturna,Con luz artificial",Buen Tiempo,Lateral,S/D,Colisión,Ninguna,Faltante,Ninguna,Sin restricción
2020,6356,2020-09-23,Miercoles,07:50:00,,0.0,2,"Moto/Ciclomotor,Pickup/Utilitario",AV NTRA SRA DEL ROSARIO Y JUAN PABLO II,3,2,0,0,1,0,0,"-33.00142765045168,-60.688047409057",Avenida,,ROSARIO,Rosario,Asfalto,No existe,II,Dentro,Urbana,Ninguna,No existe,Intersección,Bueno,Buena,Diurna,Buen Tiempo,De alcance,S/D,Colisión,Ninguna,Faltante,Ninguna,Sin restricción
2020,6357,2020-09-30,Miercoles,13:30:00,,0.0,2,"Moto/Ciclomotor,Automóvil",Av Pte Peron Y Padre Catena,2,1,0,0,1,0,0,"-31.629908791951,-60.717989595436",Avenida,,SANTA FE,La Capital,Asfalto,No existe,I,Dentro,Urbana,Semáforo,Funciona,Intersección,Bueno,Buena,Diurna,Buen Tiempo,Lateral,S/D,Colisión,Ninguna,"Horizontal,Vertical",Cordón divisorio,Sin restricción
2020,6358,2020-09-05,Sabado,11:30:00,,0.0,2,"Moto/Ciclomotor,Pickup/Utilitario",Barra Y Bv. Segui,2,1,0,0,1,0,0,"-32.970909061453,-60.705607329624",Avenida,,ROSARIO,Rosario,Asfalto,No existe,II,Dentro,Urbana,Ninguna,No existe,Intersección,Bueno,Buena,Diurna,Buen Tiempo,S/D,S/D,Colisión,Ninguna,Faltante,Cordón divisorio,Sin restricción
2020,6359,2020-10-04,Domingo,14:30:00,Autopista Nacional A008,0.0,2,"Automóvil,Taxi/Remis",Av Circunvalaci�n Y Mendoza,2,1,0,0,1,0,0,"-31.64972, -60.70458",Autopista,A008,SANTA FE,La Capital,Asfalto,Pavimento,II,Dentro,Urbana,Semáforo,Funciona,Intersección,Bueno,Buena,Diurna,Buen Tiempo,Lateral,S/D,Colisión,Ninguna,Faltante,Ninguna,Sin restricción
2020,6360,2020-09-13,Domingo,20:21:00,,0.0,2,"Moto/Ciclomotor,Moto/Ciclomotor",Av Blas Parera 5400,3,2,0,0,1,0,0,"-31.614064644618,-60.717773095057",Avenida,,SANTA FE,La Capital,Asfalto,No existe,I,Dentro,Urbana,Ninguna,No existe,Recta,Bueno,Buena,Nocturna,Buen Tiempo,Lateral,S/D,Colisión,Ninguna,Vertical,Cordón divisorio,Sin restricción
2020,6361,2020-09-04,Viernes,08:35:00,,0.0,2,"Automóvil,Moto/Ciclomotor",F.More 4200,2,1,0,0,1,0,0,"-32.978426085356,-60.691952666062",Avenida,,ROSARIO,Rosario,Asfalto,No existe,II,Dentro,Urbana,Ninguna,No existe,Intersección,Bueno,Buena,Diurna,Buen Tiempo,S/D,S/D,Colisión,Ninguna,Faltante,Ninguna,Sin restricción
2020,6362,2020-11-21,Sabado,14:20:00,Ruta Nacional 9,295.0,2,"Automóvil,Moto/Ciclomotor", ,3,1,0,0,2,0,0,"-32.92108, -60.81348",Ruta,9,FUNES,Rosario,Asfalto,Ripio,II,Dentro,Urbana,Ninguna,No existe,Intersección,Bueno,Buena,Diurna,Buen Tiempo,Frontal,S/D,Colisión,Ninguna,Vertical,Línea divisoria pintada,Sin restricción
2020,6363,2020-09-04,Viernes,09:10:00,,0.0,2,"Moto/Ciclomotor,Moto/Ciclomotor",Av. Provincias Unidas Y Ocampo,2,1,0,0,0,0,1,"-32.958019732925,-60.71194859106",Avenida,,ROSARIO,Rosario,Asfalto,No existe,II,Dentro,Urbana,Ninguna,Funciona,Intersección,Bueno,Buena,Diurna,Buen Tiempo,S/D,S/D,Colisión,Ninguna,Vertical,Ninguna,Sin restricción
2020,6364,2020-11-21,Sabado,00:00:00,,0.0,2,"Bicicleta,Automóvil",Fragata Sarmiento Y Cafferata,3,1,0,0,2,0,0,"-32.98697, -60.68269",Calle,,ROSARIO,Rosario,Asfalto,No existe,II,Dentro,Urbana,S/D,No existe,Intersección,Bueno,Buena,"Nocturna,Con luz artificial",Buen Tiempo,S/D,Ciclista,Atropello,Ninguna,Faltante,Ninguna,Sin restricción
2020,6365,2020-11-27,Viernes,21:00:00,,0.0,2,"Peatón,Tractor",33 Cristo Rey ,2,0,1,0,1,0,0,"    -33.02534, -60.75583",Calle,,SOLDINI,Rosario,Asfalto,No existe,II,Dentro,Urbana,Ninguna,No existe,Recta,Con baches,Reducida,Atardecer,Buen Tiempo,Lateral,Peatón,Atropello,Ninguna,Faltante,Ninguna,Sin restricción
2020,6366,2020-09-04,Viernes,17:00:00,,0.0,2,"Automóvil,Automóvil",Garzon Y Viamonte,3,1,0,0,2,0,0,"-32.956695449979,-60.705005056151",Calle,,ROSARIO,Rosario,Asfalto,Pavimento,II,Dentro,Urbana,Ninguna,No existe,Intersección,Bueno,Buena,Diurna,Buen Tiempo,S/D,S/D,Colisión,Ninguna,Faltante,Ninguna,Sin restricción