anio_acci,nro_acci,fecha,desc_dia,hora_aprox,desc_ruta,km,cant_participantes,desc_participante,calle_avenida_km,total,heridos_leves,heridos_graves,heridos_gravisimos,ilesos,fallecidos,sin_datos,posicion_XY,desc_tipo_via,desc_ruta_ori,desc_loc,desc_dpto,desc_tipo_calzada,desc_tipo_banquina,desc_unidad_regional,desc_lugar_calzada,desc_zona,desc_prioridad,desc_estado_semaforo,desc_lugar_via,desc_estado_via,desc_estado_visibilidad,desc_luminosidad,desc_estado_clima,desc_tipo_colision,desc_tipo_atropello,desc_tipo_hecho,desc_pres_calzada,desc_senializacion,desc_separacion_via,desc_restriccion
2020,6367,2020-09-28,Lunes,12:50:00,,0.0,1,Moto/Ciclomotor,Naciones Unidas Y Roque Saenz Pe�a,1,1,0,0,0,0,0,"-31.633216215516,-60.722399915035",Calle,,SANTA FE,La Capital,Asfalto,No existe,I,Dentro,Urbana,Ninguna,No existe,Curva,Bueno,Buena,Diurna,Buen Tiempo,S/D,S/D,Cañda ocupante,Ninguna,Faltante,Ninguna,Sin restricción
2020,6368,2020-11-27,Viernes,08:10:00,,0.0,2,"Moto/Ciclomotor,Bicicleta",Montevideo Y Av. Corrientes,2,1,1,0,0,0,0,"    -32.95542, -60.64476",Avenida,,ROSARIO,Rosario,Asfalto,S/D,II,Dentro,Urbana,S/D,S/D,Recta,S/D,S/D,Diurna,S/D,S/D,Ciclista,Atropello,S/D,S/D,S/D,S/D
2020,6369,2020-11-21,Sabado,05:30:00,,0.0,2,"Taxi/Remis,Automóvil",Av. Ovidio Lagos Y Bv. Segui,3,1,0,0,2,0,0,"-32.97501, -60.66947",Avenida,,ROSARIO,Rosario,Asfalto,No existe,II,Dentro,Urbana,Semáforo,Funciona,Intersección,Bueno,Buena,Amanecer,S/D,Lateral,S/D,Colisión,Ninguna,Faltante,Cordón divisorio,Sin restricción
2020,6370,2020-11-26,Jueves,08:30:00,,0.0,2,"Automóvil,Peatón",Cruz Roje Argentina Y Corrientes,2,1,0,0,1,0,0,"    -31.65407, -60.70611",Calle,,SANTA FE,La Capital,Asfalto,Pavimento,I,Dentro,Urbana,S/D,No existe,Intersección,Bueno,Buena,Diurna,Buen Tiempo,S/D,Peatón,Atropello,Ninguna,Faltante,Ninguna,Sin restricción
2020,6371,2020-09-04,Viernes,07:10:00,,0.0,2,"Vehículo Oficial,Automóvil",Av. Pte.Peron Y Vera Mujica,2,1,0,0,0,0,1,"-32.956015266431,-60.670593346928",Calle,,ROSARIO,Rosario,Asfalto,No existe,II,Dentro,Urbana,Semáforo,Funciona,Intersección,Bueno,Buena,Diurna,Buen Tiempo,S/D,S/D,Colisión,Ninguna,"Horizontal,Vertical","Cordón divisorio,Línea divisoria pintada",Sin restricción
2020,6372,2020-11-23,Lunes,11:00:00,,0.0,2,"Automóvil,Moto/Ciclomotor",Dr Zavalla Y Amenabar,2,1,0,0,1,0,0,"    -31.65694, -60.72337",Calle,,SANTA FE,La Capital,Asfalto,Pavimento,I,S/D,Urbana,S/D,No existe,Intersección,Con baches,Buena,Diurna,Buen Tiempo,De alcance,S/D,Colisión,Ninguna,Vertical,Ninguna,Sin restricción
2020,6373,2020-09-15,Martes,12:55:00,,0.0,2,"Bicicleta,Pickup/Utilitario",Lamadrid Y La Rioja,2,1,0,0,1,0,0,"-31.640685, -60.727033",Calle,,SANTA FE,La Capital,Asfalto,No existe,I,Dentro,Urbana,Ninguna,No existe,Intersección,Bueno,Buena,Diurna,Buen Tiempo,S/D,Ciclista,Atropello,Ninguna,Faltante,Ninguna,Sin restricción
2020,6374,2020-09-26,Sabado,02:30:00,,0.0,2,"Vehículo Oficial,Pickup/Utilitario",AV NRA SRA DEL ROSARIO Y JUAN PABLO II,3,2,0,0,1,0,0,"-33.0012506246567,-60.6876504421234",Avenida,,ROSARIO,Rosario,Asfalto,No existe,II,Dentro,Urbana,Ninguna,No existe,Intersección,Bueno,Reducida,"Nocturna,Con luz artificial",Buen Tiempo,S/D,S/D,Colisión,Ninguna,Faltante,Ninguna,Sin restricción
2020,6375,2020-09-07,Lunes,18:00:00,,0.0,2,"Bicicleta,Automóvil",Camilo Aldao Y Junin,2,1,0,0,1,0,0,"-32.927128404226,-60.69646396466",Calle,,ROSARIO,Rosario,Asfalto,No existe,II,Dentro,Urbana,Semáforo,Funciona,Intersección,Bueno,Buena,Diurna,Buen Tiempo,S/D,Ciclista,Atropello,Ninguna,"Horizontal,Vertical",Ninguna,Sin restricción
2020,6376,2020-11-23,Lunes,15:00:00,,0.0,1,Moto/Ciclomotor,Av San Martin Y Sarmiento,2,2,0,0,0,0,0,"    -32.73184, -60.7335",Avenida,,SAN LORENZO,San Lorenzo,Asfalto,S/D,XVII,S/D,Urbana,Ninguna,Funciona,Intersección,Deteriorada,Buena,Diurna,Buen Tiempo,S/D,S/D,Cañda ocupante,Fluidos,Vertical,S/D,S/D
2020,6377,2020-11-21,Sabado,18:30:00,,0.0,2,"Moto/Ciclomotor,Automóvil",San Martin Y Leon,2,1,0,0,1,0,0,"-33.01815, -60.65267",Calle,,ROSARIO,Rosario,Asfalto,No existe,II,S/D,Urbana,S/D,No existe,Intersección,Bueno,Buena,Diurna,Buen Tiempo,Lateral,S/D,Colisión,Ninguna,Faltante,Ninguna,Sin restricción
2020,6378,2020-09-08,Martes,09:30:00,,0.0,1,Moto/Ciclomotor,Saavedra 3000,1,1,0,0,0,0,0,"-31.639350, -60.714068",Calle,,SANTA FE,La Capital,Asfalto,No existe,I,Dentro,Urbana,Ninguna,No existe,Recta,Bueno,Buena,Diurna,Buen Tiempo,S/D,S/D,Cañda ocupante,Ninguna,Faltante,Ninguna,Sin restricción
2020,6379,2020-09-01,Martes,11:20:00,,0.0,2,"Moto/Ciclomotor,Automóvil",Ecuador Y J.J.Paso,3,1,0,0,2,0,0,"-32.920416152408,-60.715842650512",Calle,,ROSARIO,Rosario,Asfalto,No existe,II,Dentro,Urbana,Ninguna,No existe,Intersección,Bueno,Buena,Diurna,Buen Tiempo,Lateral,S/D,Colisión,Ninguna,Faltante,Cordón divisorio,Sin restricción
2020,6380,2020-11-27,Viernes,20:20:00,,0.0,2,"Automóvil,Moto/Ciclomotor",J C Orsetti Y Maipu,4,2,0,0,2,0,0,"    -32.86546, -60.71482",Calle,,GRANADERO BAIGORRIA,Rosario,Asfalto,Natural,II,S/D,Urbana,Ninguna,No existe,Intersección,Bueno,Buena,Nocturna,Buen Tiempo,De alcance,S/D,Colisión,Ninguna,Faltante,Ninguna,Sin restricción
2020,6381,2020-09-02,Miercoles,12:00:00,,0.0,2,"Automóvil,Automóvil",Av. Jorge Newbery Y Bv. Wilde,2,2,0,0,0,0,0,"-32.908633758673,-60.739868916521",Avenida,,ROSARIO,Rosario,Asfalto,No existe,II,Dentro,Urbana,Señal Pare,No existe,Intersección,Resbaladiza,Buena,Diurna,Lluvia,Lateral,S/D,Colisión,Agua,Vertical,Ninguna,Sin restricción
2020,6382,2020-11-21,Sabado,13:25:00,,0.0,2,"Moto/Ciclomotor,Automóvil",Av. Arijon Y Entre Rios,2,1,0,0,1,0,0,"-33.00313, -60.65178",Avenida,,ROSARIO,Rosario,Asfalto,No existe,II,Dentro,Urbana,Semáforo,Funciona,Intersección,Bueno,Buena,Diurna,Buen Tiempo,Lateral,S/D,Colisión,Ninguna,Vertical,Ninguna,Sin restricción
2020,6383,2020-11-25,Miercoles,,,0.0,2,"Moto/Ciclomotor,Otros",San Martin Y Viamonte,2,0,1,0,0,0,1,"    -32.86938, -60.70016",Calle,,ROSARIO,Rosario,Asfalto,No existe,II,S/D,Urbana,Semáforo,Funciona,Intersección,Bueno,Buena,Con luz artificial,Buen Tiempo,Otro,S/D,Colisión,Ninguna,Faltante,Guardarrail,Sin restricción
2020,6384,2020-09-26,Sabado,13:40:00,,0.0,2,"Automóvil,Moto/Ciclomotor",Saavedra Y Santiago del Estero,2,1,0,0,1,0,0,"-31.635839172899,-60.713022930049",Calle,,SANTA FE,La Capital,Asfalto,No existe,I,Dentro,Urbana,Ninguna,No existe,Intersección,Bueno,Buena,Diurna,Buen Tiempo,Lateral,S/D,Colisión,Ninguna,Faltante,Ninguna,Sin restricción
2020,6385,2020-09-18,Viernes,14:00:00,Autopista Nacional A008,0.0,2,"Moto/Ciclomotor,Automóvil",Av. Circunvalacion Y Bv. 27 De Febrero,3,2,0,0,1,0,0,"-32.959633469581604,-60.72079449892",Autopista,A008,ROSARIO,Rosario,Asfalto,No existe,II,Dentro,Urbana,Marca Vial,No existe,Recta,Bueno,Buena,Diurna,Buen Tiempo,Lateral,S/D,Colisión,Ninguna,Horizontal,Barrera de hormigón,Sin restricción
2020,6386,2020-09-08,Martes,16:40:00,,0.0,2,"Moto/Ciclomotor,Automóvil",Tte.Agneta Y Urquiza,2,0,1,0,1,0,0,"-32.933072080751,-60.700106096909",Calle,,ROSARIO,Rosario,Asfalto,No existe,II,Dentro,Urbana,Ninguna,No existe,Intersección,Bueno,Buena,Diurna,Buen Tiempo,De alcance,S/D,Colisión,Ninguna,Faltante,Ninguna,Sin restricción
2020,6387,2020-11-27,Viernes,22:45:00,Ruta Nacional A012,0.0,1,Ambulancia,Ruta Provincial 20 s ,3,2,0,0,1,0,0,"    -33.09214, -60.7842",Ruta,A012,PIÑERO,Rosario,Asfalto,Ripio,II,Dentro,Rural,Ninguna,No existe,Cruce,Ahuellamiento,Buena,"Nocturna,Con luz artificial",Buen Tiempo,S/D,S/D,Despiste,Ninguna,Horizontal,Ninguna,Sin restricción
2020,6388,2020-11-05,Jueves,18:35:00,,0.0,2,"Automóvil,Bicicleta",Galvez Y Independencia,3,2,0,0,1,0,0,"-32.89392, -60.90578",S/D,,ROLDÁN,San Lorenzo,Asfalto,Pavimento,XVII,Dentro,Urbana,Ninguna,No existe,Intersección,Bueno,Buena,Diurna,Buen Tiempo,Lateral,Ciclista,Atropello,Ninguna,Vertical,Ninguna,Sin restricción
2020,6389,2020-09-02,Miercoles,16:20:00,,0.0,2,"Automóvil,Moto/Ciclomotor",Av Freyre Y Vera,2,1,0,0,1,0,0,"-31.641163117133,-60.717301262128",Avenida,,SANTA FE,La Capital,Asfalto,No existe,I,Dentro,Urbana,Ninguna,No existe,Intersección,Bueno,Buena,Diurna,Buen Tiempo,Lateral,S/D,Colisión,Ninguna,Faltante,Ninguna,Sin restricción
2020,6390,2020-09-14,Lunes,09:15:00,,0.0,3,"Automóvil,Pickup/Utilitario,Moto/Ciclomotor",J.J.Paso Y Solis,4,1,1,0,2,0,0,"-32.919947861216,-60.704202420897",Calle,,ROSARIO,Rosario,Asfalto,No existe,II,Dentro,Urbana,Paso Peatonal,No existe,Intersección,Bueno,Buena,Diurna,Buen Tiempo,Múltiple,S/D,Colisión,Ninguna,"Horizontal,Vertical",Ninguna,Sin restricción
2020,6391,2020-11-22,Domingo,05:45:00,,0.0,2,"Automóvil,Automóvil",Av A del Valle 7800,2,2,0,0,0,0,0,"-31.59639, -60.69177",Avenida,,SANTA FE,La Capital,Asfalto,Pavimento,I,S/D,Urbana,Ninguna,No existe,Recta,S/D,Buena,Amanecer,Buen Tiempo,Lateral,S/D,Colisión,Ninguna,Vertical,Ninguna,Sin restricción
2020,6392,2020-09-19,Sabado,20:45:00,,0.0,2,"Moto/Ciclomotor,Peatón",Cullen Bis 1360,2,0,1,0,1,0,0,"-32.912337600514,-60.710054171915",Calle,,ROSARIO,Rosario,Asfalto,No existe,II,Dentro,Urbana,Ninguna,No existe,Intersección,Bueno,Buena,Nocturna,Buen Tiempo,S/D,Peatón,Atropello,Ninguna,Faltante,Ninguna,Sin restricción
2020,6393,2020-09-06,Domingo,,,0.0,2,"Moto/Ciclomotor,Automóvil",Av Freyre Y Primera Junta,2,1,0,0,1,0,0,"-31.645035997638,-60.71819544123",Avenida,,SANTA FE,La Capital,Asfalto,No existe,I,Dentro,Urbana,Ninguna,No existe,Intersección,Bueno,Buena,Diurna,Buen Tiempo,Lateral,S/D,Colisión,Ninguna,Faltante,Cordón divisorio,Sin restricción
2020,6394,2020-11-22,Domingo,13:30:00,,0.0,1,Moto/Ciclomotor,Av Pte Peron Y Artigas,1,1,0,0,0,0,0,"-31.62061, -60.7184",Avenida,,SANTA FE,La Capital,Asfalto,No existe,I,S/D,Urbana,Semáforo,Funciona,Intersección,Bueno,Buena,Diurna,Buen Tiempo,S/D,S/D,Despiste,Ninguna,Vertical,Línea divisoria pintada,Sin restricción
2020,6395,2020-09-18,Viernes,12:25:00,,0.0,2,"Automóvil,Moto/Ciclomotor",Barra Y J.J.Paso,2,1,0,0,1,0,0,"-32.92005284104,-60.707948695343",Calle,,ROSARIO,Rosario,Asfalto,No existe,II,Dentro,Urbana,Paso Peatonal,No existe,Intersección,Bueno,Buena,Diurna,Buen Tiempo,Lateral,S/D,Colisión,Ninguna,Horizontal,Línea divisoria pintada,Sin restricción
2020,6396,2020-11-22,Domingo,23:30:00,,0.0,2,"Moto/Ciclomotor,Moto/Ciclomotor",Avellaneda Y J Castelli,2,1,0,0,1,0,0,"-31.60968, -60.67938",Calle,,SANTA FE,La Capital,Asfalto,No existe,I,Dentro,Urbana,Ninguna,No existe,Intersección,Bueno,Reducida,Nocturna,Buen Tiempo,Lateral,S/D,Colisión,Ninguna,S/D,Ninguna,Sin restricción
2020,6397,2020-09-09,Miercoles,16:55:00,,0.0,2,"Automóvil,Moto/Ciclomotor",Cullen Y Gorriti,3,1,1,0,1,0,0,"-32.924283034528,-60.70976704277",Calle,,ROSARIO,Rosario,Asfalto,No existe,II,Dentro,Urbana,Ninguna,No existe,Intersección,Bueno,Buena,Diurna,Buen Tiempo,Lateral,S/D,Colisión,Ninguna,Faltante,Ninguna,Sin restricción
2020,6398,2020-09-01,Martes,08:25:00,,0.0,2,"Automóvil,Moto/Ciclomotor",Av Pte Peron Y Salvador Caputo,2,1,0,0,1,0,0,"-31.636963342552,-60.718407459608",Calle,,SANTA FE,La Capital,Asfalto,No existe,I,Dentro,Urbana,Ninguna,No existe,Intersección,Bueno,Buena,Diurna,Buen Tiempo,Lateral,S/D,Colisión,Ninguna,Faltante,Línea divisoria pintada,Sin restricción
2020,6399,2020-11-22,Domingo,16:50:00,,0.0,2,"Automóvil,Moto/Ciclomotor",Belgrano Y Matheu,2,2,0,0,0,0,0,"-31.59469, -60.68635",Calle,,SANTA FE,La Capital,S/D,No existe,I,Dentro,Urbana,S/D,No existe,Intersección,S/D,S/D,Diurna,S/D,S/D,S/D,Colisión,Ninguna,Faltante,Ninguna,Sin restricción
2020,6400,2020-09-14,Lunes,16:00:00,,0.0,2,"Moto/Ciclomotor,Moto/Ciclomotor",Av. Pellegrini Y Roullon,2,1,0,0,1,0,0,"-32.948224653304,-60.70193237729",Avenida,,ROSARIO,Rosario,Asfalto,No existe,II,Dentro,Urbana,Semáforo,Funciona,Intersección,Bueno,Buena,Diurna,Buen Tiempo,Lateral,S/D,Colisión,Ninguna,"Horizontal,Vertical","Cordón divisorio,Línea divisoria pintada",Sin restricción
2020,6401,2020-09-12,Sabado,11:15:00,,0.0,2,"Moto/Ciclomotor,Automóvil",Av Pe�aloza Y Gorriti,2,1,0,0,0,0,1,"-31.586150896721,-60.711617088916",Avenida,,SANTA FE,La Capital,Asfalto,No existe,I,Dentro,Urbana,Semáforo,No existe,Recta,Bueno,Buena,Diurna,Buen Tiempo,De alcance,S/D,Colisión,Ninguna,"Horizontal,Vertical",Ninguna,Sin restricción
2020,6402,2020-11-23,Lunes,22:55:00,,0.0,2,"Moto/Ciclomotor,Automóvil", ,2,1,0,0,1,0,0,"    -33.07282, -60.57864",Calle,,PUEBLO ESTHER,Rosario,Asfalto,Ripio,II,S/D,Urbana,S/D,No existe,Intersección,S/D,S/D,Nocturna,S/D,S/D,S/D,Colisión,S/D,S/D,S/D,Sin restricción
2020,6403,2020-11-22,Domingo,00:40:00,,0.0,2,"Moto/Ciclomotor,Moto/Ciclomotor",9 de Julio Y Belgrano,4,3,1,0,0,0,0,"-31.26816, -60.76052",Calle,,NELSON,La Capital,Asfalto,No existe,I,Dentro,Urbana,Ninguna,No existe,Intersección,Bueno,Buena,Nocturna,Buen Tiempo,Lateral,S/D,Colisión,Ninguna,Faltante,Ninguna,Sin restricción
2020,6404,2020-11-25,Miercoles,11:45:00,,0.0,2,"Bicicleta,Automóvil",J.J.Paso Y Venezuela,2,1,0,0,1,0,0,"    -32.92058, -60.7254",Calle,,ROSARIO,Rosario,Asfalto,No existe,II,Dentro,Urbana,S/D,No existe,Intersección,S/D,Buena,Diurna,Buen Tiempo,S/D,Ciclista,Atropello,Ninguna,Vertical,Ninguna,Sin restricción
2020,6405,2020-11-22,Domingo,19:00:00,Autopista Nacional A012,38.0,2,"Automóvil,Bicicleta", ,2,1,0,0,1,0,0,"-32.94816, -60.90552",Autopista,A012,SAN LORENZO,San Lorenzo,Asfalto,Natural,XVII,S/D,Urbana,Ninguna,No existe,Intersección,Bueno,Reducida,Atardecer,Buen Tiempo,S/D,Ciclista,Atropello,Ninguna,Vertical,Ninguna,Sin restricción
2020,6406,2020-09-02,Miercoles,08:45:00,Autopista Nacional A008,0.0,2,"Automóvil,Taxi/Remis",Av. Circunvalacion ,4,3,0,0,1,0,0,"-32.898673, -60.723767",Autopista,A008,ROSARIO,Rosario,Asfalto,Pavimento,II,Dentro,Urbana,Marca Vial,No existe,Recta,Bueno,Buena,Diurna,Buen Tiempo,Lateral,S/D,Colisión,Ninguna,Horizontal,Vegetación,Sin restricción
2020,6407,2020-09-11,Viernes,11:00:00,,0.0,2,"Moto/Ciclomotor,Automóvil",Javier de la Rosa Y San Martin,2,1,0,0,1,0,0,"-31.599129633796,-60.692533455871",Calle,,SANTA FE,La Capital,Asfalto,No existe,I,Dentro,Urbana,Ninguna,No existe,Intersección,Bueno,Buena,Diurna,Buen Tiempo,Lateral,S/D,Colisión,Ninguna,Vertical,Ninguna,Sin restricción
2020,6408,2020-11-26,Jueves,07:30:00,,0.0,2,"Automóvil,Automóvil",Sarratea Bis ,3,3,0,0,0,0,0,"    -32.92021, -60.74142",Calle,,ROSARIO,Rosario,Asfalto,No existe,II,Dentro,Urbana,Otra Señal,No existe,Intersección,Bueno,Buena,Diurna,Buen Tiempo,Otro,S/D,Colisión,Ninguna,Faltante,Ninguna,Sin restricción
2020,6409,2020-09-08,Martes,13:00:00,,0.0,2,"Pickup/Utilitario,Peatón",Av Gral Paz Y J M Zuviria,2,1,0,0,1,0,0,"-31.597366333007834,-60.70051431655",Avenida,,SANTA FE,La Capital,Asfalto,No existe,I,Dentro,Urbana,Ninguna,No existe,Intersección,Bueno,Buena,Diurna,Buen Tiempo,S/D,Peatón,Atropello,Ninguna,Faltante,Ninguna,Sin restricción
2020,6410,2020-11-29,Domingo,05:00:00,,0.0,2,"Moto/Ciclomotor,Otros",Velez Sarsfield Y Guatemala,2,0,1,0,0,0,1,"    -32.92619, -60.71791",Calle,,ROSARIO,Rosario,Asfalto,No existe,II,Dentro,Urbana,Ninguna,No existe,Intersección,Deteriorada,Buena,Nocturna,Buen Tiempo,S/D,S/D,Colisión,Ninguna,Faltante,Ninguna,Sin restricción
2020,6411,2020-09-12,Sabado,11:45:00,Autopista Nacional A008,0.0,3,"Automóvil,Automóvil,Moto/Ciclomotor",Av. Circunvalacion Y Mendoza,3,2,0,0,1,0,0,"-32.94046372175217,-60.722414553165",Autopista,A008,ROSARIO,Rosario,Asfalto,No existe,II,Dentro,Urbana,Marca Vial,No existe,Recta,Bueno,Buena,Diurna,Buen Tiempo,Múltiple,S/D,Colisión,Ninguna,Horizontal,Barrera de alto impacto,S/D
2020,6412,2020-11-22,Domingo,12:15:00,,0.0,2,"Automóvil,Automóvil",Italia Y Av. Wheelwright,2,1,0,0,1,0,0,"-32.93435, -60.64528",Calle,,ROSARIO,Rosario,Asfalto,S/D,II,S/D,Urbana,S/D,S/D,Intersección,Bueno,S/D,Diurna,S/D,S/D,S/D,Colisión,S/D,S/D,S/D,S/D
2020,6413,2020-09-05,Sabado,00:30:00,Autopista Nacional A008,0.0,2,"Camión Chasis,Automóvil",Av. Circunvalacion Y Av. Pte.Peron,2,0,1,0,1,0,0,"-32.97067880630493,-60.716757774353",Autopista,A008,ROSARIO,Rosario,Asfalto,Pavimento,II,Dentro,Urbana,Marca Vial,No existe,Recta,Bueno,Buena,"Nocturna,Con luz artificial",Buen Tiempo,S/D,S/D,Colisión,Ninguna,Horizontal,Barrera de alto impacto,Sin restricción
2020,6414,2020-11-22,Domingo,21:00:00,Ruta Provincial 13,298.0,1,Pickup/Utilitario, ,8,2,1,0,5,0,0,"-29.96362, -61.08416",Ruta,13,HUANQUEROS,San CRISTÓBAL,Tierra,Natural,XIII,Fuera,Rural,Ninguna,No existe,Recta,Con baches,Buena,Nocturna,Buen Tiempo,Otro,S/D,Vuelco,Otro,Faltante,Ninguna,Sin restricción
2020,6415,2020-09-10,Jueves,08:20:00,,0.0,2,"Automóvil,Camión Chasis",Dorrego Y Martin Zapata,2,1,0,0,1,0,0,"-31.623497887684,-60.682411436354",Calle,,SANTA FE,La Capital,Asfalto,No existe,I,Dentro,Urbana,Ninguna,No existe,Intersección,Bueno,Buena,Diurna,Buen Tiempo,Lateral,S/D,Colisión,Ninguna,Faltante,Ninguna,Sin restricción
2020,6416,2020-11-22,Domingo,07:00:00,,0.0,1,Automóvil,Santa Fe 1456,1,1,0,0,0,0,0,"-31.0598, -61.16466",Calle,,SARMIENTO,Las Colonias,Ripio,Natural,XI,Fuera,Urbana,Ninguna,No existe,Recta,Bueno,Buena,Diurna,Buen Tiempo,S/D,S/D,Despiste,Ninguna,Horizontal,S/D,Sin restricción
2020,6417,2020-11-22,Domingo,16:00:00,Ruta Provincial 10,223.0,1,Automóvil, ,1,1,0,0,0,0,0,"-31.05215, -61.16829",Ruta,10,SARMIENTO,Las Colonias,Tierra,Natural,XI,Fuera,Rural,Ninguna,No existe,Recta,Bueno,Buena,Diurna,Buen Tiempo,S/D,S/D,Despiste,Ninguna,Faltante,Ninguna,Sin restricción
2020,6418,2020-11-29,Domingo,04:00:00,,0.0,2,"Automóvil,Automóvil",Av. Pte.Peron 2600,3,1,0,0,2,0,0,"    -33.01982, -60.61947",Avenida,,ROSARIO,Rosario,S/D,Pavimento,II,S/D,Urbana,Ninguna,Funciona,Otro,Bueno,Buena,"Nocturna,Con luz artificial",Buen Tiempo,Otro,S/D,Colisión,Ninguna,Faltante,Ninguna,Sin restricción
2020,6419,2020-11-22,Domingo,16:00:00,Ruta Provincial 3,4.0,2,"Pickup/Utilitario,Moto/Ciclomotor", ,2,1,0,0,1,0,0,"-29.43053, -60.20279",Ruta,3,VERA,Vera,"Asfalto,Tierra",No existe,XIX,S/D,Urbana,Ninguna,No existe,Curva,Bueno,Buena,Diurna,Buen Tiempo,S/D,S/D,Colisión,Ninguna,Faltante,Ninguna,Sin restricción
2020,6420,2020-11-27,Viernes,08:10:00,,0.0,2,"Automóvil,Moto/Ciclomotor",Bv. 27 De Febrero Y Tte.Agneta,3,0,1,0,2,0,0,"    -32.95897, -60.6991",Calle,,ROSARIO,Rosario,Asfalto,Pavimento,II,Dentro,Urbana,Ninguna,Funciona,Otro,Bueno,Buena,"Diurna,Con luz artificial",Buen Tiempo,Frontal,S/D,Colisión,Ninguna,Faltante,Ninguna,Sin restricción
2020,6421,2020-11-22,Domingo,05:20:00,,0.0,1,Moto/Ciclomotor,Bv C Pellegrini 2250,1,1,0,0,0,0,0,"-30.79443, -60.58993",Calle,,SAN JUSTO,San Justo,Asfalto,No existe,XVI,Dentro,Urbana,Ninguna,No existe,Recta,Bueno,Buena,Nocturna,Buen Tiempo,Contra objeto fijo,S/D,Colisión,Ninguna,Faltante,Ninguna,Sin restricción
2020,6422,2020-11-22,Domingo,21:15:00,,0.0,2,"Moto/Ciclomotor,Automóvil",Almirante Brown Y Rivadavia,4,2,0,0,2,0,0,"-33.0562, -60.61613",Calle,,ALVEAR,Rosario,Asfalto,Pavimento,II,Dentro,Urbana,Otra Señal,Intermitente,Intersección,Bueno,Buena,"Nocturna,Con luz artificial",Buen Tiempo,De alcance,S/D,Colisión,Ninguna,Horizontal,Ninguna,Sin restricción
2020,6423,2020-11-24,Martes,18:30:00,,0.0,2,"Bicicleta,Automóvil",Av. Uriburu Y Pje. Humboldt,4,3,0,0,1,0,0,"    -32.99065, -60.648",Calle,,ROSARIO,Rosario,Asfalto,No existe,II,Dentro,Urbana,S/D,No existe,Intersección,Bueno,Buena,Diurna,Buen Tiempo,S/D,Ciclista,Atropello,Ninguna,Faltante,Ninguna,Sin restricción
2020,6424,2020-11-22,Domingo,21:15:00,,0.0,2,"Automóvil,Moto/Ciclomotor",Av. Uriburu Y Buenos Aires,2,1,0,0,1,0,0,"-32.99063, -60.64358",Calle,,ROSARIO,Rosario,Asfalto,No existe,II,Dentro,Urbana,Ninguna,No existe,Intersección,Bueno,Buena,Nocturna,Buen Tiempo,Lateral,S/D,Colisión,Ninguna,Faltante,Ninguna,Sin restricción
2020,6425,2020-11-23,Lunes,16:10:00,,0.0,2,"Bicicleta,Otros",Ayacucho Y Lamadrid,2,0,1,0,1,0,0,"    -32.99673, -60.63661",Calle,,ROSARIO,Rosario,Asfalto,No existe,II,Dentro,Urbana,Ninguna,No existe,Intersección,Bueno,Buena,Diurna,Buen Tiempo,S/D,Ciclista,Atropello,Ninguna,Faltante,Ninguna,Sin restricción
2020,6426,2020-11-22,Domingo,19:40:00,,0.0,2,"Automóvil,Moto/Ciclomotor",Bv. Segui Y Ayacucho,2,1,0,0,1,0,0,"-32.98111, -60.6355",Avenida,,ROSARIO,Rosario,Asfalto,No existe,II,Dentro,Urbana,Ninguna,No existe,Intersección,Bueno,Buena,"Atardecer,Con luz artificial",Buen Tiempo,Lateral,S/D,Colisión,Ninguna,Faltante,Cordón divisorio,Sin restricción
2020,6427,2020-11-01,Domingo,,,0.0,2,"Moto/Ciclomotor,Automóvil",Riobamba Y Reg 12 de Infanteria,3,2,0,0,1,0,0,"-31.60382, -60.66655",Calle,,SANTA FE,La Capital,S/D,No existe,I,Dentro,Urbana,Ninguna,Funciona,Intersección,S/D,Reducida,S/D,S/D,S/D,S/D,Colisión,S/D,Faltante,Ninguna,Sin restricción
2020,6428,2020-11-27,Viernes,02:00:00,,0.0,2,"Moto/Ciclomotor,Otros",Ayacucho Y Lamadrid,3,1,1,0,0,0,1,"    -32.99673, -60.63661",Calle,,ROSARIO,Rosario,Asfalto,No existe,II,Dentro,Urbana,Ninguna,No existe,Intersección,Bueno,Buena,Nocturna,Buen Tiempo,S/D,S/D,Colisión,Ninguna,S/D,Ninguna,Sin restricción