anio_acci,nro_acci,fecha,desc_dia,hora_aprox,desc_ruta,km,cant_participantes,desc_participante,calle_avenida_km,total,heridos_leves,heridos_graves,heridos_gravisimos,ilesos,fallecidos,sin_datos,posicion_XY,desc_tipo_via,desc_ruta_ori,desc_loc,desc_dpto,desc_tipo_calzada,desc_tipo_banquina,desc_unidad_regional,desc_lugar_calzada,desc_zona,desc_prioridad,desc_estado_semaforo,desc_lugar_via,desc_estado_via,desc_estado_visibilidad,desc_luminosidad,desc_estado_clima,desc_tipo_colision,desc_tipo_atropello,desc_tipo_hecho,desc_pres_calzada,desc_senializacion,desc_separacion_via,desc_restriccion
2020,6429,2020-11-29,Domingo,07:50:00,,0.0,2,"Moto/Ciclomotor,Automóvil",Av. Corrientes Y Olegario V.Andrade,4,0,1,0,3,0,0,"    -32.99603, -60.65353",Avenida,,ROSARIO,Rosario,Asfalto,No existe,II,Dentro,Urbana,Ninguna,No existe,Intersección,Bueno,Buena,Diurna,Buen Tiempo,Lateral,S/D,Colisión,Ninguna,Faltante,Ninguna,Sin restricción
2020,6430,2020-11-25,Miercoles,15:40:00,,0.0,2,"Automóvil,Automóvil",Laprida Y Bv. Segui,2,2,0,0,0,0,0,"    -32.97985, -60.64246",Avenida,,ROSARIO,Rosario,Asfalto,No existe,II,S/D,Urbana,Ninguna,No existe,Recta,Bueno,Buena,Diurna,Buen Tiempo,Otro,S/D,Colisión,Ninguna,S/D,Ninguna,Sin restricción
2020,6431,2020-11-23,Lunes,,Autopista Provincial Brigadier E.LÓPEZ,144.0,1,Automóvil, ,1,1,0,0,0,0,0,"    -31.62502, -60.7636",Autopista,Brigadier E.LÓPEZ,SANTO TOMÉ,La Capital,Asfalto,Pavimento,I,Fuera,Rural,S/D,No existe,Recta,Bueno,S/D,S/D,S/D,Contra objeto fijo,S/D,Colisión,S/D,S/D,S/D,S/D
2020,6432,2020-11-29,Domingo,17:50:00,Ruta Provincial 70,2.0,1,Automóvil, ,2,2,0,0,0,0,0,"    -31.49825, -60.74938",Ruta,70,RECREO,La Capital,Asfalto,Ripio,I,Dentro,Rural,S/D,No existe,Recta,S/D,S/D,Diurna,S/D,S/D,S/D,Vuelco,S/D,S/D,S/D,S/D
2020,6433,2020-11-30,Lunes,,,0.0,1,Moto/Ciclomotor,Av. Pte.Peron Y Av. Circunvalacion,1,1,0,0,0,0,0,"    -32.97025, -60.7162",Avenida,,ROSARIO,Rosario,Asfalto,S/D,II,Dentro,Urbana,S/D,S/D,Intersección,S/D,Buena,S/D,S/D,Contra objeto fijo,S/D,Colisión,S/D,S/D,S/D,S/D
2020,6434,2020-09-28,Lunes,23:00:00,,0.0,3,"Automóvil,Bicicleta,Bicicleta",Micheletti Y Tarragona,3,2,0,0,1,0,0,"-32.927830222625,-60.734536127086",Calle,,ROSARIO,Rosario,S/D,No existe,II,Dentro,Urbana,Ninguna,No existe,S/D,Bueno,Buena,Diurna,Buen Tiempo,S/D,Ciclista,Atropello,Ninguna,Faltante,Ninguna,Sin restricción
2020,6435,2020-09-16,Miercoles,09:55:00,,0.0,2,"Automóvil,Camión Chasis",Candioti Y J M Zuviria,3,1,0,0,2,0,0,"-31.6189518085,-60.6901086759",Calle,,SANTA FE,La Capital,Asfalto,No existe,I,Dentro,Urbana,Ninguna,No existe,Intersección,Bueno,Buena,Diurna,Buen Tiempo,Lateral,S/D,Colisión,Ninguna,Faltante,Ninguna,Sin restricción
2020,6436,2020-09-15,Martes,07:45:00,,0.0,2,"Taxi/Remis,Automóvil",Av. Eva Peron Y Juez Zuviria,3,2,0,0,1,0,0,"-32.930131285029,-60.728553750147",Avenida,,ROSARIO,Rosario,Asfalto,No existe,II,Dentro,Urbana,Semáforo,Funciona,Intersección,Bueno,Buena,Diurna,Buen Tiempo,De alcance,S/D,Colisión,Ninguna,Faltante,"Cordón divisorio,Línea divisoria pintada",Sin restricción
2020,6437,2020-11-23,Lunes,,,0.0,1,Moto/Ciclomotor,Valparaiso 1913,1,1,0,0,0,0,0,"    -32.95174, -60.68547",Calle,,ROSARIO,Rosario,S/D,S/D,II,S/D,S/D,S/D,S/D,Intersección,S/D,Buena,S/D,S/D,S/D,S/D,Cañda ocupante,S/D,S/D,S/D,S/D
2020,6438,2020-11-23,Lunes,,,0.0,1,Moto/Ciclomotor, ,1,1,0,0,0,0,0,"    -29.22917, -61.77179",S/D,,TOSTADO,9 de Julio,S/D,S/D,XII,S/D,S/D,S/D,S/D,S/D,S/D,S/D,S/D,S/D,S/D,S/D,Cañda ocupante,S/D,S/D,S/D,S/D
2020,6439,2020-11-23,Lunes,,,0.0,2,"Automóvil,Automóvil", ,2,1,0,0,1,0,0,"    -30.5796, -59.93038",S/D,,SAN JAVIER,San Javier,S/D,S/D,XIV,S/D,S/D,S/D,S/D,S/D,S/D,S/D,S/D,S/D,S/D,S/D,Colisión,S/D,S/D,S/D,S/D
2020,6440,2020-09-08,Martes,16:30:00,,0.0,2,"Bicicleta,Moto/Ciclomotor",Alvarez Condarco Y La Republica,2,2,0,0,0,0,0,"-32.919708632632,-60.755949866287",Calle,,ROSARIO,Rosario,Asfalto,No existe,II,Dentro,Urbana,Señal Pare,No existe,Intersección,Bueno,Buena,Diurna,Buen Tiempo,S/D,Ciclista,Atropello,Ninguna,Vertical,Ninguna,Sin restricción
2020,6441,2020-09-06,Domingo,19:45:00,,0.0,2,"Moto/Ciclomotor,Taxi/Remis",Av. Provincias Unidas Y Casilda,2,1,0,0,1,0,0,"-32.929476485916,-60.71319061899",Avenida,,ROSARIO,Rosario,Asfalto,No existe,II,Dentro,Urbana,Paso Peatonal,No existe,Intersección,Bueno,Buena,Nocturna,Buen Tiempo,S/D,S/D,Colisión,Ninguna,Horizontal,Cordón divisorio,Sin restricción
2020,6442,2020-11-25,Miercoles,,,0.0,2,"Automóvil,Automóvil",Camilo Aldao Y Ocampo,2,1,0,0,1,0,0,"    -32.95758, -60.6953",Calle,,ROSARIO,Rosario,Asfalto,No existe,II,Dentro,Urbana,S/D,No existe,Intersección,S/D,S/D,Diurna,S/D,Lateral,S/D,Colisión,S/D,S/D,S/D,S/D
2020,6443,2020-09-19,Sabado,13:20:00,,0.0,2,"Bicicleta,Moto/Ciclomotor",Albarracin Y Bv. Wilde,2,1,0,0,1,0,0,"-32.93001452784,-60.738811951693",Avenida,,ROSARIO,Rosario,Asfalto,No existe,II,Dentro,Urbana,Paso Peatonal,No existe,Intersección,Bueno,Buena,Diurna,Buen Tiempo,Otro,Ciclista,Atropello,Ninguna,Horizontal,"Cordón divisorio,Línea divisoria pintada",Sin restricción
2020,6444,2020-09-24,Jueves,17:35:00,,0.0,2,"Automóvil,Pickup/Utilitario",Bielsa Y Ecuador,5,1,1,0,3,0,0,"-32.92384142323,-60.715708368045",Calle,,ROSARIO,Rosario,Asfalto,No existe,II,Dentro,Urbana,Ninguna,No existe,Intersección,Bueno,Buena,Diurna,Buen Tiempo,S/D,S/D,Colisión,Ninguna,Faltante,Ninguna,Sin restricción
2020,6445,2020-09-19,Sabado,18:00:00,,0.0,2,"Peatón,Moto/Ciclomotor",J.J.Paso Y Magallanes,2,1,0,0,1,0,0,"-32.919978479981,-60.705360451851",Calle,,ROSARIO,Rosario,Asfalto,No existe,II,Dentro,Urbana,Ninguna,No existe,Intersección,Bueno,Buena,Diurna,Buen Tiempo,S/D,Peatón,Atropello,Ninguna,Faltante,Ninguna,Sin restricción
2020,6446,2020-09-30,Miercoles,15:25:00,,0.0,2,"Pickup/Utilitario,Moto/Ciclomotor",L N Alem Y S Martin,2,1,0,0,1,0,0,"-30.787099246875,-60.585781463531",Calle,,SAN JUSTO,San Justo,Asfalto,No existe,II,Dentro,Urbana,Ninguna,No existe,Intersección,Bueno,Buena,Diurna,Buen Tiempo,Frontal,S/D,Colisión,Ninguna,Faltante,Ninguna,Sin restricción
2020,6447,2020-09-27,Domingo,18:30:00,,0.0,2,"Moto/Ciclomotor,Peatón",Av 7 Jefes Y Bv Muttis,3,2,0,0,1,0,0,"-31.629815, -60.678395",Avenida,,SANTA FE,La Capital,Asfalto,No existe,I,Dentro,Urbana,Paso Peatonal,No existe,Intersección,Bueno,Buena,Diurna,Buen Tiempo,S/D,Peatón,Atropello,Ninguna,Horizontal,Línea divisoria pintada,Sin restricción
2020,6448,2020-09-12,Sabado,17:00:00,,0.0,2,"Moto/Ciclomotor,Automóvil",Bolivia ,2,1,0,0,1,0,0,"-32.912861225472,-60.715812515754",S/D,,ROSARIO,Rosario,Asfalto,No existe,II,S/D,S/D,Ninguna,No existe,Intersección,Bueno,Buena,Diurna,Buen Tiempo,De alcance,S/D,Colisión,Ninguna,Faltante,Ninguna,Sin restricción
2020,6449,2020-09-17,Jueves,19:00:00,,0.0,2,"Automóvil,Peatón",J Neme ,2,1,0,0,1,0,0,"-30.796613639516,-60.610990947947",Calle,,SAN JUSTO,San Justo,Tierra,No existe,XVI,Dentro,Urbana,Ninguna,No existe,Recta,Otro,Buena,"Atardecer,Con luz artificial",Buen Tiempo,S/D,Peatón,Atropello,Ninguna,Faltante,Ninguna,Sin restricción
2020,6450,2020-09-26,Sabado,20:00:00,,0.0,2,"Bicicleta,Automóvil",Furlong Y Mendoza,2,1,0,0,1,0,0,"-32.940257698256,-60.735219057128",Calle,,ROSARIO,Rosario,Asfalto,No existe,II,Dentro,Urbana,Paso Peatonal,No existe,Intersección,Bueno,Buena,Atardecer,Buen Tiempo,S/D,Ciclista,Atropello,Ninguna,Horizontal,Cordón divisorio,Sin restricción
2020,6451,2020-09-29,Martes,13:55:00,,0.0,2,"Automóvil,Moto/Ciclomotor",Av A del Valle Y Llerena,3,2,0,0,1,0,0,"-31.613792053856,-60.696146044499",Avenida,,SANTA FE,La Capital,Asfalto,No existe,I,Dentro,Urbana,Semáforo,Funciona,Intersección,Bueno,Buena,Diurna,Buen Tiempo,Lateral,S/D,Colisión,Ninguna,"Horizontal,Vertical",Ninguna,Sin restricción
2020,6452,2020-09-03,Jueves,14:30:00,,0.0,2,"Automóvil,Moto/Ciclomotor",Bv C Pellegrini Y Santa Fe,2,1,0,0,1,0,0,"-30.792946701709,-60.598030581766",Avenida,,SAN JUSTO,San Justo,Asfalto,No existe,XVI,Dentro,Urbana,Ninguna,No existe,Intersección,Bueno,Buena,Diurna,Buen Tiempo,Lateral,S/D,Colisión,Ninguna,Faltante,Cordón divisorio,Sin restricción
2020,6453,2020-09-09,Miercoles,11:50:00,,0.0,2,"Moto/Ciclomotor,Automóvil",Donado 830,3,1,0,0,2,0,0,"-32.937730819145,-60.727088437806",Calle,,ROSARIO,Rosario,Asfalto,No existe,II,Dentro,Urbana,Ninguna,No existe,Recta,Bueno,Buena,Diurna,Buen Tiempo,S/D,S/D,Colisión,Ninguna,Faltante,Ninguna,Sin restricción
2020,6454,2020-09-19,Sabado,23:30:00,,0.0,1,Automóvil,Florencio Sanchez Y Juan B Alberdi,2,2,0,0,0,0,0,"-31.305759919729,-60.671518332966",Calle,,LAGUNA PAIVA,La Capital,Tierra,No existe,I,Dentro,Urbana,Ninguna,No existe,Recta,Con baches,Reducida,Nocturna,Buen Tiempo,Contra objeto fijo,S/D,Colisión,Ninguna,Faltante,Ninguna,Sin restricción
2020,6455,2020-09-14,Lunes,16:30:00,,0.0,2,"Automóvil,Moto/Ciclomotor",Juan B Alberdi Y 9 de Julio,2,1,0,0,1,0,0,"-31.306465150959,-60.664243959217",Calle,,LAGUNA PAIVA,La Capital,Ripio,No existe,I,Dentro,Urbana,Ninguna,No existe,Recta,Bueno,Buena,Diurna,Buen Tiempo,De alcance,S/D,Colisión,Ninguna,Faltante,Ninguna,Sin restricción
2020,6456,2020-11-25,Miercoles,,,0.0,1,Moto/Ciclomotor, ,1,1,0,0,0,0,0,"    -31.99554, -60.95384",Calle,,CORONDA,San JERÓNIMO,S/D,S/D,XV,S/D,S/D,Ninguna,No existe,Recta,S/D,S/D,Nocturna,S/D,S/D,S/D,Cañda ocupante,S/D,S/D,Ninguna,S/D
2020,6457,2020-09-08,Martes,11:20:00,,0.0,2,"Moto/Ciclomotor,Automóvil",A Belotti 2471,3,1,1,0,1,0,0,"-30.791387065958,-60.579261064748",Calle,,SAN JUSTO,San Justo,Asfalto,No existe,II,Dentro,Urbana,Ninguna,No existe,Recta,Bueno,Buena,Diurna,Buen Tiempo,Frontal,S/D,Colisión,Ninguna,Faltante,Ninguna,Sin restricción
2020,6458,2020-09-28,Lunes,11:55:00,,0.0,2,"Bicicleta,Automóvil",20 de Junio Y Independencia,2,1,0,0,1,0,0,"-30.943864881992344,-60.65394848585",Calle,,VIDELA,San Justo,Hormigón,No existe,XVI,Dentro,Urbana,Ninguna,No existe,Intersección,Bueno,Buena,Diurna,Buen Tiempo,S/D,Ciclista,Atropello,Ninguna,Faltante,Ninguna,Sin restricción
2020,6459,2020-09-08,Martes,11:40:00,,0.0,2,"Moto/Ciclomotor,Automóvil",Combate de San Lorenzo 240,2,1,0,0,1,0,0,"-30.361899129986,-60.40281733979",Calle,,GOBERNADOR CRESPO,San Justo,Hormigón,No existe,XVI,Dentro,Urbana,Ninguna,No existe,Recta,Bueno,Buena,Diurna,Buen Tiempo,Lateral,S/D,Colisión,Ninguna,Faltante,Ninguna,Sin restricción
2020,6460,2020-09-06,Domingo,12:35:00,,0.0,2,"Peatón,Automóvil",Chaparro 1390,2,1,0,0,1,0,0,"-32.944016609294,-60.730776889651",Calle,,ROSARIO,Rosario,Asfalto,No existe,II,Dentro,Urbana,Ninguna,No existe,Intersección,Bueno,Buena,Diurna,Buen Tiempo,S/D,Peatón,Atropello,Ninguna,Faltante,Ninguna,Sin restricción
2020,6461,2020-09-17,Jueves,11:00:00,,0.0,2,"Moto/Ciclomotor,Automóvil",Av Filipini Y Bolivar,3,3,0,0,0,0,0,"-33.030525035109,-60.63698724155",Avenida,,VILLA GOBERNADOR GÁLVEZ,Rosario,Asfalto,No existe,II,Dentro,Urbana,Ninguna,No existe,Intersección,Bueno,Buena,Diurna,Buen Tiempo,S/D,S/D,Colisión,Ninguna,Faltante,Ninguna,Sin restricción
2020,6462,2020-09-22,Martes,13:30:00,,0.0,1,Moto/Ciclomotor,Alberdi Y Av del Libertador,2,2,0,0,0,0,0,"-33.032767905078,-60.62224223753",Avenida,,VILLA GOBERNADOR GÁLVEZ,Rosario,Asfalto,No existe,II,Dentro,Urbana,Ninguna,No existe,Intersección,Bueno,Buena,Diurna,Buen Tiempo,S/D,S/D,Cañda ocupante,Ninguna,Faltante,Cordón divisorio,Sin restricción
2020,6463,2020-09-14,Lunes,19:30:00,,0.0,2,"Moto/Ciclomotor,Moto/Ciclomotor",Av Caferata Y Ing Mosconi,2,2,0,0,0,0,0,"-33.025859369201,-60.641315310967",Calle,,VILLA GOBERNADOR GÁLVEZ,Rosario,Asfalto,No existe,II,Dentro,Urbana,Ninguna,No existe,Intersección,Bueno,Buena,Amanecer,Buen Tiempo,S/D,S/D,Colisión,Ninguna,Faltante,Ninguna,Sin restricción
2020,6464,2020-11-25,Miercoles,18:30:00,,0.0,2,"Moto/Ciclomotor,Moto/Ciclomotor",San Martin Y Vicente Lopez y Planes,2,1,0,0,1,0,0,"    -29.69612, -60.2542",Calle,,MARGARITA,Vera,S/D,S/D,XIX,Dentro,Urbana,S/D,S/D,Intersección,S/D,S/D,Diurna,S/D,Lateral,S/D,Colisión,S/D,S/D,S/D,S/D
2020,6465,2020-11-26,Jueves,,,0.0,2,"Bicicleta,Pickup/Utilitario",13 de Diciembre Y Gral Las Heras,2,1,0,0,1,0,0,"    -31.90509, -61.84939",Calle,,SAN JORGE,San MARTÍN,S/D,S/D,XVIII,Dentro,Urbana,S/D,S/D,Intersección,S/D,S/D,Diurna,S/D,S/D,Ciclista,Atropello,S/D,S/D,S/D,S/D
2020,6466,2020-09-03,Jueves,04:00:00,,0.0,1,Automóvil, ,3,1,2,0,0,0,0,"-33.041528776801,-60.601749631589",Calle,,ROSARIO,Rosario,Asfalto,No existe,II,Dentro,Rural,Ninguna,No existe,Intersección,Bueno,Buena,"Nocturna,Con luz artificial",Buen Tiempo,S/D,S/D,Despiste,Ninguna,Faltante,Ninguna,Sin restricción
2020,6467,2020-09-28,Lunes,12:20:00,,0.0,2,"Moto/Ciclomotor,Automóvil",ARENALES  Y SAAVEDRA,3,2,0,0,1,0,0,"-32.584109, -61.164580",Calle,,SANTO TOMÉ,La Capital,Asfalto,No existe,I,Dentro,Urbana,Ninguna,No existe,Intersección,Bueno,Buena,Diurna,Buen Tiempo,De alcance,S/D,Colisión,Ninguna,Faltante,Ninguna,Sin restricción
2020,6468,2020-09-16,Miercoles,15:35:00,,0.0,2,"Moto/Ciclomotor,Automóvil",San Nicolas Y Urquiza,2,1,0,0,1,0,0,"-32.936837751586,-60.671438929649",Calle,,ROSARIO,Rosario,Asfalto,No existe,II,Dentro,Urbana,Señal Pare,No existe,Intersección,Bueno,S/D,Diurna,Buen Tiempo,Lateral,S/D,Colisión,S/D,Vertical,Ninguna,S/D
2020,6469,2020-09-03,Jueves,19:30:00,Ruta Provincial 21,0.0,2,"Moto/Ciclomotor,Camión c / Acoplado",Av Gral San Martin 3400,3,2,0,0,1,0,0,"-33.04147303104403,-60.611030459404",Ruta,21,VILLA GOBERNADOR GÁLVEZ,Rosario,Asfalto,No existe,II,Dentro,Urbana,Ninguna,No existe,Intersección,Bueno,Buena,"Atardecer,Con luz artificial",Buen Tiempo,Lateral,S/D,Colisión,Ninguna,Horizontal,Línea divisoria pintada,Sin restricción
2020,6470,2020-09-05,Sabado,17:40:00,,0.0,2,"Moto/Ciclomotor,Camión Chasis",chile 1800,2,0,1,0,1,0,0,"-33.023941051454,-60.617642064618",Calle,,VILLA GOBERNADOR GÁLVEZ,Rosario,Asfalto,No existe,II,Dentro,Urbana,Ninguna,No existe,Recta,Bueno,Buena,Diurna,Buen Tiempo,Lateral,S/D,Colisión,Ninguna,Faltante,Ninguna,Sin restricción
2020,6471,2020-09-25,Viernes,10:30:00,,0.0,2,"Moto/Ciclomotor,Automóvil",Chaco Y Hernandarias,3,2,0,0,1,0,0,"-31.673979070188,-60.761964669436",Calle,,SANTO TOMÉ,La Capital,Asfalto,No existe,I,Dentro,Urbana,Ninguna,No existe,Intersección,Bueno,Buena,Diurna,Buen Tiempo,Lateral,S/D,Colisión,Ninguna,Faltante,Ninguna,Sin restricción
2020,6472,2020-09-15,Martes,12:00:00,,0.0,2,"Moto/Ciclomotor,Automóvil",Av Juan Domingo Peron Y Laprida,2,1,0,0,1,0,0,"-33.024109626563,-60.623631678738",Avenida,,VILLA GOBERNADOR GÁLVEZ,Rosario,Asfalto,No existe,II,Dentro,Urbana,Paso Peatonal,No existe,Intersección,Bueno,Buena,Diurna,Buen Tiempo,Lateral,S/D,Colisión,Ninguna,Horizontal,Cordón divisorio,Sin restricción
2020,6473,2020-09-15,Martes,19:00:00,,0.0,2,"Moto/Ciclomotor,Automóvil",Av Juan Domingo Peron Y Bv San diego,3,1,0,0,2,0,0,"-33.018824379823,-60.618510750872",Avenida,,VILLA GOBERNADOR GÁLVEZ,Rosario,Asfalto,No existe,II,Dentro,Urbana,Semáforo,Funciona,Intersección,Bueno,Buena,"Atardecer,Con luz artificial",Buen Tiempo,Lateral,S/D,Colisión,Ninguna,"Horizontal,Vertical",Cordón divisorio,Sin restricción
2020,6474,2020-09-06,Domingo,16:00:00,Ruta Nacional 11,573.0,2,"Automóvil,Moto/Ciclomotor", ,2,1,0,0,1,0,0,"-30.75381, -60.55719",Ruta,11,SAN JUSTO,San Justo,Asfalto,Natural,XVI,Dentro,Rural,Ninguna,No existe,Recta,Bueno,Buena,Diurna,Buen Tiempo,De alcance,S/D,Colisión,Ninguna,Horizontal,Línea divisoria pintada,Sin restricción
2020,6475,2020-09-24,Jueves,11:50:00,,0.0,2,"Peatón,Automóvil",Hernandarias Y Salta,2,1,0,0,0,0,1,"-31.674508029258,-60.758705226388",Calle,,SANTO TOMÉ,La Capital,Asfalto,No existe,I,Dentro,Urbana,Ninguna,No existe,Intersección,Bueno,Buena,Diurna,Buen Tiempo,S/D,Peatón,Atropello,Ninguna,Faltante,Ninguna,Sin restricción
2020,6476,2020-11-26,Jueves,,,0.0,2,"Moto/Ciclomotor,Pickup/Utilitario",Boulevard Villada ,2,1,0,0,1,0,0,"    -33.039, -61.17012",Calle,,CASILDA,Caseros,Asfalto,S/D,IV,Dentro,Urbana,Ninguna,No existe,Intersección,S/D,S/D,Diurna,S/D,Lateral,S/D,Colisión,S/D,S/D,S/D,S/D
2020,6477,2020-09-27,Domingo,21:50:00,Autopista Nacional A012,0.0,2,"Automóvil,Moto/Ciclomotor",PARQUE SARMIENTO ,3,1,0,0,2,0,0,"-33.08593869209292,-60.585640668869",Autopista,A012,PUEBLO ESTHER,Rosario,Asfalto,Ripio,II,Dentro,Urbana,Ninguna,No existe,Intersección,Bueno,Buena,Diurna,Buen Tiempo,S/D,S/D,Colisión,Ninguna,Horizontal,Línea divisoria pintada,Sin restricción
2020,6478,2020-09-10,Jueves,13:30:00,Ruta Nacional 11,0.0,2,"Moto/Ciclomotor,Automóvil",Avenida Nuestra Se�ora del Luj Y Santiago Del Estero,2,1,0,0,1,0,0,"-31.674977748534,-60.770614715227",Ruta,11,SANTO TOMÉ,La Capital,Asfalto,No existe,I,Dentro,Urbana,Semáforo,Funciona,Intersección,Bueno,Buena,Diurna,Buen Tiempo,Lateral,S/D,Colisión,Ninguna,"Horizontal,Vertical",Línea divisoria pintada,Sin restricción
2020,6479,2020-11-27,Viernes,,,0.0,2,"Moto/Ciclomotor,Pickup/Utilitario",Balcarce Y Gdor Iriondo,2,1,0,0,1,0,0,"    -34.2504, -62.70506",Calle,,RUFINO,General LÓPEZ,Asfalto,S/D,VIII,S/D,Urbana,S/D,S/D,Intersección,S/D,S/D,S/D,S/D,Lateral,S/D,Colisión,S/D,S/D,S/D,S/D
2020,6480,2020-09-23,Miercoles,19:00:00,,0.0,2,"Pickup/Utilitario,Moto/Ciclomotor",Bv Poeta J Migno Y Independencia,2,1,0,0,1,0,0,"-30.57510673999788,-59.928783774375",Avenida,,SAN JAVIER,San Javier,Hormigón,No existe,XIV,Dentro,Urbana,Ninguna,No existe,Intersección,Bueno,Buena,Atardecer,Buen Tiempo,Lateral,S/D,Colisión,Ninguna,Faltante,Cordón divisorio,Sin restricción
2020,6481,2020-09-15,Martes,10:20:00,,0.0,2,"Automóvil,Automóvil",San Lorenzo Y Soldado Aguirre,2,1,0,0,1,0,0,"-33.029549213682,-60.645281046692",Avenida,,VILLA GOBERNADOR GÁLVEZ,Rosario,Asfalto,No existe,II,Dentro,Urbana,Ninguna,No existe,Intersección,Bueno,Buena,Diurna,Buen Tiempo,Lateral,S/D,Colisión,Ninguna,Faltante,Cordón divisorio,Sin restricción
2020,6482,2020-09-09,Miercoles,14:15:00,,0.0,2,"Moto/Ciclomotor,Pickup/Utilitario",Balcarce Y Moreno,3,2,0,0,1,0,0,"-31.676791847714,-60.768884414298",Calle,,SANTA FE,La Capital,Asfalto,No existe,I,Dentro,Urbana,Ninguna,No existe,Intersección,Bueno,Buena,Diurna,Buen Tiempo,Lateral,S/D,Colisión,Ninguna,Faltante,Ninguna,Sin restricción
2020,6483,2020-09-25,Viernes,11:40:00,,0.0,2,"Automóvil,Moto/Ciclomotor",Laprida Y Urquiza,2,1,0,0,1,0,0,"-33.108360558786,-60.554722850924",Calle,,GENERAL LAGOS,Rosario,Asfalto,No existe,II,Dentro,Urbana,Ninguna,No existe,Intersección,Bueno,Buena,Diurna,Buen Tiempo,Lateral,S/D,Colisión,Ninguna,Faltante,Ninguna,Sin restricción
2020,6484,2020-09-21,Lunes,16:45:00,,0.0,2,"Moto/Ciclomotor,Moto/Ciclomotor",Bv Poeta J Migno Y H Irigoyen,3,3,0,0,0,0,0,"-30.57356983423233,-59.935062825679",Avenida,,SAN JAVIER,San Javier,Hormigón,No existe,XIV,Dentro,Urbana,Ninguna,No existe,Intersección,Bueno,Buena,Diurna,Buen Tiempo,Lateral,S/D,Colisión,Ninguna,Faltante,Cordón divisorio,Sin restricción
2020,6485,2020-09-02,Miercoles,14:00:00,,0.0,2,"Automóvil,Automóvil",Alvear Y Saenz Pe�a,2,1,0,0,1,0,0,"-33.017637512861,-60.611433515926",Calle,,VILLA GOBERNADOR GÁLVEZ,Rosario,Asfalto,No existe,II,Dentro,Urbana,Ninguna,No existe,Intersección,Bueno,Buena,Diurna,Buen Tiempo,S/D,S/D,Colisión,Ninguna,Faltante,Ninguna,Sin restricción
2020,6486,2020-11-27,Viernes,22:30:00,,0.0,2,"Bicicleta,Automóvil",Bvard Pasteur Y Hipolito Irigoyen,2,1,0,0,1,0,0,"    -32.03198, -61.22528",Avenida,,GÁLVEZ,San JERÓNIMO,Asfalto,S/D,XV,Dentro,Urbana,S/D,S/D,Intersección,S/D,S/D,Nocturna,S/D,S/D,Ciclista,Atropello,S/D,S/D,S/D,S/D
2020,6487,2020-09-20,Domingo,13:00:00,Ruta Provincial 1,1.0,2,"Moto/Ciclomotor,Automóvil", ,3,1,0,0,2,0,0,"-31.638310, -60.626523",Ruta,1,COLASTINE,La Capital,Asfalto,Natural,I,Dentro,Urbana,Ninguna,Funciona,Recta,Bueno,Buena,Diurna,Buen Tiempo,S/D,S/D,Colisión,Ninguna,Vertical,Cordón divisorio,Sin restricción
2020,6488,2020-09-24,Jueves,11:50:00,,0.0,2,"Pickup/Utilitario,Bicicleta",Andreu Y I A Edison,2,1,0,0,1,0,0,"-33.015894603588,-60.613824132405",Calle,,VILLA GOBERNADOR GÁLVEZ,Rosario,Asfalto,No existe,II,Dentro,Urbana,Ninguna,No existe,Intersección,Bueno,Buena,Diurna,Buen Tiempo,S/D,Ciclista,Atropello,Ninguna,Faltante,Ninguna,Sin restricción
2020,6489,2020-09-17,Jueves,12:30:00,,0.0,1,Moto/Ciclomotor,Bv Poeta J Migno 1700,1,1,0,0,0,0,0,"-30.573408650367,-59.934971227928",Avenida,,SAN JAVIER,San Javier,Hormigón,No existe,XIV,Dentro,Urbana,Ninguna,No existe,Recta,Bueno,Buena,Diurna,Buen Tiempo,S/D,S/D,Cañda ocupante,Ninguna,Faltante,Cordón divisorio,Sin restricción
2020,6490,2020-09-15,Martes,18:00:00,,0.0,2,"Automóvil,Automóvil",3 de Febrero Y Pres Domingo F Sarmiento,3,2,0,0,1,0,0,"-33.152201254664,-60.5119305248",Calle,,ARROYO SECO,Rosario,Asfalto,No existe,II,Dentro,Urbana,Ninguna,No existe,Intersección,Ahuellamiento,Buena,Atardecer,Buen Tiempo,Lateral,S/D,Colisión,Ninguna,Faltante,Ninguna,Sin restricción
2020,6491,2020-09-18,Viernes,08:35:00,,0.0,2,"Moto/Ciclomotor,Automóvil",CALLE 10 Y SANTA ROSA,3,2,0,0,1,0,0,"-31.572943, -60.539831",Calle,,AP. LEYES,La Capital,Tierra,No existe,I,Dentro,Urbana,Ninguna,No existe,Intersección,Bueno,Buena,Amanecer,Buen Tiempo,Lateral,S/D,Colisión,Ninguna,Faltante,Ninguna,Sin restricción