anio_acci,nro_acci,fecha,desc_dia,hora_aprox,desc_ruta,km,cant_participantes,desc_participante,calle_avenida_km,total,heridos_leves,heridos_graves,heridos_gravisimos,ilesos,fallecidos,sin_datos,posicion_XY,desc_tipo_via,desc_ruta_ori,desc_loc,desc_dpto,desc_tipo_calzada,desc_tipo_banquina,desc_unidad_regional,desc_lugar_calzada,desc_zona,desc_prioridad,desc_estado_semaforo,desc_lugar_via,desc_estado_via,desc_estado_visibilidad,desc_luminosidad,desc_estado_clima,desc_tipo_colision,desc_tipo_atropello,desc_tipo_hecho,desc_pres_calzada,desc_senializacion,desc_separacion_via,desc_restriccion
2020,6492,2020-09-11,Viernes,21:20:00,,0.0,1,Moto/Ciclomotor,Bv Poeta J Migno Y San Martin,1,1,0,0,0,0,0,"-30.575253959459,-59.92770390164",Avenida,,SAN JAVIER,San Javier,Hormigón,No existe,XIV,Dentro,Urbana,Ninguna,No existe,Intersección,Bueno,Buena,Nocturna,Buen Tiempo,S/D,S/D,Cañda ocupante,Agua,Faltante,Cordón divisorio,Sin restricción
2020,6493,2020-09-21,Lunes,11:00:00,Ruta Nacional 33,783.0,5,"Pickup/Utilitario,Automóvil,Automóvil,Automóvil,Automóvil", ,5,1,0,0,4,0,0,"-33.000059723854086,-60.77467739582",Ruta,33,PEREZ,Rosario,Asfalto,No existe,II,Dentro,Rural,Ninguna,No existe,Recta,Bueno,Buena,Diurna,Buen Tiempo,Múltiple,S/D,Colisión,Ninguna,Faltante,Ninguna,Sin restricción
2020,6494,2020-09-10,Jueves,20:00:00,,0.0,2,"Moto/Ciclomotor,Bicicleta",Bv Poeta J Migno 1700,2,1,0,0,1,0,0,"-30.573408650367,-59.934971227928",Avenida,,SAN JAVIER,San Javier,Hormigón,Natural,XIV,Dentro,Urbana,Ninguna,No existe,Recta,Bueno,Buena,Nocturna,Buen Tiempo,S/D,Ciclista,Atropello,Ninguna,Faltante,Cordón divisorio,Sin restricción
2020,6495,2020-09-22,Martes,17:30:00,,0.0,2,"Bicicleta,Automóvil",Hipolito Irigoyen Y Juan Bautista Alberdi,2,1,0,0,1,0,0,"-32.994755936521,-60.775006080283",Calle,,PEREZ,Rosario,Asfalto,No existe,II,Dentro,Urbana,Otra Señal,No existe,Intersección,Bueno,Buena,Diurna,Buen Tiempo,S/D,Ciclista,Atropello,Ninguna,Vertical,Ninguna,Sin restricción
2020,6496,2020-11-28,Sabado,,Ruta Provincial 10,0.0,2,"Moto/Ciclomotor,Moto/Ciclomotor",Gregoria Matorras Y Bvard 20 de Junio,2,1,0,0,1,0,0,"    -32.02618, -61.21528",Ruta,10,GÁLVEZ,San JERÓNIMO,Asfalto,S/D,XV,S/D,Urbana,S/D,S/D,Intersección,S/D,S/D,S/D,S/D,S/D,S/D,Colisión,S/D,S/D,S/D,S/D
2020,6497,2020-09-03,Jueves,21:30:00,Ruta Provincial 1,2.4,2,"Peatón,Pickup/Utilitario", ,2,1,0,0,1,0,0,"   -31.62695, -60.60595",Ruta,1,COLASTINE,La Capital,Asfalto,No existe,I,Dentro,Urbana,Ninguna,No existe,Recta,Bueno,Buena,Diurna,Buen Tiempo,S/D,Peatón,Atropello,S/D,Horizontal,Línea divisoria pintada,Sin restricción
2020,6498,2020-09-17,Jueves,20:00:00,Ruta Provincial 1,2.5,2,"Moto/Ciclomotor,Automóvil", ,2,0,0,1,1,0,0,"-31.626225, -60.604587",Ruta,1,COLASTINE,La Capital,Asfalto,Natural,I,Dentro,Urbana,Ninguna,Funciona,Recta,Bueno,Buena,Nocturna,Buen Tiempo,S/D,S/D,Colisión,Ninguna,"Horizontal,Vertical",Cordón divisorio,Sin restricción
2020,6499,2020-09-07,Lunes,10:50:00,,0.0,1,Moto/Ciclomotor,CACIQUE ALETIN ,2,2,0,0,0,0,0,"-30.572786629199985,-59.93579506874",Calle,,SAN JAVIER,San Javier,Tierra,No existe,XIV,Dentro,Urbana,Ninguna,No existe,Recta,Bueno,Buena,Diurna,Buen Tiempo,Atropello animal,S/D,Colisión,Ninguna,Faltante,Ninguna,Sin restricción
2020,6500,2020-09-09,Miercoles,,,0.0,2,"Bicicleta,Taxi/Remis",Malvinas Argentinas 264,3,1,0,0,2,0,0,"-33.002852339034,-60.753659719475",Calle,,PEREZ,Rosario,Asfalto,No existe,II,Dentro,Urbana,Ninguna,No existe,Intersección,Bueno,Buena,Diurna,Buen Tiempo,S/D,Ciclista,Atropello,Ninguna,Faltante,Ninguna,Sin restricción
2020,6501,2020-09-15,Martes,09:40:00,Ruta Nacional 11,477.0,2,"Automóvil,Moto/Ciclomotor", ,2,1,0,0,1,0,0,"-31.542449, -60.723708",Ruta,11,RECREO,La Capital,Asfalto,Natural,I,Dentro,Urbana,Ninguna,No existe,Cruce,Deteriorada,Buena,Diurna,Buen Tiempo,Lateral,S/D,Colisión,Ninguna,Faltante,Ninguna,Sin restricción
2020,6502,2020-09-11,Viernes,08:20:00,Ruta Nacional 33,0.0,1,Moto/Ciclomotor,Av San Martin Y Rivadavia,1,1,0,0,0,0,0,"-32.997522718579,-60.768647810633",Ruta,33,PEREZ,Rosario,Asfalto,Pavimento,II,Dentro,Urbana,Ninguna,No existe,Intersección,Bueno,Buena,Diurna,Buen Tiempo,Contra objeto fijo,S/D,Colisión,Ninguna,Horizontal,Línea divisoria pintada,Sin restricción
2020,6503,2020-09-11,Viernes,11:20:00,Ruta Nacional 11,447.0,2,"Moto/Ciclomotor,Pickup/Utilitario", ,2,1,0,0,1,0,0,"-31.542489, -60.723717",Ruta,11,RECREO,La Capital,Asfalto,Ripio,I,Dentro,Urbana,Semáforo,Intermitente,Recta,Bueno,Buena,Diurna,Buen Tiempo,Lateral,S/D,Colisión,Ninguna,Vertical,Línea divisoria pintada,Sin restricción
2020,6504,2020-11-28,Sabado,20:00:00,,0.0,2,"Peatón,Tren",Av. Genova ,2,0,0,1,1,0,0,"    -32.91545, -60.69369",S/D,,ROSARIO,Rosario,S/D,S/D,II,S/D,S/D,S/D,S/D,Paso a Nivel FFCC,S/D,S/D,Nocturna,S/D,S/D,Peatón,Atropello,S/D,S/D,S/D,S/D
2020,6505,2020-09-08,Martes,17:25:00,Ruta Provincial 1,190.0,2,"Camión c / Acoplado,Moto/Ciclomotor", ,3,1,1,0,1,0,0,"-30.16189, -59.9084",Ruta,1,ALEJANDRA,San Javier,Asfalto,Natural,XIV,Dentro,Rural,Ninguna,No existe,Recta,Bueno,Buena,Diurna,Buen Tiempo,Lateral,S/D,Colisión,Ninguna,Horizontal,Línea divisoria pintada,Sin restricción
2020,6506,2020-09-01,Martes,19:20:00,Ruta Nacional 11,478.0,2,"Moto/Ciclomotor,Bicicleta", ,2,1,0,0,1,0,0,"-31.528369, -60.722945",Ruta,11,RECREO,La Capital,Asfalto,No existe,I,Dentro,Urbana,Ninguna,No existe,Recta,Deteriorada,Buena,Nocturna,Buen Tiempo,S/D,Ciclista,Atropello,Ninguna,Faltante,Ninguna,Sin restricción
2020,6507,2020-09-09,Miercoles,,,0.0,2,"Moto/Ciclomotor,Moto/Ciclomotor",PAJARO BLANCO Y SARMIENTO,2,2,0,0,0,0,0,"-29.908059079907,-59.830059835929",Calle,,ALEJANDRA,San Javier,Asfalto,No existe,XIV,Dentro,Urbana,Ninguna,No existe,Intersección,Bueno,Buena,Diurna,Buen Tiempo,Frontal,S/D,Colisión,Ninguna,Faltante,Ninguna,Sin restricción
2020,6509,2020-11-29,Domingo,,,0.0,2,"Moto/Ciclomotor,Automóvil",Boulevard Villada Y 1 de Mayo,3,3,0,0,0,0,0,"    -33.0396, -61.1712",Avenida,,CASILDA,Caseros,Asfalto,S/D,IV,Dentro,Urbana,S/D,S/D,Intersección,S/D,S/D,Nocturna,S/D,Lateral,S/D,Colisión,S/D,S/D,Ninguna,S/D
2020,6510,2020-09-18,Viernes,16:45:00,,0.0,2,"Moto/Ciclomotor,Automóvil",Europa Y Gorriti,3,1,0,0,2,0,0,"-31.585201057769,-60.716171634498",Calle,,SANTA FE,La Capital,Asfalto,No existe,I,Dentro,Urbana,Semáforo,Funciona,Intersección,Bueno,Buena,Diurna,Buen Tiempo,Lateral,S/D,Colisión,Ninguna,"Horizontal,Vertical",Ninguna,Sin restricción
2020,6511,2020-09-01,Martes,16:15:00,,0.0,2,"Moto/Ciclomotor,Automóvil",Callao Y Milan,2,1,0,0,1,0,0,"-32.986614958411,-60.671227428347",Calle,,ROSARIO,Rosario,Asfalto,No existe,II,Dentro,Urbana,Otra Señal,No existe,Intersección,Bueno,Buena,Diurna,Buen Tiempo,Lateral,S/D,Colisión,Ninguna,Vertical,Ninguna,Sin restricción
2020,6512,2020-08-03,Lunes,20:20:00,,0.0,2,"Bicicleta,Automóvil",Av. Ovidio Lagos 5900,2,0,1,0,1,0,0,"-33.006479, -60.676760",Avenida,,ROSARIO,Rosario,Asfalto,No existe,II,Dentro,Urbana,Semáforo,No existe,Recta,Bueno,Buena,Nocturna,Buen Tiempo,S/D,Ciclista,Atropello,Ninguna,Vertical,Ninguna,Sin restricción
2020,6513,2020-09-01,Martes,07:50:00,,0.0,2,"Moto/Ciclomotor,Automóvil",Estrella Federal Y Flor De Nacar,2,1,0,0,1,0,0,"-33.02045255899429,-60.660447478294",Calle,,ROSARIO,Rosario,Asfalto,No existe,II,Dentro,Urbana,Ninguna,No existe,Intersección,Bueno,Buena,Diurna,Buen Tiempo,Lateral,S/D,Colisión,Ninguna,Faltante,Ninguna,Sin restricción
2020,6514,2020-09-03,Jueves,12:25:00,,0.0,2,"Peatón,Pickup/Utilitario",Av. Corrientes Y Riobamba,2,1,0,0,0,0,1,"-32.962264957557,-60.646524531942",Calle,,ROSARIO,Rosario,Asfalto,No existe,II,Dentro,Urbana,Ninguna,No existe,Intersección,Bueno,Buena,Diurna,Buen Tiempo,S/D,Peatón,Atropello,Ninguna,Faltante,S/D,Desvío Provisorio
2020,6515,2020-09-02,Miercoles,17:05:00,,0.0,2,"Bicicleta,Automóvil",Bv. Avellaneda Y Cnel.Winter,2,1,0,0,1,0,0,"-32.984996722533,-60.688800925971",Avenida,,ROSARIO,Rosario,Asfalto,No existe,II,Dentro,Urbana,Ninguna,No existe,Intersección,Bueno,Buena,Diurna,Buen Tiempo,S/D,Ciclista,Atropello,Ninguna,Faltante,Cordón divisorio,Sin restricción
2020,6516,2020-09-02,Miercoles,10:50:00,,0.0,2,"Automóvil,Automóvil",Cazadores Y Cereseto,3,1,0,0,2,0,0,"-33.004773783802,-60.673788124406",Calle,,ROSARIO,Rosario,Asfalto,No existe,II,Dentro,Urbana,Ninguna,No existe,Intersección,Bueno,Buena,Diurna,Buen Tiempo,Lateral,S/D,Colisión,Ninguna,Faltante,Ninguna,Sin restricción
2020,6517,2020-09-03,Jueves,06:00:00,,0.0,2,"Pickup/Utilitario,Automóvil",Av. Arijon Y Bv. Oro�o,2,1,0,0,1,0,0,"-33.003533657294,-60.66479024171",Avenida,,ROSARIO,Rosario,Asfalto,No existe,II,Dentro,Urbana,Semáforo,Funciona,Intersección,Bueno,Buena,Diurna,Buen Tiempo,Lateral,S/D,Colisión,Ninguna,"Horizontal,Vertical",Ninguna,Sin restricción
2020,6518,2020-09-23,Miercoles,11:00:00,,0.0,2,"Moto/Ciclomotor,Automóvil",San Nicolas Y Tucuman,3,2,0,0,1,0,0,"-32.935672948209,-60.671143890302",Calle,,ROSARIO,Rosario,Asfalto,No existe,II,Dentro,Urbana,Ninguna,No existe,Intersección,Bueno,Buena,Diurna,Buen Tiempo,Lateral,S/D,Colisión,Ninguna,Faltante,Ninguna,Sin restricción
2020,6520,2020-09-04,Viernes,17:35:00,,0.0,2,"Peatón,Automóvil",24 De Setiembre Y Castellanos,4,0,1,0,3,0,0,"-32.973591685295126,-60.68355202674",Calle,,ROSARIO,Rosario,Asfalto,No existe,II,Dentro,Urbana,Ninguna,No existe,Intersección,Bueno,Buena,Diurna,Buen Tiempo,S/D,Peatón,Atropello,Ninguna,Faltante,Ninguna,Sin restricción
2020,6521,2020-09-05,Sabado,15:20:00,Ruta Nacional 9,0.0,4,"Automóvil,Automóvil,Automóvil,Automóvil",Catamarca Y Ruta Nacional 9,5,3,0,0,2,0,0,"-32.922615892443,-60.804823992495",Ruta,9,FUNES,Rosario,Asfalto,Ripio,II,Dentro,Urbana,Semáforo,Funciona,Intersección,Bueno,Buena,Diurna,Buen Tiempo,Múltiple,S/D,Colisión,Ninguna,"Horizontal,Vertical",Línea divisoria pintada,Sin restricción
2020,6522,2020-09-06,Domingo,11:10:00,,0.0,2,"Moto/Ciclomotor,Automóvil",Av. Battle y Ordo�ez Y Entre Rios,3,2,0,0,1,0,0,"-33.008873462677,-60.65158411860466",Avenida,,ROSARIO,Rosario,Asfalto,No existe,II,Dentro,Urbana,Ninguna,No existe,Intersección,Bueno,Buena,Diurna,Buen Tiempo,Lateral,S/D,Colisión,Ninguna,Faltante,Cordón divisorio,Sin restricción
2020,6523,2020-09-20,Domingo,16:10:00,,0.0,2,"Moto/Ciclomotor,Automóvil",E.Zeballos Y Ricchieri,3,1,0,0,2,0,0,"-32.95058369636532,-60.664926767349",Calle,,ROSARIO,Rosario,Asfalto,No existe,II,Dentro,Urbana,Ninguna,No existe,Recta,Bueno,Buena,Diurna,Buen Tiempo,De alcance,S/D,Colisión,Ninguna,Faltante,Ninguna,Sin restricción
2020,6524,2020-11-30,Lunes,,,0.0,2,"Automóvil,Moto/Ciclomotor",L.N.Alem Y Cochabamba,3,2,0,0,1,0,0,"    -32.96023, -60.63138",Calle,,ROSARIO,Rosario,Asfalto,S/D,II,Dentro,Urbana,S/D,S/D,Intersección,S/D,S/D,S/D,S/D,Lateral,S/D,Colisión,S/D,S/D,S/D,S/D
2020,6525,2020-09-06,Domingo,09:30:00,,0.0,2,"Automóvil,Moto/Ciclomotor",Av Fuerza Aerea Y Rosales,2,1,0,0,1,0,0,"-32.92972289948004,-60.827114052795",Avenida,,FUNES,Rosario,Asfalto,Natural,II,Dentro,Urbana,Ninguna,No existe,Intersección,Bueno,Buena,Diurna,Buen Tiempo,Frontal,S/D,Colisión,Ninguna,Faltante,Cordón divisorio,Sin restricción
2020,6526,2020-11-30,Lunes,,,0.0,2,"Moto/Ciclomotor,Automóvil",Capitan Bermudez Y Misiones,2,1,0,0,1,0,0,"    -32.02084, -61.21801",Calle,,GÁLVEZ,San JERÓNIMO,S/D,S/D,XV,S/D,Urbana,S/D,S/D,Intersección,S/D,S/D,S/D,S/D,Lateral,S/D,Colisión,S/D,S/D,S/D,S/D
2020,6527,2020-09-08,Martes,09:30:00,,0.0,2,"Moto/Ciclomotor,Automóvil",Alsina Y Bv. Segui,4,1,2,0,1,0,0,"-32.972297335989,-60.684661369737",Avenida,,ROSARIO,Rosario,Asfalto,No existe,II,Dentro,Urbana,Ninguna,No existe,Intersección,Bueno,Buena,Diurna,Buen Tiempo,Lateral,S/D,Colisión,Ninguna,Faltante,Línea divisoria pintada,Sin restricción
2020,6528,2020-09-13,Domingo,08:45:00,,0.0,2,"Pickup/Utilitario,Moto/Ciclomotor",El Pampero Y Jose Ingenieros,2,0,1,0,1,0,0,"-32.92217482789,-60.845011716523",Calle,,FUNES,Rosario,Ripio,No existe,II,Dentro,Urbana,Ninguna,No existe,Intersección,Bueno,Buena,Diurna,Buen Tiempo,Lateral,S/D,Colisión,Ninguna,Faltante,Ninguna,Sin restricción
2020,6529,2020-09-21,Lunes,13:40:00,Ruta Nacional 9,0.0,2,"Moto/Ciclomotor,Pickup/Utilitario",Hernandez Y Ruta Nacional 9,2,1,0,0,1,0,0,"-32.916337977595,-60.84348102903",Ruta,9,FUNES,Rosario,Asfalto,Ripio,II,Dentro,Urbana,Semáforo,Funciona,Recta,Bueno,Buena,Diurna,Buen Tiempo,De alcance,S/D,Colisión,Ninguna,"Horizontal,Vertical",Línea divisoria pintada,Sin restricción
2020,6530,2020-09-08,Martes,21:30:00,,0.0,2,"Pickup/Utilitario,Moto/Ciclomotor",Catamarca Y Santiago,2,0,1,0,1,0,0,"-32.93740918721,-60.65453637376",Calle,,ROSARIO,Rosario,Asfalto,No existe,II,Dentro,Urbana,Señal Pare,No existe,Recta,Bueno,Buena,"Nocturna,Con luz artificial",Buen Tiempo,Lateral,S/D,Colisión,Ninguna,"Horizontal,Vertical",Ninguna,Sin restricción
2020,6531,2020-09-23,Miercoles,12:40:00,,0.0,2,"Automóvil,Moto/Ciclomotor",Av Fuerza Aerea Y Catamarca,2,1,0,0,1,0,0,"-32.92885902062863,-60.804595891774",Avenida,,FUNES,Rosario,Asfalto,No existe,II,Dentro,Urbana,Ninguna,No existe,Intersección,Bueno,Buena,Diurna,Buen Tiempo,S/D,S/D,Colisión,Ninguna,Horizontal,Ninguna,Sin restricción
2020,6532,2020-09-13,Domingo,19:00:00,,0.0,2,"Moto/Ciclomotor,Vehículo Oficial",Biarritz Y Camino Viejo Soldini,2,1,0,0,1,0,0,"-33.026008, -60.684770",Calle,,ROSARIO,Rosario,Asfalto,No existe,II,Dentro,Urbana,Ninguna,No existe,Intersección,Deteriorada,Buena,Atardecer,Buen Tiempo,Otro,S/D,Colisión,Ninguna,Faltante,Ninguna,Sin restricción
2020,6533,2020-09-27,Domingo,07:40:00,,0.0,1,Automóvil,Federacion Y Tomas de la Torre,1,0,1,0,0,0,0,"-32.913033790361,-60.834021468686",Calle,,FUNES,Rosario,Tierra,No existe,II,Dentro,Urbana,Ninguna,No existe,Recta,Bueno,Buena,Diurna,Buen Tiempo,S/D,S/D,Vuelco,Ninguna,Faltante,Ninguna,Sin restricción
2020,6534,2020-09-17,Jueves,19:30:00,,0.0,2,"Bicicleta,Moto/Ciclomotor",Av. Pellegrini Y Mitre,2,2,0,0,0,0,0,"-32.956960588458,-60.642259104805",Avenida,,ROSARIO,Rosario,Asfalto,No existe,II,Dentro,Urbana,Semáforo,Funciona,Recta,Bueno,Buena,Atardecer,Buen Tiempo,S/D,Ciclista,Atropello,Ninguna,"Horizontal,Vertical",Cordón divisorio,Sin restricción
2020,6535,2020-09-13,Domingo,14:35:00,,0.0,3,"Peatón,Moto/Ciclomotor,Moto/Ciclomotor",Lavalle Y Pte.Quintana,3,2,0,0,1,0,0,"-32.975413879599,-60.686866161535",Calle,,ROSARIO,Rosario,Asfalto,Pavimento,II,Dentro,Urbana,Ninguna,No existe,Intersección,Bueno,Buena,Diurna,Buen Tiempo,Lateral,Peatón,"Colisión,Atropello",Ninguna,Faltante,Ninguna,Sin restricción
2020,6536,2020-09-26,Sabado,06:00:00,,0.0,1,Pickup/Utilitario,Belgrano Y Gral Paz,1,1,0,0,0,0,0,"-32.916237711499,-60.801158380212",Calle,,FUNES,Rosario,Asfalto,No existe,II,Dentro,Urbana,Ninguna,No existe,Intersección,Bueno,Buena,Diurna,Buen Tiempo,Contra objeto fijo,S/D,Colisión,Ninguna,Faltante,Ninguna,Sin restricción
2020,6537,2020-09-19,Sabado,10:20:00,Ruta Provincial 18,5.0,2,"Moto/Ciclomotor,Moto/Ciclomotor", ,2,2,0,0,0,0,0,"-33.07358686036453, -60.69498920759",Ruta,18,LA CAROLINA,Rosario,Asfalto,No existe,II,Dentro,Urbana,Ninguna,No existe,Recta,Bueno,Buena,Diurna,Buen Tiempo,S/D,S/D,Colisión,Ninguna,Horizontal,Línea divisoria pintada,Sin restricción
2020,6538,2020-09-14,Lunes,13:30:00,,0.0,2,"Bicicleta,Pickup/Utilitario",España Y Madre Cabrini,2,1,0,0,1,0,0,"-33.005254908321,-60.657538643903",Calle,,ROSARIO,Rosario,Asfalto,No existe,II,Dentro,Urbana,Ninguna,No existe,Intersección,Bueno,Buena,Diurna,Buen Tiempo,S/D,Ciclista,Atropello,Ninguna,Faltante,Ninguna,Sin restricción
2020,6539,2020-09-19,Sabado,10:45:00,Ruta Provincial 18,29.0,1,Automóvil, ,1,1,0,0,0,0,0,"-33.27653745842331, -60.77222200046",Ruta,18,CARMEN DEL SAUCE,Rosario,Asfalto,Natural,II,Dentro,Rural,Ninguna,No existe,Recta,Bueno,Buena,Diurna,Buen Tiempo,S/D,S/D,Vuelco,Ninguna,Horizontal,Línea divisoria pintada,Sin restricción
2020,6540,2020-09-07,Lunes,08:40:00,,0.0,2,"Moto/Ciclomotor,Pickup/Utilitario", ,2,1,0,0,0,0,1,"-32.94889926910397,-60.687317848205",Calle,,ROSARIO,Rosario,Asfalto,No existe,II,Dentro,Urbana,Ninguna,No existe,Intersección,Bueno,Buena,Diurna,Buen Tiempo,Lateral,S/D,Colisión,Ninguna,Horizontal,Ninguna,Sin restricción
2020,6541,2020-11-23,Lunes,,,0.0,2,"Moto/Ciclomotor,Automóvil",Cristobal Colon Y Mariano Moreno,2,1,0,0,1,0,0,"    -33.74255, -61.97252",Calle,,VENADO TUERTO,General LÓPEZ,Asfalto,S/D,VIII,Dentro,Urbana,S/D,S/D,Intersección,S/D,S/D,Nocturna,S/D,S/D,S/D,Colisión,S/D,S/D,S/D,S/D
2020,6542,2020-09-25,Viernes,09:30:00,Ruta Secundaria 34-s,0.0,1,Automóvil,SILVESTRE BEGNIS Y RENE FAVALORO,1,1,0,0,0,0,0,"-32.850531328003,-60.707354656817",Ruta,34-s,GRANADERO BAIGORRIA,Rosario,Asfalto,No existe,II,Dentro,Urbana,Ninguna,No existe,Recta,Bueno,Buena,Diurna,Buen Tiempo,S/D,S/D,Despiste,Ninguna,Faltante,Ninguna,Sin restricción
2020,6543,2020-11-23,Lunes,,,0.0,1,Automóvil,Independencia Y Libertad,1,1,0,0,0,0,0,"    -33.15374, -60.51165",Calle,,ARROYO SECO,Rosario,S/D,S/D,II,Dentro,Urbana,S/D,S/D,Intersección,S/D,S/D,Nocturna,S/D,Contra objeto fijo,S/D,Colisión,S/D,S/D,S/D,S/D
2020,6544,2020-09-14,Lunes,19:00:00,,0.0,2,"Moto/Ciclomotor,Automóvil",Amenabar Y Crespo,3,2,0,0,1,0,0,"-32.966800620547,-60.674745169531",Calle,,ROSARIO,Rosario,Asfalto,No existe,II,Dentro,Urbana,Ninguna,No existe,Intersección,Bueno,Buena,Atardecer,Buen Tiempo,Lateral,S/D,Colisión,Ninguna,Faltante,Ninguna,Sin restricción
2020,6545,2020-09-01,Martes,17:25:00,,0.0,2,"Automóvil,Taxi/Remis",Gral Manuel Belgrano Y Pueyrredon,4,1,0,0,3,0,0,"-32.864074712678,-60.703300789683",Calle,,GRANADERO BAIGORRIA,Rosario,Asfalto,No existe,II,Dentro,Urbana,Ninguna,No existe,Intersección,Bueno,Buena,Diurna,Buen Tiempo,S/D,S/D,Colisión,Ninguna,Horizontal,Ninguna,Sin restricción
2020,6546,2020-09-04,Viernes,17:30:00,,0.0,2,"Bicicleta,Automóvil",Av. Dante Alighieri Y Bv. Oro�o,2,1,0,0,1,0,0,"-32.961675335841,-60.657704235146",Avenida,,ROSARIO,Rosario,Asfalto,No existe,II,Dentro,Urbana,Ninguna,No existe,Intersección,Bueno,Buena,Diurna,Buen Tiempo,S/D,Ciclista,Atropello,Ninguna,Horizontal,Línea divisoria pintada,Sin restricción
2020,6547,2020-09-18,Viernes,22:00:00,,0.0,2,"Pickup/Utilitario,Automóvil",Moreno Y Paso de los Andes,4,3,0,0,1,0,0,"-32.471582639861,-61.579149219046",Calle,,LAS ROSAS,Belgrano,Hormigón,No existe,III,Dentro,Rural,Ninguna,No existe,Intersección,Bueno,Buena,Nocturna,Buen Tiempo,Lateral,S/D,Colisión,Ninguna,Faltante,Ninguna,Sin restricción
2020,6548,2020-09-14,Lunes,09:35:00,,0.0,2,"Moto/Ciclomotor,Automóvil",Bv. Avellaneda 4700,2,1,0,0,1,0,0,"-32.993604835566,-60.688892328514",Avenida,,ROSARIO,Rosario,Asfalto,No existe,II,Dentro,Urbana,Ninguna,No existe,Recta,Bueno,Buena,Diurna,Buen Tiempo,Lateral,S/D,Colisión,Ninguna,Faltante,Barrera de hormigón,Sin restricción
2020,6549,2020-09-07,Lunes,13:35:00,,0.0,2,"Automóvil,Camión Chasis",Amenabar Y Italia,2,1,0,0,1,0,0,"-32.970450621039,-60.654358090275",Calle,,ROSARIO,Rosario,Asfalto,No existe,II,Dentro,Urbana,Señal Pare,No existe,Intersección,Bueno,Buena,Diurna,Buen Tiempo,Lateral,S/D,Colisión,Ninguna,Vertical,Ninguna,S/D
2020,6550,2020-09-11,Viernes,17:40:00,,0.0,2,"Moto/Ciclomotor,Automóvil",Cortada 23 Bis 1500,2,1,0,0,1,0,0,"-32.674777507782004,-61.51376008987",Calle,,LAS PAREJAS,Belgrano,Asfalto,No existe,III,Dentro,Urbana,Ninguna,No existe,Recta,Bueno,Buena,Diurna,Buen Tiempo,S/D,S/D,Colisión,Ninguna,Faltante,Ninguna,Sin restricción
2020,6551,2020-09-15,Martes,06:40:00,,0.0,2,"Moto/Ciclomotor,Automóvil",Av. Ntra.Sra.del Rosario Y Av. Ovidio Lagos,3,1,1,0,1,0,0,"-33.00087511539459,-60.675382018089",Avenida,,ROSARIO,Rosario,Asfalto,No existe,II,Dentro,Urbana,Ninguna,Funciona,Intersección,Bueno,Buena,Diurna,Buen Tiempo,Lateral,S/D,Colisión,Ninguna,Vertical,Cordón divisorio,Sin restricción
2020,6552,2020-09-14,Lunes,17:30:00,Ruta Secundaria 33-s,0.0,2,"Moto/Ciclomotor,Automóvil",Avenida 13 Y Calle 16,2,0,1,0,1,0,0,"-32.684114532209,-61.519712880617",Ruta,33-s,LAS PAREJAS,Belgrano,Asfalto,Pavimento,III,Dentro,Urbana,Policía de tránsito,No existe,Recta,Bueno,Buena,Diurna,Buen Tiempo,Lateral,S/D,Colisión,Ninguna,Faltante,Ninguna,Sin restricción
2020,6553,2020-09-08,Martes,11:45:00,,0.0,2,"Bicicleta,Automóvil",Amenabar Y Paraguay,2,1,0,0,1,0,0,"-32.971190589792,-60.650218757783",Calle,,ROSARIO,Rosario,Asfalto,No existe,II,Dentro,Urbana,Ninguna,No existe,Intersección,Bueno,Buena,Diurna,Buen Tiempo,S/D,Ciclista,Atropello,Ninguna,Faltante,Ninguna,Sin restricción
2020,6554,2020-09-18,Viernes,15:20:00,,0.0,2,"Bicicleta,Automóvil",Av. J.Coronado Y Bv. Oro�o,2,1,0,0,1,0,0,"-32.962329702068,-60.657869198107",Avenida,,ROSARIO,Rosario,Asfalto,No existe,II,Dentro,Urbana,Señal Pare,No existe,Intersección,Bueno,Buena,Diurna,Buen Tiempo,S/D,Ciclista,Atropello,Ninguna,"Horizontal,Vertical",Ninguna,S/D
2020,6555,2020-09-18,Viernes,06:45:00,,0.0,2,"Automóvil,Automóvil",Av. Uriburu Y Bv. Avellaneda,2,1,0,0,1,0,0,"-32.991895079612746,-60.68880379199",Avenida,,ROSARIO,Rosario,Asfalto,No existe,II,Dentro,Urbana,Semáforo,Funciona,Intersección,Bueno,Buena,Diurna,Buen Tiempo,De alcance,S/D,Colisión,S/D,Vertical,Barrera de hormigón,Sin restricción