anio_acci,nro_acci,fecha,desc_dia,hora_aprox,desc_ruta,km,cant_participantes,desc_participante,calle_avenida_km,total,heridos_leves,heridos_graves,heridos_gravisimos,ilesos,fallecidos,sin_datos,posicion_XY,desc_tipo_via,desc_ruta_ori,desc_loc,desc_dpto,desc_tipo_calzada,desc_tipo_banquina,desc_unidad_regional,desc_lugar_calzada,desc_zona,desc_prioridad,desc_estado_semaforo,desc_lugar_via,desc_estado_via,desc_estado_visibilidad,desc_luminosidad,desc_estado_clima,desc_tipo_colision,desc_tipo_atropello,desc_tipo_hecho,desc_pres_calzada,desc_senializacion,desc_separacion_via,desc_restriccion
2020,6617,2020-09-07,Lunes,11:20:00,,0.0,2,"Taxi/Remis,Automóvil",Av. F.Solano Lopez Y Bv. Oro�o,3,2,0,0,1,0,0,"-32.95817971229554,-60.656802356243",Avenida,,ROSARIO,Rosario,Asfalto,No existe,II,Dentro,Urbana,Paso Peatonal,No existe,Rotonda,Bueno,Buena,Diurna,Buen Tiempo,Lateral,S/D,Colisión,Ninguna,Horizontal,Ninguna,Sin restricción
2020,6618,2020-09-19,Sabado,21:15:00,,0.0,2,"Automóvil,Moto/Ciclomotor",Castelli 2200,2,1,0,0,1,0,0,"-31.450031115365,-60.937549069374",Calle,,ESPERANZA,Las Colonias,Asfalto,No existe,XI,Dentro,Urbana,Ninguna,No existe,Cruce,Bueno,Buena,Nocturna,Buen Tiempo,S/D,S/D,Colisión,Ninguna,Horizontal,Línea divisoria pintada,Sin restricción
2020,6619,2020-09-21,Lunes,,,0.0,2,"Moto/Ciclomotor,Automóvil",12 de Octubre Y Mariano Moreno,3,1,1,0,1,0,0,"-31.465421697042,-60.937460421277",Calle,,ESPERANZA,Las Colonias,Asfalto,No existe,XI,Dentro,Urbana,Ninguna,No existe,Intersección,Bueno,Buena,Nocturna,Buen Tiempo,Lateral,S/D,Colisión,Ninguna,Horizontal,Línea divisoria pintada,Sin restricción
2020,6620,2020-09-25,Viernes,15:40:00,,0.0,2,"Automóvil,Moto/Ciclomotor",Castelli Y Rivadavia,3,1,1,0,1,0,0,"-31.451905013287,-60.929151705166",Calle,,ESPERANZA,Las Colonias,Asfalto,No existe,XI,Dentro,Urbana,Ninguna,No existe,Intersección,Bueno,Buena,Diurna,Buen Tiempo,Lateral,S/D,Colisión,Ninguna,Faltante,Ninguna,Sin restricción
2020,6621,2020-09-16,Miercoles,12:20:00,,0.0,2,"Bicicleta,Automóvil",Bv. Oroño Y Urquiza,2,1,0,0,1,0,0,"-32.940256908817,-60.652311383458",Avenida,,ROSARIO,Rosario,Asfalto,No existe,II,Dentro,Urbana,Paso Peatonal,No existe,Recta,Bueno,Buena,Diurna,Buen Tiempo,S/D,Ciclista,Atropello,Ninguna,Horizontal,"Cordón divisorio,Vegetación",Sin restricción
2020,6622,2020-09-16,Miercoles,21:15:00,,0.0,2,"Moto/Ciclomotor,Automóvil",Amenabar Y Santiago,2,1,0,0,1,0,0,"-32.968994408123,-60.662506330963",Calle,,ROSARIO,Rosario,Asfalto,No existe,II,Dentro,Urbana,Ninguna,No existe,Intersección,Bueno,Buena,"Nocturna,Con luz artificial",Buen Tiempo,Lateral,S/D,Colisión,Ninguna,Faltante,Ninguna,Sin restricción
2020,6623,2020-09-26,Sabado,,,0.0,2,"Automóvil,Bicicleta",Dr Galvez Y Nicolas Schneider,2,1,0,0,1,0,0,"-31.458007783899,-60.926413444032",Calle,,ESPERANZA,Las Colonias,Asfalto,No existe,XI,Dentro,Urbana,Ninguna,No existe,Intersección,Bueno,Buena,Diurna,Buen Tiempo,S/D,Ciclista,Atropello,Ninguna,Horizontal,Línea divisoria pintada,Sin restricción
2020,6624,2020-09-16,Miercoles,17:05:00,,0.0,2,"Moto/Ciclomotor,Automóvil",Cordoba Y Rodriguez,3,1,0,0,2,0,0,"-32.94273820751,-60.658718879668",Calle,,ROSARIO,Rosario,Asfalto,No existe,II,Dentro,Urbana,Semáforo,Funciona,Intersección,Bueno,Buena,Diurna,Buen Tiempo,Lateral,S/D,Colisión,Ninguna,"Horizontal,Vertical",Ninguna,Sin restricción
2020,6625,2020-09-26,Sabado,,,0.0,2,"Automóvil,Moto/Ciclomotor",Marcos Avellaneda Y San Martin,3,2,0,0,1,0,0,"-31.454035922496,-60.931902753522",Calle,,ESPERANZA,Las Colonias,Asfalto,No existe,XI,Dentro,Urbana,Ninguna,No existe,Intersección,Bueno,Buena,Diurna,Buen Tiempo,S/D,S/D,Colisión,Ninguna,Horizontal,Línea divisoria pintada,Sin restricción
2020,6626,2020-11-29,Domingo,,,0.0,2,"Automóvil,Automóvil",Jorge Newbery Y La Plata,2,2,0,0,0,0,0,"    -31.25057, -61.4678",Calle,,RAFAELA,Castellanos,S/D,S/D,III,Fuera,Urbana,S/D,S/D,S/D,S/D,S/D,Nocturna,S/D,S/D,S/D,Colisión,S/D,S/D,S/D,S/D
2020,6627,2020-09-12,Sabado,18:30:00,,0.0,2,"Automóvil,Bicicleta",J.M.de Rosas Y 3 De Febrero,2,1,0,0,1,0,0,"-32.953941822051966,-60.63285827636",Calle,,ROSARIO,Rosario,Asfalto,No existe,II,Dentro,Urbana,Paso Peatonal,No existe,Intersección,Bueno,Buena,Diurna,Buen Tiempo,S/D,Ciclista,Atropello,Ninguna,Horizontal,Ninguna,Sin restricción
2020,6628,2020-09-26,Sabado,18:30:00,,0.0,2,"Moto/Ciclomotor,Moto/Ciclomotor",Dr Reinaldo Vanossi Y Simon de Iriondo,2,1,0,0,1,0,0,"-31.429605080912,-60.924414407129",Calle,,ESPERANZA,Las Colonias,Asfalto,No existe,XI,Dentro,Urbana,Ninguna,No existe,Intersección,Bueno,Buena,Diurna,Buen Tiempo,S/D,S/D,Colisión,Ninguna,Faltante,Ninguna,Sin restricción
2020,6629,2020-09-04,Viernes,17:35:00,,0.0,2,"Automóvil,Moto/Ciclomotor",Iriondo Y San Juan,2,1,0,0,1,0,0,"-32.944523565496,-60.670537271639",Calle,,ROSARIO,Rosario,Asfalto,No existe,II,Dentro,Urbana,Ninguna,No existe,Intersección,Bueno,Buena,Diurna,Buen Tiempo,Lateral,S/D,Colisión,Ninguna,Horizontal,Ninguna,Sin restricción
2020,6630,2020-09-01,Martes,17:15:00,,0.0,2,"Moto/Ciclomotor,Pickup/Utilitario",Diaz Velez Y Velez Sarsfield,2,1,0,0,1,0,0,"-32.92513489723202,-60.684710741043",Calle,,ROSARIO,Rosario,Asfalto,No existe,II,Dentro,Urbana,Ninguna,No existe,Intersección,Bueno,Buena,Diurna,Buen Tiempo,Lateral,S/D,Colisión,Ninguna,Faltante,Ninguna,Sin restricción
2020,6631,2020-09-08,Martes,07:30:00,,0.0,2,"Automóvil,Bicicleta",Av. Alberdi Bis Y J.J.Paso,2,1,0,0,1,0,0,"-32.919321, -60.682466",Avenida,,ROSARIO,Rosario,Asfalto,No existe,II,Dentro,Urbana,Semáforo,Funciona,Intersección,Bueno,Buena,Diurna,Buen Tiempo,S/D,Ciclista,Atropello,Ninguna,"Horizontal,Vertical",Cordón divisorio,Sin restricción
2020,6632,2020-09-08,Martes,14:30:00,,0.0,2,"Otros,Moto/Ciclomotor",Albert Sabin Y French,2,1,0,0,0,0,1,"-32.921051165895,-60.687646019274",Avenida,,ROSARIO,Rosario,Asfalto,No existe,II,Dentro,Urbana,Ninguna,No existe,Intersección,Bueno,Buena,Diurna,Buen Tiempo,S/D,S/D,Colisión,Ninguna,"Horizontal,Vertical",Ninguna,Sin restricción
2020,6633,2020-09-09,Miercoles,21:30:00,,0.0,2,"Automóvil,Peatón",M.Perdriel 2146,2,1,0,0,0,0,1,"-32.894924302993,-60.711085800888",Calle,,ROSARIO,Rosario,Asfalto,No existe,II,Dentro,Urbana,Ninguna,No existe,Recta,Bueno,Buena,"Nocturna,Con luz artificial",Buen Tiempo,S/D,Peatón,Atropello,Ninguna,Faltante,Ninguna,Sin restricción
2020,6634,2020-09-23,Miercoles,15:30:00,,0.0,2,"Automóvil,Moto/Ciclomotor",Grandoli Y Polledo,2,1,0,0,1,0,0,"-32.886786564874,-60.720496062921",Avenida,,ROSARIO,Rosario,Asfalto,No existe,II,Dentro,Urbana,Ninguna,No existe,Recta,Bueno,Buena,Diurna,Buen Tiempo,De alcance,S/D,Colisión,Ninguna,Faltante,Ninguna,Sin restricción
2020,6636,2020-09-28,Lunes,,,0.0,1,Moto/Ciclomotor, ,1,1,0,0,0,0,0,"-31.453824612678,-60.928713024017",Calle,,ESPERANZA,Las Colonias,Asfalto,No existe,XI,Dentro,Urbana,Ninguna,No existe,Intersección,Bueno,Buena,Diurna,Buen Tiempo,Atropello animal,S/D,Colisión,Ninguna,Horizontal,Ninguna,Sin restricción
2020,6637,2020-09-29,Martes,12:30:00,,0.0,2,"Automóvil,Moto/Ciclomotor",French Y General Manuel Belgrano,2,1,0,0,1,0,0,"-31.44145444953,-60.927034205865",Calle,,ESPERANZA,Las Colonias,Asfalto,No existe,XI,Dentro,Urbana,Ninguna,No existe,Intersección,Bueno,Buena,Diurna,Buen Tiempo,S/D,S/D,Colisión,Ninguna,Vertical,Ninguna,Sin restricción
2020,6638,2020-09-23,Miercoles,15:58:00,,0.0,2,"Moto/Ciclomotor,Pickup/Utilitario",Av. Corrientes Y Uruguay,2,0,1,0,1,0,0,"-32.97602592673,-60.649989538804",Calle,,ROSARIO,Rosario,Asfalto,No existe,II,Dentro,Urbana,Ninguna,No existe,Intersección,Bueno,Buena,Diurna,Buen Tiempo,Lateral,S/D,Colisión,Ninguna,Faltante,Ninguna,Sin restricción
2020,6639,2020-09-29,Martes,11:15:00,,0.0,2,"Automóvil,Moto/Ciclomotor",Cordoba Y Saavedra,2,1,0,0,1,0,0,"-31.741375315306,-61.100875434857",Avenida,,SAN CARLOS CENTRO,Las Colonias,Asfalto,No existe,XI,Dentro,Urbana,Ninguna,No existe,Intersección,Bueno,Buena,Diurna,Buen Tiempo,Lateral,S/D,Colisión,Ninguna,Faltante,Cordón divisorio,Sin restricción
2020,6640,2020-09-26,Sabado,10:30:00,,0.0,2,"Automóvil,Pickup/Utilitario",Av. Corrientes Y Olegario V.Andrade,4,1,0,0,3,0,0,"-32.995992472933,-60.653525895541",Calle,,ROSARIO,Rosario,Asfalto,No existe,II,Dentro,Urbana,Ninguna,No existe,Intersección,Bueno,Buena,Diurna,Buen Tiempo,"Contra objeto fijo,Lateral",S/D,Colisión,Ninguna,Faltante,Ninguna,Sin restricción
2020,6641,2020-09-10,Jueves,13:30:00,,0.0,2,"Automóvil,Bicicleta",25 de mayo Y Moreno,2,1,0,0,1,0,0,"-31.557249755826,-61.077243815151",Calle,,SAN JERÓNIMO NORTE,Las Colonias,Hormigón,No existe,XI,Dentro,Urbana,Ninguna,No existe,Intersección,Bueno,Buena,Diurna,Buen Tiempo,S/D,Ciclista,Atropello,Ninguna,Faltante,Ninguna,Sin restricción
2020,6642,2020-09-10,Jueves,21:40:00,Ruta Secundaria 50-s,0.0,2,"Moto/Ciclomotor,Moto/Ciclomotor", ,2,2,0,0,0,0,0,"-31.557476520538295,-61.07583045959",Ruta,50-s,SAN JERÓNIMO NORTE,Las Colonias,Hormigón,Natural,XI,Dentro,Urbana,Ninguna,No existe,Recta,Bueno,Buena,Nocturna,Buen Tiempo,De alcance,S/D,Colisión,Ninguna,Horizontal,"Cordón divisorio,Vegetación,Línea divisoria pintada",Sin restricción
2020,6643,2020-09-22,Martes,23:15:00,,0.0,2,"Bicicleta,Moto/Ciclomotor",Bv. Segui Y España,2,1,0,0,1,0,0,"-32.977469304047,-60.654700718744",Avenida,,ROSARIO,Rosario,Asfalto,No existe,II,Dentro,Urbana,Ninguna,Funciona,Intersección,Bueno,Buena,"Nocturna,Con luz artificial",Buen Tiempo,S/D,Ciclista,Atropello,Ninguna,"Horizontal,Vertical","Cordón divisorio,Línea divisoria pintada",Sin restricción
2020,6644,2020-09-29,Martes,17:25:00,,0.0,2,"Automóvil,Bicicleta",Galvez Y Los Andes,3,1,0,0,2,0,0,"-31.594236819464,-60.939037936687",Calle,,FRANCK,Las Colonias,Asfalto,No existe,XI,Dentro,Urbana,Ninguna,No existe,Intersección,Bueno,Buena,Diurna,Buen Tiempo,S/D,Ciclista,Atropello,Ninguna,Horizontal,Línea divisoria pintada,Sin restricción
2020,6645,2020-09-23,Miercoles,11:00:00,,0.0,2,"Automóvil,Moto/Ciclomotor",25 de Mayo Y Av Libertad,2,1,0,0,1,0,0,"-31.400533173851,-61.084502396727",Calle,,HUMBOLDT,Las Colonias,Hormigón,Pavimento,XI,Dentro,Urbana,Ninguna,No existe,Intersección,Bueno,Buena,Diurna,Buen Tiempo,Frontal,S/D,Colisión,Ninguna,Faltante,"Cordón divisorio,Vegetación",Sin restricción
2020,6646,2020-09-03,Jueves,16:50:00,,0.0,2,"Pickup/Utilitario,Moto/Ciclomotor",Av. Uriburu Y Necochea,2,1,0,0,1,0,0,"-32.990204104547,-60.634546392669",Avenida,,ROSARIO,Rosario,Asfalto,No existe,II,Dentro,Urbana,Ninguna,No existe,Intersección,Bueno,Buena,Diurna,Buen Tiempo,Lateral,S/D,Colisión,Ninguna,Faltante,Ninguna,Sin restricción
2020,6647,2020-09-09,Miercoles,14:50:00,,0.0,2,"Pickup/Utilitario,Camión c / Acoplado", ,2,1,0,0,1,0,0,"-31.769585609436,-61.30383968353264",Camino Rural,,SANTA CLARA DE BUENA VISTA,Las Colonias,Tierra,No existe,XI,Dentro,Rural,Ninguna,No existe,Intersección,Bueno,Reducida p/ objetos,Diurna,Buen Tiempo,Lateral,S/D,Colisión,Ninguna,Faltante,Ninguna,Sin restricción
2020,6648,2020-09-10,Jueves,18:30:00,Ruta Provincial 6,0.0,2,"Automóvil,Moto/Ciclomotor",1 de Mayo Y San Martin,2,1,0,0,1,0,0,"-31.749493391747,-61.098549504367",Ruta,6,SAN CARLOS SUR,Las Colonias,Asfalto,No existe,XI,Dentro,Urbana,Semáforo,No existe,Intersección,Bueno,Buena,Diurna,Buen Tiempo,Frontal,S/D,Colisión,Ninguna,"Horizontal,Vertical",Línea divisoria pintada,Sin restricción
2020,6649,2020-09-21,Lunes,11:15:00,,0.0,2,"Automóvil,Automóvil",Ameghino Y L.N.Alem,2,1,0,0,1,0,0,"-32.988863716933,-60.638540767707",Calle,,ROSARIO,Rosario,Asfalto,No existe,II,Dentro,Urbana,Ninguna,No existe,Intersección,Bueno,Buena,Diurna,Buen Tiempo,Lateral,S/D,Colisión,Ninguna,Faltante,Ninguna,Sin restricción
2020,6650,2020-09-28,Lunes,09:10:00,Autovía Nacional 19,10.0,2,"Automóvil,Bicicleta", ,2,1,0,0,1,0,0,"-31.65428401300934, -60.87251332766",Autovía,19,SAN AGUSTÍN,Las Colonias,Asfalto,Pavimento,XI,Dentro,Rural,Ninguna,No existe,Recta,Bueno,Buena,Diurna,Buen Tiempo,S/D,S/D,Atropello,Ninguna,Horizontal,Línea divisoria pintada,Sin restricción
2020,6651,2020-09-20,Domingo,02:30:00,Ruta Provincial 70,0.0,2,"Automóvil,Automóvil", ,2,1,1,0,0,0,0,"-31.477729062292912, -60.8217285840",Ruta,70,ESPERANZA,Las Colonias,Asfalto,No existe,XI,Dentro,Urbana,Marca Vial,No existe,Intersección,Bueno,Buena,"Nocturna,Con luz artificial",Buen Tiempo,Frontal,S/D,Colisión,Ninguna,Horizontal,Línea divisoria pintada,Sin restricción
2020,6652,2020-09-18,Viernes,15:30:00,,0.0,2,"Camión Chasis,Moto/Ciclomotor",Mitre Y Pte.Roca,2,1,0,0,1,0,0,"-32.982264553201,-60.648624061132",Calle,,ROSARIO,Rosario,Asfalto,No existe,II,Dentro,Urbana,Ninguna,No existe,Intersección,Bueno,Buena,Diurna,Buen Tiempo,Lateral,S/D,Colisión,Ninguna,Faltante,Ninguna,Sin restricción
2020,6653,2020-09-19,Sabado,20:20:00,,0.0,2,"Moto/Ciclomotor,Automóvil",Av. Arijon Y Av. Corrientes,3,2,0,0,1,0,0,"-33.003096515258,-60.653248692829",Calle,,ROSARIO,Rosario,Asfalto,No existe,II,Dentro,Urbana,Señal Pare,No existe,Intersección,Bueno,Buena,"Nocturna,Con luz artificial",Buen Tiempo,Lateral,S/D,Colisión,Ninguna,"Horizontal,Vertical",Línea divisoria pintada,Sin restricción
2020,6654,2020-09-01,Martes,16:30:00,,0.0,2,"Automóvil,Moto/Ciclomotor", ,2,1,0,0,1,0,0,"-31.652113311408,-60.717770163946",Calle,,SANTA FE,La Capital,Asfalto,No existe,I,Dentro,Urbana,Ninguna,No existe,Intersección,Bueno,Buena,Diurna,Buen Tiempo,S/D,S/D,Colisión,Ninguna,Faltante,Ninguna,Sin restricción
2020,6655,2020-09-01,Martes,15:15:00,,0.0,2,"Automóvil,Peatón",Gdor Freyre 1500,2,1,0,0,1,0,0,"-31.6561488693,-60.721797071899",Calle,,SANTA FE,La Capital,Asfalto,No existe,I,Dentro,Urbana,Ninguna,No existe,Recta,Bueno,Buena,Diurna,Buen Tiempo,S/D,Peatón,Atropello,Ninguna,Horizontal,Ninguna,Sin restricción
2020,6656,2020-09-10,Jueves,,,0.0,2,"Automóvil,Tren",Juan de Garay ,2,1,0,0,1,0,0,"-31.648247505144,-60.731524574288",Calle,,SANTA FE,La Capital,Tierra,No existe,I,Dentro,Urbana,Otra Señal,No existe,Paso a Nivel FFCC,"Con baches,Deteriorada",Buena,Nocturna,Buen Tiempo,Lateral,S/D,Colisión,Ninguna,Vertical,Ninguna,Sin restricción
2020,6657,2020-09-26,Sabado,13:00:00,,0.0,2,"Moto/Ciclomotor,Pickup/Utilitario",Mitre Y Pueyrredon,2,1,0,0,1,0,0,"-29.884643434496,-60.285668794804",Calle,,CALCHAQUÍ,Vera,Asfalto,No existe,XIX,Dentro,Urbana,Ninguna,No existe,Intersección,Bueno,S/D,Diurna,Buen Tiempo,Lateral,S/D,Colisión,Ninguna,Faltante,Ninguna,Sin restricción
2020,6658,2020-09-19,Sabado,18:00:00,,0.0,3,"Automóvil,Automóvil,Automóvil",Bv. Segui Y Italia,4,1,0,0,3,0,0,"-32.97728776931765,-60.656102299690",Avenida,,ROSARIO,Rosario,Asfalto,No existe,II,Dentro,Urbana,Ninguna,No existe,Intersección,Bueno,Buena,Diurna,Buen Tiempo,"De alcance,Múltiple",S/D,Colisión,Ninguna,Horizontal,Ninguna,Sin restricción
2020,6659,2020-09-11,Viernes,12:55:00,,0.0,1,Moto/Ciclomotor,Av Mosconi Y Roque Saenz Pe�a,2,1,1,0,0,0,0,"-31.652922050692,-60.72783955512",Calle,,SANTA FE,La Capital,Asfalto,No existe,I,Dentro,Urbana,Ninguna,No existe,Intersección,Bueno,Buena,Diurna,Buen Tiempo,S/D,S/D,Cañda ocupante,Ninguna,Horizontal,Ninguna,Sin restricción
2020,6660,2020-09-11,Viernes,15:00:00,,0.0,2,"Otros,Moto/Ciclomotor",Av Gral Lopez Y San Juan,3,2,0,0,0,0,1,"-31.654777634021,-60.723468095009",Avenida,,SANTA FE,La Capital,Asfalto,No existe,I,Dentro,Urbana,Semáforo,Funciona,Intersección,Bueno,Buena,Diurna,Buen Tiempo,S/D,S/D,Colisión,Ninguna,"Horizontal,Vertical",Línea divisoria pintada,Sin restricción
2020,6661,2020-09-20,Domingo,17:45:00,Ruta Nacional 11,675.0,1,Moto/Ciclomotor, ,2,1,1,0,0,0,0,"-29.88, -60.28077",Ruta,11,CALCHAQUÍ,Vera,Asfalto,Ripio,XIX,Dentro,Urbana,Marca Vial,No existe,Recta,Bueno,S/D,Diurna,Buen Tiempo,S/D,S/D,Despiste,Ninguna,Horizontal,Línea divisoria pintada,Sin restricción
2020,6662,2020-09-19,Sabado,13:37:00,,0.0,2,"Moto/Ciclomotor,Automóvil",Cepeda Y Reg.11 de Infanteria,2,1,0,0,1,0,0,"-32.998066989037,-60.625001627389",Calle,,ROSARIO,Rosario,Asfalto,No existe,II,Dentro,Urbana,Ninguna,No existe,Intersección,Bueno,Buena,Diurna,Buen Tiempo,Lateral,S/D,Colisión,Ninguna,Faltante,Ninguna,Sin restricción
2020,6663,2020-09-23,Miercoles,05:35:00,,0.0,2,"Moto/Ciclomotor,Automóvil",Av Gral Lopez Y San Juan,2,1,0,0,1,0,0,"-31.654777634021,-60.723468095009",Avenida,,SANTA FE,La Capital,Asfalto,No existe,I,Dentro,Urbana,Semáforo,Funciona,Intersección,Bueno,Buena,Amanecer,Buen Tiempo,De alcance,S/D,Colisión,Ninguna,Horizontal,Línea divisoria pintada,Sin restricción
2020,6664,2020-09-28,Lunes,12:30:00,,0.0,2,"Moto/Ciclomotor,Automóvil",Dorrego Y Sgto Cabral,3,1,1,0,1,0,0,"-29.891310085365,-60.285641215514",Calle,,CALCHAQUÍ,Vera,Asfalto,No existe,XIX,Dentro,Urbana,Ninguna,No existe,Intersección,Bueno,Buena,Diurna,Buen Tiempo,Lateral,S/D,Colisión,Ninguna,Faltante,Ninguna,Sin restricción
2020,6665,2020-09-23,Miercoles,11:10:00,,0.0,2,"Moto/Ciclomotor,Automóvil",Av Gral Lopez Y Saavedra,2,1,0,0,0,0,1,"-31.655471264634,-60.718818661145",Avenida,,SANTA FE,La Capital,Asfalto,No existe,I,Dentro,Urbana,Paso Peatonal,No existe,Intersección,Bueno,Buena,Diurna,Buen Tiempo,S/D,S/D,Cañda ocupante,Ninguna,"Horizontal,Vertical",Línea divisoria pintada,Sin restricción
2020,6666,2020-09-29,Martes,17:30:00,,0.0,2,"Moto/Ciclomotor,Automóvil",Av Gral Lopez Y Saavedra,2,1,0,0,1,0,0,"-31.655471264634,-60.718818661145",Calle,,SANTA FE,La Capital,Asfalto,No existe,I,Dentro,Urbana,Paso Peatonal,No existe,Intersección,Bueno,Buena,Diurna,Buen Tiempo,S/D,S/D,Colisión,Ninguna,"Horizontal,Vertical","Línea divisoria pintada,Ninguna",Sin restricción
2020,6667,2020-09-13,Domingo,15:20:00,,0.0,2,"Moto/Ciclomotor,Pickup/Utilitario",Chacabuco Y Dean Funes,2,1,0,0,1,0,0,"-32.978374028406,-60.630144400089",Calle,,ROSARIO,Rosario,Asfalto,No existe,II,Dentro,Urbana,Ninguna,No existe,Intersección,Bueno,Buena,Diurna,Buen Tiempo,Lateral,S/D,Colisión,Ninguna,Faltante,Ninguna,Sin restricción
2020,6668,2020-09-06,Domingo,18:10:00,,0.0,2,"Moto/Ciclomotor,Moto/Ciclomotor",Av Facundo Zuviria Y Estanislao Zeballos,3,3,0,0,0,0,0,"-31.60364445674,-60.703067333182",Calle,,SANTA FE,La Capital,Asfalto,No existe,I,Dentro,Urbana,Semáforo,Funciona,Intersección,Bueno,Buena,Diurna,Buen Tiempo,Lateral,S/D,Colisión,Ninguna,"Horizontal,Vertical","Cordón divisorio,Vegetación,Línea divisoria pintada",Sin restricción
2020,6669,2020-09-08,Martes,17:45:00,,0.0,2,"Automóvil,Pickup/Utilitario",Iturraspe Y San Martin,4,4,0,0,0,0,0,"-31.629103213253,-60.701482721328",Calle,,SANTA FE,La Capital,Asfalto,No existe,I,Dentro,Urbana,Semáforo,No existe,Intersección,Bueno,Buena,Diurna,Buen Tiempo,Lateral,S/D,Colisión,Ninguna,Vertical,Ninguna,Sin restricción
2020,6670,2020-09-09,Miercoles,11:40:00,,0.0,2,"Moto/Ciclomotor,Automóvil",J Castelli Y San Martin,2,1,0,0,1,0,0,"-31.606409530235,-60.694657986488",Calle,,SANTA FE,La Capital,Asfalto,No existe,I,Dentro,Urbana,Ninguna,No existe,Intersección,Bueno,Buena,Diurna,Buen Tiempo,Lateral,S/D,Colisión,Ninguna,Faltante,Ninguna,Sin restricción
2020,6671,2020-09-17,Jueves,13:50:00,,0.0,2,"Automóvil,Automóvil",Buenos Aires Y Pje. Holmberg,3,1,0,0,2,0,0,"-32.994433, -60.644542",Calle,,ROSARIO,Rosario,Asfalto,No existe,II,Dentro,Urbana,Ninguna,No existe,Intersección,Bueno,Buena,Diurna,Buen Tiempo,Lateral,S/D,Colisión,Ninguna,Faltante,Ninguna,Sin restricción
2020,6672,2020-09-16,Miercoles,21:30:00,,0.0,2,"Moto/Ciclomotor,Moto/Ciclomotor",Ituzaingo Y Rivadavia,3,1,0,0,2,0,0,"-29.888396859169006,-60.29068753123",Calle,,CALCHAQUÍ,Vera,S/D,No existe,XIX,Dentro,Urbana,Ninguna,No existe,Intersección,S/D,Buena,Nocturna,Buen Tiempo,S/D,S/D,Colisión,Ninguna,S/D,Cordón divisorio,Sin restricción
2020,6673,2020-09-17,Jueves,10:35:00,,0.0,2,"Moto/Ciclomotor,Automóvil",Pedro Ferre Y Pje Jorge Raul Rodriguez,2,1,0,0,1,0,0,"-31.625125385871,-60.706517227733",Calle,,SANTA FE,La Capital,Asfalto,No existe,I,Dentro,Urbana,Ninguna,No existe,Intersección,Bueno,Buena,Diurna,Buen Tiempo,Lateral,S/D,Colisión,Ninguna,Faltante,Ninguna,Sin restricción
2020,6674,2020-09-05,Sabado,13:45:00,,0.0,2,"Moto/Ciclomotor,Moto/Ciclomotor",9 de Julio Y Simon De Iriondo,2,2,0,0,0,0,0,"-29.881269285596,-60.291968599021",Calle,,CALCHAQUÍ,Vera,Tierra,No existe,XIX,Dentro,Urbana,Ninguna,No existe,Intersección,Bueno,Buena,Diurna,Buen Tiempo,S/D,S/D,Colisión,Ninguna,Faltante,Ninguna,Sin restricción
2020,6675,2020-09-10,Jueves,20:15:00,,0.0,2,"Moto/Ciclomotor,Pickup/Utilitario",Cepeda Y Lamadrid,2,1,0,0,1,0,0,"-32.996359992544,-60.625070162872",Calle,,ROSARIO,Rosario,Asfalto,No existe,II,Dentro,Urbana,Ninguna,No existe,Intersección,Bueno,Buena,Nocturna,Buen Tiempo,Lateral,S/D,Colisión,Ninguna,Faltante,Ninguna,Sin restricción
2020,6676,2020-09-04,Viernes,18:00:00,,0.0,1,Moto/Ciclomotor,Bv Belgrano Y Roque Saenz Pe�a,1,1,0,0,0,0,0,"-29.888348750148,-60.282573598684",Avenida,,CALCHAQUÍ,Vera,Hormigón,No existe,XIX,Dentro,Urbana,Ninguna,No existe,Intersección,Bueno,S/D,Diurna,Buen Tiempo,S/D,S/D,Cañda ocupante,Ninguna,Faltante,Cordón divisorio,Sin restricción