anio_acci,nro_acci,fecha,desc_dia,hora_aprox,desc_ruta,km,cant_participantes,desc_participante,calle_avenida_km,total,heridos_leves,heridos_graves,heridos_gravisimos,ilesos,fallecidos,sin_datos,posicion_XY,desc_tipo_via,desc_ruta_ori,desc_loc,desc_dpto,desc_tipo_calzada,desc_tipo_banquina,desc_unidad_regional,desc_lugar_calzada,desc_zona,desc_prioridad,desc_estado_semaforo,desc_lugar_via,desc_estado_via,desc_estado_visibilidad,desc_luminosidad,desc_estado_clima,desc_tipo_colision,desc_tipo_atropello,desc_tipo_hecho,desc_pres_calzada,desc_senializacion,desc_separacion_via,desc_restriccion
2020,6677,2020-09-08,Martes,08:45:00,,0.0,2,"Automóvil,Bicicleta",Italia Y Saavedra,2,1,0,0,1,0,0,"-32.976183147372,-60.655807071628",Calle,,ROSARIO,Rosario,Asfalto,No existe,II,Dentro,Urbana,Ninguna,No existe,Intersección,Bueno,Buena,Diurna,Buen Tiempo,S/D,Ciclista,Atropello,Ninguna,Faltante,Ninguna,Sin restricción
2020,6678,2020-09-04,Viernes,17:30:00,,0.0,1,Moto/Ciclomotor,Gral Obligado Y Mitre,1,1,0,0,0,0,0,"-29.884377675615,-60.287578003811",Calle,,CALCHAQUÍ,Vera,Hormigón,No existe,XIX,Dentro,Urbana,Ninguna,No existe,Recta,Con baches,S/D,Diurna,Buen Tiempo,S/D,S/D,Despiste,Ninguna,Faltante,Ninguna,Sin restricción
2020,6679,2020-09-01,Martes,10:26:00,,0.0,2,"Peatón,Automóvil",25 de Mayo Y Azcuenaga,2,1,0,0,1,0,0,"-31.594757521845,-60.690525540462",Calle,,SANTA FE,La Capital,S/D,No existe,I,Dentro,Urbana,Ninguna,No existe,Intersección,Otro,Reducida,Diurna,Otro,S/D,Peatón,Atropello,Ninguna,Faltante,Ninguna,Sin restricción
2020,6680,2020-09-15,Martes,15:40:00,,0.0,2,"Bicicleta,Moto/Ciclomotor",Alzugaray Y R.de Pineda,2,1,0,0,1,0,0,"-33.012966029246,-60.648192389364",Calle,,ROSARIO,Rosario,Asfalto,No existe,II,Dentro,Urbana,Ninguna,No existe,Intersección,Bueno,Buena,Diurna,Buen Tiempo,S/D,Ciclista,Atropello,Ninguna,Faltante,Ninguna,Sin restricción
2020,6681,2020-09-10,Jueves,18:40:00,,0.0,2,"Moto/Ciclomotor,Automóvil",Galvez Y San Martin,2,1,0,0,1,0,0,"-32.969002651095,-60.642355543986",Avenida,,ROSARIO,Rosario,Asfalto,No existe,II,Dentro,Urbana,Semáforo,Funciona,Intersección,Bueno,Buena,Diurna,Buen Tiempo,Lateral,S/D,Colisión,Ninguna,"Horizontal,Vertical",Ninguna,Sin restricción
2020,6682,2020-09-10,Jueves,15:30:00,,0.0,2,"Moto/Ciclomotor,Taxi/Remis",Reg.11 de Infanteria Y San Martin,2,1,0,0,1,0,0,"-32.998782624044,-60.648531964436",Avenida,,ROSARIO,Rosario,Asfalto,No existe,II,Dentro,Urbana,Semáforo,Funciona,Intersección,Bueno,Buena,Diurna,Buen Tiempo,Lateral,S/D,Colisión,Ninguna,"Horizontal,Vertical",Ninguna,Sin restricción
2020,6683,2020-09-04,Viernes,09:10:00,,0.0,2,"Bicicleta,Automóvil",España Y Mr.Ross,2,1,0,0,1,0,0,"-32.986772, -60.657022",Calle,,ROSARIO,Rosario,Asfalto,No existe,II,Dentro,Urbana,Ninguna,No existe,Intersección,Bueno,Buena,Diurna,Buen Tiempo,S/D,Ciclista,Atropello,Ninguna,Faltante,Ninguna,Sin restricción
2020,6684,2020-09-08,Martes,16:55:00,,0.0,2,"Moto/Ciclomotor,Automóvil",Buenos Aires Y Bv. Segui,6,2,1,0,3,0,0,"-32.98006653785708,-60.640915632247",Avenida,,ROSARIO,Rosario,Asfalto,No existe,II,Dentro,Urbana,Ninguna,No existe,Intersección,Bueno,Buena,Diurna,Buen Tiempo,Lateral,S/D,Colisión,Ninguna,Faltante,"Cordón divisorio,Vegetación",Sin restricción
2020,6685,2020-09-19,Sabado,17:40:00,,0.0,2,"Moto/Ciclomotor,Automóvil", ,2,1,0,0,1,0,0,"-31.623586, -60.699397",Calle,,SANTA FE,La Capital,Asfalto,No existe,I,Dentro,Urbana,Ninguna,S/D,S/D,Bueno,Buena,Diurna,Buen Tiempo,Lateral,S/D,Colisión,Ninguna,S/D,Ninguna,Sin restricción
2020,6686,2020-09-23,Miercoles,20:00:00,,0.0,2,"Moto/Ciclomotor,Automóvil",Av A del Valle Y Domingo Silva,2,1,0,0,1,0,0,"-31.631080019184,-60.701160262817",Avenida,,SANTA FE,La Capital,Asfalto,No existe,I,Dentro,Urbana,Ninguna,No existe,Intersección,Bueno,Buena,"Nocturna,Con luz artificial",Buen Tiempo,Lateral,S/D,Colisión,Ninguna,Faltante,Ninguna,Sin restricción
2020,6687,2020-09-01,Martes,10:30:00,,0.0,2,"Pickup/Utilitario,Moto/Ciclomotor",Dorrego Y 24 De Setiembre,4,2,0,0,2,0,0,"-32.97829627990719,-60.657727718353",Calle,,ROSARIO,Rosario,Asfalto,No existe,II,Dentro,Urbana,Señal Pare,No existe,Intersección,Bueno,Buena,Diurna,Buen Tiempo,Lateral,S/D,Colisión,Ninguna,Vertical,Ninguna,Sin restricción
2020,6688,2020-09-13,Domingo,09:00:00,,0.0,2,"Moto/Ciclomotor,Automóvil",San Martin Y Vieytes,2,1,0,0,1,0,0,"-31.602762810177,-60.693598262622",Calle,,SANTA FE,La Capital,Asfalto,No existe,I,Dentro,Urbana,Ninguna,No existe,Intersección,Bueno,Buena,Diurna,Buen Tiempo,Lateral,S/D,Colisión,Ninguna,Faltante,Ninguna,Sin restricción
2020,6689,2020-09-24,Jueves,22:00:00,,0.0,2,"Moto/Ciclomotor,Pickup/Utilitario",Av A del Valle Y Domingo Silva,2,1,0,0,1,0,0,"-31.631080019184,-60.701160262817",Avenida,,SANTA FE,La Capital,Asfalto,No existe,I,Dentro,Urbana,Ninguna,No existe,Intersección,Bueno,Buena,"Nocturna,Con luz artificial",Buen Tiempo,Lateral,S/D,Colisión,Ninguna,Faltante,Ninguna,Sin restricción
2020,6690,2020-09-21,Lunes,03:15:00,,0.0,2,"Moto/Ciclomotor,Automóvil", ,2,1,0,0,1,0,0,"-31.623590, -60.699418",Calle,,SANTA FE,La Capital,Asfalto,No existe,I,Dentro,Urbana,Ninguna,No existe,Intersección,Bueno,Buena,"Nocturna,Con luz artificial",Buen Tiempo,Lateral,S/D,Colisión,Ninguna,S/D,Ninguna,Sin restricción
2020,6691,2020-09-30,Miercoles,,,0.0,2,"Moto/Ciclomotor,Automóvil",Balcarce Y Velez Sarsfield,2,1,0,0,1,0,0,"-31.640265331867,-60.686212847099",Calle,,SANTA FE,La Capital,Asfalto,No existe,I,Dentro,Urbana,Paso Peatonal,No existe,Intersección,Bueno,Buena,S/D,Buen Tiempo,Lateral,S/D,Colisión,Ninguna,"Horizontal,Vertical",Línea divisoria pintada,Sin restricción
2020,6692,2020-09-08,Martes,14:25:00,,0.0,2,"Moto/Ciclomotor,Automóvil",Av. Uriburu Y Paraguay,3,2,0,0,1,0,0,"-32.990858429232,-60.655165360792",Avenida,,ROSARIO,Rosario,Asfalto,No existe,II,Dentro,Urbana,Ninguna,No existe,Intersección,Bueno,Buena,Diurna,Buen Tiempo,Lateral,S/D,Colisión,Ninguna,Faltante,"Cordón divisorio,Vegetación",Sin restricción
2020,6693,2020-10-16,Viernes,,,0.0,2,"Automóvil,Moto/Ciclomotor",25 de mayo Y Lisandro de La Torre,2,1,0,0,1,0,0,"-31.651669022965,-60.706886635737",Calle,,SANTO TOMÉ,La Capital,Asfalto,No existe,I,Dentro,Urbana,Paso Peatonal,No existe,Intersección,Bueno,Buena,S/D,Buen Tiempo,Lateral,S/D,Colisión,Ninguna,Horizontal,Ninguna,Sin restricción
2020,6694,2020-09-11,Viernes,09:00:00,,0.0,2,"Bicicleta,Automóvil",Bv. Oroño Y Pte.Quintana,2,1,0,0,1,0,0,"-32.979776759567,-60.662508428662",Avenida,,ROSARIO,Rosario,Asfalto,No existe,II,Dentro,Urbana,Semáforo,Funciona,Intersección,Bueno,Buena,Diurna,Buen Tiempo,S/D,Ciclista,Atropello,Ninguna,"Horizontal,Vertical","Cordón divisorio,Vegetación",Sin restricción
2020,6695,2020-09-02,Miercoles,17:30:00,,0.0,2,"Moto/Ciclomotor,Vehículo Oficial",Balcarce Y Guemes,2,1,0,0,1,0,0,"-31.639576221104,-60.689412373607",Calle,,SANTA FE,La Capital,Asfalto,No existe,I,Dentro,Urbana,Paso Peatonal,No existe,Intersección,Bueno,Buena,Atardecer,Buen Tiempo,Lateral,S/D,Colisión,Ninguna,Horizontal,Línea divisoria pintada,Sin restricción
2020,6696,2020-09-09,Miercoles,18:35:00,,0.0,2,"Bicicleta,Automóvil",Entre Rios Y Garay,2,1,0,0,1,0,0,"-32.973980078356,-60.64802681995",Calle,,ROSARIO,Rosario,Asfalto,No existe,II,Dentro,Urbana,Ninguna,No existe,Intersección,Bueno,Buena,Atardecer,Buen Tiempo,S/D,Ciclista,Atropello,Ninguna,Horizontal,Ninguna,Sin restricción
2020,6697,2020-09-23,Miercoles,18:15:00,,0.0,2,"Automóvil,Moto/Ciclomotor",25 de Mayo Y Juan de Garay,3,2,0,0,1,0,0,"-31.652763601608,-60.70709523529",Calle,,SANTA FE,La Capital,Asfalto,No existe,I,Dentro,Urbana,Paso Peatonal,No existe,Intersección,Bueno,Buena,Atardecer,Buen Tiempo,Lateral,S/D,Colisión,Ninguna,Horizontal,Ninguna,Sin restricción
2020,6698,2020-09-04,Viernes,11:30:00,,0.0,2,"Moto/Ciclomotor,Pickup/Utilitario",Ayacucho 5900,2,1,0,0,1,0,0,"-33.00489024525,-60.636036748886",Calle,,ROSARIO,Rosario,Asfalto,No existe,II,Dentro,Urbana,Ninguna,No existe,Intersección,Bueno,Buena,Diurna,Buen Tiempo,Lateral,S/D,Colisión,Ninguna,Faltante,Ninguna,Sin restricción
2020,6699,2020-09-10,Jueves,19:40:00,,0.0,2,"Automóvil,Moto/Ciclomotor",Bv Pellegrini Y San Jeronimo,2,1,0,0,1,0,0,"-31.635339757261,-60.704702344424",Avenida,,SANTA FE,La Capital,Asfalto,Pavimento,I,Dentro,Urbana,Semáforo,Funciona,Intersección,Bueno,Buena,"Nocturna,Con luz artificial",Buen Tiempo,Frontal,S/D,Colisión,Ninguna,"Horizontal,Vertical",Línea divisoria pintada,Sin restricción
2020,6700,2020-09-01,Martes,12:40:00,,0.0,2,"Ambulancia,Moto/Ciclomotor",Av 27 de Febrero Y Mendoza,2,1,0,0,1,0,0,"-31.649326499281,-60.706478834534",Avenida,,SANTA FE,La Capital,Asfalto,No existe,I,Dentro,Urbana,Semáforo,Funciona,Intersección,Bueno,Buena,Diurna,Buen Tiempo,Lateral,S/D,Colisión,Ninguna,"Horizontal,Vertical",Línea divisoria pintada,Sin restricción
2020,6701,2020-09-03,Jueves,15:35:00,,0.0,2,"Automóvil,Taxi/Remis",Cabildo Y San Martin,3,1,0,0,2,0,0,"-33.007376257163,-60.650390180409",Avenida,,ROSARIO,Rosario,Asfalto,No existe,II,Dentro,Urbana,Ninguna,No existe,Recta,Bueno,Buena,Diurna,Buen Tiempo,De alcance,S/D,Colisión,Ninguna,Horizontal,Ninguna,Sin restricción
2020,6702,2020-09-07,Lunes,11:30:00,,0.0,2,"Automóvil,Moto/Ciclomotor",9 de Julio Y Bv Pellegrini,3,2,0,0,1,0,0,"-31.635080701526,-60.705886240098",Avenida,,SANTA FE,La Capital,Asfalto,Pavimento,I,Dentro,Urbana,Semáforo,Funciona,Intersección,Bueno,Buena,Diurna,Buen Tiempo,Lateral,S/D,Colisión,Ninguna,"Horizontal,Vertical","Cordón divisorio,Vegetación,Línea divisoria pintada",Sin restricción
2020,6703,2020-09-15,Martes,13:40:00,,0.0,2,"Automóvil,Moto/Ciclomotor",25 de Mayo Y Bv Pellegrini,3,2,0,0,1,0,0,"-31.635802538923,-60.702550206979",Avenida,,SANTA FE,La Capital,Asfalto,No existe,I,Dentro,Urbana,Semáforo,No existe,Intersección,Bueno,Buena,Diurna,Buen Tiempo,Lateral,S/D,Colisión,Ninguna,"Horizontal,Vertical","Cordón divisorio,Vegetación,Línea divisoria pintada",Sin restricción
2020,6704,2020-09-24,Jueves,18:40:00,,0.0,2,"Automóvil,Bicicleta",Lisandro de la Torre Y San Martin,2,1,0,0,1,0,0,"-31.651396534639,-60.708049543893",Calle,,SANTA FE,La Capital,Asfalto,No existe,I,Dentro,Urbana,Ninguna,No existe,Intersección,Bueno,Buena,Atardecer,Buen Tiempo,S/D,Ciclista,Atropello,Ninguna,Faltante,Ninguna,Sin restricción
2020,6705,2020-09-23,Miercoles,16:30:00,,0.0,2,"Automóvil,Bicicleta",9 de Julio Y Suipacha,2,1,0,0,1,0,0,"-31.639492566132,-60.707179262185",Calle,,SANTA FE,La Capital,Asfalto,No existe,I,Dentro,Urbana,Semáforo,Funciona,Intersección,Bueno,Buena,Diurna,Buen Tiempo,S/D,Ciclista,Atropello,Ninguna,"Horizontal,Vertical",Línea divisoria pintada,Sin restricción
2020,6706,2020-09-23,Miercoles,21:00:00,,0.0,2,"Automóvil,Moto/Ciclomotor",25 de Mayo Y Corrientes,2,1,0,0,1,0,0,"-31.653848577353,-60.707409197225",Calle,,SANTA FE,La Capital,Asfalto,No existe,I,Dentro,Urbana,Paso Peatonal,No existe,Intersección,Bueno,Buena,Diurna,Buen Tiempo,Lateral,S/D,Colisión,Ninguna,Horizontal,Ninguna,Sin restricción
2020,6707,2020-09-17,Jueves,18:45:00,,0.0,2,"Automóvil,Moto/Ciclomotor",Av. Battle y Ordo�ez Y Leiva,2,0,1,0,1,0,0,"-33.008629, -60.637642",Calle,,ROSARIO,Rosario,Asfalto,No existe,II,Dentro,Urbana,Ninguna,No existe,Intersección,Bueno,Buena,"Atardecer,Con luz artificial",Buen Tiempo,Lateral,S/D,Colisión,Ninguna,Vertical,Ninguna,Sin restricción
2020,6708,2020-09-16,Miercoles,11:45:00,Ruta Nacional 11,0.0,2,"Automóvil,Moto/Ciclomotor",RUTA NACIONAL 11 Y TOMAS LUBARY,2,1,0,0,1,0,0,"-31.691914,-60.795249",Ruta,11,SAUCE VIEJO,La Capital,Asfalto,Ripio,I,Dentro,Urbana,Marca Vial,No existe,Intersección,Bueno,Buena,Diurna,Buen Tiempo,De alcance,S/D,Colisión,Ninguna,Horizontal,Línea divisoria pintada,Sin restricción
2020,6709,2020-09-18,Viernes,23:30:00,,0.0,2,"Automóvil,Automóvil",Junin Y San Jeronimo,3,2,0,0,1,0,0,"-31.638594420258,-60.705696686168",Calle,,SANTA FE,La Capital,Asfalto,No existe,I,Dentro,Urbana,Paso Peatonal,No existe,Intersección,Bueno,Buena,"Nocturna,Con luz artificial",Buen Tiempo,Frontal,S/D,Colisión,Ninguna,"Horizontal,Vertical",Ninguna,Sin restricción
2020,6710,2020-09-02,Miercoles,22:30:00,,0.0,2,"Bicicleta,Automóvil",Biedma Y Chacabuco,2,1,0,0,1,0,0,"-32.984136, -60.631582",Calle,,ROSARIO,Rosario,Asfalto,No existe,II,Dentro,Urbana,Ninguna,No existe,Intersección,Bueno,Buena,"Nocturna,Con luz artificial",Buen Tiempo,S/D,Ciclista,Atropello,Ninguna,Faltante,Ninguna,Sin restricción
2020,6711,2020-09-23,Miercoles,11:05:00,Ruta Nacional 11,0.0,2,"Pickup/Utilitario,Moto/Ciclomotor",Calle 18 Y Ruta Nac 11,2,1,0,0,1,0,0,"-31.702108,-60.800547",Ruta,11,SAUCE VIEJO,La Capital,Asfalto,Pavimento,I,Dentro,Urbana,Marca Vial,No existe,Intersección,Bueno,Buena,Diurna,Buen Tiempo,De alcance,S/D,Colisión,Ninguna,Horizontal,Línea divisoria pintada,Sin restricción
2020,6712,2020-09-11,Viernes,16:00:00,,0.0,2,"Moto/Ciclomotor,Automóvil",Amenabar Y L.N.Alem,3,2,0,0,1,0,0,"-32.973949538563,-60.63478419984",Calle,,ROSARIO,Rosario,Asfalto,No existe,II,Dentro,Urbana,Paso Peatonal,No existe,Intersección,Bueno,Buena,Diurna,Buen Tiempo,Lateral,S/D,Colisión,Ninguna,Horizontal,Ninguna,Sin restricción
2020,6713,2020-09-26,Sabado,10:30:00,,0.0,2,"Pickup/Utilitario,Moto/Ciclomotor",4 de Enero Y Suipacha,2,1,0,0,1,0,0,"-31.638900934237,-60.709783758454",Calle,,SANTA FE,La Capital,Asfalto,No existe,I,Dentro,Urbana,Semáforo,Funciona,Intersección,Bueno,Buena,Diurna,Buen Tiempo,Lateral,S/D,Colisión,Ninguna,"Horizontal,Vertical",Línea divisoria pintada,Sin restricción
2020,6714,2020-09-28,Lunes,10:25:00,,0.0,2,"Bicicleta,Automóvil",9 de Julio Y Mendoza,2,1,0,0,1,0,0,"-31.648482664405,-60.709840745804",Calle,,SANTA FE,La Capital,Asfalto,No existe,I,Dentro,Urbana,Ninguna,No existe,Intersección,Bueno,Buena,Diurna,Buen Tiempo,S/D,Ciclista,Atropello,Ninguna,Horizontal,Ninguna,Sin restricción
2020,6715,2020-09-27,Domingo,,,0.0,2,"Taxi/Remis,Moto/Ciclomotor",25 de Mayo Y Salta,3,2,0,0,1,0,0,"-31.650528915875,-60.706756766519",Calle,,SANTA FE,La Capital,Asfalto,No existe,I,Dentro,Urbana,Paso Peatonal,No existe,Intersección,Bueno,Buena,"Nocturna,Con luz artificial",Buen Tiempo,Lateral,S/D,Colisión,Ninguna,"Horizontal,Vertical",Ninguna,Sin restricción
2020,6716,2020-09-26,Sabado,01:40:00,,0.0,2,"Moto/Ciclomotor,Automóvil", ,2,1,0,0,1,0,0,"-28.361597, -61.543248",Camino Rural,,SANTA MARGARITA,9 de Julio,Tierra,No existe,XII,Dentro,Rural,Ninguna,No existe,Recta,Ahuellamiento,Reducida polvo,Nocturna,Otro,Frontal,S/D,Colisión,Otro,Faltante,Ninguna,Sin restricción
2020,6717,2020-09-24,Jueves,16:20:00,,0.0,2,"Automóvil,Moto/Ciclomotor",Albert Sabin Y J.J.Paso,2,1,0,0,1,0,0,"-32.919534444808924,-60.68909883499",Avenida,,ROSARIO,Rosario,Asfalto,No existe,II,Dentro,Urbana,Semáforo,Funciona,Recta,Bueno,Buena,Diurna,Buen Tiempo,Frontal,S/D,Colisión,Ninguna,"Horizontal,Vertical",Cordón divisorio,Sin restricción
2020,6718,2020-09-08,Martes,11:30:00,,0.0,2,"Moto/Ciclomotor,Automóvil",Calle 8 Y Calle 27,3,0,1,0,2,0,0,"-31.792546, -60.843733",Calle,,SAUCE VIEJO,La Capital,Ripio,No existe,I,Dentro,Urbana,Ninguna,No existe,Recta,Bueno,Buena,Diurna,Buen Tiempo,Lateral,S/D,Colisión,Ninguna,Faltante,Ninguna,Sin restricción
2020,6719,2020-09-27,Domingo,17:30:00,,0.0,2,"Peatón,Camión c / Acoplado",RAUL ALFONSIN 2700,2,1,0,0,1,0,0,"-32.902121, -60.815311",Calle,,FUNES,Rosario,Asfalto,No existe,II,Dentro,Urbana,Ninguna,No existe,Recta,Bueno,Buena,Diurna,Buen Tiempo,S/D,Peatón,Atropello,Ninguna,Faltante,Ninguna,Sin restricción
2020,6720,2020-09-10,Jueves,23:15:00,,0.0,2,"Moto/Ciclomotor,Moto/Ciclomotor",Independencia Y Zavalia,3,3,0,0,0,0,0,"-31.667076394114,-60.724665304629",Calle,,SANTA FE,La Capital,Asfalto,No existe,I,Dentro,Urbana,Ninguna,No existe,Intersección,Bueno,Buena,Con luz artificial,Buen Tiempo,S/D,S/D,Colisión,Ninguna,Faltante,Ninguna,Sin restricción
2020,6721,2020-09-09,Miercoles,18:30:00,,0.0,2,"Moto/Ciclomotor,Pickup/Utilitario",Av Eduardo Minetti Y Manuel Belgrano,2,1,0,0,1,0,0,"-28.622618814833,-61.624851499732",Avenida,,VILLA MINETTI,9 de Julio,Asfalto,No existe,XII,Dentro,Urbana,Ninguna,No existe,Intersección,Con baches,Reducida,Diurna,Buen Tiempo,Lateral,S/D,Colisión,Ninguna,Faltante,Ninguna,Sin restricción
2020,6722,2020-09-15,Martes,22:30:00,,0.0,2,"Moto/Ciclomotor,Moto/Ciclomotor",BV BOUCHARD Y PASAJE 1353,3,2,1,0,0,0,0,"-32.890513, -60.736112",Avenida,,ROSARIO,Rosario,Asfalto,No existe,II,Dentro,Urbana,Ninguna,No existe,Intersección,Bueno,Buena,Diurna,Buen Tiempo,Lateral,S/D,Colisión,Ninguna,Faltante,Ninguna,Sin restricción
2020,6723,2020-09-18,Viernes,11:25:00,,0.0,2,"Automóvil,Moto/Ciclomotor",Cristobal Colon Y J M Perez,3,1,0,0,2,0,0,"-31.66848088178,-60.727459991754",Calle,,SANTA FE,La Capital,Asfalto,No existe,I,Dentro,Urbana,Ninguna,No existe,Intersección,Bueno,Buena,Diurna,Buen Tiempo,S/D,S/D,Colisión,Ninguna,Faltante,Ninguna,Sin restricción
2020,6724,2020-09-04,Viernes,15:50:00,Ruta Secundaria 292-s,0.0,1,Moto/Ciclomotor, ,2,0,2,0,0,0,0,"-28.63148689270021,-61.523694992065",Ruta,292-s,VILLA MINETTI,9 de Julio,Asfalto,Natural,XII,Dentro,Rural,Ninguna,No existe,Recta,Bueno,Buena,Diurna,Buen Tiempo,Contra objeto fijo,S/D,Colisión,Ninguna,Faltante,Ninguna,Sin restricción
2020,6725,2020-09-24,Jueves,16:05:00,,0.0,2,"Moto/Ciclomotor,Automóvil",Ayacucho Y Reg.11 de Infanteria,3,1,1,0,1,0,0,"-32.998413033264,-60.636532123609",Calle,,ROSARIO,Rosario,Asfalto,No existe,II,Dentro,Urbana,Paso Peatonal,No existe,Intersección,Bueno,Buena,Diurna,Buen Tiempo,Lateral,S/D,Colisión,Ninguna,Horizontal,Ninguna,Sin restricción
2020,6726,2020-09-08,Martes,22:15:00,,0.0,2,"Automóvil,Moto/Ciclomotor",25 de Mayo Y Obrero,2,1,0,0,1,0,0,"-31.302964221821,-60.662806640935",Calle,,LAGUNA PAIVA,La Capital,Asfalto,No existe,I,Dentro,Urbana,Ninguna,No existe,Intersección,Bueno,Buena,Diurna,Buen Tiempo,Lateral,S/D,Colisión,Ninguna,Faltante,Ninguna,Sin restricción
2020,6727,2020-09-18,Viernes,11:40:00,,0.0,2,"Moto/Ciclomotor,Automóvil",9 de Julio Y Mariano Moreno,3,0,1,0,2,0,0,"-28.62308621406555,-61.628730297088",Calle,,VILLA MINETTI,9 de Julio,Ripio,No existe,XII,Dentro,Urbana,Ninguna,No existe,Intersección,Con baches,Buena,Diurna,Buen Tiempo,Frontal,S/D,Colisión,Ninguna,Faltante,Ninguna,Sin restricción
2020,6728,2020-09-30,Miercoles,14:00:00,,0.0,2,"Moto/Ciclomotor,Automóvil",Pasco Y Pte.Roca,2,1,0,0,1,0,0,"-32.95832511538,-60.648428897269",Calle,,ROSARIO,Rosario,Asfalto,No existe,II,Dentro,Urbana,Señal Pare,No existe,Intersección,Bueno,Buena,Diurna,Buen Tiempo,Lateral,S/D,Colisión,Ninguna,Vertical,Ninguna,Sin restricción
2020,6729,2020-09-06,Domingo,12:00:00,,0.0,2,"Moto/Ciclomotor,Moto/Ciclomotor",Corrientes Y Rivadavia,2,2,0,0,0,0,0,"-29.465802714847,-60.210837312477",Calle,,VERA,Vera,Asfalto,No existe,XIX,Dentro,Urbana,Ninguna,No existe,Intersección,Bueno,Buena,Diurna,Buen Tiempo,Lateral,S/D,Colisión,Ninguna,Faltante,Ninguna,Sin restricción
2020,6730,2020-09-05,Sabado,23:15:00,,0.0,2,"Moto/Ciclomotor,Pickup/Utilitario",9 de Julio Y Moreno,2,2,0,0,0,0,0,"-29.458915790009,-60.212951809434",Calle,,VERA,Vera,Asfalto,No existe,XIX,Dentro,Urbana,Ninguna,No existe,Intersección,Bueno,Buena,"Nocturna,Con luz artificial",Buen Tiempo,Lateral,S/D,Colisión,Ninguna,Faltante,Ninguna,Sin restricción
2020,6731,2020-09-08,Martes,,,0.0,2,"Moto/Ciclomotor,Automóvil",E Aleman Y San Martin,3,2,0,0,1,0,0,"-29.461395505895,-60.210905514175",Calle,,VERA,Vera,Asfalto,No existe,XIX,Dentro,Urbana,Ninguna,No existe,Intersección,Bueno,Buena,"Nocturna,Con luz artificial",Buen Tiempo,Lateral,S/D,Colisión,Ninguna,Faltante,Ninguna,Sin restricción
2020,6732,2020-09-24,Jueves,12:00:00,Ruta Nacional 34,361.0,1,Pickup/Utilitario, ,1,1,0,0,0,0,0,"-29.9824, -61.85272",Ruta,34,HERSILIA,San CRISTÓBAL,Asfalto,Natural,XIII,Fuera,Rural,Marca Vial,No existe,Recta,Bueno,Buena,Diurna,Buen Tiempo,S/D,S/D,Despiste,Ninguna,Horizontal,Ninguna,Sin restricción
2020,6733,2020-09-13,Domingo,05:50:00,,0.0,1,Moto/Ciclomotor,Cordoba Y Moreau de Justo,1,0,1,0,0,0,0,"-29.465947293525,-60.201961234633",Calle,,VERA,Vera,"Asfalto,Ripio",No existe,XIX,Dentro,Urbana,Ninguna,No existe,Intersección,Bueno,Buena,"Nocturna,Con luz artificial",Buen Tiempo,S/D,S/D,Cañda ocupante,Ninguna,Faltante,Ninguna,Sin restricción
2020,6734,2020-09-12,Sabado,11:30:00,Ruta Secundaria 91-s,0.0,2,"Automóvil,Moto/Ciclomotor",Av 25 de mayo Y Roque Saenz Pe�a,4,2,0,0,2,0,0,"-30.0014389065,-61.838393268451",Ruta,91-s,HERSILIA,San CRISTÓBAL,Ripio,No existe,XIII,Dentro,Urbana,Ninguna,No existe,Intersección,Bueno,Buena,Diurna,Buen Tiempo,S/D,S/D,Colisión,Ninguna,Faltante,Cordón divisorio,Sin restricción
2020,6735,2020-09-17,Jueves,18:40:00,,0.0,2,"Moto/Ciclomotor,Peatón",Caramarca 2175,2,1,0,0,1,0,0,"-29.469078045567,-60.218376582381",Calle,,VERA,Vera,Tierra,No existe,XIX,Dentro,Urbana,Ninguna,No existe,Intersección,Con baches,Reducida,"Atardecer,Con luz artificial",Buen Tiempo,S/D,Peatón,Atropello,Ninguna,Faltante,Ninguna,Sin restricción