anio_acci,nro_acci,fecha,desc_dia,hora_aprox,desc_ruta,km,cant_participantes,desc_participante,calle_avenida_km,total,heridos_leves,heridos_graves,heridos_gravisimos,ilesos,fallecidos,sin_datos,posicion_XY,desc_tipo_via,desc_ruta_ori,desc_loc,desc_dpto,desc_tipo_calzada,desc_tipo_banquina,desc_unidad_regional,desc_lugar_calzada,desc_zona,desc_prioridad,desc_estado_semaforo,desc_lugar_via,desc_estado_via,desc_estado_visibilidad,desc_luminosidad,desc_estado_clima,desc_tipo_colision,desc_tipo_atropello,desc_tipo_hecho,desc_pres_calzada,desc_senializacion,desc_separacion_via,desc_restriccion
2020,6795,2020-09-01,Martes,17:00:00,Ruta Nacional 175,0.0,2,"Automóvil,Automóvil",Av San Martin Y Cordoba,4,2,0,0,2,0,0,"-32.71748632192612,-60.731131732463",Ruta,175,PUERTO SAN MARTÍN,San Lorenzo,Asfalto,No existe,XVII,Dentro,Urbana,Paso Peatonal,No existe,Intersección,Bueno,Buena,Diurna,Buen Tiempo,Lateral,S/D,Colisión,Ninguna,Horizontal,Ninguna,Sin restricción
2020,6796,2020-11-19,Jueves,14:10:00,,0.0,2,"Moto/Ciclomotor,Automóvil",French Y Las Heras,2,1,0,0,1,0,0,"-31.59406, -60.68506",Calle,,SANTA FE,La Capital,S/D,S/D,I,S/D,Urbana,S/D,S/D,Intersección,S/D,S/D,Diurna,S/D,S/D,S/D,Colisión,S/D,S/D,S/D,S/D
2020,6797,2020-11-19,Jueves,,,0.0,2,"Bicicleta,Automóvil", ,2,1,0,0,1,0,0,"-34.18627, -61.52854",S/D,,TEODELINA,General LÓPEZ,S/D,S/D,VIII,S/D,S/D,S/D,S/D,S/D,S/D,S/D,S/D,S/D,S/D,Ciclista,Atropello,S/D,S/D,S/D,S/D
2020,6798,2020-09-08,Martes,11:30:00,Ruta Nacional 11,0.0,1,Bicicleta,Corrientes Y Ruta Nac 11,1,1,0,0,0,0,0,"-32.710944414138815,-60.75879871845",Ruta,11,PUERTO SAN MARTÍN,San Lorenzo,Asfalto,Natural,XVII,Dentro,Urbana,Ninguna,No existe,Intersección,Ahuellamiento,Buena,Diurna,Buen Tiempo,S/D,S/D,Cañda ocupante,Ninguna,Horizontal,Ninguna,Sin restricción
2020,6799,2020-09-02,Miercoles,,Ruta Nacional 11,0.0,2,"Automóvil,Camión c / Acoplado",Av Circunvalaci�n ,3,2,0,0,1,0,0,"-31.641977, -60.740821",Ruta,11,SANTA FE,La Capital,Asfalto,Pavimento,I,Dentro,Urbana,S/D,S/D,Recta,Bueno,Buena,S/D,Buen Tiempo,S/D,S/D,Colisión,Ninguna,Horizontal,"Guardarrail,Línea divisoria pintada",Sin restricción
2020,6800,2020-09-02,Miercoles,09:30:00,,0.0,2,"Pickup/Utilitario,Moto/Ciclomotor",Pedro P Ceci Y Salta,2,1,0,0,1,0,0,"-32.036670126462,-61.222963372638",Calle,,GÁLVEZ,San JERÓNIMO,Asfalto,No existe,XV,Dentro,Urbana,Ninguna,No existe,Intersección,Bueno,Buena,Diurna,Buen Tiempo,Lateral,S/D,Colisión,Ninguna,Faltante,Ninguna,Sin restricción
2020,6801,2020-09-13,Domingo,,,0.0,1,Automóvil,Estanislao Zeballos 3600,2,2,0,0,0,0,0,"-31.602663873347,-60.707527749678",Calle,,SANTA FE,La Capital,Asfalto,No existe,I,Dentro,Urbana,Ninguna,No existe,Recta,Bueno,S/D,S/D,S/D,Contra objeto fijo,S/D,Colisión,Ninguna,Faltante,Ninguna,Sin restricción
2020,6802,2020-09-30,Miercoles,,,0.0,1,Bicicleta,Mendoza Y Pje. T.Guido,1,1,0,0,0,0,0,"-32.940847618399,-60.699156653666",Calle,,ROSARIO,Rosario,Asfalto,No existe,II,Dentro,Urbana,Señal Pare,No existe,Intersección,S/D,S/D,S/D,S/D,S/D,S/D,Cañda ocupante,S/D,"Horizontal,Vertical",Cordón divisorio,S/D
2020,6803,2020-09-03,Jueves,,,0.0,2,"Moto/Ciclomotor,Moto/Ciclomotor", ,2,0,2,0,0,0,0,"-31.448825188884307,-60.93028956909",S/D,,ESPERANZA,Las Colonias,S/D,S/D,XI,S/D,S/D,S/D,S/D,S/D,S/D,S/D,S/D,S/D,S/D,S/D,Colisión,S/D,S/D,S/D,S/D
2020,6804,2020-09-30,Miercoles,19:30:00,Autopista Nacional A009,0.0,2,"Automóvil,Peatón", ,2,0,1,0,1,0,0,"-33.018245, -60.664294",Autopista,A009,ROSARIO,Rosario,Asfalto,Pavimento,II,Dentro,Urbana,Marca Vial,No existe,Recta,S/D,S/D,Nocturna,S/D,S/D,Peatón,Atropello,S/D,Horizontal,Vegetación,S/D
2020,6805,2020-09-13,Domingo,,,0.0,2,"Moto/Ciclomotor,Moto/Ciclomotor",Lucio Victor Mansilla Y Teniente Loza,3,1,0,0,2,0,0,"-31.563861855434,-60.747922995866",Avenida,,SANTA FE,La Capital,Asfalto,No existe,I,Dentro,Urbana,Ninguna,No existe,Intersección,Bueno,S/D,S/D,S/D,Lateral,S/D,Colisión,Ninguna,Faltante,Ninguna,Sin restricción
2020,6806,2020-09-04,Viernes,20:10:00,Ruta Provincial 80,0.0,2,"Automóvil,Moto/Ciclomotor",Necochea Y Silvio Arcas,2,1,0,0,1,0,0,"-32.037024516599,-61.216118956002",Ruta,80,GÁLVEZ,San JERÓNIMO,Asfalto,No existe,XV,Dentro,Urbana,Ninguna,No existe,Intersección,Bueno,Buena,Nocturna,Buen Tiempo,S/D,S/D,Colisión,Ninguna,Faltante,Ninguna,Sin restricción
2020,6807,2020-09-05,Sabado,,Ruta Nacional 11,0.0,2,"Moto/Ciclomotor,Automóvil",Avenida Nuestra Se�ora del Luj 3951,2,1,0,0,1,0,0,"-31.682615564034,-60.776651671897",Ruta,11,SANTO TOMÉ,La Capital,Asfalto,No existe,I,Dentro,Urbana,Ninguna,No existe,Recta,Bueno,Buena,S/D,Buen Tiempo,S/D,S/D,Colisión,Ninguna,Faltante,Ninguna,Sin restricción
2020,6808,2020-09-30,Miercoles,,,0.0,2,"Automóvil,Moto/Ciclomotor",Larrea Y Sarmiento,2,1,0,0,1,0,0,"-31.597619522439,-60.68154306376",Calle,,SANTA FE,La Capital,Asfalto,No existe,I,Dentro,Urbana,Ninguna,No existe,Intersección,S/D,S/D,S/D,S/D,S/D,S/D,Colisión,S/D,Faltante,Ninguna,S/D
2020,6809,2020-09-06,Domingo,,,0.0,1,Moto/Ciclomotor,Av Blas Parera Y French,1,0,1,0,0,0,0,"-31.585768796782,-60.725836854723",Calle,,SANTA FE,La Capital,Asfalto,No existe,I,Dentro,Urbana,Semáforo,Funciona,Intersección,Bueno,Buena,S/D,Buen Tiempo,S/D,S/D,Despiste,Ninguna,"Horizontal,Vertical","Cordón divisorio,Línea divisoria pintada",Sin restricción
2020,6810,2020-09-29,Martes,07:30:00,Ruta Nacional 33,752.0,2,"Automóvil,Pickup/Utilitario", ,4,1,0,0,3,0,0,"-33.0165, -61.05848",Ruta,33,PUJATO,San Lorenzo,Asfalto,Natural,XVII,Dentro,Rural,Marca Vial,No existe,Recta,S/D,S/D,Diurna,S/D,S/D,S/D,Colisión,S/D,Horizontal,Línea divisoria pintada,S/D
2020,6811,2020-09-06,Domingo,,,0.0,2,"Pickup/Utilitario,Moto/Ciclomotor",Bv Pte Roca Y Suipacha Av,2,1,0,0,1,0,0,"-31.251744981106,-61.498485688883",Avenida,,RAFAELA,Castellanos,Asfalto,No existe,V,Dentro,Urbana,Semáforo,Funciona,Intersección,Bueno,Buena,Diurna,Buen Tiempo,S/D,S/D,Colisión,Ninguna,"Horizontal,Vertical","Cordón divisorio,Vegetación",Sin restricción
2020,6812,2020-09-13,Domingo,06:30:00,,0.0,1,Moto/Ciclomotor,Av Alameda ,2,2,0,0,0,0,0,"-32.427674991824,-60.816143948714",Avenida,,GABOTO,San JERÓNIMO,Asfalto,S/D,XV,Dentro,Urbana,S/D,S/D,Recta,S/D,S/D,Amanecer,S/D,Contra objeto fijo,S/D,Colisión,S/D,S/D,S/D,Sin restricción
2020,6813,2020-09-29,Martes,,,0.0,2,"Pickup/Utilitario,Moto/Ciclomotor",Garay Y Posadas,2,1,0,0,1,0,0,"-34.27372151936,-62.703572007766",Calle,,RUFINO,General LÓPEZ,Asfalto,No existe,VIII,Dentro,Urbana,S/D,No existe,Intersección,S/D,S/D,S/D,S/D,S/D,S/D,Colisión,S/D,Faltante,Ninguna,S/D
2020,6814,2020-09-07,Lunes,17:50:00,,0.0,1,Moto/Ciclomotor,Av Sastre 3806,2,2,0,0,0,0,0,"-31.445095525073317, -62.0552000647",Avenida,,FRONTERA,Castellanos,Tierra,No existe,V,Dentro,Urbana,Ninguna,No existe,Recta,Deteriorada,Buena,Diurna,Buen Tiempo,S/D,S/D,Despiste,Ninguna,Faltante,Ninguna,Sin restricción
2020,6815,2020-09-29,Martes,18:20:00,,0.0,2,"Bicicleta,Moto/Ciclomotor",Boulevard Villada Y Garibaldi,2,1,0,0,1,0,0,"-33.045410210055,-61.181429640758",Avenida,,CASILDA,Caseros,Asfalto,No existe,IV,Dentro,Urbana,Ninguna,No existe,Intersección,S/D,S/D,Diurna,S/D,S/D,Ciclista,Atropello,S/D,Faltante,Ninguna,S/D
2020,6816,2020-09-05,Sabado,,,0.0,1,Automóvil,Joaquin Argosnz 100,5,5,0,0,0,0,0,"-33.757267925914,-61.946767221976",Avenida,,VENADO TUERTO,General LÓPEZ,Asfalto,No existe,VIII,Dentro,Urbana,Ninguna,No existe,Recta,Bueno,Buena,Diurna,Buen Tiempo,Contra objeto fijo,S/D,Colisión,Ninguna,Faltante,Ninguna,Sin restricción
2020,6817,2020-09-13,Domingo,12:35:00,Ruta Nacional 11,428.0,1,Automóvil, ,3,3,0,0,0,0,0,"-31.945715, -60.923803",Ruta,11,CORONDA,San JERÓNIMO,Asfalto,Natural,XV,Dentro,Urbana,S/D,No existe,Recta,Bueno,S/D,Diurna,S/D,S/D,S/D,Vuelco,Ninguna,S/D,S/D,Sin restricción
2020,6818,2020-09-07,Lunes,11:20:00,,0.0,2,"Pickup/Utilitario,Moto/Ciclomotor",2 de Abril Y Formosa,3,1,1,0,1,0,0,"-29.223501391726,-61.767198232204",Calle,,TOSTADO,9 de Julio,Ripio,No existe,XII,Dentro,Urbana,Ninguna,No existe,Intersección,Deteriorada,Buena,Diurna,Buen Tiempo,Lateral,S/D,Colisión,Ninguna,Faltante,Ninguna,Sin restricción
2020,6819,2020-09-13,Domingo,11:25:00,Ruta Nacional A012,0.0,1,Automóvil, ,1,1,0,0,0,0,0,"-32.942022, -60.903950",Ruta,A012,ROLDÁN,San Lorenzo,Asfalto,No existe,XVII,Dentro,Urbana,Ninguna,No existe,Recta,Bueno,Buena,Diurna,Buen Tiempo,S/D,S/D,Vuelco,Ninguna,Horizontal,Línea divisoria pintada,Sin restricción
2020,6820,2020-06-08,Lunes,08:35:00,,0.0,2,"Automóvil,Moto/Ciclomotor",Montevideo 4400,2,1,0,0,1,0,0,"-32.94806079454,-60.685651564469",Calle,,ROSARIO,Rosario,Asfalto,No existe,II,Dentro,Urbana,Ninguna,No existe,Intersección,Bueno,Buena,Diurna,Buen Tiempo,S/D,S/D,Colisión,Ninguna,Faltante,Ninguna,Sin restricción
2020,6821,2020-09-08,Martes,15:00:00,,0.0,2,"Moto/Ciclomotor,Camión c / Acoplado",Falucho Y J B Alberdi,2,0,1,0,1,0,0,"-32.02438908507,-61.219169663296",Calle,,GÁLVEZ,San JERÓNIMO,Asfalto,No existe,XV,Dentro,Urbana,Ninguna,No existe,Intersección,Bueno,Buena,Diurna,Buen Tiempo,Lateral,S/D,Colisión,Ninguna,Faltante,Ninguna,Sin restricción
2020,6822,2020-09-29,Martes,15:15:00,,0.0,2,"Automóvil,Bicicleta",Av. de los Trabajadores Y Av. Frondizi A,2,1,0,0,1,0,0,"-32.911876119312,-60.675824729036",Avenida,,ROSARIO,Rosario,Asfalto,No existe,II,Dentro,Urbana,Semáforo,Funciona,Intersección,S/D,S/D,Diurna,S/D,S/D,Ciclista,Atropello,S/D,Vertical,Cordón divisorio,S/D
2020,6823,2020-09-14,Lunes,04:20:00,,0.0,2,"Automóvil,Vehículo Oficial",AV SORRENTO  Y JUAN PABLO II,3,3,0,0,0,0,0,"-32.908231, -60.722700",Avenida,,ROSARIO,Rosario,Asfalto,No existe,II,Dentro,Urbana,Semáforo,Funciona,Intersección,Bueno,Buena,"Nocturna,Con luz artificial",S/D,Lateral,S/D,"Colisión,Vuelco",Ninguna,"Horizontal,Vertical",Cordón divisorio,Sin restricción
2020,6824,2020-09-15,Martes,,,0.0,2,"Automóvil,Moto/Ciclomotor",America Y Santa Rosa,2,1,0,0,1,0,0,"-34.258929251407,-62.706240246593",Calle,,RUFINO,General LÓPEZ,S/D,S/D,VIII,Dentro,Urbana,S/D,S/D,Intersección,S/D,S/D,S/D,S/D,Lateral,S/D,Colisión,S/D,S/D,S/D,S/D
2020,6825,2020-09-15,Martes,20:30:00,,0.0,2,"Moto/Ciclomotor,Moto/Ciclomotor",A Gaminara Y Mitre,2,2,0,0,0,0,0,"-31.739682595462,-61.09900350074",Calle,,SAN CARLOS CENTRO,Las Colonias,S/D,S/D,XI,Dentro,Urbana,S/D,S/D,Intersección,S/D,S/D,Nocturna,S/D,Lateral,S/D,Colisión,S/D,S/D,S/D,S/D
2020,6826,2020-09-16,Miercoles,,,0.0,1,Vehículo Oficial,Almonacid Y Manuel Leiva,1,1,0,0,0,0,0,"-31.58257501165,-60.722077460967",Calle,,SANTA FE,La Capital,S/D,S/D,I,Dentro,Urbana,S/D,S/D,Recta,S/D,S/D,S/D,S/D,S/D,S/D,Cañda ocupante,S/D,S/D,S/D,S/D
2020,6827,2020-09-16,Miercoles,,,0.0,2,"Pickup/Utilitario,Moto/Ciclomotor",Buenos Aires Y Chacabuco,2,1,0,0,1,0,0,"-33.051083535539,-61.178325785949",Calle,,CASILDA,Caseros,Asfalto,No existe,IV,Dentro,Urbana,S/D,No existe,Intersección,Bueno,S/D,S/D,S/D,Lateral,S/D,Colisión,Ninguna,S/D,Ninguna,S/D
2020,6828,2020-09-17,Jueves,,Ruta Nacional 11,0.0,2,"Pickup/Utilitario,Moto/Ciclomotor",Juan de Garay 2500,2,1,0,0,1,0,0,"-31.514027416706085,-60.72591081261",Ruta,11,RECREO,La Capital,Asfalto,Natural,I,Dentro,Urbana,Marca Vial,No existe,Recta,Bueno,S/D,S/D,S/D,De alcance,S/D,Colisión,Ninguna,Horizontal,Línea divisoria pintada,S/D
2020,6829,2020-09-10,Jueves,19:25:00,Ruta Provincial 2,346.0,2,"Moto/Ciclomotor,Bicicleta", ,2,2,0,0,0,0,0,"-29.26216523731383, -61.76203214974",Ruta,2,TOSTADO,9 de Julio,Asfalto,Natural,XII,Dentro,Urbana,Ninguna,No existe,Recta,Bueno,Buena,Atardecer,Buen Tiempo,S/D,Ciclista,Atropello,Ninguna,Horizontal,Línea divisoria pintada,Sin restricción
2020,6830,2020-09-18,Viernes,,,0.0,2,"Bicicleta,Camión c / Acoplado",Alsina Y Av. Pte.Peron,2,1,0,0,0,0,1,"-32.957206835181,-60.680856249925",Avenida,,ROSARIO,Rosario,Asfalto,No existe,II,Dentro,Urbana,Semáforo,Funciona,Recta,Bueno,S/D,S/D,S/D,S/D,Ciclista,Atropello,Ninguna,"Horizontal,Vertical",Cordón divisorio,Sin restricción
2020,6831,2020-09-10,Jueves,17:25:00,,0.0,2,"Moto/Ciclomotor,Automóvil",España Y French y Berutti,3,2,0,0,1,0,0,"-31.966676388164,-60.915337351435",Calle,,CORONDA,San JERÓNIMO,Asfalto,No existe,XV,Dentro,Urbana,Ninguna,No existe,Intersección,Bueno,Buena,Diurna,Buen Tiempo,Frontal,S/D,Colisión,Ninguna,Faltante,Ninguna,Sin restricción
2020,6832,2020-09-18,Viernes,15:35:00,,0.0,2,"Bicicleta,Moto/Ciclomotor",Italia 1300,2,1,0,0,0,0,1,"-31.978510813705,-60.918644596406",Calle,,CORONDA,San JERÓNIMO,Asfalto,No existe,XV,Dentro,Urbana,Ninguna,No existe,Recta,Bueno,S/D,Diurna,S/D,S/D,Ciclista,Atropello,Ninguna,Faltante,Ninguna,Sin restricción
2020,6833,2020-09-11,Viernes,,,0.0,2,"Pickup/Utilitario,Moto/Ciclomotor", ,2,1,0,0,1,0,0,"-31.448825188884307,-60.93028956909",S/D,,ESPERANZA,Las Colonias,S/D,S/D,XI,S/D,S/D,S/D,S/D,S/D,S/D,S/D,S/D,S/D,S/D,S/D,Colisión,S/D,S/D,S/D,S/D
2020,6834,2020-09-11,Viernes,19:20:00,,0.0,2,"Moto/Ciclomotor,Pickup/Utilitario",Hernandarias Y pbro d Balbiano,2,1,0,0,1,0,0,"-32.035141305693,-61.227669586853",Calle,,GÁLVEZ,San JERÓNIMO,Asfalto,No existe,XV,Dentro,Urbana,Ninguna,No existe,Intersección,Bueno,Buena,Diurna,Buen Tiempo,Lateral,S/D,Colisión,Ninguna,Faltante,"Cordón divisorio,Vegetación",Sin restricción
2020,6835,2020-09-08,Martes,,,0.0,2,"Moto/Ciclomotor,Automóvil",Las Heras Y Matheu,2,1,0,0,1,0,0,"-31.594911828393,-60.685316443026",Calle,,SANTA FE,La Capital,Asfalto,No existe,I,Dentro,Urbana,S/D,No existe,Intersección,Bueno,Buena,Diurna,Buen Tiempo,S/D,S/D,Colisión,Ninguna,S/D,Ninguna,Sin restricción
2020,6836,2020-09-12,Sabado,,,0.0,2,"Pickup/Utilitario,Moto/Ciclomotor", ,2,1,0,0,1,0,0,"-31.40084351707876,-61.082358189520",S/D,,HUMBOLDT,Las Colonias,S/D,S/D,XI,S/D,S/D,S/D,S/D,S/D,S/D,S/D,S/D,S/D,S/D,S/D,Colisión,S/D,S/D,S/D,S/D
2020,6837,2020-09-12,Sabado,15:00:00,,0.0,2,"Automóvil,Moto/Ciclomotor",Av Gral Mitre Y Italia,2,1,0,0,1,0,0,"-31.770283883801,-61.829562810555",Calle,,SASTRE,San MARTÍN,Asfalto,No existe,XVIII,Dentro,Urbana,Ninguna,No existe,Intersección,Bueno,Buena,Diurna,Buen Tiempo,S/D,S/D,Colisión,Ninguna,Faltante,Ninguna,Sin restricción
2020,6838,2020-09-17,Jueves,10:50:00,,0.0,2,"Pickup/Utilitario,Moto/Ciclomotor",A Brown Y Rivadavia,2,1,0,0,1,0,0,"-32.142663952671,-61.984732362143",Calle,,PIAMONTE,San MARTÍN,Asfalto,No existe,XVIII,Dentro,Urbana,Ninguna,No existe,Intersección,Bueno,Buena,Diurna,Buen Tiempo,Lateral,S/D,Colisión,Ninguna,Faltante,"Ninguna,S/D",Sin restricción
2020,6839,2020-09-18,Viernes,02:10:00,,0.0,1,Moto/Ciclomotor, ,1,1,0,0,0,0,0,"-31.895627975463835,-61.85966849327",Calle,,SAN JORGE,San MARTÍN,S/D,S/D,XVIII,Dentro,Urbana,S/D,S/D,Recta,S/D,S/D,Nocturna,S/D,S/D,S/D,Cañda ocupante,S/D,S/D,S/D,S/D
2020,6840,2020-09-29,Martes,,,0.0,2,"Automóvil,Moto/Ciclomotor",13 de diciembre Y Batalla de Maipu,2,1,0,0,1,0,0,"-31.688243975643,-60.787541198247",Calle,,SANTO TOMÉ,La Capital,Tierra,No existe,I,Dentro,Urbana,S/D,No existe,Intersección,S/D,S/D,S/D,S/D,S/D,S/D,Colisión,S/D,Faltante,Ninguna,S/D
2020,6841,2020-09-29,Martes,20:10:00,Ruta Nacional 11,0.0,2,"Pickup/Utilitario,Moto/Ciclomotor",Jose E Uriburu Y Ruta Nac 11,2,0,1,0,1,0,0,"-31.76338367164135,-60.832901783287",Ruta,11,SAUCE VIEJO,La Capital,Asfalto,Ripio,I,Dentro,Urbana,Marca Vial,No existe,Intersección,S/D,S/D,Nocturna,S/D,Lateral,S/D,Colisión,S/D,"Horizontal,Vertical",Línea divisoria pintada,S/D
2020,6842,2020-09-28,Lunes,13:40:00,,0.0,2,"Automóvil,Moto/Ciclomotor",L Alem Y Urquiza,3,2,0,0,1,0,0,"-29.453773975644,-60.218177610031",Calle,,VERA,Vera,S/D,No existe,XIX,Dentro,Urbana,S/D,S/D,Intersección,S/D,S/D,Diurna,S/D,S/D,S/D,Colisión,S/D,S/D,Ninguna,S/D
2020,6843,2020-09-28,Lunes,15:50:00,,0.0,2,"Camión Chasis,Moto/Ciclomotor",Bv 9 de Julio Y E Ortiz,2,0,0,1,1,0,0,"-31.902675115825,-61.86834019609",Avenida,,SAN JORGE,San MARTÍN,Asfalto,No existe,XVIII,Dentro,Urbana,Ninguna,No existe,Intersección,S/D,S/D,Diurna,S/D,S/D,S/D,Colisión,S/D,Faltante,Ninguna,S/D
2020,6844,2020-09-28,Lunes,09:00:00,,0.0,2,"Automóvil,Automóvil",Bv Estanislao Lopez Y Laprida,2,1,0,0,1,0,0,"-32.898405639585,-60.902665683775",Avenida,,ROLDÁN,San Lorenzo,Asfalto,No existe,XVII,Dentro,Urbana,S/D,S/D,Intersección,S/D,S/D,Diurna,S/D,S/D,S/D,Colisión,S/D,S/D,Ninguna,S/D
2020,6845,2020-09-28,Lunes,23:30:00,,0.0,2,"Moto/Ciclomotor,Pickup/Utilitario",Alberdi Y Jose de San Martin,4,1,0,0,3,0,0,"-31.973468809703,-60.92066258936",Calle,,CORONDA,San JERÓNIMO,Asfalto,No existe,XV,Dentro,Urbana,Ninguna,No existe,Intersección,S/D,S/D,Diurna,S/D,S/D,S/D,Colisión,S/D,Faltante,Ninguna,S/D
2020,6846,2020-09-28,Lunes,12:50:00,,0.0,2,"Moto/Ciclomotor,Bicicleta",Cordoba Y Echeverria,2,1,0,0,1,0,0,"-32.037913426177,-61.221672521615",Calle,,GÁLVEZ,San JERÓNIMO,Asfalto,No existe,XVI,Dentro,Urbana,Ninguna,No existe,Intersección,Bueno,Buena,Diurna,Buen Tiempo,S/D,Ciclista,Atropello,Ninguna,Faltante,Cordón divisorio,Sin restricción
2020,6847,2020-09-27,Domingo,17:00:00,,0.0,2,"Moto/Ciclomotor,Automóvil",Aristobulo del Valle Y Moreno,3,2,0,0,1,0,0,"-32.233375579438,-60.979046132971",Calle,,BARRANCAS,San JERÓNIMO,Asfalto,No existe,XV,Dentro,Urbana,Ninguna,No existe,Intersección,S/D,S/D,Diurna,S/D,Lateral,S/D,Colisión,S/D,Faltante,Ninguna,S/D
2020,6848,2020-09-19,Sabado,,Ruta Provincial 1,1.0,2,"Automóvil,Moto/Ciclomotor", ,2,1,0,0,1,0,0,"-31.630565, -60.612518",Ruta,1,COLASTINE,La Capital,Asfalto,Pavimento,I,Dentro,Urbana,Ninguna,No existe,Recta,Bueno,S/D,S/D,S/D,S/D,S/D,Colisión,Ninguna,Horizontal,"Guardarrail,Cordón divisorio",Sin restricción
2020,6849,2020-09-27,Domingo,,,0.0,2,"Automóvil,Moto/Ciclomotor",1 de Mayo Y Boulevard Lisandro de la Torre,4,3,0,0,1,0,0,"-33.04569081834,-61.166462242317",Avenida,,CASILDA,Caseros,Asfalto,No existe,IV,Dentro,Urbana,Paso Peatonal,No existe,Intersección,S/D,S/D,S/D,S/D,S/D,S/D,Colisión,S/D,Horizontal,Cordón divisorio,S/D
2020,6850,2020-09-19,Sabado,02:55:00,,0.0,1,Moto/Ciclomotor,J.B.Justo Y Ottone Bis,1,1,0,0,0,0,0,"-32.91456636004,-60.701047328128",Calle,,ROSARIO,Rosario,Asfalto,No existe,II,Dentro,Urbana,Ninguna,No existe,Recta,Bueno,S/D,"Nocturna,Con luz artificial",S/D,S/D,S/D,Cañda ocupante,Ninguna,Faltante,Ninguna,Sin restricción
2020,6851,2020-09-19,Sabado,,,0.0,2,"Peatón,Automóvil",Bv. Oroño 4500,2,0,1,0,0,0,1,"-32.986666811322,-60.664245678076",Avenida,,ROSARIO,Rosario,Asfalto,No existe,II,Dentro,Urbana,Semáforo,Funciona,Recta,Bueno,S/D,S/D,S/D,S/D,Peatón,Atropello,Ninguna,"Horizontal,Vertical","Cordón divisorio,Vegetación",Sin restricción
2020,6852,2020-09-27,Domingo,06:15:00,,0.0,2,"Vehículo Oficial,Automóvil",Garibaldi Y Italia,2,1,0,0,1,0,0,"-32.984214384882,-60.657827775478",Calle,,ROSARIO,Rosario,Asfalto,No existe,II,Dentro,Urbana,Ninguna,No existe,Intersección,S/D,S/D,Nocturna,S/D,S/D,S/D,Colisión,S/D,Faltante,Ninguna,S/D
2020,6853,2020-09-26,Sabado,21:00:00,,0.0,1,Moto/Ciclomotor,Urquiza 1756,2,2,0,0,0,0,0,"-29.693013300079,-60.254902594274",Calle,,MARGARITA,Vera,S/D,No existe,XIX,Dentro,Urbana,S/D,S/D,Recta,S/D,S/D,Nocturna,S/D,S/D,S/D,Cañda ocupante,S/D,S/D,Ninguna,S/D
2020,6854,2020-09-26,Sabado,,Ruta Nacional 11,0.0,2,"Moto/Ciclomotor,Moto/Ciclomotor",FRUTILLA CORONDINA Y RUTA NACIONAL 11,2,2,0,0,0,0,0,"-31.988832,-60.929972",Ruta,11,CORONDA,San JERÓNIMO,"Asfalto,Tierra",Natural,XV,Dentro,Urbana,Marca Vial,No existe,Intersección,S/D,S/D,S/D,S/D,S/D,S/D,Colisión,S/D,Horizontal,Línea divisoria pintada,S/D
2020,6855,2020-09-19,Sabado,18:05:00,,0.0,2,"Bicicleta,Automóvil",Av Aristobulo del Valle Y Paraguay,3,2,0,0,1,0,0,"-31.259297, -61.481418",Avenida,,RAFAELA,Castellanos,Asfalto,No existe,V,Dentro,Urbana,S/D,No existe,Intersección,Bueno,Buena,Diurna,S/D,S/D,Ciclista,Atropello,Ninguna,Faltante,"Cordón divisorio,Vegetación",Sin restricción
2020,6856,2020-05-16,Sabado,12:00:00,,0.0,2,"Bicicleta,Moto/Ciclomotor",Amenabar Y F.More,2,0,1,0,0,0,1,"-32.96348, -60.69286",Calle,,ROSARIO,Rosario,Asfalto,S/D,II,S/D,Urbana,S/D,S/D,Intersección,S/D,S/D,S/D,S/D,S/D,Ciclista,Atropello,S/D,S/D,S/D,S/D
2020,6857,2020-10-09,Viernes,00:15:00,,0.0,2,"Moto/Ciclomotor,Automóvil",Bv. 27 De Febrero ,2,1,0,0,0,0,1,"-32.96241, -60.67278",Calle,,ROSARIO,Rosario,S/D,S/D,II,S/D,Urbana,S/D,S/D,S/D,S/D,S/D,S/D,S/D,S/D,S/D,Colisión,S/D,S/D,S/D,S/D
2020,6858,2020-11-16,Lunes,14:30:00,,0.0,2,"Moto/Ciclomotor,Automóvil",Bv. Avellaneda Bis 579,2,0,1,0,1,0,0,"-32.92104, -60.67463",Avenida,,ROSARIO,Rosario,S/D,S/D,II,S/D,Urbana,S/D,S/D,Intersección,S/D,S/D,Diurna,S/D,De alcance,S/D,Colisión,S/D,S/D,S/D,S/D
2020,6859,2020-09-19,Sabado,12:00:00,,0.0,1,Moto/Ciclomotor,Lucio V Lopez Y Sarmiento,1,1,0,0,0,0,0,"-32.02266812324526,-61.226034164428",Calle,,GÁLVEZ,San JERÓNIMO,Asfalto,No existe,XV,Dentro,Urbana,Ninguna,No existe,Distribuidor,Bueno,Buena,Diurna,Buen Tiempo,S/D,S/D,Cañda ocupante,Ninguna,Faltante,"Ninguna,S/D",Sin restricción
2020,6860,2020-09-25,Viernes,12:20:00,,0.0,3,"Pickup/Utilitario,Moto/Ciclomotor,Bicicleta",Bv Pte Peron Y E Bordabehere,4,3,0,0,1,0,0,"-31.890395601513,-61.865846481493",Calle,,SAN JORGE,San MARTÍN,Asfalto,No existe,XVIII,Dentro,Urbana,Ninguna,No existe,Intersección,Bueno,Buena,Diurna,Buen Tiempo,Múltiple,Ciclista,"Colisión,Atropello",S/D,S/D,Ninguna,Sin restricción