anio_acci,nro_acci,fecha,desc_dia,hora_aprox,desc_ruta,km,cant_participantes,desc_participante,calle_avenida_km,total,heridos_leves,heridos_graves,heridos_gravisimos,ilesos,fallecidos,sin_datos,posicion_XY,desc_tipo_via,desc_ruta_ori,desc_loc,desc_dpto,desc_tipo_calzada,desc_tipo_banquina,desc_unidad_regional,desc_lugar_calzada,desc_zona,desc_prioridad,desc_estado_semaforo,desc_lugar_via,desc_estado_via,desc_estado_visibilidad,desc_luminosidad,desc_estado_clima,desc_tipo_colision,desc_tipo_atropello,desc_tipo_hecho,desc_pres_calzada,desc_senializacion,desc_separacion_via,desc_restriccion
2020,6861,2020-11-16,Lunes,,,0.0,2,"Bicicleta,Automóvil",Buenos Aires 3500,2,1,0,0,1,0,0,"-33.0522, -61.18052",Calle,,CASILDA,Caseros,S/D,S/D,IV,S/D,Urbana,S/D,S/D,Recta,S/D,S/D,S/D,S/D,S/D,Ciclista,Atropello,S/D,S/D,S/D,S/D
2020,6862,2020-11-16,Lunes,02:40:00,,0.0,2,"Moto/Ciclomotor,Automóvil",Sarmiento Y Juan Semino,4,2,0,0,2,0,0,"-32.85744, -61.15647",S/D,,CARCARAÑÁ,San Lorenzo,S/D,S/D,XVII,S/D,Urbana,S/D,S/D,Intersección,S/D,S/D,Nocturna,S/D,S/D,S/D,Colisión,S/D,S/D,S/D,S/D
2020,6863,2020-09-25,Viernes,10:15:00,Ruta Nacional 11,0.0,2,"Bicicleta,Automóvil", ,2,1,0,0,1,0,0,"-32.367029, -60.937069",Ruta,11,MONJE,San JERÓNIMO,Asfalto,Ripio,XV,Dentro,Urbana,Ninguna,No existe,Intersección,Bueno,Buena,Diurna,Buen Tiempo,S/D,Ciclista,Atropello,S/D,Horizontal,Ninguna,Sin restricción
2020,6864,2020-09-25,Viernes,04:10:00,,0.0,2,"Pickup/Utilitario,Moto/Ciclomotor",Sgto Cabral 300,2,1,0,0,1,0,0,"-32.030595866497,-61.228212293861",Calle,,GÁLVEZ,San JERÓNIMO,Asfalto,No existe,XV,Dentro,Urbana,Ninguna,No existe,Intersección,Bueno,Buena,Diurna,Buen Tiempo,Lateral,S/D,Colisión,Ninguna,Faltante,Ninguna,Sin restricción
2020,6865,2020-09-25,Viernes,14:00:00,,0.0,2,"Moto/Ciclomotor,Automóvil",Capitan Bermudez Y Falucho,2,1,0,0,1,0,0,"-32.02217316673,-61.220802041335",Calle,,GÁLVEZ,San JERÓNIMO,Asfalto,No existe,XV,Dentro,Urbana,Ninguna,No existe,Intersección,Bueno,Buena,Diurna,Buen Tiempo,S/D,S/D,Colisión,Ninguna,Faltante,"Cordón divisorio,Vegetación",Sin restricción
2020,6866,2020-09-19,Sabado,18:55:00,Ruta Nacional 11,0.0,1,Moto/Ciclomotor,Bv Lucio Ledesma Y 9 de Julio,2,1,0,0,1,0,0,"-32.075523718846,-60.972880073242",Ruta,11,AROCENA,San JERÓNIMO,Asfalto,Natural,XV,Dentro,Urbana,Ninguna,No existe,Recta,Bueno,Buena,Atardecer,Buen Tiempo,S/D,S/D,Cañda ocupante,Ninguna,Faltante,Ninguna,Sin restricción
2020,6867,2020-09-19,Sabado,17:55:00,,0.0,2,"Moto/Ciclomotor,Moto/Ciclomotor",Avda. Triana ,3,2,0,0,1,0,0,"-31.829738107551,-60.873670544487",Avenida,,DESVÍO ARIJÓN,San JERÓNIMO,S/D,S/D,XV,Dentro,Urbana,S/D,S/D,Recta,S/D,S/D,Diurna,S/D,Lateral,S/D,Colisión,S/D,S/D,S/D,S/D
2020,6868,2020-09-25,Viernes,04:10:00,Ruta Nacional 11,108.0,1,Moto/Ciclomotor, ,1,1,0,0,0,0,0,"-31.968261, -60.925785",Ruta,11,CORONDA,San JERÓNIMO,Asfalto,Ripio,XV,Dentro,Urbana,Otra Señal,No existe,Recta,Bueno,Buena,Diurna,Buen Tiempo,S/D,S/D,Cañda ocupante,Ninguna,"Horizontal,Vertical","Cordón divisorio,Línea divisoria pintada",Sin restricción
2020,6869,2020-09-24,Jueves,01:30:00,,0.0,2,"Moto/Ciclomotor,Moto/Ciclomotor",Belgrano Y Tucuman,2,1,0,0,1,0,0,"-32.858777322221,-61.141191291058",Calle,,CARCARAÑÁ,San Lorenzo,S/D,No existe,XVII,Dentro,Urbana,S/D,S/D,Intersección,S/D,Buena,Nocturna,S/D,S/D,S/D,Colisión,S/D,S/D,S/D,S/D
2020,6870,2020-11-17,Martes,,Ruta Provincial 1,5.0,2,"Bicicleta,Pickup/Utilitario", ,2,0,1,0,1,0,0,"-31.61382, -60.58515",Ruta,1,SANTA FE,La Capital,S/D,S/D,I,S/D,Urbana,S/D,S/D,Recta,S/D,S/D,S/D,S/D,S/D,Ciclista,Atropello,S/D,S/D,S/D,S/D
2020,6871,2020-09-24,Jueves,08:30:00,,0.0,2,"Otros,Pickup/Utilitario",Boulevard Lisandro de la Torre Y Casado,2,1,0,0,1,0,0,"-33.043966170935,-61.163361833087",Avenida,,CASILDA,Caseros,Asfalto,No existe,IV,Dentro,Urbana,Ninguna,No existe,Recta,Bueno,Buena,Nocturna,Buen Tiempo,S/D,S/D,Colisión,Ninguna,Horizontal,"Cordón divisorio,Vegetación,Línea divisoria pintada",Sin restricción
2020,6872,2020-11-21,Sabado,15:30:00,,0.0,1,Moto/Ciclomotor,Santa Fe 800,2,1,0,0,0,0,1,"-32.14942, -61.97596",S/D,,PIAMONTE,San MARTÍN,S/D,S/D,XVIII,S/D,Urbana,S/D,S/D,Recta,S/D,S/D,Diurna,S/D,Otro,S/D,Cañda ocupante,S/D,S/D,S/D,S/D
2020,6873,2020-09-20,Domingo,06:30:00,,0.0,1,Automóvil,Estanislao Lopez 100,4,1,0,0,3,0,0,"-32.057436220627,-61.597391820337",Calle,,CAÑADA ROSQUÍN,San MARTÍN,Asfalto,No existe,XVIII,Dentro,Urbana,S/D,No existe,Recta,Bueno,Buena,Amanecer,S/D,Contra objeto fijo,S/D,Colisión,Ninguna,Faltante,Ninguna,Sin restricción
2020,6874,2020-09-24,Jueves,,,0.0,2,"Moto/Ciclomotor,Moto/Ciclomotor",Av. Ovidio Lagos Y Galvez,2,2,0,0,0,0,0,"-32.964604866569,-60.666963095499",Avenida,,ROSARIO,Rosario,Asfalto,No existe,II,Dentro,Urbana,Semáforo,Funciona,Intersección,Bueno,Buena,S/D,Buen Tiempo,Contra objeto fijo,S/D,Colisión,Ninguna,"Horizontal,Vertical","Cordón divisorio,Línea divisoria pintada",Sin restricción
2020,6875,2020-09-24,Jueves,23:00:00,,0.0,2,"Pickup/Utilitario,Moto/Ciclomotor",G.Carrasco Y Martin Fierro,3,2,0,0,1,0,0,"-32.876059613517,-60.688254343803",Calle,,ROSARIO,Rosario,Asfalto,No existe,II,Dentro,Urbana,Semáforo,Funciona,Intersección,Bueno,Buena,"Nocturna,Con luz artificial",Buen Tiempo,S/D,S/D,Colisión,Ninguna,"Horizontal,Vertical","Cordón divisorio,Vegetación,Línea divisoria pintada",Sin restricción
2020,6876,2020-09-20,Domingo,19:55:00,,0.0,1,Moto/Ciclomotor, ,2,0,1,0,1,0,0,"-31.854277, -61.421257",Camino Rural,,COLONIA BELGRANO,San MARTÍN,Tierra,No existe,XVIII,Dentro,Rural,S/D,No existe,Recta,S/D,S/D,Atardecer,S/D,S/D,S/D,Cañda ocupante,S/D,S/D,S/D,Sin restricción
2020,6877,2020-11-18,Miercoles,,,0.0,2,"Moto/Ciclomotor,Pickup/Utilitario", ,3,1,0,0,2,0,0,"-33.88861, -61.6945",S/D,,SANTA ISABEL,General LÓPEZ,S/D,S/D,VIII,S/D,S/D,S/D,S/D,S/D,S/D,S/D,S/D,S/D,S/D,S/D,Colisión,S/D,S/D,S/D,S/D
2020,6878,2020-09-23,Miercoles,21:15:00,,0.0,2,"Automóvil,Moto/Ciclomotor",Av. Pte.Peron Y Pascual Rosas,2,1,0,0,1,0,0,"-32.958396795739,-60.691110316298",Avenida,,ROSARIO,Rosario,Asfalto,No existe,II,Dentro,Urbana,Semáforo,Funciona,Intersección,Bueno,Buena,Diurna,Buen Tiempo,S/D,S/D,Colisión,Ninguna,"Horizontal,Vertical","Cordón divisorio,Línea divisoria pintada",Sin restricción
2020,6879,2020-09-22,Martes,17:15:00,,0.0,2,"Moto/Ciclomotor,Automóvil",Hipolito Yrigoyen Y Maipu,3,2,0,0,0,0,1,"-33.050706701817,-61.180039038337",Calle,,CASILDA,Caseros,Asfalto,No existe,IV,Dentro,Urbana,Ninguna,No existe,Intersección,Bueno,Buena,Diurna,Buen Tiempo,S/D,S/D,Colisión,Ninguna,Faltante,Ninguna,Sin restricción
2020,6880,2020-09-19,Sabado,12:25:00,,0.0,2,"Automóvil,Moto/Ciclomotor",Avenida San Martin Y Balcarce,2,1,0,0,1,0,0,"-29.229967338344,-61.772743902987",Avenida,,TOSTADO,9 de Julio,Asfalto,No existe,XII,Dentro,Urbana,Ninguna,No existe,Intersección,Bueno,Buena,Diurna,Buen Tiempo,Lateral,S/D,Colisión,Ninguna,Faltante,Ninguna,Sin restricción
2020,6881,2020-11-18,Miercoles,,,0.0,2,"Moto/Ciclomotor,Automóvil", ,3,2,0,0,1,0,0,"-31.44898, -60.93036",S/D,,SAN CARLOS CENTRO,Las Colonias,S/D,S/D,XI,S/D,S/D,S/D,S/D,S/D,S/D,S/D,S/D,S/D,S/D,S/D,Colisión,S/D,S/D,S/D,S/D
2020,6882,2020-09-21,Lunes,,,0.0,2,"Moto/Ciclomotor,Automóvil",Av Pe�aloza Y Estanislao Zeballos,2,1,0,0,1,0,0,"-31.601525656539,-60.712735005069",Avenida,,SANTA FE,La Capital,Asfalto,No existe,I,Dentro,Urbana,Semáforo,Funciona,Intersección,Bueno,Buena,Diurna,Buen Tiempo,S/D,S/D,Colisión,Ninguna,"Horizontal,Vertical","Cordón divisorio,Línea divisoria pintada",Sin restricción
2020,6883,2020-09-18,Viernes,,Ruta Nacional 11,338.0,1,Camión Chasis, ,1,1,0,0,0,0,0,"-32.68201, -60.78114",Ruta,11,TIMBÚES,San Lorenzo,Asfalto,Ripio,XVII,Dentro,Rural,Policía de tránsito,S/D,Recta,S/D,S/D,Nocturna,S/D,S/D,S/D,Vuelco,S/D,Horizontal,Línea divisoria pintada,S/D
2020,6884,2020-09-27,Domingo,12:30:00,Autovía Nacional 168,1.0,1,Automóvil, ,1,1,0,0,0,0,0,"-31.640592882707487,-60.66489087548",Autovía,168,SANTA FE,La Capital,Asfalto,Pavimento,I,Dentro,Urbana,Ninguna,No existe,Recta,Bueno,Buena,Diurna,Buen Tiempo,S/D,S/D,Vuelco,Ninguna,Horizontal,"Barrera de hormigón,Guardarrail,Línea divisoria pintada",Sin restricción
2020,6885,2020-09-18,Viernes,01:40:00,Ruta Nacional 33,629.5,2,"Camión c / Semirremolque,Camión c / Semirremolque", ,2,1,0,0,1,0,0,"-34.29951, -62.71876",Ruta,33,RUFINO,General LÓPEZ,S/D,S/D,VIII,Dentro,Rural,S/D,No existe,Recta,S/D,S/D,Nocturna,S/D,S/D,S/D,Colisión,S/D,S/D,"Línea divisoria pintada,S/D",S/D
2020,6886,2020-09-25,Viernes,,Ruta Nacional 34,238.0,1,Camión c / Acoplado, ,1,0,1,0,0,0,0,"-31.10777284082681, -61.46946946948",Ruta,34,LEHMANN,Castellanos,Asfalto,No existe,V,Dentro,Urbana,Señal Pare,No existe,Intersección,Bueno,Buena,Diurna,Buen Tiempo,S/D,S/D,Vuelco,Ninguna,"Horizontal,Vertical",Línea divisoria pintada,Sin restricción
2020,6887,2020-09-20,Domingo,11:00:00,Autovía Nacional 168,2.8,1,Automóvil, ,3,3,0,0,0,0,0,"-31.63984, -60.65399",Autovía,168,SANTA FE,La Capital,Asfalto,No existe,I,Dentro,Urbana,Marca Vial,No existe,Recta,S/D,S/D,Diurna,S/D,S/D,S/D,Vuelco,S/D,Horizontal,Guardarrail,S/D
2020,6888,2020-09-01,Martes,10:32:00,,0.0,2,"Moto/Ciclomotor,Moto/Ciclomotor",Italia Y Roca,2,1,0,0,1,0,0,"-33.748290797171,-61.95642646599",Calle,,VENADO TUERTO,General LÓPEZ,Asfalto,No existe,VIII,Dentro,Urbana,Ninguna,No existe,Intersección,Bueno,Buena,Diurna,Buen Tiempo,S/D,S/D,Colisión,Ninguna,Faltante,Ninguna,Sin restricción
2020,6889,2020-09-30,Miercoles,16:00:00,,0.0,2,"Automóvil,Moto/Ciclomotor",Calle 13-Iturraspe Y Calle 28 - San Lorenzo,4,2,0,0,2,0,0,"-29.142473778045,-59.652110442154",Calle,,RECONQUISTA,General Obligado,Asfalto,No existe,IX,Dentro,Urbana,Ninguna,No existe,Intersección,Bueno,Buena,Diurna,Buen Tiempo,Lateral,S/D,Colisión,Ninguna,Faltante,Ninguna,Sin restricción
2020,6890,2020-09-01,Martes,20:40:00,,0.0,2,"Moto/Ciclomotor,Bicicleta",9 de Julio Y Martin de Pueyrredon,2,1,0,0,1,0,0,"-33.747563008147,-61.977207696553",Calle,,VENADO TUERTO,General LÓPEZ,Asfalto,No existe,XII,Dentro,Urbana,Ninguna,No existe,Intersección,Bueno,Buena,Diurna,Buen Tiempo,S/D,Ciclista,Atropello,Ninguna,Faltante,Ninguna,Sin restricción
2020,6891,2020-09-29,Martes,14:30:00,,0.0,2,"Automóvil,Bicicleta",A. Capdevila Y Quintana,2,1,0,0,1,0,0,"-32.807150115827,-61.397327574228",Calle,,CAÑADA DE GÓMEZ,Iriondo,Tierra,No existe,X,Dentro,Urbana,Ninguna,No existe,Intersección,S/D,S/D,Diurna,S/D,S/D,Ciclista,Atropello,S/D,Faltante,Ninguna,S/D
2020,6892,2020-09-29,Martes,08:15:00,Ruta Provincial 70,0.0,1,Camión, ,1,1,0,0,0,0,0,"-31.498719, -60.750464",Ruta,70,RECREO,La Capital,Asfalto,Natural,I,Dentro,Rural,Marca Vial,No existe,Pendiente,S/D,S/D,Diurna,S/D,S/D,S/D,Vuelco,S/D,Horizontal,Ninguna,S/D
2020,6893,2020-09-28,Lunes,11:00:00,,0.0,1,Moto/Ciclomotor, ,1,1,0,0,0,0,0,"-32.831455, -61.402494",S/D,,CAÑADA DE GÓMEZ,Iriondo,S/D,S/D,X,S/D,Urbana,S/D,S/D,S/D,S/D,S/D,Diurna,S/D,S/D,S/D,Cañda ocupante,S/D,S/D,S/D,S/D
2020,6894,2020-09-01,Martes,21:55:00,Ruta Nacional 11,0.0,2,"Moto/Ciclomotor,Automóvil",CAlle 37-Bvard. lovato Y Ruta Nacional 11,2,1,0,0,1,0,0,"-29.154603481292693,-59.65761780738",Ruta,11,RECONQUISTA,General Obligado,Asfalto,No existe,IX,Dentro,Urbana,Ninguna,No existe,Intersección,Bueno,Buena,"Nocturna,Con luz artificial",Buen Tiempo,Lateral,S/D,Colisión,Ninguna,Faltante,Guardarrail,Sin restricción
2020,6895,2020-09-02,Miercoles,22:00:00,,0.0,2,"Moto/Ciclomotor,Moto/Ciclomotor",Bv Jaime Ferre Y C Bolliger,2,1,1,0,0,0,0,"-31.240836773765,-61.476372437801",Avenida,,RAFAELA,Castellanos,Asfalto,No existe,V,Dentro,Urbana,Ninguna,No existe,Intersección,Bueno,Buena,"Nocturna,Con luz artificial",S/D,Lateral,S/D,Colisión,Ninguna,Faltante,Ninguna,Sin restricción
2020,6896,2020-09-02,Miercoles,06:50:00,,0.0,1,Moto/Ciclomotor,Av A del Valle Y Pavon,1,1,0,0,0,0,0,"-31.596359703326,-60.691933450913",Avenida,,SANTA FE,La Capital,Asfalto,No existe,I,Dentro,Urbana,Ninguna,No existe,Recta,Bueno,Buena,Amanecer,Buen Tiempo,S/D,S/D,Cañda ocupante,Ninguna,Faltante,"Cordón divisorio,Vegetación",Sin restricción
2020,6897,2020-09-27,Domingo,22:30:00,,0.0,2,"Moto/Ciclomotor,Automóvil",Quintana Y Rivadavia,2,1,0,0,1,0,0,"-32.816868178193,-61.400250434361",Calle,,CAÑADA DE GÓMEZ,Iriondo,Asfalto,No existe,X,Dentro,Urbana,Ninguna,No existe,Intersección,S/D,S/D,Nocturna,S/D,S/D,S/D,Colisión,S/D,Faltante,Ninguna,S/D
2020,6898,2020-09-27,Domingo,00:40:00,Autovía Nacional 168,0.0,1,Automóvil, ,1,1,0,0,0,0,0,"-31.641653, -60.673276",Autovía,168,SANTA FE,La Capital,Asfalto,Natural,I,Dentro,Urbana,Marca Vial,No existe,Recta,S/D,S/D,Nocturna,S/D,Contra objeto fijo,S/D,Colisión,S/D,Horizontal,Guardarrail,S/D
2020,6899,2020-09-27,Domingo,02:50:00,,0.0,1,Automóvil,Av Almte Brown 3500,1,1,0,0,0,0,0,"-31.622257232666016,-60.67848667502",Avenida,,SANTA FE,La Capital,Asfalto,No existe,I,Dentro,Urbana,Semáforo,Funciona,Recta,S/D,S/D,Nocturna,S/D,Contra objeto fijo,S/D,Colisión,S/D,"Horizontal,Vertical",Cordón divisorio,S/D
2020,6900,2020-09-03,Jueves,,Ruta Nacional 11,0.0,2,"Automóvil,Automóvil",Av San Martin Y Juan de Garay,2,2,0,0,0,0,0,"-32.787945125223,-60.724872456188",Ruta,11,FRAY LUIS BELTRÁN,San Lorenzo,Asfalto,Pavimento,XVIII,Dentro,Urbana,Ninguna,No existe,Intersección,Bueno,S/D,S/D,S/D,Lateral,S/D,Colisión,Ninguna,Faltante,Ninguna,Sin restricción
2020,6901,2020-09-03,Jueves,06:55:00,Ruta Nacional 11,0.0,2,"Moto/Ciclomotor,Automóvil",Calle 25-Rivadavia Y Ruta Nacional 11,2,0,0,1,0,0,1,"-29.148509502410857,-59.65666830539",Ruta,11,RECONQUISTA,General Obligado,Asfalto,No existe,IX,Dentro,Urbana,Semáforo,Funciona,Intersección,Bueno,S/D,Diurna,S/D,Lateral,S/D,Colisión,Ninguna,Vertical,"Cordón divisorio,Vegetación",Sin restricción
2020,6902,2020-09-03,Jueves,10:00:00,,0.0,2,"Pickup/Utilitario,Moto/Ciclomotor",España Y Rivadavia,2,1,0,0,1,0,0,"-32.818149982316,-61.392839095121",Calle,,CAÑADA DE GÓMEZ,Iriondo,Asfalto,No existe,X,Dentro,Urbana,Ninguna,No existe,Intersección,Bueno,Buena,Diurna,Buen Tiempo,Lateral,S/D,Colisión,Ninguna,Faltante,Ninguna,Sin restricción
2020,6903,2020-09-05,Sabado,13:45:00,,0.0,2,"Automóvil,Moto/Ciclomotor",Antartida Argentina Y Correa Llobet,2,1,0,0,1,0,0,"-33.752764496292,-61.945408278994",Calle,,VENADO TUERTO,General LÓPEZ,Asfalto,No existe,VIII,Dentro,Urbana,Ninguna,No existe,Intersección,Bueno,S/D,Diurna,S/D,Lateral,S/D,Colisión,Ninguna,Faltante,Ninguna,Sin restricción
2020,6904,2020-09-06,Domingo,,,0.0,1,Automóvil,Av. Pellegrini 700,1,1,0,0,0,0,0,"-33.752764496292,-61.945408278994",Avenida,,ROSARIO,Rosario,Asfalto,No existe,II,Dentro,Urbana,Semáforo,Funciona,Recta,Bueno,Buena,Diurna,Buen Tiempo,Contra objeto fijo,S/D,"Colisión,Vuelco",Ninguna,"Horizontal,Vertical","Cordón divisorio,Vegetación",Sin restricción
2020,6905,2020-06-09,Martes,05:00:00,Ruta Nacional 11,0.0,1,Pickup/Utilitario,Ruta Nacional 11 ,2,2,0,0,0,0,0,"-29.049501, -59.616526",Ruta,11,AVELLANEDA,General Obligado,Asfalto,Natural,IX,Fuera,Rural,Ninguna,No existe,Curva,Bueno,S/D,Nocturna,Lluvia,S/D,S/D,"Vuelco,Despiste",Ninguna,Faltante,Línea divisoria pintada,Sin restricción
2020,6906,2020-09-08,Martes,18:20:00,,0.0,2,"Automóvil,Moto/Ciclomotor",AV MARCONI Y CASTELLI ,4,1,0,0,3,0,0,"-33.743755, -61.965668",Avenida,,VENADO TUERTO,General LÓPEZ,Asfalto,No existe,VIII,Dentro,Urbana,Ninguna,No existe,Intersección,Bueno,Buena,Diurna,S/D,"Contra objeto fijo,Lateral",S/D,Colisión,Ninguna,Faltante,Ninguna,Sin restricción
2020,6907,2020-09-08,Martes,,,0.0,2,"Automóvil,Moto/Ciclomotor",Av Italia Y J Abele,2,0,1,0,1,0,0,"-31.240170748529,-61.474688041404",Avenida,,RAFAELA,Castellanos,Asfalto,No existe,V,Dentro,Urbana,Ninguna,No existe,Intersección,Bueno,S/D,S/D,S/D,Lateral,S/D,Colisión,Ninguna,Faltante,Ninguna,Sin restricción
2020,6908,2020-09-08,Martes,,,0.0,2,"Moto/Ciclomotor,Automóvil",Av Italia Y I Arias,2,0,1,0,1,0,0,"-31.232818397013,-61.472962875255",Avenida,,RAFAELA,Castellanos,Asfalto,Pavimento,V,Dentro,Urbana,Ninguna,No existe,Intersección,Bueno,S/D,S/D,S/D,Lateral,S/D,Colisión,Ninguna,Faltante,Ninguna,Sin restricción
2020,6909,2020-09-08,Martes,,,0.0,2,"Moto/Ciclomotor,Automóvil",CALLE 12 Y CORDOBA,2,1,0,0,1,0,0,"-31.697509288787806,-61.57059609889",Calle,,SAN VICENTE.,Castellanos,Asfalto,No existe,V,Dentro,Urbana,Ninguna,No existe,Intersección,Bueno,S/D,S/D,S/D,Lateral,S/D,Colisión,Ninguna,Faltante,Ninguna,Sin restricción
2020,6913,2020-11-19,Jueves,17:00:00,,0.0,1,Moto/Ciclomotor,San Martin Y Roma,3,2,1,0,0,0,0,"-32.19409, -61.70634",Calle,,EL TRÉBOL,San MARTÍN,S/D,S/D,XVIII,S/D,Urbana,S/D,S/D,Intersección,S/D,S/D,Diurna,S/D,S/D,S/D,Despiste,S/D,S/D,S/D,S/D
2020,6915,2020-11-19,Jueves,10:00:00,Ruta Secundaria 84-s,12.0,1,Moto/Ciclomotor, ,1,1,0,0,0,0,0,"-29.35165, -60.24098",Ruta,84-s,EL TOBA,Vera,S/D,S/D,XIX,S/D,Rural,S/D,S/D,Recta,S/D,S/D,Diurna,S/D,Atropello animal,S/D,Colisión,S/D,S/D,S/D,S/D
2020,6917,2020-11-20,Viernes,08:00:00,Ruta Nacional 11,169.0,2,"Moto/Ciclomotor,Automóvil", ,4,3,0,0,1,0,0,"-31.50317, -60.72813",Ruta,11,RECREO,La Capital,S/D,S/D,I,S/D,Urbana,S/D,S/D,Cruce,S/D,S/D,Diurna,S/D,S/D,S/D,Colisión,S/D,S/D,S/D,S/D
2020,6919,2020-11-20,Viernes,11:30:00,,0.0,2,"Moto/Ciclomotor,Pickup/Utilitario",Buenos Aires Y General Jose de San Martin,2,1,0,0,1,0,0,"-33.04655, -61.1702",Calle,,CASILDA,Caseros,S/D,S/D,IV,S/D,Urbana,S/D,S/D,Intersección,S/D,S/D,Diurna,S/D,S/D,S/D,Colisión,S/D,S/D,S/D,S/D
2020,6920,2020-09-09,Miercoles,11:30:00,Ruta Nacional 34,73.0,2,"Camión c / Acoplado,Camión c / Acoplado", ,2,2,0,0,0,0,0,"-32.468385, -61.291506",Ruta,34,CLASON,Iriondo,Asfalto,Ripio,X,Dentro,Rural,Ninguna,No existe,Recta,Bueno,Buena,Nocturna,Buen Tiempo,Frontal,S/D,Colisión,Ninguna,Horizontal,Línea divisoria pintada,Sin restricción
2020,6921,2020-09-09,Miercoles,22:45:00,,0.0,2,"Camión,Moto/Ciclomotor",Patagonia Y Urquiza,3,2,0,0,1,0,0,"-32.82998345676,-61.392831606932",Calle,,CAÑADA DE GÓMEZ,Iriondo,S/D,No existe,X,Dentro,Urbana,S/D,S/D,Intersección,S/D,Buena,"Nocturna,Con luz artificial",Buen Tiempo,S/D,S/D,Colisión,Ninguna,S/D,S/D,Sin restricción
2020,6922,2020-09-10,Jueves,18:15:00,,0.0,2,"Moto/Ciclomotor,Moto/Ciclomotor",Gral Manuel Belgrano Y Roque Saenz Pe�a,2,2,0,0,0,0,0,"-33.737450106099,-61.973523187021",Calle,,VENADO TUERTO,General LÓPEZ,Asfalto,No existe,VIII,Dentro,Urbana,Otra Señal,No existe,Intersección,Bueno,Buena,Diurna,Buen Tiempo,S/D,S/D,Colisión,Ninguna,Vertical,Ninguna,Sin restricción
2020,6923,2020-11-20,Viernes,,,0.0,1,Moto/Ciclomotor,J B Justo Y Manuel Roca,1,0,1,0,0,0,0,"-34.26164, -62.71505",Calle,,RUFINO,General LÓPEZ,S/D,S/D,VIII,S/D,Urbana,S/D,S/D,Intersección,S/D,S/D,S/D,S/D,Contra objeto fijo,S/D,Colisión,S/D,S/D,S/D,S/D
2020,6925,2020-09-10,Jueves,,,0.0,2,"Bicicleta,Moto/Ciclomotor",Hipolito Vieytes Y Santos Dumont,2,1,1,0,0,0,0,"-31.266621811439,-61.522483847349",Camino Rural,,RAFAELA,Castellanos,Tierra,No existe,V,Dentro,Rural,Ninguna,No existe,Intersección,Bueno,Buena,S/D,Buen Tiempo,S/D,Ciclista,Atropello,Ninguna,Faltante,Ninguna,Sin restricción
2020,6926,2020-09-10,Jueves,19:30:00,,0.0,2,"Automóvil,Moto/Ciclomotor",Calle 14-16 Y Calle 57-Prof Roberto Roveda,2,1,0,0,1,0,0,"-29.165720248935,-59.64736535139",Calle,,RECONQUISTA,General Obligado,Tierra,No existe,IX,Dentro,Urbana,Ninguna,No existe,Intersección,Bueno,Buena,Nocturna,Buen Tiempo,S/D,S/D,Colisión,Ninguna,Faltante,Ninguna,Sin restricción
2020,6927,2020-11-20,Viernes,,Ruta Nacional 33,679.0,2,"Moto/Ciclomotor,Automóvil", ,2,0,1,0,1,0,0,"-33.5292, -61.63289",Ruta,33,CHOVET,General LÓPEZ,S/D,S/D,VIII,S/D,Rural,S/D,S/D,Recta,S/D,S/D,Nocturna,S/D,S/D,S/D,Colisión,S/D,S/D,S/D,S/D
2020,6929,2020-09-10,Jueves,09:20:00,,0.0,2,"Vehículo Oficial,Pickup/Utilitario",Calle 301 ,2,2,0,0,0,0,0,"-29.112114, -59.653310",Calle,,AVELLANEDA,General Obligado,Asfalto,No existe,IX,Dentro,Urbana,S/D,No existe,Intersección,Bueno,Buena,Diurna,Buen Tiempo,S/D,S/D,Colisión,Ninguna,S/D,Ninguna,Sin restricción
2020,6931,2020-09-10,Jueves,21:03:00,,0.0,1,Moto/Ciclomotor,CAlle 37-Bvard. lovato 1200,1,1,0,0,0,0,0,"-29.155083437791,-59.652617836693",Avenida,,RECONQUISTA,General Obligado,Asfalto,No existe,IX,Dentro,Urbana,Ninguna,No existe,Intersección,Bueno,Buena,Diurna,Buen Tiempo,S/D,S/D,Cañda ocupante,Ninguna,Faltante,Ninguna,Sin restricción
2020,6932,2020-11-20,Viernes,12:00:00,,0.0,2,"Moto/Ciclomotor,Automóvil",Sarmiento 943,3,2,0,0,1,0,0,"-32.02614, -61.22348",Calle,,GÁLVEZ,San JERÓNIMO,S/D,S/D,XV,S/D,Urbana,S/D,S/D,Recta,S/D,S/D,Diurna,S/D,S/D,S/D,Colisión,S/D,S/D,S/D,S/D
2020,6933,2020-09-10,Jueves,18:05:00,Ruta Nacional 11,0.0,2,"Moto/Ciclomotor,Automóvil",Calle 31-Newbery Y Calle 34,3,1,0,0,2,0,0,"-29.151730252795,-59.657295234829",Ruta,11,RECONQUISTA,General Obligado,Asfalto,No existe,IX,Dentro,Urbana,Paso Peatonal,No existe,Intersección,Bueno,Buena,Diurna,Buen Tiempo,Lateral,S/D,Colisión,Ninguna,"Horizontal,Vertical","Cordón divisorio,Vegetación,Línea divisoria pintada",Sin restricción