anio_acci,nro_acci,fecha,desc_dia,hora_aprox,desc_ruta,km,cant_participantes,desc_participante,calle_avenida_km,total,heridos_leves,heridos_graves,heridos_gravisimos,ilesos,fallecidos,sin_datos,posicion_XY,desc_tipo_via,desc_ruta_ori,desc_loc,desc_dpto,desc_tipo_calzada,desc_tipo_banquina,desc_unidad_regional,desc_lugar_calzada,desc_zona,desc_prioridad,desc_estado_semaforo,desc_lugar_via,desc_estado_via,desc_estado_visibilidad,desc_luminosidad,desc_estado_clima,desc_tipo_colision,desc_tipo_atropello,desc_tipo_hecho,desc_pres_calzada,desc_senializacion,desc_separacion_via,desc_restriccion
2020,6935,2020-09-10,Jueves,21:35:00,,0.0,2,"Moto/Ciclomotor,Automóvil",Calle 19 Y Calle 20,2,1,0,0,1,0,0,"-29.122355929475,-59.654402675794",Calle,,AVELLANEDA,General Obligado,Asfalto,No existe,IX,Dentro,Urbana,Ninguna,No existe,Intersección,Bueno,Buena,Nocturna,Buen Tiempo,S/D,S/D,Colisión,Ninguna,Faltante,Ninguna,Sin restricción
2020,6936,2020-11-21,Sabado,,,0.0,2,"Bicicleta,Moto/Ciclomotor",2 de Abril Y Ayacucho,2,0,1,0,1,0,0,"-33.75983, -61.96484",Calle,,VENADO TUERTO,General LÓPEZ,S/D,S/D,VIII,S/D,Urbana,S/D,S/D,Intersección,S/D,S/D,S/D,S/D,S/D,Ciclista,Atropello,S/D,S/D,S/D,S/D
2020,6938,2020-09-11,Viernes,04:30:00,,0.0,1,Vehículo Oficial,Av Pe�aloza Y Lavaisse,2,2,0,0,0,0,0,"-31.609130217746,-60.713182840217",Avenida,,SANTA FE,La Capital,Asfalto,No existe,I,Dentro,Urbana,Ninguna,No existe,Intersección,Bueno,Buena,"Nocturna,Con luz artificial",Buen Tiempo,S/D,S/D,Vuelco,Ninguna,Horizontal,"Cordón divisorio,Vegetación,Línea divisoria pintada",Sin restricción
2020,6939,2020-11-21,Sabado,,,0.0,2,"Peatón,Moto/Ciclomotor",Chacabuco 700,2,1,0,0,1,0,0,"-33.74699, -61.9645",Calle,,VENADO TUERTO,General LÓPEZ,S/D,S/D,VIII,S/D,Urbana,S/D,S/D,Recta,S/D,S/D,Nocturna,S/D,S/D,Peatón,Atropello,S/D,S/D,S/D,S/D
2020,6941,2020-09-11,Viernes,11:45:00,,0.0,2,"Automóvil,Moto/Ciclomotor",Calle 53-Chubut Y Roca Pte,2,1,0,0,1,0,0,"-29.163551330566374,-59.64613258838",Calle,,RECONQUISTA,General Obligado,Asfalto,No existe,IX,Dentro,Urbana,Ninguna,No existe,Intersección,Bueno,Buena,Diurna,Buen Tiempo,S/D,S/D,Colisión,Ninguna,Faltante,Ninguna,Sin restricción
2020,6942,2020-09-12,Sabado,,,0.0,2,"Bicicleta,Automóvil",Pueyrredon Y Ramon y Cajal,2,1,0,0,1,0,0,"-31.241196357629,-61.485472485662",Calle,,RAFAELA,Castellanos,Asfalto,No existe,V,Dentro,Urbana,Ninguna,No existe,Intersección,Bueno,Buena,Diurna,Buen Tiempo,S/D,Ciclista,Atropello,Ninguna,Faltante,Ninguna,Sin restricción
2020,6943,2020-09-12,Sabado,17:10:00,,0.0,2,"Moto/Ciclomotor,Automóvil",Alberdi Y General Guemes,2,1,0,0,1,0,0,"-28.482928344905,-59.351778561288",Calle,,VILLA OCAMPO,General Obligado,Asfalto,No existe,IX,Dentro,Urbana,S/D,No existe,Intersección,Bueno,Buena,Diurna,Buen Tiempo,S/D,S/D,Colisión,Ninguna,S/D,S/D,Sin restricción
2020,6945,2020-09-12,Sabado,22:00:00,Ruta Provincial 13,0.0,2,"Moto/Ciclomotor,Bicicleta",Guemes Gral Y San Juan,2,0,2,0,0,0,0,"-30.95189541578293,-61.552878767251",Ruta,13,SUNCHALES,Castellanos,Asfalto,Natural,V,Dentro,Urbana,Ninguna,No existe,Intersección,Bueno,Buena,Nocturna,Buen Tiempo,S/D,Ciclista,Atropello,Ninguna,Faltante,Ninguna,Sin restricción
2020,6946,2020-09-12,Sabado,,,0.0,2,"Pickup/Utilitario,Bicicleta",CAMINO RURAL ,2,1,0,0,1,0,0,"-30.87879180908203,-61.336498260498",Camino Rural,,HUMBERTO 1°,Castellanos,Tierra,No existe,V,Dentro,Rural,Ninguna,No existe,Recta,S/D,Buena,S/D,Buen Tiempo,S/D,Ciclista,Atropello,S/D,Faltante,Ninguna,Sin restricción
2020,6947,2020-09-13,Domingo,13:36:00,,0.0,2,"Automóvil,Moto/Ciclomotor",Cabral Y Caparros R,2,1,0,0,1,0,0,"-33.761373492045,-61.950772096263",Calle,,VENADO TUERTO,General LÓPEZ,Ripio,No existe,VIII,Dentro,Urbana,Ninguna,No existe,Intersección,Bueno,Buena,Diurna,Buen Tiempo,S/D,S/D,Colisión,Ninguna,Faltante,Ninguna,Sin restricción
2020,6948,2020-09-13,Domingo,,,0.0,2,"Automóvil,Moto/Ciclomotor",Ciudad de Sunchales Y Velez Sarfield,2,1,0,0,1,0,0,"-31.252521128392,-61.511524502618",Calle,,RAFAELA,Castellanos,Asfalto,No existe,V,Dentro,Urbana,Paso Peatonal,No existe,Intersección,Bueno,Buena,Diurna,Buen Tiempo,S/D,S/D,Colisión,Ninguna,"Horizontal,Vertical",Línea divisoria pintada,Sin restricción
2020,6949,2020-09-13,Domingo,,,0.0,2,"Moto/Ciclomotor,Automóvil",J J Paso Y M Oliber,3,2,0,0,1,0,0,"-31.266337620199,-61.510652921511",Calle,,RAFAELA,Castellanos,Asfalto,No existe,V,Dentro,Urbana,Ninguna,No existe,Intersección,Bueno,Buena,Diurna,Buen Tiempo,S/D,S/D,Colisión,Ninguna,Faltante,Ninguna,Sin restricción
2020,6950,2020-09-13,Domingo,16:45:00,,0.0,2,"Moto/Ciclomotor,Moto/Ciclomotor",Avenida San Martin Y Padre Tibaldo,3,3,0,0,0,0,0,"-28.488308497439,-59.354222254457",Calle,,VILLA OCAMPO,General Obligado,Asfalto,No existe,IX,Dentro,Urbana,S/D,S/D,Intersección,Bueno,Buena,Diurna,Buen Tiempo,S/D,S/D,Colisión,Ninguna,Faltante,S/D,Sin restricción
2020,6951,2020-11-21,Sabado,21:55:00,,0.0,2,"Moto/Ciclomotor,Automóvil",25 de Mayo Y Belgrano,3,2,0,0,1,0,0,"-31.97233, -60.92187",Calle,,CORONDA,San JERÓNIMO,S/D,S/D,XV,S/D,Urbana,S/D,S/D,Intersección,S/D,S/D,Nocturna,S/D,S/D,S/D,Colisión,S/D,S/D,S/D,S/D
2020,6952,2020-09-13,Domingo,,,0.0,1,Moto/Ciclomotor,B de Tucuman Y Marcos Angeloni,1,1,0,0,0,0,0,"-30.788100511401,-60.587756875958",Calle,,SAN JUSTO,San Justo,Asfalto,No existe,XVI,Fuera,Urbana,Ninguna,No existe,Recta,Bueno,S/D,"Nocturna,Con luz artificial",S/D,Contra objeto fijo,S/D,Colisión,Ninguna,Faltante,Ninguna,Sin restricción
2020,6953,2020-09-13,Domingo,04:00:00,,0.0,1,Moto/Ciclomotor,Calle 12 San Martin Y Calle 31-Newbery,1,0,0,1,0,0,0,"-29.153228425514,-59.643656581917",Calle,,RECONQUISTA,General Obligado,Asfalto,No existe,IX,Dentro,Urbana,Ninguna,No existe,Recta,Bueno,S/D,"Nocturna,Con luz artificial",S/D,Atropello animal,S/D,Colisión,Ninguna,Faltante,Ninguna,Sin restricción
2020,6954,2020-09-14,Lunes,10:40:00,,0.0,2,"Automóvil,Automóvil",Calle 31 Y Calle 4,3,3,0,0,0,0,0,"-28.347868018248,-59.262527421644",Calle,,LAS TOSCAS,General Obligado,S/D,S/D,IX,Dentro,Urbana,Ninguna,S/D,Intersección,S/D,S/D,Diurna,S/D,Lateral,S/D,Colisión,S/D,S/D,Ninguna,Sin restricción
2020,6955,2020-09-14,Lunes,19:15:00,,0.0,2,"Moto/Ciclomotor,Automóvil",Calle 18 - Gral Belgrano Y Calle 47-Islas Malvinas,3,2,0,0,1,0,0,"-29.161352077343,-59.648510938958",Calle,,RECONQUISTA,General Obligado,"Asfalto,Tierra",No existe,IX,Dentro,Urbana,Ninguna,No existe,Intersección,Deteriorada,Buena,Atardecer,S/D,Lateral,S/D,Colisión,Ninguna,Faltante,Ninguna,Sin restricción
2020,6956,2020-09-15,Martes,16:30:00,,0.0,2,"Moto/Ciclomotor,Peatón",Bartolome Mitre Y Casey,2,1,0,0,1,0,0,"-33.749880428227,-61.965299856195",Calle,,VENADO TUERTO,General LÓPEZ,Asfalto,No existe,VIII,Dentro,Urbana,Policía de tránsito,Funciona,Recta,Bueno,S/D,Diurna,S/D,S/D,Peatón,Atropello,Ninguna,"Horizontal,Vertical",Ninguna,Sin restricción
2020,6957,2020-09-15,Martes,08:10:00,,0.0,2,"Pickup/Utilitario,Pickup/Utilitario",Centenario Y Obispo Gelabert,2,2,0,0,0,0,0,"-31.663489856014,-60.761362381751",Calle,,SANTO TOMÉ,La Capital,Asfalto,No existe,I,Dentro,Urbana,Ninguna,No existe,Intersección,Bueno,S/D,Diurna,S/D,Lateral,S/D,"Colisión,Vuelco",Ninguna,Faltante,Ninguna,Sin restricción
2020,6958,2020-09-15,Martes,12:45:00,,0.0,2,"Moto/Ciclomotor,Automóvil",Entre Rios Y J N Turbay,3,2,0,0,1,0,0,"-28.046689711218,-59.223376510821",Calle,,FLORENCIA,General Obligado,S/D,No existe,IX,Dentro,Urbana,Ninguna,S/D,Intersección,S/D,S/D,Diurna,S/D,Lateral,S/D,Colisión,S/D,S/D,Ninguna,Sin restricción
2020,6959,2020-09-16,Miercoles,,Ruta Provincial 94,0.0,1,Automóvil, ,2,0,2,0,0,0,0,"-33.935394287109375,-61.65699005126",Ruta,94,SANTA ISABEL,General LÓPEZ,Asfalto,Natural,VIII,Fuera,Rural,Ninguna,No existe,Recta,Bueno,S/D,Nocturna,S/D,S/D,S/D,Despiste,Ninguna,Faltante,Línea divisoria pintada,Sin restricción
2020,6960,2020-09-16,Miercoles,,,0.0,2,"Moto/Ciclomotor,Pickup/Utilitario",G Washington Y Juan Larrea,3,2,0,0,1,0,0,"-31.266704371718,-61.513587812153",Calle,,RAFAELA,Castellanos,Asfalto,No existe,V,Dentro,Urbana,Ninguna,No existe,Intersección,Bueno,S/D,S/D,S/D,Lateral,S/D,Colisión,Ninguna,Faltante,Ninguna,Sin restricción
2020,6961,2020-09-16,Miercoles,16:10:00,,0.0,2,"Automóvil,Moto/Ciclomotor",Calle 101 290,3,2,0,0,1,0,0,"-29.110687246368,-59.66864476452",Calle,,AVELLANEDA,General Obligado,S/D,S/D,IX,Dentro,Urbana,Ninguna,S/D,Recta,S/D,Buena,Diurna,S/D,De alcance,S/D,Colisión,S/D,S/D,Ninguna,Sin restricción
2020,6962,2020-09-16,Miercoles,18:20:00,Ruta Nacional 11,0.0,2,"Automóvil,Moto/Ciclomotor", ,2,0,1,0,1,0,0,"-28.34468364715573,-59.264008998870",Ruta,11,LAS TOSCAS,General Obligado,Asfalto,Ripio,IX,Dentro,Rural,Ninguna,No existe,Recta,Bueno,S/D,Diurna,S/D,De alcance,S/D,Colisión,Ninguna,Faltante,Línea divisoria pintada,Sin restricción
2020,6963,2020-09-17,Jueves,17:05:00,,0.0,2,"Pickup/Utilitario,Moto/Ciclomotor",E Eterovich 110,2,1,0,0,1,0,0,"-33.761669480194,-61.94535943016",Calle,,VENADO TUERTO,General LÓPEZ,Ripio,No existe,VIII,Dentro,Urbana,Ninguna,No existe,Intersección,Deteriorada,S/D,Diurna,S/D,De alcance,S/D,Colisión,Ninguna,Faltante,Ninguna,Sin restricción
2020,6964,2020-09-17,Jueves,11:30:00,,0.0,2,"Moto/Ciclomotor,Pickup/Utilitario",Antartida Argentina Y Guemes,2,1,0,0,1,0,0,"-33.747608302358,-61.949715729623",Calle,,VENADO TUERTO,General LÓPEZ,Asfalto,No existe,VIII,Dentro,Urbana,Ninguna,No existe,Intersección,Bueno,S/D,Diurna,S/D,Lateral,S/D,Colisión,Ninguna,Faltante,Ninguna,Sin restricción
2020,6965,2020-09-17,Jueves,13:35:00,Ruta Provincial 40,0.0,2,"Moto/Ciclomotor,Bicicleta", ,2,1,0,0,1,0,0,"-29.152221679687504,-59.68048095703",Ruta,40,RECONQUISTA,General Obligado,Asfalto,No existe,IX,Dentro,Urbana,Ninguna,No existe,Recta,Bueno,S/D,Diurna,Buen Tiempo,S/D,Ciclista,Atropello,Ninguna,Faltante,"Cordón divisorio,Vegetación",Sin restricción
2020,6966,2020-09-18,Viernes,09:00:00,,0.0,2,"Pickup/Utilitario,Bicicleta",25 de Mayo Y Lisandro de la Torre,2,1,0,0,1,0,0,"-33.749203255742,-61.97327995494",Calle,,VENADO TUERTO,General LÓPEZ,Asfalto,No existe,VIII,Dentro,Urbana,Ninguna,No existe,Intersección,Bueno,Buena,Diurna,Buen Tiempo,S/D,Ciclista,Atropello,Ninguna,Faltante,Ninguna,Sin restricción
2020,6967,2020-09-18,Viernes,17:25:00,,0.0,2,"Pickup/Utilitario,Moto/Ciclomotor",Chile Y Juan B Justo,2,1,0,0,1,0,0,"-33.757040806627,-61.955999394134",Calle,,VENADO TUERTO,General LÓPEZ,Asfalto,No existe,VIII,Dentro,Urbana,Ninguna,No existe,Intersección,Bueno,Buena,Diurna,Buen Tiempo,S/D,S/D,Colisión,Ninguna,Faltante,Ninguna,Sin restricción
2020,6968,2020-09-18,Viernes,12:30:00,,0.0,2,"Pickup/Utilitario,Automóvil",Av Almte Brown 6900,3,2,0,0,1,0,0,"-31.610384776632,-60.667098702949",Avenida,,SANTA FE,La Capital,Asfalto,No existe,I,Dentro,Urbana,Paso Peatonal,No existe,Intersección,Bueno,Buena,Diurna,Buen Tiempo,S/D,S/D,Colisión,Ninguna,"Horizontal,Vertical","Cordón divisorio,Vegetación,Línea divisoria pintada",Sin restricción
2020,6969,2020-09-18,Viernes,10:30:00,,0.0,2,"Automóvil,Moto/Ciclomotor",Bv Pte Roca Y Lamadrid,2,0,1,0,1,0,0,"-31.251891045325,-61.496010759382",Avenida,,RAFAELA,Castellanos,Asfalto,No existe,V,Dentro,Urbana,Paso Peatonal,No existe,Intersección,Bueno,Buena,Diurna,Buen Tiempo,S/D,S/D,Colisión,Ninguna,"Horizontal,Vertical","Cordón divisorio,Vegetación",Sin restricción
2020,6970,2020-09-18,Viernes,12:00:00,,0.0,2,"Moto/Ciclomotor,Automóvil",Moreno Y Rivadavia,2,1,0,0,1,0,0,"-32.81756715044,-61.396193350224",Calle,,CAÑADA DE GÓMEZ,Iriondo,Asfalto,No existe,X,Dentro,Urbana,Ninguna,No existe,Intersección,Bueno,Buena,Diurna,Buen Tiempo,S/D,S/D,Colisión,Ninguna,Faltante,Ninguna,Sin restricción
2020,6971,2020-09-19,Sabado,16:55:00,,0.0,2,"Moto/Ciclomotor,Moto/Ciclomotor",Fray Luis Beltran Y Prebistero Luis A Sponton,2,2,0,0,0,0,0,"-28.487309301679,-59.359482666177",Calle,,VILLA OCAMPO,General Obligado,S/D,No existe,IX,Dentro,Urbana,S/D,S/D,Intersección,S/D,Buena,Diurna,Buen Tiempo,S/D,S/D,Colisión,Ninguna,S/D,S/D,Sin restricción
2020,6972,2020-09-19,Sabado,09:00:00,,0.0,1,Automóvil,Bv. Segui Y Santiago,1,0,1,0,0,0,0,"-32.975961253732,-60.664251203143",Avenida,,ROSARIO,Rosario,Asfalto,No existe,II,Dentro,Urbana,Paso Peatonal,No existe,Intersección,Bueno,Buena,Diurna,Buen Tiempo,Contra objeto fijo,S/D,Colisión,Ninguna,Horizontal,"Cordón divisorio,Línea divisoria pintada",Sin restricción
2020,6973,2020-09-20,Domingo,,Ruta Nacional 11,560.0,1,Moto/Ciclomotor, ,1,1,0,0,0,0,0,"-30.847873302757037, -60.6065745482",Ruta,11,SAN JUSTO,San Justo,Asfalto,Ripio,XV,Dentro,Urbana,Ninguna,No existe,Curva,Bueno,Buena,S/D,Buen Tiempo,S/D,S/D,Cañda ocupante,Ninguna,Horizontal,Línea divisoria pintada,Sin restricción
2020,6974,2020-09-21,Lunes,,Ruta Provincial 70,0.0,1,Moto/Ciclomotor,Bv Santa Fe Y General Paz,1,1,0,0,0,0,0,"-31.255083569001,-61.477675367157",Ruta,70,RAFAELA,Castellanos,Asfalto,No existe,V,Dentro,Urbana,Ninguna,No existe,Intersección,Bueno,Buena,S/D,Buen Tiempo,S/D,S/D,Cañda ocupante,Ninguna,Faltante,Ninguna,Sin restricción
2020,6975,2020-09-21,Lunes,,,0.0,2,"Moto/Ciclomotor,Moto/Ciclomotor",Cervantes Y Luis Maggi,3,2,0,0,0,0,1,"-31.237351687614,-61.4966211514",Calle,,RAFAELA,Castellanos,Asfalto,No existe,V,Dentro,Urbana,Paso Peatonal,No existe,Intersección,Bueno,Buena,Diurna,Buen Tiempo,S/D,S/D,Colisión,Ninguna,Horizontal,Línea divisoria pintada,Sin restricción
2020,6976,2020-09-21,Lunes,,,0.0,2,"Pickup/Utilitario,Moto/Ciclomotor",AV ITALIA Y FLAMINIO,2,1,0,0,1,0,0,"-31.247282694873,-61.476142101901",Calle,,RAFAELA,Castellanos,S/D,No existe,V,Dentro,Urbana,S/D,S/D,Intersección,S/D,Buena,S/D,Buen Tiempo,S/D,S/D,Colisión,S/D,S/D,S/D,S/D
2020,6977,2020-09-21,Lunes,,,0.0,3,"Bicicleta,Bicicleta,Automóvil",Falucho Y R Mareto,3,2,0,0,1,0,0,"-30.941030473221,-61.553712066529",Calle,,SUNCHALES,Castellanos,Asfalto,No existe,V,Dentro,Urbana,Ninguna,No existe,Intersección,Bueno,Buena,Diurna,Buen Tiempo,S/D,Ciclista,Atropello,Ninguna,Faltante,Ninguna,Sin restricción
2020,6978,2020-09-21,Lunes,,Ruta Secundaria 24-s,0.0,2,"Moto/Ciclomotor,Moto/Ciclomotor",Calle 106 Y Camino Interprovincial,3,1,2,0,0,0,0,"-31.443032026290858,-62.06995904445",Ruta,24-s,FRONTERA,Castellanos,Asfalto,No existe,V,Dentro,Urbana,Ninguna,No existe,Intersección,Bueno,Buena,Diurna,Buen Tiempo,S/D,S/D,Colisión,Ninguna,Faltante,Ninguna,Sin restricción
2020,6979,2020-09-21,Lunes,12:15:00,,0.0,2,"Moto/Ciclomotor,Automóvil",Calle 16 Gral Obligado Y Calle 13-Iturraspe,2,1,0,0,1,0,0,"-29.143252907844,-59.644744390126",Calle,,RECONQUISTA,General Obligado,Asfalto,No existe,IX,Dentro,Urbana,Ninguna,No existe,Intersección,Bueno,Buena,Diurna,Buen Tiempo,Lateral,S/D,Colisión,Ninguna,Faltante,"Cordón divisorio,Vegetación",Sin restricción
2020,6980,2020-09-22,Martes,10:50:00,,0.0,2,"Bicicleta,Automóvil",Lisandro de la Torre Y Lopez,2,1,0,0,1,0,0,"-33.725834338923,-61.991309660633",Calle,,VENADO TUERTO,General LÓPEZ,Asfalto,No existe,VIII,Dentro,Urbana,Ninguna,No existe,Intersección,Bueno,Buena,Diurna,Buen Tiempo,S/D,Ciclista,Atropello,Ninguna,Faltante,Ninguna,Sin restricción
2020,6981,2020-09-22,Martes,11:30:00,,0.0,2,"Moto/Ciclomotor,Moto/Ciclomotor",Entre Rios Y 9 de Julio,4,4,0,0,0,0,0,"-28.047540380386,-59.219836157211",Calle,,FLORENCIA,General Obligado,S/D,S/D,IX,Dentro,Urbana,S/D,S/D,Intersección,S/D,S/D,Diurna,S/D,Lateral,S/D,Colisión,S/D,S/D,S/D,S/D
2020,6982,2020-09-22,Martes,22:05:00,,0.0,2,"Automóvil,Moto/Ciclomotor",Calle 44-27 de Abril 1818,5,2,0,0,3,0,0,"-29.154239297111,-59.663915911007",Calle,,RECONQUISTA,General Obligado,S/D,S/D,IX,Dentro,Urbana,S/D,S/D,Recta,S/D,S/D,Nocturna,S/D,De alcance,S/D,Colisión,S/D,S/D,S/D,S/D
2020,6983,2020-09-23,Miercoles,20:20:00,Ruta Nacional A009,1.0,2,"Moto/Ciclomotor,Bicicleta", ,2,2,0,0,0,0,0,"-29.230556, -59.586337",Ruta,A009,PUERTO RECONQUISTA,General Obligado,Asfalto,Natural,IX,Dentro,Rural,Ninguna,No existe,Recta,Bueno,S/D,Nocturna,S/D,S/D,Ciclista,Atropello,Ninguna,Faltante,Ninguna,Sin restricción
2020,6984,2020-09-23,Miercoles,19:55:00,,0.0,2,"Automóvil,Bicicleta",Calle 29-Alte Brown Y Calle 16 Gral Obligado,2,1,0,0,1,0,0,"-29.151876720658,-59.645963473629",Calle,,RECONQUISTA,General Obligado,Asfalto,No existe,IX,Dentro,Urbana,Ninguna,No existe,Intersección,Bueno,Buena,Nocturna,Buen Tiempo,S/D,Ciclista,Atropello,Ninguna,Faltante,Ninguna,Sin restricción
2020,6985,2020-09-24,Jueves,15:57:00,Ruta Nacional 8,0.0,2,"Bicicleta,Pickup/Utilitario",Bv 12 de octubre Y Martin de Pueyrredon,2,1,0,0,1,0,0,"-33.748570146771,-61.979043559042",Ruta,8,VENADO TUERTO,General LÓPEZ,Asfalto,No existe,VIII,Dentro,Urbana,Semáforo,Funciona,Intersección,Bueno,S/D,Diurna,S/D,S/D,Ciclista,Atropello,Ninguna,"Horizontal,Vertical",Línea divisoria pintada,Sin restricción
2020,6986,2020-09-24,Jueves,14:07:00,,0.0,2,"Moto/Ciclomotor,Automóvil",EVA PERON Y SARMIENTO,2,1,0,0,0,0,1,"-33.750737888402,-61.951879933881",Calle,,VENADO TUERTO,General LÓPEZ,Asfalto,No existe,VIII,Dentro,Urbana,Otra Señal,No existe,Intersección,Bueno,Buena,Diurna,S/D,S/D,S/D,Colisión,Ninguna,Vertical,Ninguna,Sin restricción
2020,6987,2020-09-24,Jueves,11:20:00,,0.0,1,Moto/Ciclomotor,Lisandro de la Torre Y Nicolas Avellaneda,1,1,0,0,0,0,0,"-33.741658310587,-61.979224610861",Calle,,VENADO TUERTO,General LÓPEZ,Asfalto,No existe,VIII,Dentro,Urbana,Ninguna,No existe,Recta,Bueno,S/D,Diurna,S/D,Atropello animal,S/D,Colisión,Ninguna,Faltante,Ninguna,Sin restricción
2020,6988,2020-09-24,Jueves,11:50:00,,0.0,2,"Moto/Ciclomotor,Automóvil",E Hunh ,2,1,0,0,1,0,0,"-33.710743188858,-61.95477426052087",Calle,,VENADO TUERTO,General LÓPEZ,S/D,S/D,VIII,Dentro,Urbana,S/D,S/D,Recta,S/D,S/D,Diurna,S/D,S/D,S/D,Colisión,S/D,Faltante,S/D,S/D
2020,6989,2020-09-24,Jueves,,,0.0,2,"Automóvil,Bicicleta",Las Heras Y Liniers,2,1,0,0,1,0,0,"-31.25814458571,-61.476153684094",Calle,,RAFAELA,Castellanos,Asfalto,No existe,V,Dentro,Urbana,Ninguna,No existe,Intersección,Bueno,S/D,Atardecer,S/D,S/D,Ciclista,Atropello,Ninguna,Faltante,Ninguna,Sin restricción
2020,6990,2020-09-24,Jueves,,,0.0,2,"Automóvil,Moto/Ciclomotor",A Marini Y Bv Jaime Ferre,3,1,0,0,2,0,0,"-31.240142807388,-61.480649056507",Avenida,,RAFAELA,Castellanos,Asfalto,No existe,V,Dentro,Urbana,S/D,No existe,Intersección,Bueno,S/D,S/D,S/D,Lateral,S/D,Colisión,Ninguna,Faltante,S/D,Sin restricción
2020,6991,2020-09-24,Jueves,,,0.0,1,Bicicleta,San Martin 100,1,1,0,0,0,0,0,"-31.251897430632,-61.490416078307",Calle,,RAFAELA,Castellanos,Asfalto,No existe,V,Dentro,Urbana,Semáforo,Funciona,Recta,Bueno,S/D,Diurna,Buen Tiempo,Contra objeto fijo,S/D,"Cañda ocupante,Colisión",Ninguna,"Horizontal,Vertical",Ninguna,Sin restricción
2020,6992,2020-09-25,Viernes,11:40:00,,0.0,2,"Automóvil,Moto/Ciclomotor",Bv Sarmiento Y Caseros,3,0,1,0,1,0,1,"-28.491722991042,-59.357903659806",Avenida,,VILLA OCAMPO,General Obligado,S/D,S/D,IX,Dentro,Urbana,S/D,S/D,Recta,S/D,S/D,Diurna,S/D,De alcance,S/D,Colisión,S/D,S/D,S/D,Sin restricción
2020,6993,2020-09-26,Sabado,14:40:00,Ruta Provincial 62,0.0,1,Automóvil, ,4,4,0,0,0,0,0,"-31.1573, -60.39457",Ruta,62,LAGUNA PAIVA,La Capital,S/D,S/D,I,Dentro,Rural,S/D,S/D,Curva,S/D,S/D,Diurna,S/D,S/D,S/D,Vuelco,S/D,S/D,S/D,S/D
2020,6994,2020-11-21,Sabado,23:45:00,Autopista Nacional A012,41.0,2,"Moto/Ciclomotor,Otros", ,2,1,0,0,1,0,0,"-32.93119, -60.7233",Autopista,A012,ROLDÁN,San Lorenzo,S/D,S/D,XVII,S/D,Urbana,S/D,S/D,Cruce,S/D,S/D,Nocturna,S/D,De alcance,S/D,Colisión,S/D,S/D,S/D,S/D
2020,6995,2020-09-26,Sabado,21:40:00,,0.0,2,"Moto/Ciclomotor,Bicicleta",Alberdi Y Bv. Balcarce,2,1,0,0,0,0,1,"-32.819587611412,-61.40658216575",Avenida,,CAÑADA DE GÓMEZ,Iriondo,Asfalto,No existe,X,Dentro,Urbana,Ninguna,No existe,Intersección,S/D,S/D,Nocturna,S/D,S/D,S/D,Atropello,S/D,Faltante,Cordón divisorio,S/D
2020,6996,2020-09-26,Sabado,02:00:00,Autopista Nacional A008,0.0,1,Vehículo Oficial, ,2,2,0,0,0,0,0,"-33.015832, -60.637410",Autopista,A008,ROSARIO,Rosario,Asfalto,No existe,II,Dentro,Urbana,Marca Vial,No existe,Recta,S/D,S/D,Nocturna,S/D,Contra objeto fijo,S/D,Colisión,S/D,Horizontal,Ninguna,S/D
2020,6997,2020-09-21,Lunes,08:20:00,Ruta Nacional A009,0.0,1,Pickup/Utilitario,Calle 67-Enrique Angelelli Y Ruta A-009,2,1,0,0,1,0,0,"-29.168866623558,-59.656893967587",Ruta,A009,RECONQUISTA,General Obligado,Asfalto,Natural,IX,Dentro,Urbana,Ninguna,No existe,Recta,Bueno,S/D,Diurna,Buen Tiempo,S/D,S/D,Vuelco,Ninguna,Faltante,Línea divisoria pintada,Sin restricción
2020,6998,2020-09-26,Sabado,,,0.0,2,"Moto/Ciclomotor,Moto/Ciclomotor",Av Aristobulo del Valle Y Intendente Gimenez,2,1,0,0,1,0,0,"-31.25854539046,-61.484416239136",Avenida,,RAFAELA,Castellanos,Asfalto,No existe,V,Dentro,Urbana,Ninguna,No existe,Intersección,S/D,S/D,S/D,S/D,S/D,S/D,Colisión,S/D,Faltante,Cordón divisorio,S/D
2020,6999,2020-11-21,Sabado,21:20:00,Ruta Nacional 11,119.0,2,"Peatón,Moto/Ciclomotor", ,2,1,1,0,0,0,0,"-31.88421, -60.89154",Ruta,11,DESVÍO ARIJÓN,San JERÓNIMO,S/D,S/D,XV,S/D,Urbana,S/D,S/D,Recta,S/D,S/D,Nocturna,S/D,S/D,Peatón,Atropello,S/D,S/D,S/D,S/D