anio_acci,nro_acci,fecha,desc_dia,hora_aprox,desc_ruta,km,cant_participantes,desc_participante,calle_avenida_km,total,heridos_leves,heridos_graves,heridos_gravisimos,ilesos,fallecidos,sin_datos,posicion_XY,desc_tipo_via,desc_ruta_ori,desc_loc,desc_dpto,desc_tipo_calzada,desc_tipo_banquina,desc_unidad_regional,desc_lugar_calzada,desc_zona,desc_prioridad,desc_estado_semaforo,desc_lugar_via,desc_estado_via,desc_estado_visibilidad,desc_luminosidad,desc_estado_clima,desc_tipo_colision,desc_tipo_atropello,desc_tipo_hecho,desc_pres_calzada,desc_senializacion,desc_separacion_via,desc_restriccion
2020,7000,2020-09-26,Sabado,,,0.0,2,"Moto/Ciclomotor,Moto/Ciclomotor",Gabriel Maggi Y J Buffa,3,3,0,0,0,0,0,"-31.235518533879,-61.478525145668",Avenida,,RAFAELA,Castellanos,Tierra,No existe,V,Dentro,Urbana,Ninguna,No existe,Intersección,S/D,S/D,S/D,S/D,S/D,S/D,Colisión,S/D,Faltante,Ninguna,S/D
2020,7001,2020-09-26,Sabado,,Ruta Provincial 70,0.0,2,"Moto/Ciclomotor,Pickup/Utilitario",Antonio Podio Y Eusebio Marcilla,3,1,0,0,2,0,0,"-31.258644,-61.513592",Ruta,70,RAFAELA,Castellanos,Asfalto,No existe,V,Dentro,Urbana,Paso Peatonal,No existe,Intersección,S/D,S/D,S/D,S/D,S/D,S/D,Colisión,S/D,Horizontal,Cordón divisorio,S/D
2020,7002,2020-09-25,Viernes,,Autopista Nacional A008,0.0,1,Automóvil, ,1,1,0,0,0,0,0,"-33.013040, -60.668239",Autopista,A008,ROSARIO,Rosario,Asfalto,Natural,II,Dentro,Urbana,Ninguna,No existe,Recta,Bueno,Reducida,Diurna,Granizo,S/D,S/D,Vuelco,Ninguna,Faltante,Guardarrail,Sin restricción
2020,7003,2020-11-22,Domingo,,,0.0,1,Pickup/Utilitario,Florencio Fernandez 5400,1,1,0,0,0,0,0,"-31.57648, -60.72549",Calle,,SANTA FE,La Capital,S/D,S/D,I,S/D,Urbana,S/D,S/D,Recta,S/D,S/D,S/D,S/D,Contra objeto fijo,S/D,Colisión,S/D,S/D,S/D,S/D
2020,7004,2020-09-26,Sabado,,,0.0,2,"Automóvil,Automóvil",Av Doctor E Salva Y Arenales,2,2,0,0,0,0,0,"-31.242975055686,-61.491514422525",Avenida,,RAFAELA,Castellanos,Asfalto,No existe,V,Dentro,Urbana,Paso Peatonal,No existe,Intersección,S/D,S/D,S/D,S/D,S/D,S/D,Colisión,S/D,"Horizontal,Vertical",Ninguna,S/D
2020,7005,2020-09-07,Lunes,,,0.0,1,Automóvil,JULIO MIGNO ,5,5,0,0,0,0,0,"-31.506666, -60.932621",Avenida,,PUJATO NORTE,Las Colonias,S/D,S/D,XI,Fuera,Urbana,S/D,No existe,Recta,S/D,S/D,S/D,S/D,S/D,S/D,Despiste,S/D,Faltante,S/D,S/D
2020,7006,2020-11-22,Domingo,06:50:00,Ruta Nacional 11,427.5,2,"Peatón,Tren", ,3,0,0,0,2,1,0,"-31.91621, -60.90554",Ruta,11,CORONDA,San JERÓNIMO,Asfalto,Natural,XV,S/D,Rural,Ninguna,No existe,Paso a Nivel FFCC,Bueno,S/D,Nocturna,S/D,S/D,Peatón,Atropello,Ninguna,Faltante,"Línea divisoria pintada,S/D",Sin restricción
2020,7007,2020-11-22,Domingo,15:25:00,,0.0,3,"Automóvil,Automóvil,Pickup/Utilitario",Florida Y Manuel Belgrano,3,1,0,0,2,0,0,"-32.82624, -60.72177",Calle,,CAPITÁN BERMÚDEZ,San Lorenzo,S/D,S/D,XVII,S/D,Urbana,S/D,S/D,S/D,Otro,S/D,Diurna,S/D,Múltiple,S/D,Colisión,S/D,S/D,S/D,S/D
2020,7008,2020-11-22,Domingo,19:30:00,,0.0,2,"Moto/Ciclomotor,Automóvil",Boulevard Villada Y Formosa,2,1,0,0,1,0,0,"-33.05059, -61.19087",Calle,,CASILDA,Caseros,S/D,S/D,IV,S/D,Urbana,S/D,S/D,S/D,S/D,S/D,Atardecer,S/D,S/D,S/D,Colisión,S/D,S/D,S/D,S/D
2020,7009,2020-11-22,Domingo,,,0.0,1,Moto/Ciclomotor,Lavalle Y Alberti,1,1,0,0,0,0,0,"-31.60468, -60.68026",Calle,,SANTA FE,La Capital,S/D,S/D,I,S/D,Urbana,S/D,S/D,Intersección,S/D,S/D,S/D,S/D,S/D,S/D,Despiste,S/D,S/D,S/D,S/D
2020,7010,2020-11-16,Lunes,15:30:00,,0.0,3,"Bicicleta,Moto/Ciclomotor,Moto/Ciclomotor",Miguel de Azcuenaga Y Guillermo Dimmer,4,4,0,0,0,0,0,"-33.73425, -61.98204",Calle,,VENADO TUERTO,General LÓPEZ,S/D,S/D,VIII,S/D,Urbana,S/D,S/D,Intersección,S/D,S/D,S/D,S/D,Múltiple,S/D,Colisión,S/D,S/D,S/D,S/D
2020,7011,2020-11-16,Lunes,17:30:00,,0.0,2,"Moto/Ciclomotor,Automóvil",Rivadavia Y Pte Illia,3,2,0,0,1,0,0,"-31.72272, -61.08904",Calle,,SAN CARLOS CENTRO,Las Colonias,S/D,S/D,XI,S/D,Urbana,S/D,S/D,Intersección,S/D,S/D,Diurna,S/D,Lateral,S/D,Colisión,S/D,S/D,S/D,S/D
2020,7012,2020-11-16,Lunes,20:30:00,,0.0,2,"Moto/Ciclomotor,Automóvil",Simon de Iriondo 800,2,0,0,1,1,0,0,"-32.48128, -61.58427",Calle,,LAS ROSAS,Belgrano,S/D,S/D,III,S/D,S/D,S/D,S/D,Recta,S/D,S/D,Nocturna,S/D,S/D,S/D,Colisión,S/D,S/D,S/D,S/D
2020,7013,2020-09-30,Miercoles,18:40:00,,0.0,1,Bicicleta,Zapala ,1,1,0,0,0,0,0,"-33.016817295568,-60.62772213081",Calle,,VILLA GOBERNADOR GÁLVEZ,Rosario,S/D,S/D,II,Dentro,Urbana,S/D,S/D,Recta,S/D,S/D,Diurna,S/D,S/D,S/D,Cañda ocupante,S/D,S/D,S/D,S/D
2020,7014,2020-09-06,Domingo,18:45:00,Autopista Nacional A008,0.0,1,Bicicleta,Av. Francia Y Av. E.Lopez,1,1,0,0,0,0,0,"-32.925142631721,-60.66122941419",Autopista,A008,ROSARIO,Rosario,Asfalto,No existe,II,Dentro,Urbana,Semáforo,Funciona,Rotonda,Bueno,Buena,Diurna,Buen Tiempo,S/D,S/D,Cañda ocupante,Ninguna,"Horizontal,Vertical",Línea divisoria pintada,Sin restricción
2020,7015,2020-09-07,Lunes,00:05:00,,0.0,1,Moto/Ciclomotor,Calle 19 1090,1,1,0,0,0,0,0,"-32.67593622207638,-61.508401036262",Calle,,LAS PAREJAS,Belgrano,Asfalto,No existe,III,Dentro,Urbana,Ninguna,No existe,Intersección,Bueno,Buena,Diurna,Buen Tiempo,S/D,S/D,Despiste,Ninguna,Faltante,Ninguna,Sin restricción
2020,7016,2020-09-06,Domingo,21:30:00,,0.0,1,Moto/Ciclomotor,Suipacha 1400,1,1,0,0,0,0,0,"-32.949180621066,-60.66603930094",Calle,,ROSARIO,Rosario,Asfalto,No existe,II,Dentro,Urbana,Ninguna,No existe,Intersección,Bueno,Buena,Diurna,Buen Tiempo,S/D,S/D,Despiste,Ninguna,Faltante,Ninguna,Sin restricción
2020,7017,2020-09-07,Lunes,16:30:00,,0.0,1,Moto/Ciclomotor,Bv. Avellaneda Y Uruguay,1,1,0,0,0,0,0,"-32.969448360022,-60.686684675092",Avenida,,ROSARIO,Rosario,Asfalto,No existe,II,Dentro,Urbana,Semáforo,Funciona,Intersección,Bueno,Buena,Diurna,Buen Tiempo,S/D,S/D,Despiste,Ninguna,"Horizontal,Vertical","Cordón divisorio,Línea divisoria pintada",Sin restricción
2020,7018,2020-09-07,Lunes,17:00:00,,0.0,1,Automóvil, ,2,1,0,0,0,0,1,"-33.0580972271292,-60.6181230726807",S/D,,ALVEAR,Rosario,S/D,S/D,II,S/D,S/D,S/D,S/D,S/D,S/D,S/D,Diurna,S/D,S/D,S/D,Otro,S/D,S/D,S/D,S/D
2020,7019,2020-09-08,Martes,00:05:00,,0.0,2,"Automóvil,Moto/Ciclomotor",Av. Francia Y Saavedra,2,1,0,0,1,0,0,"-32.972998062468,-60.673592304742",Calle,,ROSARIO,Rosario,Asfalto,No existe,II,Dentro,Urbana,Paso Peatonal,No existe,Intersección,Bueno,Buena,Diurna,Buen Tiempo,S/D,S/D,Colisión,Ninguna,Horizontal,"Cordón divisorio,Vegetación,Línea divisoria pintada",Sin restricción
2020,7020,2020-09-09,Miercoles,17:50:00,,0.0,1,Automóvil,Bv. 27 De Febrero ,1,1,0,0,0,0,0,"-32.958746514193,-60.693637918716",Avenida,,ROSARIO,Rosario,S/D,S/D,II,Dentro,Urbana,S/D,S/D,S/D,S/D,S/D,Diurna,S/D,S/D,S/D,Otro,S/D,S/D,S/D,S/D
2020,7021,2020-09-11,Viernes,00:05:00,,0.0,2,"Moto/Ciclomotor,Moto/Ciclomotor",CAMINO A ,2,1,0,0,0,0,1,"-33.021873, -60.710231",Calle,,SOLDINI,Rosario,Tierra,No existe,II,Dentro,Urbana,Ninguna,No existe,Recta,Deteriorada,Buena,Diurna,Buen Tiempo,S/D,S/D,Colisión,Ninguna,Faltante,Ninguna,Sin restricción
2020,7022,2020-09-11,Viernes,12:00:00,,0.0,2,"Automóvil,Bicicleta",Rueda Y San Martin,2,1,0,0,0,0,1,"-32.971292714135,-60.642927605346",Calle,,ROSARIO,Rosario,Asfalto,No existe,II,Dentro,Urbana,Semáforo,Funciona,Intersección,Bueno,Buena,Diurna,Buen Tiempo,S/D,S/D,Colisión,Ninguna,"Horizontal,Vertical",Línea divisoria pintada,Sin restricción
2020,7023,2020-09-11,Viernes,22:00:00,,0.0,1,Moto/Ciclomotor,Laprida Y Mendoza,1,1,0,0,0,0,0,"-32.952224080563,-60.635328172835",Calle,,ROSARIO,Rosario,Asfalto,No existe,II,Dentro,Urbana,Ninguna,No existe,Intersección,Bueno,Buena,Diurna,Buen Tiempo,S/D,S/D,Despiste,Ninguna,Faltante,Ninguna,Sin restricción
2020,7024,2020-09-12,Sabado,13:30:00,,0.0,1,Moto/Ciclomotor,Bv. 27 De Febrero ,1,1,0,0,0,0,0,"-32.958746514193,-60.693637918716",Avenida,,ROSARIO,Rosario,S/D,S/D,II,Dentro,Urbana,S/D,S/D,Intersección,S/D,S/D,Diurna,S/D,S/D,S/D,Despiste,S/D,S/D,S/D,S/D
2020,7025,2020-09-12,Sabado,18:50:00,,0.0,2,"Automóvil,Automóvil",Junin Y Matienzo,3,1,0,0,0,0,2,"-32.927095399177,-60.695185331556",Calle,,ROSARIO,Rosario,Asfalto,No existe,II,Dentro,Urbana,Ninguna,No existe,Intersección,Bueno,Buena,Diurna,Buen Tiempo,S/D,S/D,Colisión,Ninguna,Faltante,Ninguna,Sin restricción
2020,7026,2020-09-12,Sabado,19:30:00,,0.0,1,Moto/Ciclomotor, ,1,1,0,0,0,0,0,"-32.95817760227484,-60.666264034822",S/D,,ROSARIO,Rosario,S/D,S/D,II,S/D,S/D,S/D,S/D,S/D,S/D,S/D,Nocturna,S/D,S/D,S/D,Despiste,S/D,S/D,S/D,S/D
2020,7027,2020-09-12,Sabado,20:45:00,,0.0,1,Moto/Ciclomotor,Curupay Bis Y Roullon,1,1,0,0,0,0,0,"-32.968894924671,-60.701144583618",Avenida,,ROSARIO,Rosario,Asfalto,No existe,II,Dentro,Urbana,Paso Peatonal,No existe,Intersección,Bueno,Buena,Diurna,Buen Tiempo,S/D,S/D,Despiste,Ninguna,Horizontal,Línea divisoria pintada,Sin restricción
2020,7028,2020-09-12,Sabado,18:00:00,,0.0,1,Moto/Ciclomotor,Bv. 27 De Febrero Y Bv. Oro�o,1,1,0,0,0,0,0,"-32.964828473776,-60.658500919693",Avenida,,ROSARIO,Rosario,Asfalto,No existe,II,Dentro,Urbana,Semáforo,Funciona,Intersección,Bueno,Buena,Diurna,Buen Tiempo,S/D,S/D,Despiste,Ninguna,"Horizontal,Vertical","Cordón divisorio,Vegetación,Línea divisoria pintada",Sin restricción
2020,7029,2020-09-10,Jueves,22:00:00,,0.0,1,Automóvil,Av. Pellegrini Y San Nicolas,2,1,0,0,0,0,1,"-32.951085897863,-60.675030634797",Avenida,,ROSARIO,Rosario,Asfalto,No existe,II,Dentro,Urbana,Semáforo,Funciona,Intersección,Bueno,Buena,Diurna,Buen Tiempo,S/D,S/D,Otro,Ninguna,"Horizontal,Vertical","Cordón divisorio,Vegetación,Línea divisoria pintada",Sin restricción
2020,7030,2020-09-13,Domingo,00:05:00,,0.0,1,Moto/Ciclomotor,Bv. 27 De Febrero ,1,1,0,0,0,0,0,"-32.958746514193,-60.693637918716",Avenida,,ROSARIO,Rosario,S/D,S/D,II,Dentro,Urbana,S/D,S/D,Intersección,S/D,S/D,Nocturna,S/D,S/D,S/D,Despiste,S/D,S/D,S/D,S/D
2020,7031,2020-09-13,Domingo,19:00:00,,0.0,2,"Moto/Ciclomotor,Automóvil",Av. Provincias Unidas Y Av. Sorrento,2,1,0,0,0,0,1,"-32.907949730894,-60.713804056287",Avenida,,ROSARIO,Rosario,Asfalto,No existe,II,Dentro,Urbana,Ninguna,No existe,Rotonda,Bueno,Buena,Diurna,Buen Tiempo,S/D,S/D,Colisión,Ninguna,Horizontal,"Guardarrail,Línea divisoria pintada",Sin restricción
2020,7032,2020-09-13,Domingo,23:00:00,,0.0,2,"Automóvil,Bicicleta",Chubut Y Donado,2,1,0,0,0,0,1,"-32.945969817663,-60.726765721729",Calle,,ROSARIO,Rosario,Asfalto,No existe,II,Dentro,Urbana,Ninguna,No existe,Intersección,Bueno,Buena,Nocturna,Buen Tiempo,S/D,Ciclista,Atropello,Ninguna,Faltante,Ninguna,Sin restricción
2020,7033,2020-09-14,Lunes,22:00:00,,0.0,1,Moto/Ciclomotor,Chubut Y Donado,1,1,0,0,0,0,0,"-32.945969817663,-60.726765721729",Calle,,ROSARIO,Rosario,Asfalto,No existe,II,Dentro,Urbana,Ninguna,No existe,Intersección,Bueno,Buena,Nocturna,Buen Tiempo,S/D,S/D,Despiste,Ninguna,Faltante,Ninguna,Sin restricción
2020,7034,2020-09-14,Lunes,00:10:00,,0.0,2,"Otros,Bicicleta",Cordoba Y Ricchieri,2,1,0,0,0,0,1,"-32.941998149630145, -60.6628003260",Calle,,ROSARIO,Rosario,Asfalto,No existe,II,Dentro,Urbana,Semáforo,Funciona,Intersección,Bueno,Buena,Diurna,Buen Tiempo,S/D,Ciclista,Atropello,Ninguna,"Horizontal,Vertical",Línea divisoria pintada,Sin restricción
2020,7035,2020-09-13,Domingo,22:00:00,,0.0,1,Moto/Ciclomotor,J.Colombres Y Chubut,1,1,0,0,0,0,0,"-32.94602988512,-60.729115080014",Calle,,ROSARIO,Rosario,Asfalto,No existe,II,Dentro,Urbana,Ninguna,No existe,Intersección,Bueno,Buena,Nocturna,Buen Tiempo,S/D,S/D,Despiste,Ninguna,Faltante,Ninguna,Sin restricción
2020,7036,2020-09-14,Lunes,09:00:00,,0.0,2,"Otros,Bicicleta",Ocampo Y Vera Mujica,2,1,0,0,0,0,1,"-32.961315021159,-60.671937168843",Calle,,ROSARIO,Rosario,Asfalto,No existe,II,Dentro,Urbana,Ninguna,No existe,Intersección,Bueno,Buena,Diurna,Buen Tiempo,S/D,Ciclista,Atropello,Ninguna,Faltante,Ninguna,Sin restricción
2020,7037,2020-09-14,Lunes,18:50:00,,0.0,1,Automóvil,9 De Julio Y Mariano Moreno,2,1,0,0,0,0,1,"-32.95160877417,-60.652440632505",Calle,,ROSARIO,Rosario,Asfalto,No existe,II,Dentro,Urbana,Señal Pare,No existe,Intersección,Bueno,Buena,Diurna,Buen Tiempo,S/D,S/D,Colisión,Ninguna,"Horizontal,Vertical",Ninguna,Sin restricción
2020,7038,2020-09-14,Lunes,22:30:00,,0.0,1,Moto/Ciclomotor,Av. Genova Y Ottone Bis,1,0,1,0,0,0,0,"-32.915657507739,-60.701006755562",Avenida,,ROSARIO,Rosario,Asfalto,No existe,II,Dentro,Urbana,Ninguna,No existe,Intersección,Bueno,Buena,Nocturna,Buen Tiempo,S/D,S/D,Otro,Ninguna,Vertical,Ninguna,Sin restricción
2020,7039,2020-09-30,Miercoles,14:55:00,,0.0,1,Moto/Ciclomotor,Buenos Aires Y Riobamba,1,1,0,0,0,0,0,"-32.963992378381,-60.636866929497",Calle,,ROSARIO,Rosario,Asfalto,No existe,II,Dentro,Urbana,Ninguna,No existe,Intersección,Bueno,S/D,Diurna,S/D,S/D,S/D,Otro,Ninguna,Faltante,Ninguna,Sin restricción
2020,7040,2020-09-30,Miercoles,13:53:00,,0.0,1,Automóvil,Fraga Y Pje. Volta,1,0,1,0,0,0,0,"-32.958562623609,-60.709507271698",Calle,,ROSARIO,Rosario,Asfalto,No existe,II,Dentro,Urbana,Ninguna,No existe,Intersección,Bueno,S/D,Diurna,S/D,S/D,S/D,Otro,Ninguna,Faltante,Ninguna,S/D
2020,7041,2020-09-30,Miercoles,08:00:00,,0.0,1,Bicicleta,Bv. Avellaneda Y Bv. 27 De Febrero,1,1,0,0,0,0,0,"-32.960358973096,-60.684380616245",Avenida,,ROSARIO,Rosario,Asfalto,No existe,II,Dentro,Urbana,Semáforo,Funciona,Intersección,Bueno,S/D,Diurna,Buen Tiempo,S/D,S/D,Colisión,Ninguna,"Horizontal,Vertical",Cordón divisorio,Sin restricción
2020,7042,2020-09-29,Martes,22:14:00,,0.0,2,"Moto/Ciclomotor,Automóvil",Alsina Y Cerrito,2,0,1,0,0,0,1,"-32.95501316121,-60.680299448088",Calle,,ROSARIO,Rosario,Asfalto,No existe,II,Dentro,Urbana,Ninguna,No existe,Intersección,Bueno,S/D,"Nocturna,Con luz artificial",S/D,Lateral,S/D,Colisión,Ninguna,Faltante,Ninguna,Sin restricción
2020,7043,2020-09-29,Martes,22:00:00,,0.0,1,Moto/Ciclomotor,AV JUAN PERON Y JUAN PABLO II,1,1,0,0,0,0,0,"-32.97005116939546,-60.716224014759",Avenida,,ROSARIO,Rosario,Asfalto,No existe,II,Dentro,Urbana,Semáforo,Funciona,Intersección,Bueno,S/D,"Nocturna,Con luz artificial",S/D,S/D,S/D,Otro,Ninguna,"Horizontal,Vertical",Cordón divisorio,Sin restricción
2020,7044,2020-09-29,Martes,07:40:00,,0.0,2,"Bicicleta,Otros", ,2,1,0,0,0,0,1,"-32.95817760227484,-60.666264034822",S/D,,ROSARIO,Rosario,S/D,S/D,II,S/D,S/D,S/D,S/D,S/D,S/D,S/D,Diurna,S/D,S/D,Ciclista,Atropello,S/D,S/D,S/D,S/D
2020,7045,2020-09-29,Martes,03:00:00,,0.0,2,"Peatón,Otros", ,2,1,0,0,0,0,1,"-32.95817760227484,-60.666264034822",S/D,,ROSARIO,Rosario,S/D,S/D,II,S/D,S/D,S/D,S/D,S/D,S/D,S/D,Nocturna,S/D,S/D,Peatón,Atropello,S/D,S/D,S/D,S/D
2020,7046,2020-09-28,Lunes,20:00:00,,0.0,2,"Moto/Ciclomotor,Moto/Ciclomotor", ,2,2,0,0,0,0,0,"-33.02382007758386,-60.640608128941",S/D,,VILLA GOBERNADOR GÁLVEZ,Rosario,S/D,S/D,II,S/D,S/D,S/D,S/D,S/D,S/D,S/D,Nocturna,S/D,S/D,S/D,Colisión,S/D,S/D,S/D,S/D
2020,7047,2020-09-28,Lunes,18:00:00,,0.0,2,"Bicicleta,Otros",Av. Avellaneda B Y Cordoba,2,1,0,0,0,0,1,"-32.93909101176,-60.679028985658",Avenida,,ROSARIO,Rosario,Asfalto,No existe,II,Dentro,Urbana,Semáforo,Funciona,Intersección,Bueno,S/D,Diurna,Buen Tiempo,S/D,Ciclista,Atropello,Ninguna,"Horizontal,Vertical",S/D,Sin restricción
2020,7048,2020-09-28,Lunes,15:30:00,,0.0,2,"Peatón,Otros",Bv. Oroño Y Dr.Rivas,2,1,0,0,0,0,1,"-32.98088192939755,-60.662711262702",Avenida,,ROSARIO,Rosario,Asfalto,No existe,II,Dentro,Urbana,Señal Pare,No existe,Intersección,Bueno,Buena,Diurna,S/D,S/D,Peatón,Atropello,Ninguna,"Horizontal,Vertical",Ninguna,Sin restricción
2020,7049,2020-09-28,Lunes,15:30:00,,0.0,2,"Bicicleta,Otros",CARDIVIOLA ,2,0,1,0,0,0,1,"-32.912216, -60.675445",Calle,,ROSARIO,Rosario,Asfalto,No existe,II,Dentro,Urbana,Semáforo,Funciona,Recta,Bueno,S/D,Diurna,S/D,S/D,Ciclista,Atropello,Ninguna,"Horizontal,Vertical",Ninguna,Sin restricción
2020,7050,2020-09-28,Lunes,11:00:00,,0.0,2,"Bicicleta,Otros", ,2,1,0,0,0,0,1,"-32.95817760227484,-60.666264034822",S/D,,ROSARIO,Rosario,S/D,S/D,II,S/D,S/D,S/D,S/D,S/D,S/D,S/D,Diurna,S/D,S/D,Ciclista,Atropello,S/D,S/D,S/D,S/D
2020,7051,2020-09-28,Lunes,07:30:00,,0.0,2,"Bicicleta,Otros",Av. Provincias Unidas ,2,1,0,0,0,0,1,"-32.93518781661984,-60.712884664535",Avenida,,ROSARIO,Rosario,Asfalto,S/D,II,Dentro,Urbana,S/D,S/D,Intersección,S/D,S/D,Diurna,S/D,S/D,Ciclista,Atropello,S/D,S/D,Cordón divisorio,Sin restricción
2020,7052,2020-09-27,Domingo,22:00:00,,0.0,1,Moto/Ciclomotor, ,1,1,0,0,0,0,0,"-32.95817760227484,-60.666264034822",S/D,,ROSARIO,Rosario,S/D,S/D,II,S/D,S/D,S/D,S/D,S/D,S/D,S/D,Nocturna,S/D,S/D,S/D,Otro,S/D,S/D,S/D,S/D
2020,7053,2020-09-27,Domingo,21:00:00,Autopista Nacional A008,0.0,2,"Peatón,Otros",Av. Circunvalacion Y Bv. 27 De Febrero,2,1,0,0,0,0,1,"-32.959644198417664,-60.72046056389",Autopista,A008,ROSARIO,Rosario,Asfalto,No existe,II,Dentro,Urbana,Semáforo,Funciona,Intersección,Bueno,S/D,"Nocturna,Con luz artificial",S/D,S/D,Peatón,Atropello,Ninguna,"Horizontal,Vertical",Cordón divisorio,Sin restricción
2020,7054,2020-09-27,Domingo,18:27:00,,0.0,2,"Peatón,Camión",Uriarte Y Vieytes,2,1,0,0,1,0,0,"-32.888433719393,-60.747216434025",Calle,,ROSARIO,Rosario,S/D,S/D,II,Dentro,Urbana,Ninguna,S/D,Intersección,S/D,S/D,Diurna,S/D,S/D,Peatón,Atropello,S/D,S/D,Ninguna,Sin restricción
2020,7055,2020-12-25,Viernes,03:50:00,Ruta Provincial 2,0.0,1,Moto/Ciclomotor,Av Iriondo Y Cno San Roque,1,0,1,0,0,0,0,"    -30.78304, -60.59081",Ruta,2,SAN JUSTO,San Justo,Asfalto,No existe,XVI,Dentro,Urbana,Ninguna,No existe,Intersección,Bueno,Buena,Nocturna,Buen Tiempo,Contra objeto fijo,S/D,Colisión,S/D,Faltante,Ninguna,Sin restricción
2020,7056,2020-12-27,Domingo,08:10:00,Ruta Nacional 34,0.0,2,"Moto/Ciclomotor,Otros",Ruta Nac 34 ,2,1,0,0,1,0,0,"    -32.84862, -60.78639",Ruta,34,IBARLUCEA,Rosario,Asfalto,Ripio,II,Dentro,Urbana,Ninguna,No existe,Intersección,Bueno,Buena,Diurna,Buen Tiempo,De alcance,S/D,Colisión,Ninguna,Faltante,Línea divisoria pintada,Sin restricción
2020,7057,2020-12-29,Martes,18:40:00,,0.0,2,"Automóvil,Moto/Ciclomotor",Chile 162,2,1,0,0,1,0,0,"    -32.84383, -60.7068",Calle,,GRANADERO BAIGORRIA,Rosario,Asfalto,No existe,II,Fuera,Urbana,Ninguna,No existe,Recta,Bueno,Buena,Diurna,Buen Tiempo,Otro,S/D,Otro,Ninguna,Faltante,Ninguna,Sin restricción
2020,7058,2020-12-24,Jueves,16:30:00,,0.0,2,"Automóvil,Moto/Ciclomotor",3 de Febrero Y 17 de Octubre,2,1,0,0,1,0,0,"    -33.01257, -60.60938",Calle,,VILLA GOBERNADOR GÁLVEZ,Rosario,Asfalto,No existe,II,Dentro,Urbana,Ninguna,No existe,Intersección,Deteriorada,Buena,Diurna,Buen Tiempo,Lateral,S/D,Colisión,Ninguna,Faltante,Ninguna,Sin restricción
2020,7059,2020-12-26,Sabado,,,0.0,2,"Automóvil,Otros", ,2,1,0,0,0,0,1,"    -31.08869, -60.08853",Calle,,HELVECIA,Garay,Tierra,S/D,VII,S/D,Rural,S/D,S/D,S/D,S/D,S/D,Diurna,S/D,Otro,S/D,Colisión,S/D,S/D,S/D,S/D
2020,7060,2020-12-30,Miercoles,23:30:00,Ruta Provincial 1,57.0,1,Automóvil, ,2,1,0,0,1,0,0,"    -31.42252, -60.34119",Ruta,1,SANTA ROSA DE CALCHINES,Garay,Asfalto,Natural,VII,Dentro,Rural,Ninguna,No existe,Recta,Bueno,Buena,Nocturna,Buen Tiempo,S/D,S/D,Despiste,Ninguna,Faltante,Ninguna,Sin restricción
2020,7061,2020-12-29,Martes,10:30:00,Ruta Provincial 4,26.0,2,"Camión Chasis,Camión Chasis", ,2,1,0,0,1,0,0,"    -31.20725, -60.92311",Ruta,4,CULULÚ,Las Colonias,Asfalto,Natural,XI,Dentro,Rural,Ninguna,No existe,Recta,Bueno,Buena,Diurna,Buen Tiempo,S/D,S/D,Colisión,Ninguna,S/D,S/D,Sin restricción
2020,7062,2020-12-24,Jueves,13:30:00,Ruta Provincial 6,0.0,2,"Automóvil,Automóvil",Paso Vinal ,7,1,0,0,6,0,0,"    -31.41048, -60.9051",Ruta,6,ESPERANZA,Las Colonias,Asfalto,Natural,XI,Fuera,Rural,Señal Pare,Intermitente,Recta,Bueno,Buena,Diurna,Buen Tiempo,Lateral,S/D,Colisión,Ninguna,Horizontal,Línea divisoria pintada,Sin restricción
2020,7064,2020-08-25,Martes,20:00:00,,0.0,2,"Otros,Bicicleta",Albert Sabin Y Av. Luis Carballo,2,1,0,0,0,0,1,"-32.922178325106,-60.685595786532",Avenida,,ROSARIO,Rosario,Asfalto,No existe,II,Dentro,Urbana,Semáforo,Funciona,Rotonda,Bueno,Buena,"Nocturna,Con luz artificial",Buen Tiempo,S/D,Ciclista,Atropello,Ninguna,"Horizontal,Vertical","Cordón divisorio,Vegetación,Línea divisoria pintada",Sin restricción
2020,7065,2020-12-31,Jueves,19:50:00,Ruta Provincial 70,0.0,2,"Automóvil,Moto/Ciclomotor", ,3,1,0,0,2,0,0,"    -31.39055, -61.08368",Ruta,70,HUMBOLDT,Las Colonias,Asfalto,Ripio,XI,S/D,Urbana,Ninguna,No existe,Intersección,Bueno,Buena,Atardecer,Buen Tiempo,Lateral,S/D,Colisión,Ninguna,Vertical,S/D,Sin restricción
2020,7066,2020-08-26,Miercoles,00:05:00,,0.0,1,Moto/Ciclomotor,Alberdi Y Casilda,1,1,0,0,0,0,0,"-32.928072382194,-60.675480731192",Calle,,ROSARIO,Rosario,Asfalto,No existe,II,Dentro,Urbana,Paso Peatonal,No existe,Intersección,Bueno,Buena,"Nocturna,Con luz artificial",Buen Tiempo,S/D,S/D,Despiste,Ninguna,Horizontal,"Cordón divisorio,Vegetación,Línea divisoria pintada",Sin restricción
2020,7068,2020-08-26,Miercoles,10:15:00,Autopista Nacional A008,0.0,1,Moto/Ciclomotor,Av. Circunvalacion Y Baigorria,1,1,0,0,0,0,0,"-32.893616927235,-60.719878413639",Autopista,A008,ROSARIO,Rosario,Asfalto,Pavimento,II,Dentro,Urbana,Señal Ceda el Paso,No existe,Intersección,Bueno,Buena,Diurna,Buen Tiempo,S/D,S/D,Despiste,Ninguna,"Horizontal,Vertical","Cordón divisorio,Línea divisoria pintada",Sin restricción