anio_acci,nro_acci,fecha,desc_dia,hora_aprox,desc_ruta,km,cant_participantes,desc_participante,calle_avenida_km,total,heridos_leves,heridos_graves,heridos_gravisimos,ilesos,fallecidos,sin_datos,posicion_XY,desc_tipo_via,desc_ruta_ori,desc_loc,desc_dpto,desc_tipo_calzada,desc_tipo_banquina,desc_unidad_regional,desc_lugar_calzada,desc_zona,desc_prioridad,desc_estado_semaforo,desc_lugar_via,desc_estado_via,desc_estado_visibilidad,desc_luminosidad,desc_estado_clima,desc_tipo_colision,desc_tipo_atropello,desc_tipo_hecho,desc_pres_calzada,desc_senializacion,desc_separacion_via,desc_restriccion
2020,7140,2020-09-18,Viernes,20:15:00,Autopista Nacional A008,0.0,1,Moto/Ciclomotor, ,1,1,0,0,0,0,0,"-32.94344902038571,-60.722293853759",Autopista,A008,ROSARIO,Rosario,S/D,S/D,II,Dentro,Urbana,S/D,S/D,Recta,S/D,S/D,Nocturna,S/D,S/D,S/D,Otro,S/D,S/D,S/D,S/D
2020,7142,2020-12-17,Jueves,12:15:00,,0.0,2,"Moto/Ciclomotor,Moto/Ciclomotor",Albert Sabin Y Junin,2,1,0,0,1,0,0,"-32.92668, -60.67994",Avenida,,ROSARIO,Rosario,Asfalto,S/D,II,S/D,Urbana,Ninguna,S/D,Intersección,Bueno,S/D,Diurna,Buen Tiempo,Lateral,S/D,Colisión,S/D,S/D,Cordón divisorio,S/D
2020,7144,2020-12-17,Jueves,17:45:00,,0.0,2,"Moto/Ciclomotor,Automóvil",Velez Sarsfield Y Stephenson Bis,2,1,0,0,1,0,0,"-32.92499, -60.67914",Calle,,ROSARIO,Rosario,Asfalto,S/D,II,S/D,Urbana,S/D,S/D,Intersección,Bueno,Buena,Diurna,Buen Tiempo,Lateral,S/D,Colisión,S/D,S/D,Cordón divisorio,S/D
2020,7145,2020-09-16,Miercoles,12:00:00,,0.0,2,"Bicicleta,Automóvil",Mitre 1200,2,1,0,0,0,0,1,"-32.951252156343,-60.640823270042",Calle,,ROSARIO,Rosario,Asfalto,No existe,II,Dentro,Urbana,Ninguna,No existe,Intersección,Bueno,S/D,Diurna,S/D,S/D,Ciclista,Atropello,Ninguna,Faltante,Ninguna,Sin restricción
2020,7146,2020-12-17,Jueves,18:30:00,,0.0,2,"Bicicleta,Pickup/Utilitario",Av. E.Lopez Y Av. Francia Bis,2,1,0,0,1,0,0,"-32.92519, -60.66122",Avenida,,ROSARIO,Rosario,Asfalto,S/D,II,S/D,Urbana,Ninguna,S/D,Rotonda,Bueno,Buena,Atardecer,Buen Tiempo,S/D,Ciclista,Atropello,S/D,Vertical,Cordón divisorio,S/D
2020,7147,2020-09-16,Miercoles,14:00:00,,0.0,1,Moto/Ciclomotor,Av. Pellegrini Y Paraguay,1,1,0,0,0,0,0,"-32.956213047155,-60.646449660331",Avenida,,ROSARIO,Rosario,Asfalto,No existe,II,Dentro,Urbana,Semáforo,Funciona,Intersección,Bueno,S/D,Diurna,S/D,S/D,S/D,Otro,Ninguna,"Horizontal,Vertical",Cordón divisorio,Sin restricción
2020,7148,2020-09-16,Miercoles,10:30:00,,0.0,2,"Bicicleta,Otros",Montevideo 1700,2,1,0,0,0,0,1,"-32.954643239499,-60.648957389788",Calle,,ROSARIO,Rosario,Asfalto,No existe,II,Dentro,Urbana,Marca Vial,No existe,Recta,Bueno,S/D,Diurna,Buen Tiempo,S/D,Ciclista,Atropello,Ninguna,Horizontal,Ninguna,Sin restricción
2020,7149,2020-09-16,Miercoles,18:50:00,,0.0,1,Moto/Ciclomotor,Mariano Moreno ,1,1,0,0,0,0,0,"-32.964761575213,-60.655749304647",Calle,,ROSARIO,Rosario,Asfalto,S/D,II,Dentro,Urbana,S/D,S/D,Recta,S/D,S/D,Diurna,S/D,S/D,S/D,Otro,S/D,S/D,S/D,S/D
2020,7150,2020-12-17,Jueves,15:00:00,,0.0,2,"Bicicleta,Automóvil",Morcillo 2400,2,1,0,0,1,0,0,"-32.954984279536,-60.659318123721",Avenida,,ROSARIO,Rosario,Asfalto,No existe,II,Dentro,Urbana,Ninguna,No existe,Recta,Bueno,Buena,Diurna,Buen Tiempo,S/D,Ciclista,Atropello,Ninguna,Faltante,Ninguna,Sin restricción
2020,7151,2020-12-17,Jueves,14:00:00,,0.0,2,"Moto/Ciclomotor,Taxi/Remis",Av. Francia 2800,2,1,0,0,1,0,0,"-32.96499, -60.67151",Avenida,,ROSARIO,Rosario,Asfalto,S/D,II,Dentro,Urbana,Ninguna,S/D,Recta,Bueno,Buena,Diurna,Buen Tiempo,Lateral,S/D,Colisión,Ninguna,S/D,Ninguna,Sin restricción
2020,7152,2020-09-15,Martes,20:00:00,,0.0,1,Moto/Ciclomotor,Campbell ,1,1,0,0,0,0,0,"-32.975780, -60.706364",Calle,,ROSARIO,Rosario,Asfalto,S/D,II,Dentro,Urbana,S/D,S/D,Recta,S/D,S/D,Nocturna,S/D,S/D,S/D,Otro,S/D,S/D,S/D,S/D
2020,7153,2020-12-17,Jueves,10:20:00,,0.0,2,"Automóvil,Moto/Ciclomotor",9 de Julio Y Suipacha,2,1,0,0,1,0,0,"-31.63953, -60.70721",Calle,,SANTA FE,La Capital,Asfalto,Pavimento,I,Dentro,Urbana,Ninguna,Funciona,Intersección,Bueno,Buena,Diurna,Buen Tiempo,Lateral,S/D,Colisión,Ninguna,Faltante,Ninguna,Sin restricción
2020,7154,2020-09-15,Martes,18:00:00,,0.0,2,"Bicicleta,Otros",Blomberg ,2,1,0,0,0,0,1,"-32.88820624351497,-60.719150304794",Calle,,ROSARIO,Rosario,Asfalto,S/D,II,Dentro,Urbana,Ninguna,S/D,Intersección,S/D,S/D,Diurna,S/D,S/D,Ciclista,Atropello,S/D,S/D,Ninguna,S/D
2020,7155,2020-12-17,Jueves,13:35:00,,0.0,2,"Automóvil,Moto/Ciclomotor",Pedro Ferre Y San Jeronimo,2,1,0,0,1,0,0,"-31.62612, -60.70196",Calle,,SANTA FE,La Capital,Asfalto,No existe,I,Dentro,Urbana,Ninguna,No existe,Intersección,Bueno,Buena,Diurna,Buen Tiempo,Lateral,S/D,Colisión,Ninguna,S/D,Ninguna,Sin restricción
2020,7156,2020-09-14,Lunes,22:00:00,,0.0,1,Moto/Ciclomotor,Camilo Aldao ,1,0,1,0,0,0,0,"-32.956784, -60.695323",Calle,,ROSARIO,Rosario,S/D,S/D,II,Dentro,Urbana,S/D,S/D,S/D,S/D,S/D,Nocturna,S/D,S/D,S/D,Otro,S/D,S/D,S/D,S/D
2020,7157,2020-12-17,Jueves,22:10:00,,0.0,2,"Automóvil,Moto/Ciclomotor",Espora 2800,2,1,0,0,1,0,0,"-31.6031, -60.69651",Calle,,SANTA FE,La Capital,Asfalto,No existe,I,S/D,Urbana,Ninguna,No existe,Recta,Bueno,Buena,"Nocturna,Con luz artificial",Buen Tiempo,Lateral,S/D,Colisión,Ninguna,S/D,Ninguna,Sin restricción
2020,7158,2020-12-17,Jueves,10:55:00,,0.0,1,Otros,Quiloazas Y Madreselva,2,1,0,0,1,0,0,"-31.63554, -60.6039",Calle,,COLASTINE,La Capital,Arena,No existe,I,S/D,Urbana,Ninguna,No existe,Intersección,Deteriorada,Buena,Diurna,Buen Tiempo,S/D,S/D,S/D,Ninguna,Faltante,Ninguna,Sin restricción
2020,7159,2020-08-02,Domingo,20:00:00,,0.0,2,"Bicicleta,Otros",Av. Wheelwright Y Italia,2,0,1,0,0,0,1,"-32.93435633182527,-60.645309090614",Avenida,,ROSARIO,Rosario,Asfalto,No existe,II,Dentro,Urbana,Semáforo,Funciona,Intersección,Bueno,S/D,"Nocturna,Con luz artificial",S/D,S/D,Ciclista,Atropello,Ninguna,"Horizontal,Vertical",Cordón divisorio,Sin restricción
2020,7160,2020-08-22,Sabado,06:30:00,,0.0,1,Moto/Ciclomotor,Ugarte ,1,0,1,0,0,0,0,"-32.936854002558,-60.755317174269",Calle,,ROSARIO,Rosario,Asfalto,No existe,II,Dentro,Urbana,S/D,S/D,Intersección,Bueno,Buena,Amanecer,Buen Tiempo,S/D,S/D,Otro,Ninguna,S/D,S/D,S/D
2020,7161,2020-08-22,Sabado,12:45:00,,0.0,1,Automóvil,Av. Francia Y Av. Uriburu,1,1,0,0,0,0,0,"-32.991563121583,-60.678271694355",Avenida,,ROSARIO,Rosario,Asfalto,No existe,II,Dentro,Urbana,Semáforo,Funciona,Intersección,Bueno,Buena,Diurna,Buen Tiempo,S/D,S/D,Otro,Ninguna,"Horizontal,Vertical","Cordón divisorio,Vegetación",Sin restricción
2020,7162,2020-08-21,Viernes,18:30:00,,0.0,1,Moto/Ciclomotor,DERQUI Y JUAN PABLO II,1,1,0,0,0,0,0,"-32.938263838183,-60.721909338128",Calle,,ROSARIO,Rosario,Asfalto,No existe,II,Dentro,Urbana,Señal Pare,No existe,Intersección,Bueno,Buena,Diurna,Buen Tiempo,S/D,S/D,Otro,Ninguna,Vertical,Ninguna,Sin restricción
2020,7163,2020-08-21,Viernes,19:30:00,,0.0,2,"Peatón,Otros",Bv. Segui Y Camilo Aldao,2,1,0,0,0,0,1,"-32.970468244672,-60.694799458315",Avenida,,ROSARIO,Rosario,Asfalto,No existe,II,Dentro,Urbana,Ninguna,No existe,Intersección,Bueno,Buena,Atardecer,Buen Tiempo,S/D,Peatón,Atropello,Ninguna,Faltante,Ninguna,Sin restricción
2020,7164,2020-08-21,Viernes,18:30:00,,0.0,1,Moto/Ciclomotor,Rio De Janeiro ,1,1,0,0,0,0,0,"-32.966091461465,-60.687379836115",Calle,,ROSARIO,Rosario,Asfalto,No existe,II,Dentro,Urbana,S/D,S/D,Recta,S/D,Buena,Diurna,Buen Tiempo,S/D,S/D,Otro,Ninguna,S/D,"Ninguna,S/D",Sin restricción
2020,7165,2020-08-21,Viernes,18:30:00,,0.0,1,Moto/Ciclomotor,Alsina Y Garay,1,1,0,0,0,0,0,"-32.967625879118,-60.683489380721",Calle,,ROSARIO,Rosario,Asfalto,No existe,II,Dentro,Urbana,Ninguna,No existe,Intersección,Deteriorada,Buena,Diurna,Buen Tiempo,S/D,S/D,Otro,Ninguna,Faltante,Ninguna,Sin restricción
2020,7166,2020-08-21,Viernes,12:00:00,,0.0,1,Moto/Ciclomotor,Bv. Oroño ,1,1,0,0,0,0,0,"-32.966595723321,-60.6592015842",Avenida,,ROSARIO,Rosario,Asfalto,No existe,II,Dentro,Urbana,S/D,S/D,Intersección,Bueno,Buena,Diurna,Buen Tiempo,S/D,S/D,Otro,Ninguna,S/D,"Cordón divisorio,Vegetación",Sin restricción
2020,7167,2020-08-20,Jueves,,,0.0,1,Moto/Ciclomotor,Rivarola 7300,2,2,0,0,0,0,0,"-32.965974608509,-60.719142077724",Calle,,ROSARIO,Rosario,Asfalto,No existe,II,Dentro,Urbana,Semáforo,Funciona,Intersección,Bueno,Buena,S/D,Buen Tiempo,S/D,S/D,Otro,Ninguna,Vertical,Ninguna,Sin restricción
2020,7168,2020-08-21,Viernes,00:05:00,Autopista Nacional A008,0.0,1,Moto/Ciclomotor,Av. Circunvalacion ,1,0,1,0,0,0,0,"-32.889890670776325,-60.71677923202",Autopista,A008,ROSARIO,Rosario,Asfalto,Pavimento,II,Dentro,Urbana,S/D,No existe,Recta,Bueno,Buena,Nocturna,Buen Tiempo,S/D,S/D,Otro,Ninguna,S/D,"Guardarrail,Línea divisoria pintada",Sin restricción
2020,7169,2020-08-21,Viernes,00:05:00,,0.0,2,"Bicicleta,Automóvil",Pte.Quintana Y Rodriguez,2,1,0,0,0,0,1,"-32.978823479484,-60.667833145464",Calle,,ROSARIO,Rosario,Asfalto,No existe,II,Dentro,Urbana,Ninguna,No existe,Intersección,Bueno,Buena,Diurna,Buen Tiempo,S/D,S/D,Colisión,Ninguna,Faltante,Ninguna,Sin restricción
2020,7170,2020-08-20,Jueves,15:30:00,,0.0,1,Moto/Ciclomotor,Barra ,1,1,0,0,0,0,0,"-32.97117690143,-60.705598655634",Calle,,ROSARIO,Rosario,Asfalto,No existe,II,Dentro,Urbana,S/D,S/D,Intersección,Bueno,Buena,Diurna,Buen Tiempo,S/D,S/D,Otro,Ninguna,S/D,S/D,Sin restricción
2020,7171,2020-08-20,Jueves,09:00:00,,0.0,2,"Moto/Ciclomotor,Moto/Ciclomotor",Camilo Aldao ,2,2,0,0,0,0,0,"-32.97606950943,-60.69458658318",Calle,,ROSARIO,Rosario,Asfalto,No existe,II,Dentro,Urbana,S/D,S/D,Intersección,Bueno,Buena,Diurna,Buen Tiempo,S/D,S/D,Colisión,Ninguna,S/D,S/D,Sin restricción
2020,7172,2020-08-18,Martes,06:45:00,,0.0,2,"Otros,Bicicleta",Bv. 27 De Febrero Y Constitucion,2,1,0,0,0,0,1,"-32.961159469405,-60.67900992246",Avenida,,ROSARIO,Rosario,Asfalto,No existe,II,Dentro,Urbana,Semáforo,Funciona,Intersección,Bueno,Buena,Diurna,Buen Tiempo,S/D,Ciclista,Atropello,Ninguna,Vertical,Cordón divisorio,Sin restricción
2020,7173,2020-08-18,Martes,18:20:00,,0.0,2,"Automóvil,Bicicleta",Av. Corrientes Y Dean Funes,2,1,0,0,0,0,1,"-32.974878710355,-60.649702364765",Avenida,,ROSARIO,Rosario,Asfalto,No existe,II,Dentro,Urbana,Ninguna,No existe,Intersección,Bueno,Buena,Atardecer,Buen Tiempo,S/D,S/D,Colisión,Ninguna,Faltante,Ninguna,Sin restricción
2020,7174,2020-08-17,Lunes,21:15:00,,0.0,1,Moto/Ciclomotor,Aurora Y Crespo,1,1,0,0,0,0,0,"-32.999562063446,-60.680701592071",Calle,,ROSARIO,Rosario,Asfalto,No existe,II,Dentro,Urbana,Ninguna,No existe,Intersección,Bueno,Buena,Diurna,Buen Tiempo,S/D,S/D,Otro,Ninguna,Faltante,Ninguna,Sin restricción
2020,7175,2020-08-17,Lunes,00:05:00,,0.0,2,"Otros,Bicicleta",Alsina Y Virasoro,2,1,0,0,0,0,1,"-32.96304001783,-60.682325878417",Calle,,ROSARIO,Rosario,Asfalto,No existe,II,Dentro,Urbana,Ninguna,No existe,Intersección,Bueno,Buena,Diurna,Buen Tiempo,S/D,S/D,Colisión,Ninguna,Faltante,Ninguna,Sin restricción
2020,7176,2020-08-17,Lunes,22:00:00,,0.0,2,"Otros,Peatón",Av. Eva Peron Y Garzon,2,1,0,0,0,0,1,"-32.934202166397,-60.70596549482",Avenida,,ROSARIO,Rosario,Asfalto,No existe,II,Dentro,Urbana,Semáforo,Funciona,Intersección,Bueno,Buena,Diurna,Buen Tiempo,S/D,Peatón,Atropello,Ninguna,"Horizontal,Vertical","Cordón divisorio,Línea divisoria pintada",Sin restricción
2020,7177,2020-08-17,Lunes,16:30:00,,0.0,1,Moto/Ciclomotor,Av. Battle y Ordo�ez Y Bv. Avellaneda,1,1,0,0,0,0,0,"-33.010086349922,-60.689433158117",Avenida,,ROSARIO,Rosario,Asfalto,No existe,II,Dentro,Urbana,Otra Señal,No existe,Intersección,Bueno,Buena,Diurna,Buen Tiempo,S/D,S/D,Otro,Ninguna,Vertical,Ninguna,Sin restricción
2020,7178,2020-08-17,Lunes,20:00:00,,0.0,1,Moto/Ciclomotor, ,1,1,0,0,0,0,0,"-32.91602079963969,-60.811209996558",S/D,,FUNES,Rosario,S/D,S/D,II,Dentro,S/D,S/D,S/D,Intersección,S/D,Buena,Nocturna,Buen Tiempo,S/D,S/D,Otro,Ninguna,S/D,S/D,Sin restricción
2020,7179,2020-08-17,Lunes,17:00:00,,0.0,2,"Automóvil,Moto/Ciclomotor",Bv. Avellaneda Y Dr.Rivas,2,1,0,0,0,0,1,"-32.976338435113,-60.688405503508",Avenida,,ROSARIO,Rosario,Asfalto,No existe,II,Dentro,Urbana,Ninguna,No existe,Intersección,Bueno,Buena,Diurna,Buen Tiempo,S/D,S/D,Colisión,Ninguna,Faltante,Cordón divisorio,Sin restricción
2020,7180,2020-08-16,Domingo,20:00:00,,0.0,2,"Otros,Bicicleta",Biedma ,2,0,1,0,0,0,1,"-32.973919724351,-60.688638867693",Calle,,ROSARIO,Rosario,Asfalto,No existe,II,Dentro,Urbana,S/D,S/D,Recta,Bueno,Buena,Nocturna,Buen Tiempo,S/D,Ciclista,Atropello,Ninguna,S/D,S/D,Sin restricción
2020,7181,2020-08-11,Martes,19:00:00,,0.0,1,Moto/Ciclomotor,Av. Castro Barros ,1,1,0,0,0,0,0,"-33.001887771878,-60.629457132692",Avenida,,ROSARIO,Rosario,Asfalto,No existe,II,Dentro,Urbana,S/D,S/D,Intersección,Bueno,Buena,Atardecer,Buen Tiempo,S/D,S/D,Otro,Ninguna,S/D,S/D,Sin restricción
2020,7182,2020-08-15,Sabado,19:30:00,,0.0,1,Moto/Ciclomotor,Dr.Rivas Y San Martin,1,1,0,0,0,0,0,"-32.984076443072,-60.64519298032",Calle,,ROSARIO,Rosario,Asfalto,No existe,II,Dentro,Urbana,Semáforo,Funciona,Intersección,Bueno,Buena,Atardecer,Buen Tiempo,S/D,S/D,Otro,Ninguna,"Horizontal,Vertical","Cordón divisorio,Vegetación,Línea divisoria pintada",Sin restricción
2020,7183,2020-08-16,Domingo,00:05:00,,0.0,1,Moto/Ciclomotor,Ituzaingo Y Liniers,1,1,0,0,0,0,0,"-32.951807168661,-60.698092848154",Calle,,ROSARIO,Rosario,Asfalto,No existe,II,Dentro,Urbana,Ninguna,No existe,Intersección,Bueno,Buena,Diurna,Buen Tiempo,S/D,S/D,Otro,Ninguna,Faltante,Ninguna,Sin restricción
2020,7184,2020-08-15,Sabado,18:00:00,,0.0,1,Moto/Ciclomotor,Camilo Aldao 1800,2,2,0,0,0,0,0,"-32.949331201905,-60.695622724347",Calle,,ROSARIO,Rosario,Asfalto,No existe,II,Dentro,Urbana,Ninguna,No existe,Intersección,Bueno,Buena,Diurna,Buen Tiempo,S/D,S/D,Otro,Ninguna,Faltante,Ninguna,Sin restricción
2020,7185,2020-08-15,Sabado,14:30:00,,0.0,1,Moto/Ciclomotor,Pasco Y San Martin,1,1,0,0,0,0,0,"-32.959830875752,-60.639986235476",Calle,,ROSARIO,Rosario,Asfalto,No existe,II,Dentro,Urbana,Señal Pare,No existe,Intersección,Bueno,Buena,Diurna,Buen Tiempo,S/D,S/D,Otro,Ninguna,"Horizontal,Vertical",Ninguna,Sin restricción
2020,7186,2020-08-15,Sabado,17:00:00,,0.0,2,"Moto/Ciclomotor,Moto/Ciclomotor",Matienzo Y Mendoza,2,2,0,0,0,0,0,"-32.941667307822,-60.694631439793",Calle,,ROSARIO,Rosario,Asfalto,No existe,II,Dentro,Urbana,Semáforo,Funciona,Intersección,Bueno,Buena,Diurna,Buen Tiempo,S/D,S/D,Colisión,Ninguna,"Horizontal,Vertical",Línea divisoria pintada,Sin restricción
2020,7187,2020-08-15,Sabado,15:20:00,,0.0,1,Automóvil,Ayala Gauna Y Donado,1,1,0,0,0,0,0,"-32.912327817297,-60.728220808467",Calle,,ROSARIO,Rosario,Asfalto,No existe,II,Dentro,Urbana,Ninguna,No existe,Intersección,Bueno,Buena,Diurna,Buen Tiempo,S/D,S/D,Otro,Ninguna,Faltante,Cordón divisorio,Sin restricción
2020,7188,2020-08-15,Sabado,00:05:00,,0.0,1,Moto/Ciclomotor,Pte.Quintana Y Pte.Roca,1,1,0,0,0,0,0,"-32.981264962205,-60.654209878768",Calle,,ROSARIO,Rosario,Asfalto,No existe,II,Dentro,Urbana,Ninguna,No existe,Intersección,Bueno,Buena,Diurna,Buen Tiempo,S/D,S/D,Otro,Ninguna,Faltante,Ninguna,Sin restricción
2020,7190,2020-08-14,Viernes,18:00:00,,0.0,2,"Bicicleta,Otros", ,2,1,0,0,0,0,1,"-32.95817760227484,-60.666264034822",S/D,,ROSARIO,Rosario,S/D,S/D,II,Dentro,Urbana,S/D,S/D,S/D,S/D,Buena,Diurna,Buen Tiempo,S/D,Ciclista,Atropello,Ninguna,S/D,S/D,Sin restricción
2020,7191,2020-08-14,Viernes,20:00:00,,0.0,1,Automóvil,Cullen Y San Lorenzo,1,1,0,0,0,0,0,"-32.934428445457,-60.709395244773",Calle,,ROSARIO,Rosario,Asfalto,No existe,II,Dentro,Urbana,Ninguna,No existe,Intersección,Bueno,Buena,Nocturna,Buen Tiempo,Contra objeto fijo,S/D,Colisión,Ninguna,Faltante,Ninguna,Sin restricción
2020,7192,2020-08-13,Jueves,23:15:00,,0.0,1,Automóvil,Cafferata Y Ituzaingo,1,1,0,0,0,0,0,"-32.954844945883,-60.674556661704",Calle,,ROSARIO,Rosario,Asfalto,No existe,II,Dentro,Urbana,Ninguna,No existe,Intersección,Bueno,Buena,Diurna,Buen Tiempo,Contra objeto fijo,S/D,Colisión,Ninguna,Faltante,Ninguna,Sin restricción
2020,7193,2020-08-13,Jueves,23:15:00,,0.0,2,"Automóvil,Automóvil", ,2,1,0,0,0,0,1,"-32.86139945413806,-60.701401687759",S/D,,GRANADERO BAIGORRIA,Rosario,S/D,S/D,II,S/D,S/D,S/D,S/D,S/D,S/D,Buena,Nocturna,Buen Tiempo,S/D,S/D,Colisión,Ninguna,S/D,S/D,Sin restricción
2020,7194,2020-08-13,Jueves,20:30:00,,0.0,2,"Moto/Ciclomotor,Moto/Ciclomotor",J. B. JUSTO Y JUAN PABLO II,2,2,0,0,0,0,0,"-32.915174611041,-60.723160290229",Calle,,ROSARIO,Rosario,Asfalto,No existe,II,Dentro,Urbana,Semáforo,Funciona,Intersección,Bueno,Buena,Nocturna,Buen Tiempo,S/D,S/D,Colisión,Ninguna,Vertical,Ninguna,Sin restricción
2020,7195,2020-08-12,Miercoles,20:00:00,,0.0,2,"Moto/Ciclomotor,Moto/Ciclomotor",Callao Y Coulin,2,1,0,0,0,0,1,"-32.987757323864,-60.671517986941",Calle,,ROSARIO,Rosario,Asfalto,No existe,II,Dentro,Urbana,Ninguna,No existe,Intersección,Bueno,Buena,Diurna,Buen Tiempo,S/D,S/D,Colisión,Ninguna,Faltante,Ninguna,Sin restricción
2020,7196,2020-08-12,Miercoles,18:00:00,,0.0,1,Moto/Ciclomotor, ,1,1,0,0,0,0,0,"-32.95817760227484,-60.666264034822",S/D,,ROSARIO,Rosario,S/D,S/D,II,S/D,S/D,S/D,S/D,S/D,S/D,Buena,Atardecer,Buen Tiempo,S/D,S/D,Otro,Ninguna,S/D,S/D,S/D
2020,7197,2020-08-12,Miercoles,13:00:00,,0.0,2,"Otros,Bicicleta",Cerrito Y Italia,2,1,0,0,0,0,1,"-32.960127866368,-60.651760434492",Calle,,ROSARIO,Rosario,Asfalto,No existe,II,Dentro,Urbana,Ninguna,No existe,Intersección,Bueno,Buena,Diurna,Buen Tiempo,S/D,Ciclista,Atropello,Ninguna,Faltante,Ninguna,Sin restricción
2020,7198,2020-08-02,Domingo,01:16:00,,0.0,1,Moto/Ciclomotor,Dr.Maradona Y Roullon,1,1,0,0,0,0,0,"-32.979594030864,-60.700726660612",Calle,,ROSARIO,Rosario,Asfalto,No existe,II,Dentro,Urbana,Ninguna,No existe,Intersección,Bueno,S/D,"Nocturna,Con luz artificial",S/D,S/D,S/D,Otro,Ninguna,Faltante,Cordón divisorio,Sin restricción
2020,7199,2020-08-02,Domingo,16:30:00,,0.0,1,Pickup/Utilitario, ,2,1,0,0,0,0,1,"-32.95817760227484,-60.666264034822",S/D,,ROSARIO,Rosario,S/D,S/D,II,S/D,S/D,S/D,S/D,S/D,S/D,S/D,Diurna,S/D,S/D,S/D,Colisión,S/D,S/D,S/D,S/D
2020,7200,2020-08-03,Lunes,14:33:00,,0.0,1,Moto/Ciclomotor, ,1,1,0,0,0,0,0,"-32.95817760227484,-60.666264034822",S/D,,ROSARIO,Rosario,S/D,S/D,II,S/D,S/D,S/D,S/D,S/D,S/D,S/D,Diurna,S/D,S/D,S/D,Otro,S/D,S/D,S/D,S/D
2020,7201,2020-08-03,Lunes,19:15:00,Autopista Nacional A008,0.0,1,Moto/Ciclomotor,Av. Circunvalacion Y Av. Pellegrini,2,1,1,0,0,0,0,"-32.948856353759766,-60.72220802307",Autopista,A008,ROSARIO,Rosario,Asfalto,Pavimento,II,Dentro,Urbana,Ninguna,No existe,Recta,Bueno,S/D,Atardecer,S/D,S/D,S/D,Otro,Ninguna,Horizontal,"Barrera de alto impacto,Línea divisoria pintada",Sin restricción
2020,7202,2020-08-03,Lunes,21:50:00,,0.0,1,Moto/Ciclomotor,Bv. Segui Y Fraga,1,1,0,0,0,0,0,"-32.970847940647,-60.709187132732",Avenida,,ROSARIO,Rosario,Asfalto,No existe,II,Dentro,Urbana,Ninguna,No existe,Intersección,Bueno,S/D,"Nocturna,Con luz artificial",S/D,S/D,S/D,Otro,Ninguna,Faltante,Cordón divisorio,Sin restricción
2020,7203,2020-08-04,Martes,06:00:00,,0.0,2,"Peatón,Otros",Castellanos ,2,1,0,0,0,0,1,"-32.948675745703,-60.677266675",S/D,,ROSARIO,Rosario,Asfalto,S/D,II,S/D,S/D,S/D,S/D,S/D,Bueno,S/D,Amanecer,S/D,S/D,Peatón,Atropello,S/D,S/D,S/D,S/D
2020,7204,2020-08-04,Martes,09:30:00,,0.0,1,Automóvil,San Luis Y Valparaiso,1,1,0,0,0,0,0,"-32.941194020183,-60.682491993186",Calle,,ROSARIO,Rosario,Asfalto,No existe,II,Dentro,Urbana,Ninguna,No existe,Intersección,Bueno,S/D,Diurna,S/D,S/D,S/D,Otro,Ninguna,Faltante,Ninguna,Sin restricción
2020,7205,2020-08-04,Martes,11:00:00,,0.0,1,Moto/Ciclomotor, ,1,1,0,0,0,0,0,"-33.02382007758386,-60.640608128941",S/D,,VILLA GOBERNADOR GÁLVEZ,Rosario,S/D,S/D,II,S/D,S/D,S/D,S/D,S/D,S/D,S/D,Diurna,S/D,S/D,S/D,Otro,S/D,S/D,S/D,S/D
2020,7206,2020-08-04,Martes,13:50:00,,0.0,1,Moto/Ciclomotor,Av. Pellegrini Y Crespo,1,1,0,0,0,0,0,"-32.951818121869,-60.670948896831",Avenida,,ROSARIO,Rosario,Asfalto,No existe,II,Dentro,Urbana,Semáforo,Funciona,Intersección,Bueno,S/D,Diurna,S/D,S/D,S/D,Otro,Ninguna,"Horizontal,Vertical",Cordón divisorio,Sin restricción
2020,7207,2020-08-04,Martes,21:00:00,,0.0,1,Moto/Ciclomotor,J.J.Paso ,1,1,0,0,0,0,0,"-32.91947613835,-60.687491173228",Calle,,ROSARIO,Rosario,Asfalto,S/D,II,S/D,Urbana,S/D,S/D,S/D,S/D,S/D,"Nocturna,Con luz artificial",S/D,S/D,S/D,Otro,S/D,S/D,S/D,S/D
2020,7208,2020-08-04,Martes,,,0.0,1,Moto/Ciclomotor,Av. Uriburu 2600,1,1,0,0,0,0,0,"-32.991365439737,-60.671506686204",Avenida,,ROSARIO,Rosario,Asfalto,No existe,II,Dentro,Urbana,Paso Peatonal,No existe,Recta,Bueno,S/D,"Nocturna,Con luz artificial",S/D,S/D,S/D,Otro,Ninguna,Horizontal,Cordón divisorio,Sin restricción
2020,7209,2020-08-05,Miercoles,14:35:00,,0.0,1,Moto/Ciclomotor,Garzon Y Gorriti,1,1,0,0,0,0,0,"-32.924156908021,-60.706326398845",Calle,,ROSARIO,Rosario,Asfalto,No existe,II,Dentro,Urbana,Ninguna,No existe,Intersección,Bueno,S/D,Diurna,S/D,S/D,S/D,Otro,Ninguna,Faltante,Ninguna,Sin restricción