anio_acci,nro_acci,fecha,desc_dia,hora_aprox,desc_ruta,km,cant_participantes,desc_participante,calle_avenida_km,total,heridos_leves,heridos_graves,heridos_gravisimos,ilesos,fallecidos,sin_datos,posicion_XY,desc_tipo_via,desc_ruta_ori,desc_loc,desc_dpto,desc_tipo_calzada,desc_tipo_banquina,desc_unidad_regional,desc_lugar_calzada,desc_zona,desc_prioridad,desc_estado_semaforo,desc_lugar_via,desc_estado_via,desc_estado_visibilidad,desc_luminosidad,desc_estado_clima,desc_tipo_colision,desc_tipo_atropello,desc_tipo_hecho,desc_pres_calzada,desc_senializacion,desc_separacion_via,desc_restriccion
2020,7492,2020-12-20,Domingo,22:00:00,,0.0,2,"Moto/Ciclomotor,Taxi/Remis",Dorrego Y Montevideo,2,1,0,0,1,0,0,"-32.95415, -60.65166",Calle,,ROSARIO,Rosario,S/D,S/D,II,S/D,Urbana,S/D,S/D,Intersección,S/D,S/D,Nocturna,S/D,S/D,S/D,Colisión,S/D,S/D,S/D,S/D
2020,7493,2020-12-23,Miercoles,23:30:00,,0.0,2,"Peatón,Moto/Ciclomotor",Pje. Ancaste 3464,2,1,0,0,1,0,0,"-32.97004, -60.68769",Calle,,ROSARIO,Rosario,S/D,S/D,II,S/D,Urbana,S/D,S/D,Recta,S/D,S/D,Nocturna,S/D,S/D,Peatón,Atropello,S/D,S/D,S/D,S/D
2020,7494,2020-04-13,Lunes,16:30:00,,0.0,2,"Moto/Ciclomotor,Otros",Cristobal Colon Y Juarez Celman,3,1,0,0,2,0,0,"-33.157583761006,-60.504265217817",Calle,,ARROYO SECO,Rosario,Asfalto,No existe,II,Dentro,Urbana,Ninguna,No existe,Intersección,Bueno,Buena,Diurna,Buen Tiempo,Lateral,S/D,Colisión,Ninguna,Faltante,Ninguna,Sin restricción
2020,7495,2020-12-20,Domingo,,,0.0,2,"Moto/Ciclomotor,Automóvil",Boulevard Lisandro de la Torre Y General Jose de San Martin,4,1,0,0,3,0,0,"-33.0475, -61.16944",Calle,,CASILDA,Caseros,S/D,S/D,IV,S/D,Urbana,S/D,S/D,Intersección,S/D,S/D,S/D,S/D,S/D,S/D,Colisión,S/D,S/D,S/D,S/D
2020,7496,2020-03-07,Sabado,21:00:00,,0.0,1,Moto/Ciclomotor, ,1,0,0,0,0,1,0,"-32.951813801097295, -60.6582026986",S/D,,ROSARIO,Rosario,S/D,S/D,II,S/D,S/D,S/D,S/D,S/D,S/D,S/D,Nocturna,S/D,S/D,S/D,S/D,S/D,S/D,S/D,S/D
2020,7497,2020-12-20,Domingo,20:50:00,,0.0,2,"Moto/Ciclomotor,Moto/Ciclomotor",Boulevard Lisandro de la Torre Y Cornelio Saavedra,3,2,0,0,1,0,0,"-33.05355, -61.18097",Calle,,CASILDA,Caseros,S/D,S/D,IV,S/D,Urbana,S/D,S/D,Intersección,S/D,S/D,Nocturna,S/D,S/D,S/D,Colisión,S/D,S/D,S/D,S/D
2020,7498,2020-12-20,Domingo,20:00:00,,0.0,2,"Moto/Ciclomotor,Moto/Ciclomotor",Av L de la Torre-Ruta Nac 11 2587,3,2,1,0,0,0,0,"-31.981481874294,-60.928582788598",Avenida,,CORONDA,San JERÓNIMO,S/D,S/D,XV,S/D,Urbana,S/D,S/D,Recta,S/D,S/D,Nocturna,S/D,S/D,S/D,Colisión,S/D,S/D,S/D,S/D
2020,7499,2020-12-20,Domingo,18:00:00,Autopista Provincial Brigadier E.LÓPEZ,16.0,1,Automóvil, ,2,0,1,1,0,0,0,"-32.74717, -60.75998",Autopista,Brigadier E.LÓPEZ,SAN LORENZO,San Lorenzo,S/D,S/D,XVII,S/D,Urbana,S/D,S/D,Recta,S/D,S/D,Atardecer,S/D,S/D,S/D,Despiste,S/D,S/D,S/D,S/D
2020,7500,2020-12-21,Lunes,04:20:00,,0.0,2,"Moto/Ciclomotor,Automóvil",Av. Arijon Y Balcarce,3,2,0,0,1,0,0,"-33.00348, -60.66334",Avenida,,ROSARIO,Rosario,S/D,S/D,II,S/D,Urbana,S/D,S/D,Intersección,S/D,S/D,Nocturna,S/D,S/D,S/D,Colisión,S/D,S/D,S/D,S/D
2020,7501,2020-12-21,Lunes,00:30:00,,0.0,3,"Moto/Ciclomotor,Automóvil,Bicicleta",Av. Pte.Peron Y Servando Bayo,6,5,0,0,1,0,0,"-32.95832, -60.68967",Avenida,,ROSARIO,Rosario,S/D,S/D,II,S/D,Urbana,S/D,S/D,Intersección,S/D,S/D,Nocturna,S/D,Múltiple,Ciclista,"Colisión,Atropello",S/D,S/D,S/D,S/D
2020,7502,2020-12-21,Lunes,,,0.0,2,"Bicicleta,Automóvil", ,2,1,0,0,1,0,0,"-31.44898, -60.93036",S/D,,ESPERANZA,Las Colonias,S/D,S/D,XI,S/D,S/D,S/D,S/D,Intersección,S/D,S/D,S/D,S/D,S/D,Ciclista,Atropello,S/D,S/D,S/D,S/D
2020,7503,2020-12-21,Lunes,04:35:00,,0.0,2,"Moto/Ciclomotor,Pickup/Utilitario",Mariano Moreno Y Rivadavia,3,1,0,0,2,0,0,"-31.97615, -60.91829",Calle,,CORONDA,San JERÓNIMO,S/D,S/D,XV,S/D,Urbana,S/D,S/D,Intersección,S/D,S/D,Nocturna,S/D,S/D,S/D,Colisión,S/D,S/D,S/D,S/D
2020,7504,2020-12-21,Lunes,05:25:00,Ruta Secundaria 40-s,61.0,1,Moto/Ciclomotor, ,1,0,0,0,0,0,1,"-32.22514, -61.57187",Ruta,40-s,EL TRÉBOL,San MARTÍN,S/D,S/D,XVIII,S/D,Rural,S/D,S/D,Recta,S/D,S/D,Nocturna,S/D,S/D,S/D,Cañda ocupante,S/D,S/D,S/D,S/D
2020,7506,2020-12-22,Martes,,,0.0,2,"Automóvil,Automóvil",Mariano Moreno 1600,2,1,0,0,1,0,0,"-33.0516, -61.16774",Calle,,CASILDA,Caseros,S/D,S/D,IV,S/D,Urbana,S/D,S/D,Recta,S/D,S/D,S/D,S/D,S/D,S/D,Colisión,S/D,S/D,S/D,S/D
2020,7507,2020-12-22,Martes,20:45:00,,0.0,1,Moto/Ciclomotor,Calle 14 300,1,1,0,0,0,0,0,"-31.823737385972,-62.108324132169",Calle,,LAS PETACAS,San MARTÍN,S/D,S/D,XVIII,S/D,Urbana,S/D,S/D,Recta,S/D,S/D,Nocturna,S/D,Atropello animal,S/D,Colisión,S/D,S/D,S/D,S/D
2020,7508,2020-12-23,Miercoles,08:45:00,,0.0,2,"Automóvil,Automóvil",Pellegrini Y E Bordabhere,2,1,0,0,1,0,0,"-32.37378, -61.35163",Calle,,SAN GENARO,San JERÓNIMO,S/D,S/D,XV,S/D,Urbana,S/D,S/D,Intersección,S/D,S/D,Diurna,S/D,S/D,S/D,Colisión,S/D,S/D,S/D,S/D
2020,7509,2020-12-17,Jueves,07:20:00,Ruta Secundaria 4-s,86.0,2,"Moto/Ciclomotor,Camión", ,2,1,0,0,1,0,0,"-33.79013, -61.9805",Ruta,4-s,VENADO TUERTO,General LÓPEZ,S/D,S/D,VIII,S/D,Rural,S/D,S/D,Recta,S/D,S/D,Amanecer,S/D,S/D,S/D,Colisión,S/D,S/D,S/D,S/D
2020,7510,2020-12-17,Jueves,02:20:00,Ruta Nacional 11,19.0,1,Pickup/Utilitario, ,1,1,0,0,0,0,0,"-32.71787, -60.75356",Ruta,11,SAN LORENZO,San Lorenzo,S/D,S/D,XVII,S/D,Urbana,S/D,S/D,Recta,S/D,S/D,Nocturna,S/D,Contra objeto fijo,S/D,Colisión,S/D,S/D,S/D,S/D
2020,7511,2020-12-17,Jueves,23:00:00,,0.0,1,Camión c / Acoplado,Castelli Y San Lorenzo,1,1,0,0,0,0,0,"-32.83271, -61.38491",Calle,,CAÑADA DE GÓMEZ,Iriondo,S/D,S/D,X,S/D,Urbana,S/D,S/D,Curva,S/D,S/D,Nocturna,S/D,S/D,S/D,Vuelco,S/D,S/D,S/D,S/D
2020,7512,2020-12-18,Viernes,00:25:00,,0.0,2,"Bicicleta,Automóvil",Av Dr Luis Chapuis Y Piacenza,2,1,0,0,1,0,0,"-33.73532, -61.9767",Avenida,,VENADO TUERTO,General LÓPEZ,S/D,S/D,VIII,S/D,Urbana,S/D,S/D,Intersección,S/D,S/D,Nocturna,S/D,S/D,Ciclista,Atropello,S/D,S/D,S/D,S/D
2020,7513,2020-12-18,Viernes,23:18:00,,0.0,2,"Moto/Ciclomotor,Automóvil",Guillermo Dimmer Y Dr R Baumann,2,1,0,0,1,0,0,"-33.73338, -61.98046",Calle,,VENADO TUERTO,General LÓPEZ,S/D,S/D,VIII,S/D,Urbana,S/D,S/D,Intersección,S/D,S/D,Nocturna,S/D,S/D,S/D,Colisión,S/D,S/D,S/D,S/D
2020,7514,2020-12-18,Viernes,11:50:00,,0.0,3,"Moto/Ciclomotor,Automóvil,Camión",9 de Julio Y Italia,3,1,0,0,2,0,0,"-33.74164, -61.96159",Calle,,VENADO TUERTO,General LÓPEZ,S/D,S/D,VIII,S/D,Urbana,S/D,S/D,Intersección,S/D,S/D,Diurna,S/D,Múltiple,S/D,Colisión,S/D,S/D,S/D,S/D
2020,7515,2020-12-18,Viernes,08:00:00,,0.0,2,"Moto/Ciclomotor,Camión",Marconi 100,2,1,0,0,1,0,0,"-32.82299, -61.38256",Calle,,CAÑADA DE GÓMEZ,Iriondo,S/D,S/D,X,S/D,Urbana,S/D,S/D,S/D,S/D,S/D,Diurna,S/D,S/D,S/D,Colisión,S/D,S/D,S/D,S/D
2020,7516,2020-12-18,Viernes,22:00:00,,0.0,2,"Automóvil,Pickup/Utilitario",Ocampo Y Nicasio Oro�o,2,1,0,0,1,0,0,"-32.81986, -61.39033",Calle,,CAÑADA DE GÓMEZ,Iriondo,S/D,S/D,X,S/D,Urbana,S/D,S/D,Intersección,S/D,S/D,Nocturna,S/D,S/D,S/D,Colisión,S/D,S/D,S/D,S/D
2020,7517,2020-12-18,Viernes,18:50:00,,0.0,2,"Moto/Ciclomotor,Moto/Ciclomotor",Calle 12 San Martin Y Calle 83,2,1,0,0,1,0,0,"-29.175728566064,-59.646745170757",Calle,,RECONQUISTA,General Obligado,S/D,S/D,IX,S/D,Urbana,S/D,S/D,Intersección,S/D,S/D,Atardecer,S/D,S/D,S/D,Colisión,S/D,S/D,S/D,S/D
2020,7518,2020-12-18,Viernes,22:05:00,,0.0,2,"Moto/Ciclomotor,Automóvil",Calle 47-Islas Malvinas Y Pasaje 46-48,2,1,0,0,1,0,0,"-29.15944, -59.66672",Calle,,RECONQUISTA,General Obligado,S/D,S/D,IX,S/D,Urbana,S/D,S/D,Intersección,S/D,S/D,Nocturna,S/D,S/D,S/D,Colisión,S/D,S/D,S/D,S/D
2020,7519,2020-12-19,Sabado,,Ruta Nacional 34,227.0,2,"Automóvil,Camión", ,4,3,0,0,0,0,1,"-31.19585, -61.49486",Ruta,34,RAFAELA,Castellanos,S/D,S/D,V,S/D,Rural,S/D,S/D,Curva,S/D,S/D,S/D,S/D,S/D,S/D,Colisión,S/D,S/D,S/D,S/D
2020,7520,2020-12-19,Sabado,,,0.0,2,"Moto/Ciclomotor,Camión",Limite de Propiedad ,2,1,0,0,1,0,0,"-30.84765, -61.84798",Calle,,COLONIA BICHA,Castellanos,S/D,S/D,V,S/D,Rural,S/D,S/D,Recta,S/D,S/D,S/D,S/D,S/D,S/D,Colisión,S/D,S/D,S/D,S/D
2020,7521,2020-12-19,Sabado,03:10:00,,0.0,2,"Moto/Ciclomotor,Moto/Ciclomotor",Calle 330 928,2,1,0,0,1,0,0,"-29.10499, -59.64529",Calle,,AVELLANEDA,General Obligado,S/D,S/D,IX,S/D,Urbana,S/D,S/D,Recta,S/D,S/D,Nocturna,S/D,S/D,S/D,Colisión,S/D,S/D,S/D,S/D
2020,7522,2020-12-19,Sabado,23:45:00,,0.0,2,"Pickup/Utilitario,Camión",Calle 8-Chacabuco Y Calle 21-Gdor. iriondo,2,2,0,0,0,0,0,"-29.14811, -59.6404",Calle,,RECONQUISTA,General Obligado,S/D,S/D,IX,S/D,Urbana,S/D,S/D,Intersección,S/D,S/D,Nocturna,S/D,S/D,S/D,Colisión,S/D,S/D,S/D,S/D
2020,7523,2020-12-19,Sabado,03:50:00,,0.0,1,Automóvil,Calle 4-Fray Antonio Rossi Y Calle 71-Nicaragua,3,1,0,0,2,0,0,"-29.17196, -59.64095",Calle,,RECONQUISTA,General Obligado,S/D,S/D,IX,S/D,Urbana,S/D,S/D,Intersección,S/D,S/D,Nocturna,S/D,S/D,S/D,Despiste,S/D,S/D,S/D,S/D
2020,7524,2020-12-19,Sabado,15:30:00,Ruta Nacional 11,315.0,1,Automóvil, ,4,4,0,0,0,0,0,"-30.27789, -60.37944",Ruta,11,GOBERNADOR CRESPO,San Justo,S/D,S/D,XVI,S/D,Rural,S/D,S/D,Recta,S/D,S/D,Diurna,S/D,S/D,S/D,Vuelco,S/D,S/D,S/D,S/D
2020,7525,2020-12-19,Sabado,20:00:00,Ruta Provincial 70,19.0,1,Moto/Ciclomotor, ,1,1,0,0,0,0,0,"-31.4458, -60.91565",Ruta,70,ESPERANZA,Las Colonias,S/D,S/D,XI,S/D,Urbana,S/D,S/D,Rotonda,S/D,S/D,Nocturna,S/D,Contra objeto fijo,S/D,Colisión,S/D,S/D,S/D,S/D
2020,7526,2020-12-20,Domingo,,,0.0,2,"Pickup/Utilitario,Moto/Ciclomotor",Colon Y Juan B Justo,3,0,2,0,1,0,0,"-31.25889, -61.49452",Calle,,RAFAELA,Castellanos,S/D,S/D,V,S/D,Urbana,S/D,S/D,Intersección,S/D,S/D,Diurna,S/D,S/D,S/D,Colisión,S/D,S/D,S/D,S/D
2020,7527,2020-12-20,Domingo,,Ruta Provincial 70,114.0,2,"Moto/Ciclomotor,Moto/Ciclomotor", ,5,1,0,0,4,0,0,"-31.1996, -61.83516",Ruta,70,VILA,Castellanos,S/D,S/D,V,S/D,Urbana,S/D,S/D,Cruce,S/D,S/D,S/D,S/D,S/D,S/D,Colisión,S/D,S/D,S/D,S/D
2020,7528,2020-12-20,Domingo,19:00:00,,0.0,2,"Moto/Ciclomotor,Automóvil",Iturraspe Y Av Pte Peron,2,0,0,1,1,0,0,"-31.62543, -60.71877",Avenida,,SANTA FE,La Capital,S/D,S/D,I,S/D,Urbana,S/D,S/D,Intersección,S/D,S/D,Atardecer,S/D,S/D,S/D,Colisión,S/D,S/D,S/D,S/D
2020,7529,2020-12-28,Lunes,,,0.0,2,"Moto/Ciclomotor,Automóvil",Av Brasil Y B Geuna,2,1,0,0,1,0,0,"-31.24506, -61.47956",Avenida,,ROSARIO,Rosario,S/D,S/D,II,S/D,Urbana,S/D,S/D,Intersección,S/D,S/D,S/D,S/D,S/D,S/D,Colisión,S/D,S/D,S/D,S/D
2020,7530,2020-12-21,Lunes,,,0.0,2,"Moto/Ciclomotor,Pickup/Utilitario",Bv G L Lhemann Y San Martin,2,0,1,0,1,0,0,"-31.25175, -61.49136",Calle,,RAFAELA,Castellanos,S/D,S/D,V,S/D,Urbana,S/D,S/D,Intersección,S/D,S/D,Atardecer,S/D,S/D,S/D,Colisión,S/D,S/D,S/D,S/D
2020,7531,2020-12-21,Lunes,,,0.0,2,"Pickup/Utilitario,Moto/Ciclomotor",Antonio Podio Y Bv Pte Roca,2,1,0,0,1,0,0,"-31.24942, -61.51198",Avenida,,RAFAELA,Castellanos,S/D,S/D,V,S/D,Urbana,S/D,S/D,Intersección,S/D,S/D,S/D,S/D,S/D,S/D,Colisión,S/D,S/D,S/D,S/D
2020,7532,2020-12-21,Lunes,,,0.0,2,"Moto/Ciclomotor,Automóvil",Juan Se�or Y Emilio Se�or,2,1,0,0,1,0,0,"-31.70074, -61.56442",Calle,,SAN VICENTE.,Castellanos,S/D,S/D,V,S/D,Urbana,S/D,S/D,Intersección,S/D,S/D,S/D,S/D,S/D,S/D,Colisión,S/D,S/D,S/D,S/D
2020,7533,2020-10-01,Jueves,04:55:00,,0.0,2,"Moto/Ciclomotor,Moto/Ciclomotor",Simon de Iriondo Y Almafuerte,2,1,0,0,0,1,0,"-31.4404,-60.9278",Calle,,ESPERANZA,Las Colonias,Asfalto,No existe,XI,Dentro,Rural,Ninguna,No existe,Intersección,Bueno,Buena,Nocturna,Buen Tiempo,S/D,S/D,Colisión,Ninguna,Horizontal,Cordón divisorio,Sin restricción
2020,7534,2020-10-05,Lunes,18:40:00,,0.0,2,"Moto/Ciclomotor,Moto/Ciclomotor",Moreno Y Av Rosario,2,1,0,0,0,1,0,"-32.91609,-60.80834",Calle,,FUNES,Rosario,Asfalto,No existe,II,Dentro,Urbana,Ninguna,No existe,Intersección,Bueno,Buena,Diurna,Buen Tiempo,Frontal,S/D,Colisión,Ninguna,Faltante,Ninguna,Sin restricción
2020,7535,2020-12-21,Lunes,11:50:00,,0.0,2,"Moto/Ciclomotor,Automóvil",Calle 12 San Martin Y Calle 31-Newbery,2,1,0,0,1,0,0,"-29.1532, -59.6436",Calle,,RECONQUISTA,General Obligado,S/D,S/D,IX,S/D,Urbana,S/D,S/D,Intersección,S/D,S/D,Diurna,S/D,S/D,S/D,Colisión,S/D,S/D,S/D,S/D
2020,7536,2020-12-21,Lunes,12:00:00,,0.0,2,"Automóvil,Pickup/Utilitario",Calle 18 Y Calle 5,2,1,0,0,1,0,0,"-29.11469, -59.65441",Calle,,AVELLANEDA,General Obligado,S/D,S/D,IX,S/D,Urbana,S/D,S/D,Intersección,S/D,S/D,Diurna,S/D,S/D,S/D,Colisión,S/D,S/D,S/D,S/D
2020,7537,2020-12-22,Martes,07:00:00,,0.0,2,"Moto/Ciclomotor,Pickup/Utilitario",Calle 25 Y Calle 16,3,2,0,0,1,0,0,"-28.35109, -59.25511",Calle,,LAS TOSCAS,General Obligado,S/D,S/D,IX,S/D,Urbana,S/D,S/D,Intersección,S/D,S/D,Amanecer,S/D,S/D,S/D,Colisión,S/D,S/D,S/D,S/D
2020,7538,2020-12-22,Martes,07:00:00,,0.0,2,"Moto/Ciclomotor,Automóvil",F. E. Constanzi Y F. A. Rossi,2,1,0,0,1,0,0,"-28.38858, -59.26373",Calle,,SAN ANTONIO DE OBLIGADO,General Obligado,S/D,S/D,IX,S/D,Urbana,S/D,S/D,Intersección,S/D,S/D,Diurna,S/D,S/D,S/D,Colisión,S/D,S/D,S/D,S/D
2020,7539,2020-12-22,Martes,,Ruta Secundaria 40-s,1.0,1,Moto/Ciclomotor, ,1,1,0,0,0,0,0,"-29.15315, -59.6718",Ruta,40-s,RECONQUISTA,General Obligado,S/D,S/D,IX,S/D,Urbana,S/D,S/D,Recta,S/D,S/D,S/D,S/D,S/D,S/D,Despiste,S/D,S/D,S/D,S/D
2020,7540,2020-12-23,Miercoles,14:40:00,,0.0,2,"Pickup/Utilitario,Camión c / Semirremolque",Marcos Ciani Y Eduardo Huhn,2,1,0,0,1,0,0,"    -33.73064, -61.99311",Calle,,VENADO TUERTO,General LÓPEZ,S/D,S/D,VIII,S/D,Urbana,S/D,S/D,Intersección,S/D,S/D,Diurna,S/D,S/D,S/D,Colisión,S/D,S/D,S/D,S/D
2020,7541,2020-12-23,Miercoles,12:30:00,,0.0,2,"Moto/Ciclomotor,Automóvil",Marcos Ciani Y Manuel Vicente Manzano,3,3,0,0,0,0,0,"-33.73177, -61.99223",Calle,,VENADO TUERTO,General LÓPEZ,S/D,S/D,VIII,S/D,Urbana,S/D,S/D,Intersección,S/D,S/D,Diurna,S/D,S/D,S/D,Colisión,S/D,S/D,S/D,S/D
2020,7542,2020-12-23,Miercoles,08:50:00,,0.0,2,"Bicicleta,Automóvil",25 de Mayo Y Cornelio Saavedra,2,1,0,0,1,0,0,"-33.74411, -61.96387",Calle,,VENADO TUERTO,General LÓPEZ,S/D,S/D,VIII,S/D,Urbana,S/D,S/D,Intersección,S/D,S/D,Diurna,S/D,S/D,Ciclista,Atropello,S/D,S/D,S/D,S/D
2020,7543,2020-12-23,Miercoles,19:00:00,,0.0,2,"Peatón,Moto/Ciclomotor",Calle 15-Pcio. Diez Y Calle 20-9 de Julio,3,2,0,0,1,0,0,"-29.14407, -59.64734",Calle,,RECONQUISTA,General Obligado,S/D,S/D,IX,S/D,Urbana,S/D,S/D,Intersección,S/D,S/D,Atardecer,S/D,S/D,Peatón,Atropello,S/D,S/D,S/D,S/D
2020,7544,2020-12-23,Miercoles,18:15:00,,0.0,2,"Peatón,Moto/Ciclomotor",Rivadavia 830,2,1,0,0,1,0,0,"-31.73075, -61.09105",Calle,,SAN CARLOS CENTRO,Las Colonias,S/D,S/D,XI,S/D,Urbana,S/D,S/D,Intersección,S/D,S/D,Atardecer,S/D,S/D,Peatón,Atropello,S/D,S/D,S/D,S/D
2020,7545,2020-12-23,Miercoles,,,0.0,2,"Bicicleta,Automóvil", ,2,1,0,0,1,0,0,"-31.44898, -60.93036",S/D,,ESPERANZA,Las Colonias,S/D,S/D,XI,S/D,S/D,S/D,S/D,S/D,S/D,S/D,Diurna,S/D,S/D,Ciclista,Atropello,S/D,S/D,S/D,S/D
2020,7546,2020-12-24,Jueves,10:20:00,Ruta Nacional 33,633.0,1,Automóvil, ,2,2,0,0,0,0,0,"-33.71889, -61.9902",Ruta,33,VENADO TUERTO,General LÓPEZ,S/D,S/D,VIII,S/D,Urbana,S/D,S/D,Recta,S/D,S/D,Diurna,S/D,S/D,S/D,Despiste,S/D,S/D,S/D,S/D
2020,7547,2020-12-24,Jueves,12:10:00,Ruta Nacional 8,354.0,1,Automóvil, ,2,1,0,0,1,0,0,"-33.8165, -61.85935",Ruta,8,VENADO TUERTO,General LÓPEZ,S/D,S/D,VIII,S/D,Rural,S/D,S/D,Recta,S/D,S/D,Diurna,S/D,S/D,S/D,Despiste,S/D,S/D,S/D,S/D
2020,7548,2020-12-18,Viernes,03:50:00,Autopista Provincial Brigadier E.LÓPEZ,130.0,1,Pickup/Utilitario, ,2,2,0,0,0,0,0,"-31.79742, -60.86933",Autopista,Brigadier E.LÓPEZ,SAUCE VIEJO,La Capital,S/D,S/D,I,S/D,Rural,S/D,S/D,Recta,S/D,S/D,Nocturna,S/D,S/D,S/D,Despiste,S/D,S/D,S/D,S/D
2020,7549,2020-12-25,Viernes,16:00:00,,0.0,2,"Bicicleta,Automóvil",R Casabella ,3,1,2,0,0,0,0,"    -31.26238, -61.51062",Calle,,RAFAELA,Castellanos,Asfalto,S/D,III,Dentro,Urbana,S/D,S/D,Intersección,S/D,S/D,Diurna,S/D,S/D,Ciclista,Atropello,S/D,S/D,S/D,S/D
2020,7550,2020-12-25,Viernes,,,0.0,2,"Bicicleta,Moto/Ciclomotor",Calle 108 Y Calle 110,2,1,1,0,0,0,0,"    -31.44393, -62.06898",Calle,,FRONTERA,Castellanos,Asfalto,S/D,V,Dentro,Urbana,S/D,No existe,Intersección,S/D,S/D,S/D,S/D,S/D,Ciclista,Atropello,S/D,S/D,S/D,S/D
2020,7551,2020-12-25,Viernes,,,0.0,1,Automóvil, ,3,3,0,0,0,0,0,"    -30.95712, -61.55047",Camino Rural,,SUNCHALES,Castellanos,Tierra,Natural,V,Dentro,Urbana,S/D,No existe,Recta,S/D,S/D,S/D,S/D,S/D,S/D,Despiste,S/D,S/D,S/D,S/D
2020,7552,2020-12-28,Lunes,,,0.0,2,"Moto/Ciclomotor,Automóvil",San Martin ,2,0,1,0,0,0,1,"-32.95883, -60.693",Calle,,ROSARIO,Rosario,Asfalto,S/D,II,Dentro,Urbana,S/D,S/D,Intersección,S/D,S/D,S/D,S/D,S/D,S/D,Colisión,S/D,S/D,S/D,S/D
2020,7553,2020-12-28,Lunes,,Ruta Nacional 8,0.0,1,Pickup/Utilitario, ,3,3,0,0,0,0,0,"    -33.70642, -62.01268",Ruta,8,VENADO TUERTO,General LÓPEZ,Asfalto,S/D,VIII,Dentro,Rural,S/D,No existe,Curva,S/D,S/D,S/D,S/D,S/D,S/D,Vuelco,S/D,S/D,S/D,S/D
2020,7554,2020-12-30,Miercoles,,,0.0,2,"Automóvil,Moto/Ciclomotor",Ciudad de Esperanza Y Uruguay,2,0,1,0,0,0,1,"    -31.24615, -61.48442",Calle,,RAFAELA,Castellanos,Asfalto,S/D,V,Dentro,Urbana,S/D,No existe,Intersección,S/D,S/D,S/D,S/D,S/D,S/D,Colisión,S/D,S/D,S/D,S/D
2020,7555,2020-12-31,Jueves,,,0.0,2,"Moto/Ciclomotor,Moto/Ciclomotor",Calle 47-Islas Malvinas Y Calle 72,2,1,0,0,1,0,0,"    -29.16232, -59.63962",Calle,,RECONQUISTA,General Obligado,Asfalto,S/D,IX,Dentro,Urbana,S/D,No existe,Intersección,S/D,S/D,S/D,S/D,S/D,S/D,Colisión,S/D,S/D,S/D,S/D
2020,7556,2020-12-29,Martes,,,0.0,2,"Bicicleta,Pickup/Utilitario",Leoncio de la Barrera ,2,1,0,0,1,0,0,"    -33.7359, -61.97927",S/D,,VENADO TUERTO,General LÓPEZ,S/D,S/D,VIII,S/D,S/D,S/D,S/D,Intersección,S/D,S/D,S/D,S/D,S/D,Ciclista,Atropello,S/D,S/D,S/D,S/D
2020,7557,2020-10-08,Jueves,02:40:00,,0.0,1,Automóvil,Av. Pte.Peron Y Av. Provincias Unidas,3,1,1,0,0,1,0,"-32.96974, -60.71502",Avenida,,ROSARIO,Rosario,Asfalto,Pavimento,II,S/D,Urbana,Otra Señal,Funciona,Otro,Bueno,S/D,Nocturna,Buen Tiempo,Contra objeto fijo,S/D,Colisión,S/D,S/D,Ninguna,Sin restricción
2020,7558,2020-10-09,Viernes,01:00:00,Ruta Provincial 1,14.0,3,"Camión c / Semirremolque,Peatón,Peatón",Calle 58 ,3,2,0,0,0,1,0,"    -31.38398, -60.89384",Ruta,1,ARROYO LEYES,La Capital,Asfalto,Natural,II,S/D,Urbana,Ninguna,No existe,Curva,Bueno,Buena,"Nocturna,Con luz artificial",Buen Tiempo,S/D,Peatón,Atropello,Ninguna,"Horizontal,Vertical",Línea divisoria pintada,Sin restricción
2020,7559,2020-10-10,Sabado,21:50:00,Ruta Provincial 6,77.0,1,Moto/Ciclomotor, ,2,0,0,1,0,1,0,"    -31.38398, -60.89384",Ruta,6,NELSON,La Capital,Asfalto,Natural,I,Fuera,Rural,Ninguna,No existe,Puente,Bueno,Reducida,Nocturna,Buen Tiempo,Contra objeto fijo,S/D,Colisión,Ninguna,Vertical,Línea divisoria pintada,Sin restricción
2020,7560,2020-10-11,Domingo,18:30:00,,0.0,2,"Moto/Ciclomotor,Automóvil",R Rodriguez Y Tucuman,3,0,0,0,2,1,0," -32.7199,-60.72829",Calle,,PUERTO SAN MARTÍN,San Lorenzo,Asfalto,No existe,XVII,S/D,Urbana,Ninguna,No existe,Intersección,Bueno,Buena,Diurna,Buen Tiempo,S/D,S/D,Colisión,Ninguna,Horizontal,Ninguna,Sin restricción
2020,7561,2020-10-18,Domingo,22:00:00,,0.0,1,Moto/Ciclomotor,Juan Jose Paso Y Carlos Chapearouge,1,0,0,0,0,1,0,"-31.69059,-60.78255",Calle,,SANTO TOMÉ,La Capital,Asfalto,Natural,I,Dentro,Urbana,Ninguna,No existe,Recta,Resbaladiza,Buena,Nocturna,Buen Tiempo,S/D,S/D,Cañda ocupante,Ninguna,Faltante,Vegetación,Sin restricción
2020,7562,2020-10-19,Lunes,02:10:00,,0.0,1,Moto/Ciclomotor,25 de Mayo ,1,0,0,0,0,1,0,"-30.53645,-61.96096",Calle,,SUARDI,San CRISTÓBAL,Hormigón,Pavimento,XIII,Dentro,Urbana,Ninguna,No existe,Recta,Bueno,S/D,Nocturna,Buen Tiempo,Otro,S/D,Cañda ocupante,Fluidos,Faltante,Ninguna,Sin restricción
2020,7563,2020-10-25,Domingo,05:20:00,,0.0,1,Automóvil,Mendoza Y Mejico,2,1,0,0,0,1,0,"-32.94034,-60.71842",Avenida,,ROSARIO,Rosario,Asfalto,No existe,II,Dentro,Urbana,Paso Peatonal,No existe,Intersección,Resbaladiza,Reducida,Nocturna,Lluvia,Contra objeto fijo,S/D,Colisión,Agua,S/D,Cordón divisorio,Sin restricción
2020,7564,2020-10-25,Domingo,05:30:00,Autopista Nacional A008,20.0,1,Automóvil,San Martin Y Av. Circunvalacion,1,0,0,0,0,1,0,"-33.01669,-60.63383",Autopista,A008,ROSARIO,Rosario,Asfalto,No existe,II,Dentro,Urbana,Ninguna,No existe,Intersección,Bueno,Buena,Nocturna,Buen Tiempo,Contra objeto fijo,S/D,Colisión,Ninguna,Faltante,Línea divisoria pintada,Sin restricción
2020,7565,2020-10-26,Lunes,04:40:00,,0.0,2,"Moto/Ciclomotor,Automóvil",Cervantes Y Av Argentina,2,0,0,0,1,1,0,"-33.00544,-60.61776",Calle,,VILLA GOBERNADOR GÁLVEZ,Rosario,Asfalto,No existe,II,Dentro,Urbana,Ninguna,No existe,Recta,Bueno,Reducida,"Nocturna,Con luz artificial",Buen Tiempo,Frontal,S/D,Colisión,Ninguna,Faltante,Ninguna,Sin restricción
2020,7566,2020-10-29,Jueves,18:20:00,Autopista Nacional A008,21.0,2,"Peatón,Pickup/Utilitario",Av. Circunvalacion Y Ayacucho,4,0,0,0,3,1,0,"-33.01571,-60.63478",Autopista,A008,ROSARIO,Rosario,Asfalto,No existe,II,Dentro,Urbana,Ninguna,No existe,Otro,Bueno,Buena,Diurna,Buen Tiempo,S/D,Peatón,Atropello,Ninguna,Faltante,Guardarrail,Sin restricción