anio_acci,nro_acci,fecha,desc_dia,hora_aprox,desc_ruta,km,cant_participantes,desc_participante,calle_avenida_km,total,heridos_leves,heridos_graves,heridos_gravisimos,ilesos,fallecidos,sin_datos,posicion_XY,desc_tipo_via,desc_ruta_ori,desc_loc,desc_dpto,desc_tipo_calzada,desc_tipo_banquina,desc_unidad_regional,desc_lugar_calzada,desc_zona,desc_prioridad,desc_estado_semaforo,desc_lugar_via,desc_estado_via,desc_estado_visibilidad,desc_luminosidad,desc_estado_clima,desc_tipo_colision,desc_tipo_atropello,desc_tipo_hecho,desc_pres_calzada,desc_senializacion,desc_separacion_via,desc_restriccion
2020,7642,2020-06-16,Martes,22:00:00,,0.0,2,"Moto/Ciclomotor,Moto/Ciclomotor",Gaboto Y Matienzo,2,2,0,0,0,0,0,"-32.964636211808,-60.693752555197",Calle,,ROSARIO,Rosario,Asfalto,No existe,II,Dentro,Urbana,Ninguna,No existe,Intersección,S/D,S/D,Nocturna,S/D,S/D,S/D,Colisión,S/D,Faltante,Ninguna,Sin restricción
2020,7643,2020-06-26,Viernes,18:00:00,,0.0,1,Moto/Ciclomotor,Garay ,1,1,0,0,0,0,0,"-32.966560978863,-60.68927311493",Calle,,ROSARIO,Rosario,S/D,S/D,II,Dentro,Urbana,S/D,S/D,S/D,S/D,S/D,Diurna,S/D,S/D,S/D,Colisión,S/D,S/D,S/D,S/D
2020,7644,2020-06-17,Miercoles,07:30:00,,0.0,1,Moto/Ciclomotor,Mitre 1500,2,2,0,0,0,0,0,"-32.954745634004,-60.641702781909",Calle,,ROSARIO,Rosario,Asfalto,No existe,II,Dentro,Urbana,Señal Pare,No existe,Intersección,Bueno,S/D,Diurna,S/D,S/D,S/D,Colisión,Ninguna,"Horizontal,Vertical",Ninguna,Sin restricción
2020,7645,2020-06-17,Miercoles,00:00:00,,0.0,1,Moto/Ciclomotor, ,1,1,0,0,0,0,0,"-32.94711828231808,-60.683981180190",S/D,,ROSARIO,Rosario,S/D,S/D,II,S/D,S/D,S/D,S/D,S/D,S/D,S/D,Nocturna,S/D,S/D,S/D,Colisión,S/D,S/D,S/D,S/D
2020,7646,2020-06-27,Sabado,00:05:00,,0.0,1,Moto/Ciclomotor,Camino de los Granaderos Y Palestina,1,1,0,0,0,0,0,"-32.885977867192,-60.709995509497",Calle,,ROSARIO,Rosario,Asfalto,No existe,II,Dentro,Urbana,Semáforo,Funciona,Intersección,Bueno,Buena,Diurna,Buen Tiempo,S/D,S/D,Colisión,Ninguna,"Horizontal,Vertical","Cordón divisorio,Línea divisoria pintada",Sin restricción
2020,7647,2020-06-27,Sabado,14:00:00,,0.0,1,Moto/Ciclomotor,Campbell Y Gaboto,1,1,0,0,0,0,0,"-32.96498667662,-60.706972222386",Calle,,ROSARIO,Rosario,Asfalto,No existe,II,Dentro,Urbana,Ninguna,No existe,Intersección,Bueno,Buena,Diurna,Buen Tiempo,S/D,S/D,Colisión,Ninguna,Faltante,Ninguna,Sin restricción
2020,7648,2020-06-27,Sabado,18:00:00,,0.0,1,Moto/Ciclomotor,Av. Irigoyen Y Zelaya,1,1,0,0,0,0,0,"-32.884546028679,-60.698158833353",Avenida,,ROSARIO,Rosario,Asfalto,No existe,II,Dentro,Urbana,Ninguna,No existe,Intersección,Bueno,Buena,Diurna,Buen Tiempo,S/D,S/D,Colisión,Ninguna,Faltante,Ninguna,Sin restricción
2020,7650,2020-06-17,Miercoles,17:30:00,,0.0,1,Moto/Ciclomotor,Ameghino ,1,1,0,0,0,0,0,"-32.987252, -60.647743",Calle,,ROSARIO,Rosario,Asfalto,No existe,II,Dentro,Urbana,S/D,No existe,Intersección,S/D,S/D,Diurna,S/D,S/D,S/D,Colisión,S/D,S/D,S/D,S/D
2020,7651,2020-06-28,Domingo,11:00:00,,0.0,1,Automóvil,Bv. 27 De Febrero ,1,1,0,0,0,0,0,"-32.958746514193,-60.693637918716",Avenida,,ROSARIO,Rosario,S/D,S/D,II,Dentro,Urbana,S/D,S/D,S/D,S/D,S/D,Diurna,S/D,S/D,S/D,Colisión,S/D,S/D,S/D,S/D
2020,7652,2020-06-16,Martes,18:00:00,,0.0,2,"Bicicleta,Otros",J.B.Justo ,2,1,0,0,0,0,1,"-32.915070, -60.718506",Calle,,ROSARIO,Rosario,Asfalto,S/D,II,Dentro,Urbana,Ninguna,S/D,Intersección,S/D,S/D,Diurna,S/D,S/D,S/D,Atropello,S/D,S/D,S/D,S/D
2020,7653,2020-06-18,Jueves,11:10:00,,0.0,2,"Bicicleta,Otros",Av. Eva Peron Y Ecuador,2,1,0,0,0,0,1,"-32.932503962048,-60.715387113449",Avenida,,ROSARIO,Rosario,Asfalto,No existe,II,Dentro,Urbana,Semáforo,Funciona,Intersección,Bueno,Buena,Diurna,Buen Tiempo,S/D,Ciclista,Atropello,Ninguna,"Horizontal,Vertical",Cordón divisorio,Sin restricción
2020,7654,2020-06-17,Miercoles,18:30:00,Autopista Nacional A008,0.0,1,Moto/Ciclomotor,Av. Circunvalacion ,1,1,0,0,0,0,0,"-32.944682, -60.722369",Autopista,A008,ROSARIO,Rosario,Asfalto,S/D,II,Dentro,Urbana,S/D,S/D,S/D,Bueno,S/D,Diurna,S/D,S/D,S/D,Colisión,S/D,S/D,S/D,S/D
2020,7655,2020-06-29,Lunes,18:00:00,,0.0,1,Moto/Ciclomotor,Bv. Avellaneda Y Riobamba,2,2,0,0,0,0,0,"-32.955645359165,-60.68341318688",Avenida,,ROSARIO,Rosario,Asfalto,No existe,II,Dentro,Urbana,Paso Peatonal,No existe,Intersección,Bueno,Buena,Diurna,Buen Tiempo,S/D,S/D,Colisión,Ninguna,"Horizontal,Vertical","Cordón divisorio,Línea divisoria pintada",Sin restricción
2020,7656,2020-06-29,Lunes,00:05:00,,0.0,1,Moto/Ciclomotor,Ayacucho ,1,1,0,0,0,0,0,"-32.989734884446,-60.636821821974",Calle,,ROSARIO,Rosario,S/D,S/D,II,Dentro,Urbana,S/D,S/D,S/D,S/D,S/D,Nocturna,S/D,S/D,S/D,Colisión,S/D,S/D,S/D,S/D
2020,7657,2020-06-29,Lunes,10:50:00,,0.0,1,Moto/Ciclomotor,3 De Febrero Y Gutenberg,1,1,0,0,0,0,0,"-32.943967067085,-60.688884254043",Calle,,ROSARIO,Rosario,Asfalto,No existe,II,Dentro,Urbana,Ninguna,No existe,Intersección,Bueno,Buena,Diurna,Buen Tiempo,S/D,S/D,Colisión,Ninguna,Faltante,Ninguna,Sin restricción
2020,7658,2020-06-17,Miercoles,18:00:00,,0.0,1,Moto/Ciclomotor,Av. Casiano Casas 1875,1,0,1,0,0,0,0,"-32.901712038839,-60.708183085331",Avenida,,ROSARIO,Rosario,Asfalto,No existe,II,Dentro,Urbana,Ninguna,No existe,Recta,Bueno,S/D,Diurna,S/D,S/D,S/D,Colisión,Ninguna,Faltante,Ninguna,Sin restricción
2020,7659,2020-06-16,Martes,16:00:00,,0.0,2,"Bicicleta,Otros",3 De Febrero ,2,1,0,0,0,0,1,"-32.949384, -60.658972",Calle,,ROSARIO,Rosario,S/D,S/D,II,Dentro,Urbana,S/D,S/D,S/D,S/D,S/D,Diurna,S/D,S/D,Ciclista,Atropello,S/D,S/D,S/D,S/D
2020,7660,2020-06-30,Martes,07:00:00,,0.0,1,Moto/Ciclomotor,Guatemala Y Mendoza,1,1,0,0,0,0,0,"-32.940420301875,-60.717264065018",Calle,,ROSARIO,Rosario,Asfalto,No existe,II,Dentro,Urbana,Semáforo,No existe,Intersección,Bueno,Buena,Diurna,Buen Tiempo,S/D,S/D,Colisión,Ninguna,"Horizontal,Vertical","Cordón divisorio,Línea divisoria pintada",Sin restricción
2020,7661,2020-06-23,Martes,22:00:00,,0.0,1,Moto/Ciclomotor,Bv. Bouchard 3400,1,1,0,0,0,0,0,"-32.890364242959,-60.73216005038",Avenida,,ROSARIO,Rosario,S/D,S/D,II,Dentro,Urbana,Ninguna,S/D,Recta,S/D,S/D,Nocturna,S/D,S/D,S/D,Colisión,S/D,S/D,Ninguna,Sin restricción
2020,7662,2020-06-21,Domingo,03:45:00,,0.0,1,Moto/Ciclomotor,Jesus Maria ,1,1,0,0,0,0,0,"-32.671939730644226,-60.78253895044",Calle,,TIMBÚES,San Lorenzo,S/D,S/D,II,Dentro,Urbana,S/D,S/D,S/D,S/D,S/D,Nocturna,S/D,S/D,S/D,Colisión,S/D,S/D,S/D,S/D
2020,7663,2020-06-20,Sabado,15:00:00,,0.0,1,Moto/Ciclomotor,Lavalle Y Uruguay,1,1,0,0,0,0,0,"-32.969673718208,-60.685430855661",Calle,,ROSARIO,Rosario,Asfalto,No existe,II,Dentro,Urbana,Ninguna,No existe,Intersección,S/D,S/D,Diurna,S/D,S/D,S/D,Colisión,S/D,Faltante,Ninguna,S/D
2020,7664,2020-06-22,Lunes,00:00:00,,0.0,1,Moto/Ciclomotor,VENECIA ,1,0,1,0,0,0,0,"-32.975672, -60.686229",Calle,,ROSARIO,Rosario,Asfalto,No existe,II,Dentro,Urbana,Ninguna,No existe,Recta,S/D,S/D,Nocturna,S/D,S/D,S/D,Colisión,S/D,Faltante,Ninguna,S/D
2020,7665,2020-06-23,Martes,07:30:00,,0.0,2,"Bicicleta,Otros", ,2,1,0,0,0,0,1,"-32.94774055480957,-60.697145462036",S/D,,ROSARIO,Rosario,S/D,S/D,II,S/D,S/D,S/D,S/D,S/D,S/D,S/D,Diurna,S/D,S/D,Ciclista,Atropello,S/D,S/D,S/D,S/D
2020,7666,2020-06-30,Martes,23:30:00,,0.0,1,Automóvil,Av. Pte.Peron Y Bv. Segui,1,1,0,0,0,0,0,"-32.970192910163,-60.715805985308",Avenida,,ROSARIO,Rosario,Asfalto,No existe,II,Dentro,Urbana,Semáforo,Funciona,Intersección,Bueno,S/D,"Nocturna,Con luz artificial",S/D,S/D,S/D,Colisión,Ninguna,"Horizontal,Vertical",Cordón divisorio,Sin restricción
2020,7667,2020-08-11,Martes,15:00:00,,0.0,1,Moto/Ciclomotor, ,1,1,0,0,0,0,0,"-32.91602079963969,-60.811209996558",S/D,,FUNES,Rosario,S/D,S/D,II,S/D,S/D,S/D,S/D,S/D,S/D,S/D,Diurna,S/D,S/D,S/D,Otro,S/D,S/D,S/D,S/D
2020,7668,2020-09-04,Viernes,23:30:00,,0.0,1,Moto/Ciclomotor, ,1,1,0,0,0,0,0,"-32.95817760227484,-60.666264034822",S/D,,ROSARIO,Rosario,S/D,S/D,II,S/D,S/D,S/D,S/D,S/D,S/D,S/D,Nocturna,S/D,S/D,S/D,Otro,S/D,S/D,S/D,S/D
2020,7669,2020-08-14,Viernes,21:10:00,,0.0,1,Moto/Ciclomotor,Bv. Avellaneda Y Dean Funes,1,1,0,0,0,0,0,"-32.968299359267,-60.686393399728",Avenida,,ROSARIO,Rosario,Asfalto,No existe,II,Dentro,Urbana,Ninguna,No existe,Intersección,Bueno,Buena,Diurna,Buen Tiempo,S/D,S/D,Otro,Ninguna,Faltante,Cordón divisorio,Sin restricción
2020,7670,2020-09-05,Sabado,00:00:00,,0.0,1,Moto/Ciclomotor,Av. Ntra.Sra.del Rosario ,1,1,0,0,0,0,0,"-32.999855, -60.648305",Avenida,,ROSARIO,Rosario,S/D,S/D,II,S/D,Urbana,S/D,S/D,S/D,S/D,S/D,Nocturna,S/D,S/D,S/D,Otro,S/D,S/D,S/D,S/D
2020,7671,2020-08-24,Lunes,12:30:00,,0.0,1,Automóvil, ,1,1,0,0,0,0,0,"-32.95817760227484,-60.666264034822",S/D,,ROSARIO,Rosario,S/D,S/D,II,S/D,S/D,S/D,S/D,S/D,S/D,S/D,Diurna,S/D,S/D,S/D,Otro,S/D,S/D,S/D,S/D
2020,7672,2020-09-18,Viernes,12:00:00,,0.0,1,Moto/Ciclomotor,HERMANA PAULA MARQUEZ ,1,1,0,0,0,0,0,"-32.964324, -60.729813",Calle,,ROSARIO,Rosario,S/D,S/D,II,Dentro,Urbana,S/D,S/D,S/D,S/D,S/D,Diurna,S/D,S/D,S/D,Otro,S/D,S/D,S/D,S/D
2020,7673,2020-09-18,Viernes,14:00:00,,0.0,1,Moto/Ciclomotor,Av. Circunvalacion ,1,1,0,0,0,0,0,"-32.9357296228409,-60.7226371765137",Avenida,,ROSARIO,Rosario,Asfalto,S/D,II,Dentro,Urbana,S/D,S/D,S/D,S/D,S/D,Diurna,S/D,S/D,S/D,Otro,S/D,S/D,S/D,S/D
2020,7674,2020-08-29,Sabado,00:51:00,,0.0,1,Moto/Ciclomotor,Av. Ovidio Lagos Y Uruguay,1,1,0,0,0,0,0,"-32.97263662757,-60.66892141688",Avenida,,ROSARIO,Rosario,Asfalto,No existe,II,Dentro,Urbana,Paso Peatonal,No existe,Intersección,Bueno,S/D,Nocturna,S/D,S/D,S/D,Otro,Ninguna,"Horizontal,Vertical","Cordón divisorio,Línea divisoria pintada",Sin restricción
2020,7675,2020-08-28,Viernes,02:50:00,,0.0,1,Moto/Ciclomotor,Av. Ovidio Lagos Y Uruguay,1,1,0,0,0,0,0,"-32.97263662757,-60.66892141688",Avenida,,ROSARIO,Rosario,Asfalto,No existe,II,Dentro,Urbana,Paso Peatonal,No existe,Intersección,Bueno,Buena,Diurna,Buen Tiempo,S/D,S/D,Otro,Ninguna,"Horizontal,Vertical","Cordón divisorio,Línea divisoria pintada",Sin restricción
2020,7676,2020-11-08,Domingo,20:10:00,,0.0,2,"Peatón,Moto/Ciclomotor",Mendoza Y Av. Provincias Unidas,2,0,0,0,1,1,0,"-32.9402,-60.71225",Avenida,,ROSARIO,Rosario,Asfalto,No existe,II,Dentro,Urbana,Semáforo,Funciona,Intersección,Bueno,Buena,Nocturna,Buen Tiempo,S/D,Peatón,Atropello,Ninguna,Vertical,Cordón divisorio,Sin restricción
2020,7677,2020-11-08,Domingo,05:15:00,Ruta Nacional 33,640.0,2,"Moto/Ciclomotor,Pickup/Utilitario",Belgrano ,6,0,1,0,4,1,0,"-33.64559,-61.855",Ruta,33,MURPHY,General LÓPEZ,Asfalto,Natural,VIII,Dentro,Urbana,S/D,No existe,Intersección,Deteriorada,S/D,"Nocturna,Con luz artificial",Buen Tiempo,Frontal,S/D,Colisión,Ninguna,S/D,S/D,Sin restricción
2020,7678,2020-11-08,Domingo,03:45:00,,0.0,1,Moto/Ciclomotor,Guemes Y Roberta Cavanagh,1,0,0,0,0,1,0,"-33.74217,-61.93963",Calle,,VENADO TUERTO,General LÓPEZ,Tierra,Natural,VIII,Dentro,Urbana,Ninguna,No existe,Intersección,Bueno,Reducida,Nocturna,Buen Tiempo,Atropello animal,S/D,Colisión,Ninguna,Faltante,Ninguna,Sin restricción
2020,7679,2020-11-11,Miercoles,00:00:00,,0.0,1,Moto/Ciclomotor,San Martin Y Ayolas,1,0,0,0,0,1,0,"-32.97702,-60.6443",Calle,,ROSARIO,Rosario,Asfalto,No existe,II,Dentro,Urbana,Ninguna,No existe,Otro,Bueno,Buena,Nocturna,Buen Tiempo,Contra objeto fijo,S/D,Colisión,S/D,Faltante,Ninguna,Sin restricción
2020,7680,2020-11-11,Miercoles,01:25:00,,0.0,2,"Moto/Ciclomotor,Automóvil",L.N.Alem Y Garay,3,1,0,0,1,1,0,"-32.97623, -60.63541",Calle,,ROSARIO,Rosario,Asfalto,No existe,II,Dentro,Urbana,Ninguna,No existe,Intersección,Bueno,Buena,Nocturna,Buen Tiempo,Lateral,S/D,Colisión,Ninguna,Vertical,Ninguna,Sin restricción
2020,7681,2020-11-12,Jueves,23:40:00,Ruta Provincial 2,17.0,1,Automóvil, ,3,2,0,0,0,1,0,"-31.47039, -60.67967",Ruta,2,RECREO,La Capital,Tierra,No existe,I,Dentro,Rural,Ninguna,No existe,Recta,S/D,Reducida,Nocturna,Buen Tiempo,S/D,S/D,"Vuelco,Despiste",S/D,Faltante,Ninguna,Sin restricción
2020,7682,2020-11-14,Sabado,21:30:00,,0.0,1,Moto/Ciclomotor,Pte Hipolito Irigoyen Y Rivadavia,1,0,0,0,0,1,0,"-32.7077,-60.74735",Calle,,PUERTO SAN MARTÍN,San Lorenzo,Asfalto,No existe,XVII,Fuera,Rural,Ninguna,No existe,Intersección,Ahuellamiento,Reducida,Nocturna,Buen Tiempo,Contra objeto fijo,S/D,Colisión,Ninguna,Horizontal,Ninguna,Sin restricción
2020,7683,2020-11-16,Lunes,20:15:00,,0.0,2,"Automóvil,Moto/Ciclomotor",Ituzaingo Y Simon de Iriondo,2,0,0,0,1,1,0,"    -32.4812, -61.5845",Calle,,LAS ROSAS,Belgrano,Ripio,No existe,III,Dentro,Urbana,Ninguna,No existe,Intersección,Bueno,Reducida,Nocturna,Buen Tiempo,Frontal,S/D,Colisión,"Material Suelto,Fluidos",Faltante,Ninguna,Sin restricción
2020,7684,2020-11-22,Domingo,15:50:00,,0.0,2,"Moto/Ciclomotor,Camión c / Acoplado",San Martin Y Buenos Aires,2,0,0,0,1,1,0,"    -29.46353, -60.21133",Calle,,VERA,Vera,Asfalto,No existe,XIX,S/D,Urbana,Ninguna,S/D,Intersección,Bueno,Buena,Diurna,Buen Tiempo,S/D,S/D,Colisión,Ninguna,S/D,Ninguna,Sin restricción
2020,7685,2020-11-22,Domingo,06:15:00,,0.0,2,"Moto/Ciclomotor,Transporte de Pasajeros Urbano (> 8 asientos)",Blas Parera Y Jose Marquez,2,0,0,0,1,1,0,"    -32.7664, -60.73632",Calle,,SAN LORENZO,San Lorenzo,S/D,S/D,XVII,S/D,Urbana,S/D,S/D,S/D,S/D,S/D,Nocturna,S/D,S/D,S/D,Colisión,S/D,S/D,S/D,S/D
2020,7686,2020-11-29,Domingo,19:25:00,,0.0,2,"Moto/Ciclomotor,Automóvil",Av. Castro Barros Y Sanchez de Bustamante,3,1,0,0,1,1,0,"-33.0013808570931, -60.629523260359",Calle,,ROSARIO,Rosario,Asfalto,No existe,II,Dentro,Urbana,Ninguna,No existe,Intersección,Bueno,Buena,Nocturna,Buen Tiempo,S/D,S/D,Colisión,Ninguna,Faltante,Ninguna,Sin restricción
2020,7687,2020-11-30,Lunes,07:50:00,Ruta Nacional 33,540.0,2,"Automóvil,Pickup/Utilitario", ,2,1,0,0,0,1,0,"    -34.25243, -62.66301",Ruta,33,RUFINO,General LÓPEZ,Asfalto,Natural,VIII,S/D,Rural,Otra Señal,No existe,Curva,Bueno,Buena,Diurna,Buen Tiempo,Frontal,S/D,Colisión,S/D,Horizontal,Línea divisoria pintada,Sin restricción
2020,7688,2020-11-01,Domingo,22:10:00,Ruta Nacional 11,424.0,1,Automóvil,Vera ,1,0,0,0,0,1,0,"    -31.95576, -60.92704",Ruta,11,CORONDA,San JERÓNIMO,Asfalto,Natural,XV,Dentro,Urbana,Ninguna,No existe,Intersección,Bueno,S/D,Nocturna,S/D,Contra objeto fijo,S/D,Colisión,Ninguna,Faltante,"Línea divisoria pintada,S/D",Sin restricción
2020,7689,2020-11-08,Domingo,21:35:00,,0.0,2,"Moto/Ciclomotor,Automóvil",Gaboto Y Peru,2,0,0,0,0,1,1,"    -32.96511, -60.71042",Calle,,ROSARIO,Rosario,Asfalto,No existe,II,S/D,Urbana,Ninguna,No existe,Intersección,Bueno,S/D,Nocturna,S/D,S/D,S/D,Colisión,Ninguna,Faltante,"Ninguna,S/D",Sin restricción
2020,7690,2020-11-14,Sabado,22:30:00,,0.0,2,"Automóvil,Moto/Ciclomotor",Estanislao Zeballos Y Estrada,3,0,0,0,1,2,0,"-31.60042, -60.71781",Calle,,SANTA FE,La Capital,Asfalto,No existe,I,S/D,Urbana,Ninguna,No existe,Intersección,Bueno,S/D,Nocturna,S/D,S/D,S/D,Colisión,Ninguna,Faltante,"Ninguna,S/D",Sin restricción
2020,7691,2020-11-14,Sabado,02:20:00,Ruta Nacional 33,683.0,1,Automóvil, ,4,2,1,0,0,1,0,"-33.45806, -61.50642",Ruta,33,FIRMAT,General LÓPEZ,Asfalto,No existe,VIII,S/D,Rural,Ninguna,No existe,Recta,Bueno,S/D,Nocturna,S/D,S/D,S/D,Despiste,S/D,Faltante,"Ninguna,S/D",Sin restricción
2020,7692,2020-11-16,Lunes,03:45:00,Ruta Secundaria 25-s,55.0,2,"Automóvil,Automóvil", ,3,0,1,0,0,2,0,"-33.53392, -60.42947",Ruta,25-s,VILLA CONSTITUCIÓN,Constitución,S/D,No existe,VI,Dentro,Rural,Ninguna,No existe,Recta,Con baches,Reducida polvo,Nocturna,Buen Tiempo,Frontal,S/D,Colisión,S/D,Faltante,"Ninguna,S/D",Sin restricción
2020,7693,2020-11-17,Martes,13:50:00,Ruta Nacional 33,720.0,4,"Camión c / Acoplado,Camión c / Acoplado,Automóvil,Camión", ,4,0,0,0,3,1,0,"-33.20107, -61.3242",Ruta,33,CHABAS,Caseros,Asfalto,Natural,IV,S/D,Rural,Ninguna,No existe,Recta,Bueno,S/D,Diurna,S/D,Múltiple,S/D,Colisión,S/D,Faltante,"Ninguna,S/D",Sin restricción
2020,7694,2020-11-18,Miercoles,13:50:00,Ruta Nacional 11,884.0,1,Automóvil, ,1,0,0,0,0,1,0,"-28.4129, -59.26917",Ruta,11,TACUARENDÍ,General Obligado,Asfalto,Natural,IX,S/D,Rural,Ninguna,No existe,Recta,Bueno,S/D,Diurna,S/D,S/D,S/D,Despiste,Ninguna,Faltante,"Línea divisoria pintada,S/D",Sin restricción
2020,7695,2020-11-23,Lunes,02:00:00,Autopista Nacional A008,27.0,1,Automóvil,Bv. Segui Y Av. Uriburu,4,3,0,0,0,1,0,"-32.9833, -60.70922",Autopista,A008,ROSARIO,Rosario,Asfalto,Pavimento,II,Dentro,Urbana,Ninguna,No existe,Recta,Bueno,S/D,Nocturna,S/D,S/D,S/D,Vuelco,Ninguna,Faltante,"Guardarrail,S/D",Sin restricción
2020,7696,2020-11-29,Domingo,22:00:00,Autopista Nacional A008,22.0,2,"Automóvil,Peatón",Av. Circunvalacion Y Ayacucho,3,0,0,0,2,1,0,"-33.01592, -60.63478",Autopista,A008,ROSARIO,Rosario,Asfalto,No existe,II,S/D,Urbana,Ninguna,S/D,Intersección,Bueno,S/D,Nocturna,S/D,S/D,Peatón,Atropello,Ninguna,Faltante,"Línea divisoria pintada,S/D",Sin restricción
2020,7697,2020-12-06,Domingo,07:20:00,Ruta Secundaria 18-s,1.0,1,Automóvil, ,3,1,0,0,0,2,0,"-32.71258, -60.75985",Ruta,18-s,PUERTO SAN MARTÍN,San Lorenzo,Asfalto,Natural,XVII,Fuera,Rural,Ninguna,No existe,Curva,Bueno,Buena,Diurna,Buen Tiempo,Contra objeto fijo,S/D,"Colisión,Despiste",Ninguna,Horizontal,Ninguna,Sin restricción
2020,7698,2020-12-06,Domingo,17:30:00,,0.0,2,"Bicicleta,Moto/Ciclomotor",J.M.de Rosas Y Mendoza,2,1,0,0,0,1,0,"-32.94049, -60.72331",Calle,,ROSARIO,Rosario,Asfalto,No existe,II,Dentro,Urbana,S/D,Funciona,Intersección,Bueno,Buena,Diurna,Buen Tiempo,S/D,Ciclista,Atropello,Ninguna,S/D,S/D,Sin restricción
2020,7699,2020-12-07,Lunes,23:20:00,Autopista Nacional A008,9.0,2,"Peatón,Automóvil",Av. Circunvalacion Y Mendoza,3,0,0,0,2,1,0,"-32.93932, -60.72252",Autopista,A008,ROSARIO,Rosario,Asfalto,Pavimento,II,Dentro,Urbana,S/D,No existe,Recta,Deteriorada,Buena,"Nocturna,Con luz artificial",Buen Tiempo,S/D,Peatón,Atropello,Ninguna,S/D,S/D,Sin restricción
2020,7700,2020-10-27,Martes,23:30:00,,0.0,2,"Automóvil,Moto/Ciclomotor",Bvard 20 de Junio Y Gdor Crespo,2,0,1,0,1,0,0,"-32.02385, -61.21512",S/D,,GÁLVEZ,San JERÓNIMO,Asfalto,S/D,XV,S/D,S/D,S/D,S/D,Intersección,Bueno,S/D,S/D,S/D,S/D,S/D,S/D,Ninguna,Faltante,S/D,S/D
2020,7701,2020-10-28,Miercoles,19:35:00,,0.0,2,"Moto/Ciclomotor,Automóvil",España Y Sgo de Liniers,2,1,0,0,1,0,0,"-32.02465, -61.21712",Calle,,GÁLVEZ,San JERÓNIMO,Asfalto,No existe,XV,Dentro,Urbana,Ninguna,No existe,Intersección,Bueno,Buena,Atardecer,Buen Tiempo,Lateral,S/D,Colisión,Ninguna,Faltante,Ninguna,Sin restricción
2020,7702,2020-07-17,Viernes,11:50:00,,0.0,2,"Automóvil,Moto/Ciclomotor",Bvard 20 de Junio Y Belgrano,2,1,0,0,1,0,0,"    -33.02472, -60.61951",Avenida,,GÁLVEZ,San JERÓNIMO,Hormigón,No existe,XV,S/D,Urbana,Ninguna,No existe,Intersección,Bueno,S/D,Diurna,Buen Tiempo,Lateral,S/D,Colisión,Ninguna,Faltante,Ninguna,Sin restricción
2020,7703,2020-11-07,Sabado,03:30:00,,0.0,1,Moto/Ciclomotor, ,1,1,0,0,0,0,0,"-31.87066, -61.12979",Camino Rural,,GESSLER,San JERÓNIMO,Tierra,S/D,XV,Fuera,Rural,Ninguna,No existe,Recta,Bueno,Reducida,Nocturna,Buen Tiempo,S/D,S/D,Cañda ocupante,S/D,Faltante,Ninguna,Sin restricción
2020,7704,2020-11-05,Jueves,12:00:00,,0.0,2,"Moto/Ciclomotor,Automóvil",Belgrano Y Dorrego,3,2,0,0,1,0,0,"-32.03013, -61.21675",S/D,,GÁLVEZ,San JERÓNIMO,Hormigón,No existe,XV,S/D,S/D,Ninguna,No existe,Recta,Bueno,Buena,Diurna,Buen Tiempo,Otro,S/D,Colisión,Ninguna,Faltante,Ninguna,Sin restricción
2020,7705,2020-07-20,Lunes,19:10:00,,0.0,1,Pickup/Utilitario,24 de Setiembre Y Avda 9 de Julio,1,1,0,0,0,0,0,"    -32.03139, -61.22956",Avenida,,GÁLVEZ,San JERÓNIMO,Tierra,No existe,XV,Dentro,Urbana,Ninguna,No existe,Recta,Con baches,Buena,Atardecer,Buen Tiempo,Contra objeto fijo,S/D,Colisión,Ninguna,Faltante,Ninguna,Sin restricción
2020,7706,2020-07-22,Miercoles,13:30:00,,0.0,2,"Automóvil,Moto/Ciclomotor",Venezuela ,2,1,0,0,1,0,0,"    -32.03659, -61.20147",Calle,,GÁLVEZ,San JERÓNIMO,Asfalto,Natural,XV,Dentro,Urbana,Ninguna,No existe,Recta,Bueno,Buena,Diurna,Buen Tiempo,Lateral,S/D,Colisión,Ninguna,Horizontal,Ninguna,Sin restricción
2020,7707,2020-11-07,Sabado,11:20:00,,0.0,2,"Automóvil,Moto/Ciclomotor",Dr Destefanis Y G Spano,3,2,0,0,1,0,0,"-32.03464, -61.22515",S/D,,GÁLVEZ,San JERÓNIMO,Asfalto,No existe,XV,S/D,S/D,S/D,No existe,Intersección,Bueno,Buena,Diurna,Buen Tiempo,Lateral,S/D,Colisión,Ninguna,Faltante,Ninguna,Sin restricción
2020,7708,2020-11-08,Domingo,13:10:00,Ruta Provincial 10,0.0,1,Pickup/Utilitario, ,2,2,0,0,0,0,0,"-32.01556, -61.21454",Ruta,10,GÁLVEZ,San JERÓNIMO,Asfalto,Natural,XV,S/D,Urbana,Ninguna,S/D,Intersección,Bueno,Buena,Diurna,Buen Tiempo,Otro,S/D,Vuelco,Ninguna,Faltante,Línea divisoria pintada,Sin restricción
2020,7710,2020-07-17,Viernes,10:30:00,,0.0,2,"Moto/Ciclomotor,Automóvil",Calle 33-Pueyrredon Y Calle 16 Gral Obligado,2,1,0,0,1,0,0,"-29.15406, -59.64627",S/D,,RECONQUISTA,General Obligado,Hormigón,No existe,IX,S/D,Urbana,Ninguna,No existe,Intersección,Bueno,Buena,Diurna,Buen Tiempo,Lateral,S/D,Colisión,Ninguna,Vertical,Ninguna,Sin restricción
2020,7711,2020-07-22,Miercoles,08:30:00,,0.0,2,"Moto/Ciclomotor,Moto/Ciclomotor",Calle 5-Colon ,2,1,0,0,1,0,0,"-29.13879, -59.64601",Calle,,RECONQUISTA,General Obligado,Asfalto,No existe,IX,S/D,Urbana,Ninguna,No existe,Intersección,Bueno,Buena,Diurna,Buen Tiempo,Lateral,S/D,Colisión,S/D,Vertical,Ninguna,Sin restricción