anio_acci,nro_acci,fecha,desc_dia,hora_aprox,desc_ruta,km,cant_participantes,desc_participante,calle_avenida_km,total,heridos_leves,heridos_graves,heridos_gravisimos,ilesos,fallecidos,sin_datos,posicion_XY,desc_tipo_via,desc_ruta_ori,desc_loc,desc_dpto,desc_tipo_calzada,desc_tipo_banquina,desc_unidad_regional,desc_lugar_calzada,desc_zona,desc_prioridad,desc_estado_semaforo,desc_lugar_via,desc_estado_via,desc_estado_visibilidad,desc_luminosidad,desc_estado_clima,desc_tipo_colision,desc_tipo_atropello,desc_tipo_hecho,desc_pres_calzada,desc_senializacion,desc_separacion_via,desc_restriccion
2020,7712,2020-07-22,Miercoles,16:00:00,,0.0,2,"Moto/Ciclomotor,Automóvil",Calle 7-Sarmiento Y Calle 16 Gral Obligado,2,1,0,0,1,0,0,"-29.14005, -59.64427",Calle,,RECONQUISTA,General Obligado,Asfalto,No existe,IX,Dentro,Urbana,Ninguna,No existe,Intersección,Bueno,Buena,Diurna,Buen Tiempo,Otro,S/D,Colisión,Ninguna,"Horizontal,Vertical",Ninguna,Sin restricción
2020,7713,2020-07-28,Martes,12:50:00,,0.0,2,"Moto/Ciclomotor,Automóvil",Calle 24 - Olessio Y Calle 23-Gral lopez,2,1,0,0,1,0,0,"-29.14811, -59.6504",Calle,,RECONQUISTA,General Obligado,Asfalto,No existe,IX,S/D,Urbana,Ninguna,No existe,Intersección,Bueno,Buena,Diurna,Buen Tiempo,Lateral,S/D,Colisión,Ninguna,Vertical,Ninguna,Sin restricción
2020,7714,2020-03-10,Martes,16:10:00,,0.0,2,"Moto/Ciclomotor,Automóvil",Estanislao Lopez Y Belgrano,3,0,2,0,1,0,0,"-33.37181, -61.18906",Calle,,BIGAND,Caseros,Hormigón,S/D,IV,Dentro,Urbana,Ninguna,No existe,Intersección,S/D,Buena,Diurna,Buen Tiempo,Frontal,S/D,Colisión,S/D,Faltante,Ninguna,Sin restricción
2020,7715,2020-05-02,Sabado,11:10:00,,0.0,1,Camión c / Acoplado, ,1,0,1,0,0,0,0,"-33.14378, -61.46814",Camino Rural,,AREQUITO,Caseros,Tierra,Natural,IV,Dentro,Rural,S/D,No existe,Recta,Con baches,Buena,Diurna,S/D,S/D,S/D,Vuelco,Otro,Faltante,S/D,S/D
2020,7716,2020-05-07,Jueves,16:10:00,,0.0,2,"Automóvil,Moto/Ciclomotor",Manino Y Irigoyen,2,1,0,0,1,0,0,"-33.14777, -61.4677",Calle,,AREQUITO,Caseros,Asfalto,No existe,IV,Dentro,Urbana,Ninguna,No existe,Intersección,Bueno,Buena,Diurna,Buen Tiempo,Lateral,S/D,Colisión,Ninguna,Faltante,Ninguna,Sin restricción
2020,7717,2020-05-20,Miercoles,20:35:00,,0.0,2,"Moto/Ciclomotor,Automóvil",8 de Enero Y Salta,3,2,0,0,1,0,0,"-33.15232, -61.47193",Calle,,AREQUITO,Caseros,Ripio,Natural,IV,Dentro,Urbana,Ninguna,No existe,Intersección,Bueno,Reducida,Con luz artificial,Buen Tiempo,Lateral,S/D,Colisión,Ninguna,Faltante,Ninguna,Sin restricción
2020,7718,2020-05-02,Sabado,23:30:00,,0.0,1,Automóvil,Boulevard General San Martin ,1,1,0,0,0,0,0,"-33.10182, -61.32667",S/D,,LOS MOLINOS,Caseros,Asfalto,S/D,IV,S/D,Urbana,S/D,No existe,Recta,Bueno,Buena,Nocturna,Buen Tiempo,S/D,S/D,S/D,Ninguna,S/D,S/D,S/D
2020,7719,2020-10-29,Jueves,05:00:00,,0.0,1,Moto/Ciclomotor,JOSÉ Pedroni Y Bvard Argentino,2,2,0,0,0,0,0,"-32.04145, -61.20572",S/D,,GÁLVEZ,San JERÓNIMO,Asfalto,No existe,XV,S/D,S/D,Ninguna,No existe,Intersección,Bueno,Reducida,Amanecer,Niebla,S/D,S/D,Vuelco,Ninguna,Faltante,Ninguna,Sin restricción
2020,7720,2020-04-18,Sabado,07:00:00,Autopista Provincial Brigadier E.LÓPEZ,91.7,1,Camión c / Acoplado, ,1,1,0,0,0,0,0,"    -32.13574, -60.99463",Autopista,Brigadier E.LÓPEZ,SAN FABIÁN,San JERÓNIMO,Asfalto,Natural,XV,Fuera,Rural,Marca Vial,No existe,Curva,Bueno,Buena,Amanecer,Buen Tiempo,Otro,S/D,Despiste,Ninguna,S/D,Línea divisoria pintada,Sin restricción
2020,7721,2020-11-17,Martes,21:00:00,,0.0,2,"Moto/Ciclomotor,Automóvil",Calle 52 ,2,1,0,0,1,0,0,"    -29.1448, -59.64357",Calle,,RECONQUISTA,General Obligado,Tierra,No existe,IX,Dentro,Urbana,Ninguna,No existe,Intersección,Con baches,Buena,Nocturna,Buen Tiempo,Lateral,S/D,Colisión,Ninguna,Faltante,Ninguna,Sin restricción
2020,7722,2020-11-13,Viernes,23:00:00,,0.0,2,"Moto/Ciclomotor,Automóvil",Calle 11-Alvear ,2,1,0,0,1,0,0,"    -29.1448, -59.64357",Calle,,RECONQUISTA,General Obligado,Asfalto,No existe,IX,Dentro,Urbana,Ninguna,No existe,Intersección,Bueno,Buena,Nocturna,Buen Tiempo,Lateral,S/D,Colisión,Ninguna,Vertical,Ninguna,Sin restricción
2020,7723,2020-11-09,Lunes,12:20:00,,0.0,1,Moto/Ciclomotor,Calle 33-Pueyrredon ,1,1,0,0,0,0,0,"    -29.1448, -59.64357",Calle,,RECONQUISTA,General Obligado,Asfalto,No existe,IX,Dentro,Urbana,Ninguna,No existe,Intersección,Bueno,Buena,Diurna,Buen Tiempo,Múltiple,S/D,Colisión,Ninguna,Vertical,Ninguna,Sin restricción
2020,7724,2020-11-08,Domingo,02:30:00,,0.0,2,"Automóvil,Moto/Ciclomotor",Calle 26 - Bolivar ,2,1,0,0,1,0,0,"    -29.1448, -59.64357",Calle,,RECONQUISTA,General Obligado,Asfalto,No existe,IX,Dentro,Urbana,Ninguna,No existe,Intersección,Bueno,Buena,Nocturna,Buen Tiempo,Lateral,S/D,Colisión,Ninguna,Vertical,Ninguna,Sin restricción
2020,7725,2020-12-28,Lunes,18:40:00,,0.0,2,"Moto/Ciclomotor,Automóvil",Calle 20 9 de Julio ,2,1,0,0,1,0,0,"    -29.1448, -59.64357",Calle,,RECONQUISTA,General Obligado,Asfalto,No existe,IX,Dentro,Urbana,Ninguna,No existe,Intersección,Bueno,Buena,Diurna,Buen Tiempo,S/D,S/D,Colisión,S/D,Vertical,Ninguna,Sin restricción
2020,7726,2020-12-23,Miercoles,13:00:00,,0.0,2,"Pickup/Utilitario,Bicicleta", ,2,1,0,0,1,0,0,"-29.1448, -59.64357",Calle,,RECONQUISTA,General Obligado,Hormigón,No existe,IX,Dentro,Urbana,Ninguna,No existe,Intersección,S/D,Buena,Diurna,Buen Tiempo,S/D,Ciclista,Atropello,Ninguna,Faltante,Ninguna,S/D
2020,7727,2020-12-14,Lunes,10:00:00,,0.0,2,"Moto/Ciclomotor,Moto/Ciclomotor",Calle 44-27 de Abril ,2,2,0,0,0,0,0,"-29.1448, -59.64357",Calle,,RECONQUISTA,General Obligado,Asfalto,No existe,IX,Dentro,Urbana,Ninguna,No existe,Intersección,Bueno,Buena,Diurna,Buen Tiempo,Lateral,S/D,Colisión,Ninguna,Vertical,Ninguna,S/D
2020,7728,2020-09-25,Viernes,21:10:00,,0.0,2,"Automóvil,Moto/Ciclomotor",Calle 17-Bartolome Mitre Y Roca Pte,2,1,0,0,1,0,0,"-29.145551060054,-59.643811539988",Calle,,RECONQUISTA,General Obligado,Asfalto,No existe,IX,Dentro,Urbana,Ninguna,No existe,Intersección,Bueno,Buena,Nocturna,Buen Tiempo,Lateral,S/D,Colisión,Ninguna,Horizontal,Cordón divisorio,Sin restricción
2020,7729,2020-09-06,Domingo,21:30:00,Ruta Nacional 11,0.0,2,"Bicicleta,Automóvil",IRENEO FACCIOLI Y RUTA NACIONAL 11,2,1,0,0,1,0,0,"-29.13473904132843,-59.654916822910",Ruta,11,RECONQUISTA,General Obligado,Asfalto,No existe,IX,Dentro,Urbana,Semáforo,Funciona,Intersección,Bueno,Buena,Nocturna,Buen Tiempo,S/D,Ciclista,Atropello,Ninguna,"Horizontal,Vertical",Línea divisoria pintada,Sin restricción
2020,7730,2020-09-23,Miercoles,11:40:00,,0.0,2,"Moto/Ciclomotor,Automóvil",Calle 9-Mariano Moreno Y Calle 10-Ludue�a,2,1,0,0,1,0,0,"-29.141505573023,-59.640773292624",Calle,,RECONQUISTA,General Obligado,Asfalto,No existe,IX,Dentro,Urbana,Ninguna,No existe,Intersección,Bueno,Buena,Diurna,Buen Tiempo,Lateral,S/D,Colisión,Ninguna,Faltante,Ninguna,Sin restricción
2020,7731,2020-09-21,Lunes,18:20:00,,0.0,2,"Moto/Ciclomotor,Automóvil",Calle 12 San Martin Y Calle 19-Habegger,3,2,0,0,1,0,0,"-29.146734619737,-59.642743758966",Calle,,RECONQUISTA,General Obligado,Asfalto,No existe,IX,Dentro,Urbana,Ninguna,No existe,Intersección,Bueno,Buena,Diurna,Buen Tiempo,Otro,S/D,Colisión,Ninguna,Horizontal,Ninguna,Sin restricción
2020,7732,2020-09-07,Lunes,17:08:00,,0.0,2,"Moto/Ciclomotor,Automóvil",Calle 24-Alessio Y Calle 33-Pueyrredon,3,2,0,0,1,0,0,"-29.15355937468,-59.651137798547",Calle,,RECONQUISTA,General Obligado,Asfalto,No existe,IX,Dentro,Urbana,Ninguna,No existe,Intersección,Bueno,Buena,Diurna,Buen Tiempo,Lateral,S/D,Colisión,Ninguna,Faltante,Ninguna,Sin restricción
2020,7733,2020-09-22,Martes,12:30:00,,0.0,2,"Moto/Ciclomotor,Automóvil",Calle 6-Ituzaingo Y Calle 13-Iturraspe,2,1,0,0,1,0,0,"-29.143931168639,-59.638596408851",Calle,,RECONQUISTA,General Obligado,Asfalto,No existe,IX,Dentro,Urbana,Ninguna,No existe,Intersección,Bueno,Buena,Diurna,Buen Tiempo,Lateral,S/D,Colisión,Ninguna,Faltante,Ninguna,Sin restricción
2020,7734,2020-09-26,Sabado,12:20:00,,0.0,2,"Pickup/Utilitario,Moto/Ciclomotor",Pje 23-25-Antartida Argentina 2800,4,2,0,0,2,0,0,"-29.146326, -59.673605",Calle,,RECONQUISTA,General Obligado,Hormigón,No existe,IX,Dentro,Urbana,Ninguna,No existe,Intersección,Bueno,Buena,Diurna,Buen Tiempo,Lateral,S/D,Colisión,Ninguna,Faltante,Ninguna,Sin restricción
2020,7735,2020-09-27,Domingo,00:10:00,,0.0,2,"Automóvil,Moto/Ciclomotor",Calle 9-Mariano Moreno Y Calle 12 San Martin,2,1,0,0,1,0,0,"-29.141369004522,-59.641996700678",Calle,,RECONQUISTA,General Obligado,Asfalto,No existe,IX,Dentro,Urbana,Ninguna,No existe,Intersección,Bueno,Buena,Nocturna,Buen Tiempo,Lateral,S/D,Colisión,Ninguna,Faltante,Ninguna,Sin restricción
2020,7736,2020-02-03,Lunes,15:30:00,,0.0,2,"Automóvil,Bicicleta", ,2,1,0,0,1,0,0,"-33.37311103709193,-61.185484330411",Calle,,BIGAND,Caseros,Ripio,No existe,IV,Dentro,Urbana,Ninguna,No existe,Intersección,Deteriorada,Buena,Diurna,Buen Tiempo,S/D,Ciclista,Atropello,Ninguna,Faltante,Ninguna,Sin restricción
2020,7737,2020-10-21,Miercoles,21:45:00,,0.0,2,"Moto/Ciclomotor,Automóvil",Calle 5-Colon Y Calle 16 Gral Obligado,3,2,0,0,1,0,0,"-29.139, -59.64415",Calle,,RECONQUISTA,General Obligado,Hormigón,No existe,IX,S/D,Urbana,S/D,S/D,Intersección,Bueno,S/D,S/D,S/D,S/D,S/D,S/D,Ninguna,Vertical,S/D,S/D
2020,7738,2020-10-22,Jueves,19:10:00,,0.0,2,"Bicicleta,Automóvil",Calle 13-Iturraspe Y Calle 16 Gral Obligado,2,1,0,0,1,0,0,"-29.14327, -59.64474",Calle,,RECONQUISTA,General Obligado,Asfalto,No existe,IX,S/D,Urbana,Ninguna,No existe,Intersección,Bueno,Buena,Nocturna,Buen Tiempo,Lateral,Ciclista,Atropello,Ninguna,Vertical,Ninguna,Sin restricción
2020,7739,2020-08-10,Lunes,11:30:00,,0.0,2,"Automóvil,Moto/Ciclomotor",Bme Mitre Y Rivadavia,2,1,0,0,1,0,0,"-32.029761388616,-61.218907406386",Calle,,GÁLVEZ,San JERÓNIMO,Asfalto,No existe,XV,Dentro,Urbana,Ninguna,No existe,Intersección,Bueno,Buena,Diurna,Buen Tiempo,Lateral,S/D,Colisión,Ninguna,Faltante,Ninguna,Sin restricción
2020,7740,2020-10-24,Sabado,12:25:00,,0.0,2,"Bicicleta,Otros",Calle 7-Sarmiento Y Calle 8-Chacabuco,2,1,0,0,0,0,1,"-29.14058, -59.63938",S/D,,RECONQUISTA,General Obligado,Asfalto,No existe,IX,S/D,S/D,Ninguna,No existe,Intersección,Bueno,Buena,Diurna,Buen Tiempo,Lateral,Ciclista,Atropello,Ninguna,Vertical,Ninguna,Sin restricción
2020,7741,2020-10-25,Domingo,11:30:00,,0.0,2,"Automóvil,Bicicleta",BV HIPOLITO YRIGOYEN Y JORGE NEWBERY,2,1,0,0,1,0,0,"-29.15177, -59.65708",Calle,,RECONQUISTA,General Obligado,Hormigón,Pavimento,IX,Dentro,Urbana,Ninguna,No existe,Intersección,Bueno,Buena,Diurna,Buen Tiempo,Lateral,Ciclista,Atropello,Ninguna,Vertical,Cordón divisorio,Sin restricción
2020,7742,2020-08-26,Miercoles,12:10:00,,0.0,2,"Automóvil,Bicicleta",Roque e Coulin Y San Martin,2,1,0,0,1,0,0,"-32.033194243199,-61.220127878838",Calle,,GÁLVEZ,San JERÓNIMO,Asfalto,No existe,XV,Dentro,Urbana,Ninguna,No existe,Intersección,Bueno,Buena,Diurna,Buen Tiempo,S/D,Ciclista,Atropello,Ninguna,Faltante,Ninguna,Sin restricción
2020,7743,2020-10-30,Viernes,08:30:00,,0.0,2,"Moto/Ciclomotor,Pickup/Utilitario",Calle 30-Lucas Funes Y Calle 23-Gral lopez,2,1,0,0,1,0,0,"-29.14772, -59.65405",S/D,,RECONQUISTA,General Obligado,Asfalto,No existe,IX,S/D,S/D,Ninguna,No existe,Intersección,Bueno,Buena,Diurna,Buen Tiempo,Lateral,S/D,Colisión,Ninguna,Vertical,Ninguna,Sin restricción
2020,7744,2020-10-30,Viernes,12:30:00,,0.0,2,"Automóvil,Moto/Ciclomotor",Calle 18 - Gral Belgrano Y Calle 7-Sarmiento,2,1,0,0,1,0,0,"-29.13994, -59.64551",Calle,,RECONQUISTA,General Obligado,Asfalto,No existe,IX,S/D,Urbana,Ninguna,No existe,Intersección,Bueno,Buena,Diurna,Buen Tiempo,Lateral,S/D,Colisión,Ninguna,Vertical,Ninguna,Sin restricción
2020,7745,2020-12-12,Sabado,21:15:00,,0.0,2,"Bicicleta,Automóvil",Calle 26-Bolivar ,2,1,0,0,1,0,0,"-32.74734, -60.75485",Calle,,RECONQUISTA,General Obligado,Asfalto,No existe,IX,Dentro,Urbana,Ninguna,No existe,Intersección,Bueno,Buena,Nocturna,Buen Tiempo,Lateral,Ciclista,Atropello,Ninguna,Vertical,Ninguna,Sin restricción
2020,7746,2020-10-31,Sabado,08:30:00,,0.0,2,"Moto/Ciclomotor,Automóvil",Calle 8-Chacabuco 571,2,1,0,0,1,0,0,"-29.14349, -59.63972",Calle,,RECONQUISTA,General Obligado,Asfalto,No existe,IX,S/D,Urbana,Ninguna,No existe,Intersección,Bueno,Buena,Diurna,Buen Tiempo,Otro,S/D,Colisión,Ninguna,Vertical,Ninguna,Sin restricción
2020,7747,2020-12-09,Miercoles,14:00:00,,0.0,2,"Moto/Ciclomotor,Otros",Calle 16 Gral Obligado ,2,1,0,0,1,0,0,"-31.62481, -60.71369",Calle,,RECONQUISTA,General Obligado,Asfalto,No existe,IX,Dentro,Urbana,Ninguna,No existe,Intersección,Bueno,Buena,Diurna,Buen Tiempo,Lateral,S/D,Colisión,Ninguna,Vertical,Ninguna,Sin restricción
2020,7748,2020-12-02,Miercoles,10:00:00,,0.0,2,"Moto/Ciclomotor,Automóvil",Calle 20 9 de Julio ,2,1,0,0,1,0,0,"-32.74734, -60.75485",Calle,,RECONQUISTA,General Obligado,Asfalto,No existe,IX,Dentro,Urbana,Ninguna,No existe,Intersección,Bueno,Buena,Diurna,Buen Tiempo,Lateral,S/D,Colisión,Ninguna,Vertical,Ninguna,Sin restricción
2020,7749,2020-10-31,Sabado,10:00:00,,0.0,2,"Moto/Ciclomotor,Automóvil",Calle 19-Habegger 150,2,1,0,0,1,0,0,"-29.14602, -59.6501",Calle,,RECONQUISTA,General Obligado,Asfalto,No existe,IX,Dentro,Urbana,Ninguna,No existe,Recta,Bueno,Buena,Diurna,Buen Tiempo,Otro,S/D,Colisión,Ninguna,Vertical,Ninguna,Sin restricción
2020,7750,2020-11-26,Jueves,14:00:00,,0.0,2,"Moto/Ciclomotor,Automóvil",Calle 18 - Gral Belgrano ,2,1,0,0,1,0,0,"-32.74734, -60.75485",Calle,,RECONQUISTA,General Obligado,Asfalto,No existe,IX,Dentro,Urbana,Ninguna,No existe,Intersección,Bueno,Buena,Diurna,Buen Tiempo,Lateral,S/D,Colisión,Ninguna,Vertical,Ninguna,Sin restricción
2020,7751,2020-08-29,Sabado,22:15:00,,0.0,2,"Moto/Ciclomotor,Automóvil",Calle 32 - Amenabar Y Calle 33-Pueyrredon,2,1,0,0,1,0,0,"-29.153008215274,-59.65605764293",Calle,,RECONQUISTA,General Obligado,Asfalto,No existe,IX,Dentro,Urbana,Ninguna,No existe,Recta,Bueno,Buena,"Nocturna,Con luz artificial",Buen Tiempo,Otro,S/D,Colisión,Ninguna,Faltante,Ninguna,Sin restricción
2020,7752,2020-07-03,Viernes,18:58:00,Ruta Nacional 11,0.0,2,"Moto/Ciclomotor,Bicicleta", ,2,2,0,0,0,0,0,"-29.17584, -59.67288",Ruta,11,RECONQUISTA,General Obligado,Hormigón,Natural,IX,Dentro,Urbana,Ninguna,No existe,Recta,Bueno,Buena,Atardecer,Buen Tiempo,Otro,Ciclista,Atropello,Ninguna,Horizontal,Línea divisoria pintada,Sin restricción
2020,7753,2020-11-27,Viernes,18:15:00,,0.0,2,"Moto/Ciclomotor,Automóvil", ,2,1,0,0,1,0,0,"-32.74734, -60.75485",Calle,,RECONQUISTA,General Obligado,Asfalto,No existe,IX,Dentro,Urbana,Ninguna,No existe,Recta,Bueno,Buena,Diurna,Buen Tiempo,Lateral,S/D,Colisión,Ninguna,S/D,Ninguna,Sin restricción
2020,7754,2020-07-02,Jueves,20:25:00,,0.0,2,"Moto/Ciclomotor,Automóvil",Calle 25 - Pietropaolo ,2,1,0,0,1,0,0,"-29.14646, -59.68053",Calle,,RECONQUISTA,General Obligado,Ripio,No existe,IX,S/D,Urbana,Ninguna,No existe,Intersección,Bueno,Buena,Nocturna,Buen Tiempo,Otro,S/D,Colisión,Ninguna,Faltante,Ninguna,Sin restricción
2020,7755,2020-08-25,Martes,05:55:00,,0.0,2,"Moto/Ciclomotor,Moto/Ciclomotor",Calle 18 - Gral Belgrano Y Calle 21-Gdor. iriondo,2,2,0,0,0,0,0,"-29.147439545643,-59.646600466984",Calle,,RECONQUISTA,General Obligado,Asfalto,No existe,IX,Dentro,Urbana,Paso Peatonal,No existe,Intersección,Bueno,Buena,Amanecer,Buen Tiempo,Otro,S/D,Colisión,Ninguna,Horizontal,Ninguna,Sin restricción
2020,7756,2020-08-13,Jueves,08:40:00,,0.0,2,"Automóvil,Moto/Ciclomotor",Calle 17-Bartolome Mitre Y Calle 18 - Gral Belgrano,2,2,0,0,0,0,0,"-29.145264365004,-59.646273903449",Calle,,RECONQUISTA,General Obligado,Hormigón,No existe,IX,Dentro,Urbana,Ninguna,No existe,Intersección,Bueno,Buena,Diurna,Buen Tiempo,Lateral,S/D,Colisión,Ninguna,Horizontal,Ninguna,Sin restricción
2020,7757,2020-02-25,Martes,20:45:00,Ruta Secundaria 50-s,0.0,1,Moto/Ciclomotor, ,2,1,0,0,1,0,0,"-32.0681262016296,-61.1139607429503",Ruta,50-s,GÁLVEZ,San JERÓNIMO,Asfalto,Natural,XV,Dentro,Urbana,Ninguna,No existe,Recta,Bueno,Reducida,Nocturna,Buen Tiempo,S/D,S/D,Despiste,Ninguna,Horizontal,Línea divisoria pintada,Sin restricción
2020,7758,2020-11-22,Domingo,20:50:00,Ruta Nacional 11,0.0,2,"Automóvil,Moto/Ciclomotor",Ruta Nacional 11 ,4,3,0,0,1,0,0,"-32.74734, -60.75485",Ruta,11,RECONQUISTA,General Obligado,Asfalto,Natural,IX,Dentro,Urbana,Semáforo,Funciona,Intersección,Bueno,Buena,Nocturna,Buen Tiempo,Lateral,S/D,Colisión,Ninguna,Vertical,Vegetación,Sin restricción
2020,7759,2020-11-18,Miercoles,13:00:00,,0.0,2,"Moto/Ciclomotor,Pickup/Utilitario",Calle 26-Bolivar ,2,1,0,0,1,0,0,"-32.74734, -60.75485",Calle,,RECONQUISTA,General Obligado,Asfalto,No existe,IX,Dentro,Urbana,Ninguna,No existe,Intersección,Bueno,Buena,Diurna,Buen Tiempo,Lateral,S/D,Colisión,Ninguna,Vertical,Ninguna,Sin restricción
2020,7760,2020-11-18,Miercoles,08:10:00,,0.0,2,"Moto/Ciclomotor,Automóvil",Calle 19-Habegger 720,2,1,0,0,1,0,0,"-32.74734, -60.75485",Calle,,RECONQUISTA,General Obligado,Asfalto,No existe,IX,Dentro,Urbana,Ninguna,No existe,S/D,Bueno,Buena,Diurna,Buen Tiempo,Otro,S/D,Colisión,Ninguna,Vertical,Ninguna,Sin restricción
2020,7761,2020-02-17,Lunes,08:20:00,,0.0,1,Moto/Ciclomotor,Primera Junta Y Gral Guemes,1,0,1,0,0,0,0,"-32.040025790006,-61.214861810541",Calle,,GÁLVEZ,San JERÓNIMO,Asfalto,No existe,XV,Dentro,Urbana,Ninguna,No existe,Intersección,Bueno,Buena,Diurna,Buen Tiempo,Atropello animal,S/D,Colisión,Ninguna,Horizontal,Ninguna,Sin restricción
2020,7762,2020-02-14,Viernes,19:50:00,Ruta Provincial 80,0.0,2,"Bicicleta,Pickup/Utilitario",Bvard 20 de Junio 400,2,0,1,0,1,0,0,"-32.035554991351,-61.216088943632",Ruta,80,GÁLVEZ,San JERÓNIMO,Asfalto,No existe,XV,Dentro,Urbana,Ninguna,No existe,Rotonda,Bueno,Buena,Diurna,Buen Tiempo,S/D,Ciclista,Atropello,Ninguna,Faltante,"Cordón divisorio,Vegetación",Sin restricción
2020,7763,2020-03-01,Domingo,19:35:00,,0.0,2,"Moto/Ciclomotor,Bicicleta",Gral Lopez Y Hipolito Irigoyen,2,1,0,0,1,0,0,"-32.032962764055,-61.224496623045",Calle,,GÁLVEZ,San JERÓNIMO,Asfalto,No existe,XV,Dentro,Urbana,Ninguna,No existe,Intersección,Bueno,Buena,Diurna,Buen Tiempo,S/D,Ciclista,Atropello,Ninguna,Faltante,Ninguna,Sin restricción
2020,7764,2020-03-01,Domingo,20:00:00,,0.0,2,"Pickup/Utilitario,Moto/Ciclomotor",A Arana Y Sarmiento,2,0,1,0,1,0,0,"-32.020365319779,-61.227795291406",Calle,,GÁLVEZ,San JERÓNIMO,Asfalto,No existe,XV,Dentro,Urbana,Ninguna,No existe,Intersección,Bueno,Buena,Diurna,Buen Tiempo,Frontal,S/D,Colisión,Ninguna,Faltante,Ninguna,Sin restricción
2020,7765,2020-03-04,Miercoles,18:10:00,,0.0,2,"Automóvil,Moto/Ciclomotor",Lopez y Planes Y pbro d Balbiano,2,1,0,0,1,0,0,"-32.035284876589,-61.224945667921",Calle,,GÁLVEZ,San JERÓNIMO,Asfalto,No existe,XV,Dentro,Urbana,Ninguna,No existe,Intersección,Bueno,Buena,Atardecer,Buen Tiempo,S/D,S/D,Colisión,Ninguna,Faltante,Ninguna,Sin restricción
2020,7766,2020-12-09,Miercoles,08:15:00,Autovía Nacional 19,55.8,2,"Bicicleta,Camión c / Acoplado", ,2,0,0,0,1,1,0,"-31.58958, -61.28863",Autovía,19,SA PEREIRA,Las Colonias,Asfalto,Natural,IX,S/D,Rural,Ninguna,No existe,Recta,Bueno,S/D,Diurna,S/D,S/D,Ciclista,Atropello,Ninguna,Faltante,"Ninguna,S/D",Sin restricción
2020,7767,2020-12-13,Domingo,05:10:00,Ruta Nacional 11,450.0,2,"Automóvil,Moto/Ciclomotor",Calle 6 ,3,0,0,0,2,1,0,"-31.74415, -60.81996",Ruta,11,SAUCE VIEJO,La Capital,Asfalto,Natural,I,Dentro,Urbana,Ninguna,No existe,Intersección,Bueno,Buena,Nocturna,Buen Tiempo,Lateral,S/D,Colisión,Ninguna,Faltante,Línea divisoria pintada,Sin restricción
2020,7768,2020-12-14,Lunes,17:00:00,Ruta Provincial 21,29.0,1,Automóvil, ,3,2,0,0,0,1,0,"-33.22521, -60.42759",Ruta,21,FIGHIERA,Rosario,Asfalto,Natural,II,S/D,Rural,Ninguna,No existe,Recta,Bueno,Buena,Diurna,Buen Tiempo,Otro,S/D,"Vuelco,Despiste",Ninguna,Faltante,Línea divisoria pintada,Sin restricción
2020,7769,2020-12-20,Domingo,10:55:00,Ruta Provincial 21,27.0,2,"Pickup/Utilitario,Moto/Ciclomotor", ,2,1,0,0,0,1,0,"-33.20085, -60.45633",Ruta,21,FIGHIERA,Rosario,Asfalto,Ripio,II,S/D,Rural,Ninguna,No existe,Recta,Bueno,Buena,Diurna,Buen Tiempo,S/D,S/D,Colisión,Ninguna,Faltante,Ninguna,Sin restricción
2020,7770,2020-12-20,Domingo,14:00:00,Ruta Nacional 95,912.0,1,Automóvil, ,2,0,0,0,0,2,0,"-28.09044, -61.37549",Ruta,95,GREGORIA P. DE DENIS,9 de Julio,Asfalto,Natural,XII,Fuera,Rural,Ninguna,No existe,Curva,Bueno,Buena,Diurna,Buen Tiempo,Otro,S/D,Vuelco,Ninguna,S/D,Ninguna,Sin restricción
2020,7771,2020-12-25,Viernes,05:30:00,Ruta Nacional 9,302.0,2,"Automóvil,Automóvil",Zavalla ,2,0,1,0,0,1,0,"-32.92509, -60.76601",Ruta,9,FUNES,Rosario,Asfalto,Natural,II,Dentro,Urbana,Ninguna,S/D,Recta,Bueno,Buena,Nocturna,Buen Tiempo,Frontal,S/D,Colisión,Ninguna,Faltante,Ninguna,Sin restricción
2020,7772,2020-12-25,Viernes,08:00:00,Autovía Nacional 168,480.0,2,"Peatón,Automóvil", ,2,1,0,0,0,1,0,"-31.65863, -60.60382",Autovía,168,COLASTINE,La Capital,Asfalto,Natural,I,S/D,Rural,Ninguna,No existe,Recta,Bueno,Buena,Diurna,Buen Tiempo,S/D,Peatón,Atropello,S/D,Faltante,Guardarrail,Sin restricción