anio_acci,nro_acci,fecha,desc_dia,hora_aprox,desc_ruta,km,cant_participantes,desc_participante,calle_avenida_km,total,heridos_leves,heridos_graves,heridos_gravisimos,ilesos,fallecidos,sin_datos,posicion_XY,desc_tipo_via,desc_ruta_ori,desc_loc,desc_dpto,desc_tipo_calzada,desc_tipo_banquina,desc_unidad_regional,desc_lugar_calzada,desc_zona,desc_prioridad,desc_estado_semaforo,desc_lugar_via,desc_estado_via,desc_estado_visibilidad,desc_luminosidad,desc_estado_clima,desc_tipo_colision,desc_tipo_atropello,desc_tipo_hecho,desc_pres_calzada,desc_senializacion,desc_separacion_via,desc_restriccion
2020,7773,2020-12-27,Domingo,20:15:00,Ruta Nacional 11,462.0,1,Moto/Ciclomotor, ,2,0,0,0,1,1,0,"-31.66741, -60.75089",Ruta,11,SANTO TOMÉ,La Capital,S/D,Pavimento,I,S/D,Urbana,Ninguna,No existe,Recta,"Bueno,Con baches",Buena,"Nocturna,Con luz artificial",Buen Tiempo,S/D,S/D,Cañda ocupante,Ninguna,"Horizontal,Vertical",Cordón divisorio,Sin restricción
2020,7774,2020-12-27,Domingo,05:40:00,Ruta Provincial 23,10.0,1,Automóvil, ,6,2,0,0,0,4,0,"-30.47907, -61.93885",Ruta,23,SUARDI,San CRISTÓBAL,Asfalto,Natural,XIII,S/D,Rural,Ninguna,No existe,Recta,"Con baches,Deteriorada,Ahuellamiento",Buena,Nocturna,Buen Tiempo,S/D,S/D,"Vuelco,Despiste",Otro,Faltante,Línea divisoria pintada,Sin restricción
2020,7775,2020-12-30,Miercoles,03:45:00,Ruta Provincial 23,10.0,1,Automóvil,Santiago del Estero ,1,0,0,0,0,1,0,"-30.53144, -61.95149",Ruta,23,SUARDI,San CRISTÓBAL,Asfalto,Ripio,XIII,Dentro,Urbana,Ninguna,No existe,Recta,Bueno,Buena,"Nocturna,Con luz artificial",Viento Fuerte,S/D,S/D,"Vuelco,Despiste",Ninguna,Faltante,S/D,Sin restricción
2020,7776,2020-12-31,Jueves,18:00:00,,0.0,2,"Automóvil,Automóvil",Avenida Italia Y Rivadavia,4,2,0,0,1,1,0,"-29.88455, -61.94988",Calle,,CERES,San CRISTÓBAL,Asfalto,No existe,XIII,Dentro,Urbana,Ninguna,No existe,Intersección,Bueno,Buena,Diurna,Buen Tiempo,Lateral,S/D,Colisión,Ninguna,Faltante,Ninguna,Sin restricción
2020,7777,2020-07-03,Viernes,23:23:00,,0.0,2,"Moto/Ciclomotor,Automóvil",Calle 19-Habegger Y Calle 10-Ludue�a,2,1,0,0,1,0,0,"-29.14694, -59.64146",Calle,,RECONQUISTA,General Obligado,Asfalto,No existe,IX,Dentro,Urbana,Ninguna,No existe,Intersección,Bueno,Buena,Nocturna,Buen Tiempo,Otro,S/D,Colisión,Ninguna,Horizontal,Ninguna,Sin restricción
2020,7778,2020-07-05,Domingo,18:50:00,,0.0,2,"Moto/Ciclomotor,Automóvil",Calle 15-Patricio Diez Y Calle 16 Gral Obligado,3,2,0,0,1,0,0,"-29.14435, -59.64487",Calle,,RECONQUISTA,General Obligado,Asfalto,No existe,IX,Dentro,Urbana,Ninguna,No existe,Intersección,S/D,Buena,Atardecer,S/D,Otro,S/D,Colisión,Ninguna,Faltante,Ninguna,Sin restricción
2020,7779,2020-08-13,Jueves,09:40:00,,0.0,2,"Pickup/Utilitario,Moto/Ciclomotor",Calle 25 - Pietropaolo Y Calle 27-Gdor Freyre,3,2,0,0,1,0,0,"-29.150392796583,-59.649473240629",Calle,,RECONQUISTA,General Obligado,Asfalto,No existe,IX,Dentro,Urbana,Ninguna,No existe,Intersección,Bueno,Buena,Diurna,Buen Tiempo,Lateral,S/D,Colisión,Ninguna,Horizontal,Ninguna,Sin restricción
2020,7780,2020-07-04,Sabado,18:50:00,,0.0,2,"Moto/Ciclomotor,Automóvil",Calle 38-Corrientes Y Calle 19-Habegger,2,1,0,0,1,0,0,"-29.14521, -59.65887",Calle,,RECONQUISTA,General Obligado,Asfalto,No existe,IX,Dentro,Urbana,Ninguna,No existe,Intersección,Bueno,Buena,Nocturna,Buen Tiempo,Otro,S/D,Colisión,Ninguna,Faltante,Ninguna,Sin restricción
2020,7781,2020-07-08,Miercoles,18:50:00,,0.0,2,"Moto/Ciclomotor,Automóvil",Calle 29-Alte Brown 1340,3,2,0,0,1,0,0,"-29.15094, -59.65378",Calle,,RECONQUISTA,General Obligado,Asfalto,No existe,IX,Dentro,Urbana,Ninguna,No existe,Recta,S/D,Buena,Atardecer,Buen Tiempo,Otro,S/D,Colisión,Ninguna,Faltante,Ninguna,Sin restricción
2020,7782,2020-08-13,Jueves,09:05:00,,0.0,2,"Moto/Ciclomotor,Automóvil",Calle 21-Gdor. iriondo Y Calle 40 - Formosa,3,1,0,0,2,0,0,"-29.145524831932,-59.661539746724",Calle,,RECONQUISTA,General Obligado,Asfalto,No existe,IX,Dentro,Urbana,Ninguna,No existe,Intersección,Bueno,Buena,Diurna,Buen Tiempo,Lateral,S/D,Colisión,Ninguna,Faltante,Ninguna,Sin restricción
2020,7783,2020-08-21,Viernes,11:20:00,,0.0,2,"Moto/Ciclomotor,Pickup/Utilitario",Calle 35-España Y Calle 50,2,1,0,0,1,0,0,"-29.152694994797,-59.667796034254",Calle,,RECONQUISTA,General Obligado,Asfalto,No existe,IX,Dentro,Urbana,Ninguna,No existe,Intersección,Con baches,Buena,Diurna,Buen Tiempo,Lateral,S/D,Colisión,Ninguna,Faltante,Ninguna,Sin restricción
2020,7784,2020-08-28,Viernes,21:15:00,,0.0,2,"Moto/Ciclomotor,Pickup/Utilitario",Calle 18 - Gral Belgrano Y Calle 29-Alte Brown,2,1,0,0,1,0,0,"-29.151744576372,-59.647171566416",Calle,,RECONQUISTA,General Obligado,Asfalto,No existe,IX,Dentro,Urbana,Ninguna,No existe,Intersección,Bueno,Buena,"Nocturna,Con luz artificial",Buen Tiempo,Otro,S/D,Colisión,Ninguna,Faltante,Ninguna,Sin restricción
2020,7785,2020-10-18,Domingo,09:40:00,,0.0,2,"Moto/Ciclomotor,Automóvil",Calle 8-Chacabuco ,2,1,0,0,1,0,0,"-32.74734, -60.75485",Calle,,RECONQUISTA,General Obligado,Asfalto,No existe,IX,S/D,Urbana,Ninguna,No existe,Intersección,Bueno,Buena,Diurna,Buen Tiempo,Otro,S/D,Colisión,Ninguna,Vertical,Ninguna,Sin restricción
2020,7786,2020-08-28,Viernes,02:00:00,,0.0,2,"Moto/Ciclomotor,Automóvil",Calle 25 - Pietropaolo Y Calle 40 - Formosa,2,1,0,0,1,0,0,"-29.148304698403,-59.661962288632",Calle,,RECONQUISTA,General Obligado,"Asfalto,Ripio",No existe,IX,Dentro,Urbana,Ninguna,No existe,Intersección,Bueno,Buena,"Nocturna,Con luz artificial",Buen Tiempo,Otro,S/D,Colisión,Ninguna,Faltante,Ninguna,Sin restricción
2020,7787,2020-08-28,Viernes,15:55:00,,0.0,2,"Moto/Ciclomotor,Automóvil",Calle 23-Gral lopez Y Roca Pte,3,2,0,0,1,0,0,"-29.148791154147,-59.644252573689",Calle,,RECONQUISTA,General Obligado,Asfalto,No existe,IX,Dentro,Urbana,Ninguna,No existe,Intersección,Bueno,Buena,Diurna,Buen Tiempo,Otro,S/D,Colisión,Ninguna,Faltante,Ninguna,Sin restricción
2020,7788,2020-06-20,Sabado,11:30:00,,0.0,2,"Moto/Ciclomotor,Automóvil",Calle 25-Rivadavia 1230,2,1,0,0,1,0,0,"-29.14900096601,-59.652159462213",Calle,,RECONQUISTA,General Obligado,Asfalto,No existe,IX,Dentro,Urbana,Ninguna,No existe,Recta,Bueno,Buena,Diurna,Buen Tiempo,S/D,S/D,Colisión,Ninguna,Faltante,Ninguna,Sin restricción
2020,7789,2020-06-18,Jueves,16:20:00,,0.0,2,"Moto/Ciclomotor,Automóvil",Calle 10-Ludue�a Y Calle 9-Mariano Moreno,2,1,0,0,1,0,0,"-29.141505573023,-59.640773292624",Calle,,RECONQUISTA,General Obligado,Asfalto,No existe,IX,Dentro,Urbana,Ninguna,No existe,Intersección,Bueno,Buena,Diurna,Buen Tiempo,S/D,S/D,Colisión,Ninguna,Faltante,Ninguna,Sin restricción
2020,7790,2020-10-16,Viernes,21:45:00,,0.0,2,"Peatón,Moto/Ciclomotor", ,2,1,0,0,1,0,0,"-32.74734, -60.75485",Calle,,RECONQUISTA,General Obligado,Tierra,No existe,IX,Dentro,Urbana,Ninguna,No existe,Recta,Con baches,Buena,Diurna,Buen Tiempo,S/D,Peatón,Atropello,Ninguna,Faltante,Ninguna,Sin restricción
2020,7791,2020-06-08,Lunes,07:10:00,Ruta Nacional 178,77.5,2,"Pickup/Utilitario,Camión c / Acoplado", ,2,1,0,0,1,0,0,"    -33.452, -61.13462",Ruta,178,BIGAND,Caseros,Asfalto,Natural,IV,Dentro,Rural,Marca Vial,No existe,Recta,Bueno,Reducida,Amanecer,Niebla,Frontal,S/D,Colisión,Ninguna,Horizontal,Línea divisoria pintada,Sin restricción
2020,7792,2020-06-10,Miercoles,10:15:00,,0.0,2,"Moto/Ciclomotor,Automóvil",Calle 16 Gral Obligado Y Calle 9-Mariano Moreno,2,1,0,0,1,0,0,"-29.141118416172,-59.644453706441",Calle,,RECONQUISTA,General Obligado,Asfalto,No existe,IX,Dentro,Urbana,Ninguna,No existe,Intersección,Bueno,Buena,Diurna,Buen Tiempo,S/D,S/D,Colisión,Ninguna,Faltante,Ninguna,Sin restricción
2020,7793,2020-06-15,Lunes,08:00:00,,0.0,1,Moto/Ciclomotor,Boulevard Sur Y Boulevard Este,1,0,1,0,0,0,0,"-28.851396135759,-59.496073034489",Calle,,LAS GARZAS,General Obligado,Tierra,No existe,IX,Dentro,Urbana,Ninguna,No existe,Intersección,Bueno,Buena,Diurna,Buen Tiempo,S/D,S/D,Cañda ocupante,Ninguna,Faltante,Ninguna,Sin restricción
2020,7794,2020-06-03,Miercoles,15:10:00,Ruta Provincial 14,68.5,2,"Pickup/Utilitario,Camión c / Acoplado", ,2,1,0,0,1,0,0,"-33.40877, -61.23897",Ruta,14,BIGAND,Caseros,Asfalto,Natural,IV,Dentro,Rural,Marca Vial,No existe,Recta,Bueno,Buena,Diurna,Buen Tiempo,Lateral,S/D,Colisión,Ninguna,Horizontal,Línea divisoria pintada,Sin restricción
2020,7795,2020-03-10,Martes,09:50:00,,0.0,2,"Pickup/Utilitario,Moto/Ciclomotor",Calle 21-Gdor. iriondo ,2,1,0,0,1,0,0,"-29.14636, -59.65633",Calle,,RECONQUISTA,General Obligado,Asfalto,Pavimento,IX,Dentro,Urbana,Ninguna,No existe,Intersección,Bueno,Buena,Diurna,Otro,Otro,S/D,Colisión,Ninguna,"Horizontal,Vertical",Ninguna,Sin restricción
2020,7796,2020-06-05,Viernes,15:25:00,Ruta Nacional 178,0.0,2,"Pickup/Utilitario,Moto/Ciclomotor",9 de Julio Y Av San Martin,3,1,1,0,1,0,0,"-33.377835410379,-61.185824573705",Ruta,178,BIGAND,Caseros,Asfalto,Pavimento,IV,Dentro,Urbana,Marca Vial,No existe,Recta,Bueno,Buena,Diurna,Buen Tiempo,Lateral,S/D,Colisión,Ninguna,Horizontal,Línea divisoria pintada,Sin restricción
2020,7797,2020-10-16,Viernes,10:20:00,,0.0,2,"Moto/Ciclomotor,Automóvil",Calle 19-Habegger ,2,1,0,0,1,0,0,"-32.74734, -60.75485",Calle,,RECONQUISTA,General Obligado,Asfalto,No existe,IX,Dentro,Urbana,Ninguna,No existe,Intersección,Bueno,Buena,Diurna,Buen Tiempo,Otro,S/D,Colisión,Ninguna,Vertical,S/D,Sin restricción
2020,7798,2020-10-15,Jueves,15:35:00,,0.0,1,Moto/Ciclomotor,Calle 31-Newbery ,1,1,0,0,0,0,0,"-32.74734, -60.75485",Calle,,RECONQUISTA,General Obligado,S/D,No existe,IX,Dentro,Urbana,Ninguna,No existe,Intersección,S/D,Buena,Diurna,Buen Tiempo,Contra objeto fijo,S/D,Colisión,S/D,Vertical,Ninguna,Sin restricción
2020,7799,2020-10-15,Jueves,12:00:00,,0.0,1,Moto/Ciclomotor, ,4,4,0,0,0,0,0,"-32.74734, -60.75485",Calle,,RECONQUISTA,General Obligado,Asfalto,No existe,IX,S/D,Urbana,Ninguna,No existe,Intersección,Bueno,Buena,Diurna,Buen Tiempo,S/D,S/D,"Cañda ocupante,Despiste",Ninguna,Vertical,Ninguna,Sin restricción
2020,7800,2020-10-15,Jueves,10:20:00,,0.0,2,"Automóvil,Bicicleta",Calle 9-Mariano Moreno ,2,1,0,0,1,0,0,"-29.1448, -59.64357",Calle,,RECONQUISTA,General Obligado,Tierra,No existe,IX,Dentro,Urbana,S/D,No existe,Recta,Bueno,Buena,Diurna,Buen Tiempo,Otro,S/D,Otro,Ninguna,Horizontal,Ninguna,Sin restricción
2020,7801,2020-10-09,Viernes,19:30:00,,0.0,2,"Automóvil,Pickup/Utilitario",Calle 33-Pueyrredon ,2,1,0,0,1,0,0,"-32.74734, -60.75485",Calle,,RECONQUISTA,General Obligado,Asfalto,No existe,IX,Dentro,Urbana,Semáforo,No existe,Intersección,Bueno,Buena,Diurna,Buen Tiempo,Lateral,S/D,Colisión,Ninguna,Vertical,Barrera de hormigón,Sin restricción
2020,7802,2020-10-08,Jueves,12:15:00,,0.0,2,"Moto/Ciclomotor,Moto/Ciclomotor",Calle 25-Rivadavia ,2,1,0,0,1,0,0,"    -29.14988, -59.64437",Calle,,RECONQUISTA,General Obligado,Asfalto,No existe,IX,Dentro,Urbana,Ninguna,No existe,Intersección,Bueno,Buena,Diurna,Buen Tiempo,Otro,S/D,Colisión,Ninguna,Vertical,Cordón divisorio,Sin restricción
2020,7803,2020-10-08,Jueves,23:00:00,,0.0,2,"Automóvil,Moto/Ciclomotor",Calle 19-Habegger Y Calle 20 9 de Julio,4,2,0,0,2,0,0,"    -29.14988, -59.64437",Calle,,RECONQUISTA,General Obligado,Asfalto,No existe,IX,Dentro,Urbana,Ninguna,No existe,Intersección,Bueno,Buena,Nocturna,Buen Tiempo,Otro,S/D,Colisión,Ninguna,Vertical,Ninguna,Sin restricción
2020,7804,2020-10-06,Martes,15:10:00,,0.0,2,"Automóvil,Moto/Ciclomotor",Calle 19-Habegger ,3,2,0,0,1,0,0,"-32.74734, -60.75485",Calle,,RECONQUISTA,General Obligado,Asfalto,No existe,IX,Dentro,Urbana,Ninguna,No existe,Intersección,Bueno,Buena,Diurna,Buen Tiempo,Otro,S/D,Colisión,Ninguna,Vertical,Ninguna,Sin restricción
2020,7805,2020-10-04,Domingo,05:45:00,,0.0,1,Moto/Ciclomotor, ,2,2,0,0,0,0,0,"-29.1448, -59.64357",Calle,,RECONQUISTA,General Obligado,Asfalto,S/D,IX,S/D,Urbana,S/D,S/D,Intersección,S/D,S/D,Diurna,S/D,Contra objeto fijo,S/D,Colisión,S/D,S/D,S/D,S/D
2020,7806,2020-10-31,Sabado,18:00:00,,0.0,2,"Pickup/Utilitario,Moto/Ciclomotor", ,3,1,0,0,2,0,0,"-32.74734, -60.75485",Calle,,LAS GARZAS,General Obligado,Ripio,S/D,IX,Dentro,Urbana,Ninguna,No existe,Recta,S/D,S/D,Atardecer,Buen Tiempo,Lateral,S/D,Colisión,S/D,S/D,Ninguna,Sin restricción
2020,7807,2020-11-27,Viernes,22:00:00,,0.0,2,"Moto/Ciclomotor,Automóvil",Bolivia B 1167,2,0,0,0,1,1,0,"    -32.9421, -60.71373",Calle,,ROSARIO,Rosario,Asfalto,No existe,II,Dentro,Urbana,Ninguna,No existe,Recta,Bueno,S/D,Nocturna,S/D,S/D,S/D,Colisión,Ninguna,Faltante,Ninguna,Sin restricción
2020,7808,2020-12-03,Jueves,15:00:00,,0.0,2,"Automóvil,Moto/Ciclomotor",Magallanes Y Galvez,2,0,0,0,1,1,0,"-32.96027, -60.70373",Calle,,ROSARIO,Rosario,Asfalto,No existe,II,Dentro,Urbana,Ninguna,No existe,Intersección,Bueno,S/D,Diurna,S/D,S/D,S/D,Colisión,Ninguna,Faltante,"Ninguna,S/D",Sin restricción
2020,7809,2020-12-05,Sabado,02:45:00,Ruta Provincial 90,114.0,2,"Camión c / Acoplado,Pickup/Utilitario", ,6,0,0,0,4,2,0,"-33.66757, -61.48087",Ruta,90,MELINCUÉ,General LÓPEZ,Asfalto,Natural,VIII,S/D,Rural,Ninguna,No existe,Recta,Bueno,S/D,Nocturna,S/D,S/D,S/D,Colisión,Ninguna,Faltante,"Ninguna,S/D",Sin restricción
2020,7810,2020-12-07,Lunes,01:20:00,Ruta Nacional 11,457.0,2,"Moto/Ciclomotor,Pickup/Utilitario",Primera Junta 4400,2,0,0,0,1,1,0,"-31.68476, -60.79058",Ruta,11,SANTO TOMÉ,La Capital,Asfalto,Pavimento,I,S/D,Urbana,Ninguna,No existe,Curva,Bueno,S/D,Nocturna,S/D,S/D,S/D,Colisión,S/D,Faltante,"Ninguna,S/D",Sin restricción
2020,7811,2020-12-09,Miercoles,09:00:00,Autopista Provincial Brigadier E.LÓPEZ,96.0,1,Automóvil, ,1,0,0,0,0,1,0,"-32.06675, -60.99032",Autopista,Brigadier E.LÓPEZ,AROCENA,San JERÓNIMO,Asfalto,Natural,XV,S/D,Rural,S/D,No existe,Recta,Bueno,S/D,Diurna,S/D,S/D,S/D,Vuelco,S/D,Faltante,S/D,Sin restricción
2020,7812,2020-12-10,Jueves,14:50:00,,0.0,1,Moto/Ciclomotor,Bv. Rondeau Y Poeta Fontanarrosa,1,0,0,0,0,1,0,"-32.87688, -60.69768",Calle,,ROSARIO,Rosario,Asfalto,No existe,II,S/D,Urbana,Ninguna,No existe,Recta,Bueno,S/D,Diurna,S/D,Contra objeto fijo,S/D,Colisión,Ninguna,Horizontal,"Cordón divisorio,S/D",Sin restricción
2020,7813,2020-12-11,Viernes,09:30:00,Autovía Nacional 19,0.0,2,"Bicicleta,Camión",Ruta 11 Avenida Richieri ,2,0,0,0,1,1,0,"-31.67279, -60.7689",Autovía,19,SANTO TOMÉ,La Capital,Asfalto,No existe,I,S/D,Urbana,Semáforo,Funciona,Cruce,Bueno,S/D,Diurna,S/D,S/D,Ciclista,Atropello,Ninguna,Vertical,"Ninguna,S/D",Sin restricción
2020,7814,2020-12-11,Viernes,04:50:00,Ruta Provincial 13,93.2,2,"Moto/Ciclomotor,Camión", ,3,0,0,0,1,2,0,"-31.71941, -61.77513",Ruta,13,MARIA JUANA,Castellanos,Asfalto,Natural,V,S/D,Rural,S/D,No existe,Curva,Bueno,S/D,Nocturna,S/D,Lateral,S/D,Colisión,Ninguna,Faltante,"Ninguna,S/D",Sin restricción
2020,7815,2020-12-11,Viernes,23:30:00,Ruta Nacional 11,484.0,2,"Moto/Ciclomotor,Pickup/Utilitario",Av Mitre ,2,0,0,0,1,1,0,"-31.49229, -60.73257",Ruta,11,RECREO,La Capital,Asfalto,No existe,I,S/D,Urbana,Semáforo,Funciona,Intersección,Bueno,S/D,Nocturna,S/D,S/D,S/D,Colisión,Ninguna,Vertical,"Ninguna,S/D",Sin restricción
2020,7816,2020-12-17,Jueves,17:35:00,Ruta Nacional 11,382.1,1,Camión, ,4,0,0,0,3,1,0,"-32.30999, -60.9592",Ruta,11,MONJE,San JERÓNIMO,Asfalto,Natural,XV,Dentro,Rural,Ninguna,No existe,Recta,Bueno,S/D,Diurna,S/D,S/D,S/D,Vuelco,Ninguna,Horizontal,"Línea divisoria pintada,Ninguna,S/D",Sin restricción
2020,7817,2020-12-17,Jueves,06:40:00,Ruta Secundaria 82-s,12.0,2,"Bicicleta,Otros", ,2,0,0,0,1,1,0,"-31.41106, -60.69723",Ruta,82-s,ARROYO AGUIAR,La Capital,S/D,S/D,I,S/D,Rural,S/D,S/D,Recta,S/D,S/D,Nocturna,S/D,S/D,Ciclista,Atropello,S/D,S/D,S/D,S/D
2020,7818,2020-12-19,Sabado,21:00:00,Ruta Provincial 6,64.0,3,"Automóvil,Moto/Ciclomotor,Automóvil",Soler ,3,0,0,0,2,1,0,"-31.46649, -60.91601",Ruta,6,ESPERANZA,Las Colonias,Asfalto,Pavimento,XI,S/D,Urbana,Ninguna,No existe,Intersección,Bueno,S/D,Nocturna,S/D,"De alcance,Múltiple",S/D,Colisión,Ninguna,Faltante,"Ninguna,S/D",Sin restricción
2020,7819,2020-12-20,Domingo,07:15:00,,0.0,1,Pickup/Utilitario,Boulevard Lamadrid 1200,4,0,1,0,0,3,0,"-33.04911, -61.18156",Calle,,CASILDA,Caseros,Asfalto,No existe,IV,S/D,Urbana,Ninguna,No existe,Intersección,Bueno,S/D,Diurna,S/D,Contra objeto fijo,S/D,Colisión,Ninguna,Faltante,"Ninguna,S/D",Sin restricción
2020,7820,2020-12-20,Domingo,02:30:00,Ruta Provincial 62,135.0,2,"Moto/Ciclomotor,Moto/Ciclomotor", ,3,0,1,0,0,2,0,"-30.9877, -61.47176",Ruta,62,ATALIVA,Castellanos,Tierra,Natural,V,S/D,Rural,Ninguna,No existe,Recta,Deteriorada,S/D,Nocturna,S/D,S/D,S/D,Colisión,Ninguna,Faltante,"Ninguna,S/D",Sin restricción
2020,7821,2020-12-20,Domingo,23:10:00,,0.0,1,Moto/Ciclomotor,Av. Uriburu Y Av. Circunvalacion,1,0,0,0,0,1,0,"-32.99215, -60.70058",Avenida,,ROSARIO,Rosario,Asfalto,No existe,II,S/D,Urbana,S/D,S/D,Recta,Bueno,S/D,Nocturna,S/D,S/D,S/D,Cañda ocupante,Ninguna,Faltante,"Guardarrail,S/D",S/D
2020,7822,2020-12-23,Miercoles,15:35:00,Ruta Nacional 11,349.0,1,Automóvil, ,2,0,0,0,0,2,0,"-32.59154, -60.84796",Ruta,11,OLIVEROS,Iriondo,Asfalto,No existe,X,S/D,Rural,Ninguna,No existe,Recta,Bueno,S/D,Diurna,S/D,Contra objeto fijo,S/D,Colisión,Ninguna,Faltante,"Ninguna,S/D",Sin restricción
2020,7823,2020-12-24,Jueves,15:00:00,,0.0,2,"Moto/Ciclomotor,Peatón",Bernardo de Irigoyen Y Gorriti,3,0,0,0,2,1,0,"-31.58426, -60.7203",Avenida,,SANTA FE,La Capital,Asfalto,No existe,I,S/D,Urbana,Ninguna,No existe,Intersección,Bueno,S/D,Diurna,S/D,S/D,Peatón,Atropello,Ninguna,Faltante,"Ninguna,S/D",Sin restricción
2020,7824,2020-12-24,Jueves,06:40:00,Autopista Provincial Brigadier E.LÓPEZ,38.5,1,Automóvil, ,5,4,0,0,0,1,0,"-32.59394, -60.86194",Autopista,Brigadier E.LÓPEZ,OLIVEROS,Iriondo,Asfalto,Natural,X,S/D,Rural,Ninguna,No existe,Recta,Bueno,S/D,Nocturna,S/D,S/D,S/D,Despiste,Ninguna,Faltante,"Ninguna,S/D",Sin restricción
2020,7825,2020-12-24,Jueves,00:55:00,,0.0,1,Moto/Ciclomotor,Eva Peron 1800,1,0,0,0,0,1,0,"-33.02198, -60.61885",Calle,,VILLA GOBERNADOR GÁLVEZ,Rosario,Asfalto,No existe,II,S/D,Urbana,Ninguna,No existe,Curva,Bueno,S/D,Nocturna,S/D,Contra objeto fijo,S/D,Colisión,Ninguna,Faltante,"Ninguna,S/D",Sin restricción
2020,7826,2020-12-25,Viernes,21:40:00,Ruta Provincial 94,48.0,2,"Moto/Ciclomotor,Automóvil", ,2,0,0,0,1,1,0,"-33.84856, -61.72196",Ruta,94,SANTA ISABEL,General LÓPEZ,Asfalto,Natural,VIII,S/D,Rural,Ninguna,No existe,Recta,Bueno,S/D,Nocturna,S/D,Frontal,S/D,Colisión,Ninguna,Faltante,"Ninguna,S/D",Sin restricción
2020,7827,2020-12-27,Domingo,05:00:00,Ruta Nacional 11,784.0,2,"Moto/Ciclomotor,Automóvil", ,2,0,0,0,1,1,0,"-29.17581, -59.6729",Ruta,11,RECONQUISTA,General Obligado,Asfalto,Natural,IX,S/D,Rural,Ninguna,No existe,Recta,Bueno,S/D,Nocturna,S/D,S/D,S/D,Colisión,Ninguna,Faltante,"Ninguna,S/D",Sin restricción
2020,7828,2020-12-27,Domingo,05:00:00,Ruta Provincial 10,17.0,1,Automóvil, ,1,0,0,0,0,1,0,"-32.65661, -60.91328",Ruta,10,ANDINO,Iriondo,S/D,S/D,X,S/D,Rural,S/D,S/D,Curva,S/D,S/D,Nocturna,S/D,S/D,S/D,Vuelco,S/D,S/D,S/D,S/D
2020,7829,2020-12-29,Martes,02:20:00,,0.0,2,"Camión,Bicicleta",Fray Luis Beltran Y Bv General Obligado,3,1,0,0,1,1,0,"-28.48725, -59.34783",Calle,,VILLA OCAMPO,General Obligado,S/D,S/D,IX,S/D,Urbana,S/D,S/D,Recta,S/D,S/D,Nocturna,S/D,S/D,Ciclista,Atropello,S/D,S/D,S/D,S/D
2020,7830,2020-10-21,Miercoles,06:20:00,,0.0,2,"Automóvil,Moto/Ciclomotor",Hernandarias Y Centenario,2,0,0,0,1,1,0,"    -31.67367, -60.76404",Calle,,SANTO TOMÉ,La Capital,Asfalto,No existe,I,Dentro,Urbana,Semáforo,Funciona,Intersección,Bueno,S/D,Nocturna,S/D,S/D,S/D,Colisión,Ninguna,Vertical,Ninguna,Sin restricción
2020,7831,2020-10-24,Sabado,,Ruta Provincial 5,0.0,2,"Vehículo Oficial,Moto/Ciclomotor",Ruta Nacional 11 ,2,0,0,0,1,1,0,"-31.53134475183975, -60.72224502615",Ruta,5,RECREO,La Capital,Asfalto,Pavimento,I,Dentro,Urbana,Ninguna,No existe,Intersección,Bueno,S/D,S/D,S/D,S/D,S/D,Colisión,Ninguna,Faltante,Ninguna,Sin restricción
2020,7833,2020-02-11,Martes,13:00:00,Ruta Nacional 11,0.0,2,"Moto/Ciclomotor,Moto/Ciclomotor",Calle 33-Pueyrredon Y Calle 34,2,1,0,0,1,0,0,"-29.152844915544,-59.657466259218",Ruta,11,RECONQUISTA,General Obligado,Asfalto,No existe,IX,Dentro,Urbana,Semáforo,Funciona,Intersección,Bueno,Buena,Diurna,Buen Tiempo,Lateral,S/D,Colisión,Ninguna,"Horizontal,Vertical","Cordón divisorio,Vegetación,Línea divisoria pintada",Sin restricción
2020,7835,2020-05-25,Lunes,05:00:00,,0.0,2,"Moto/Ciclomotor,Peatón",Rioja 4243,2,2,0,0,0,0,0,"-32.94003, -60.68147",S/D,,ROSARIO,Rosario,S/D,S/D,II,S/D,S/D,S/D,S/D,S/D,S/D,S/D,S/D,S/D,S/D,Peatón,Atropello,S/D,S/D,S/D,S/D
2020,7836,2020-05-25,Lunes,13:10:00,,0.0,1,Moto/Ciclomotor,San Luis Y Callao,1,1,0,0,0,0,0,"-32.94518, -60.66079",S/D,,ROSARIO,Rosario,S/D,S/D,II,S/D,S/D,S/D,S/D,S/D,S/D,S/D,S/D,S/D,S/D,S/D,Otro,S/D,S/D,S/D,S/D
2020,7837,2020-05-26,Martes,16:00:00,,0.0,1,Peatón,Cullen ,1,1,0,0,0,0,0,"-32.93904, -60.70916",S/D,,ROSARIO,Rosario,S/D,S/D,II,S/D,S/D,S/D,S/D,S/D,S/D,S/D,S/D,S/D,S/D,S/D,"Atropello,Otro",S/D,S/D,S/D,S/D