anio_acci,nro_acci,fecha,desc_dia,hora_aprox,desc_ruta,km,cant_participantes,desc_participante,calle_avenida_km,total,heridos_leves,heridos_graves,heridos_gravisimos,ilesos,fallecidos,sin_datos,posicion_XY,desc_tipo_via,desc_ruta_ori,desc_loc,desc_dpto,desc_tipo_calzada,desc_tipo_banquina,desc_unidad_regional,desc_lugar_calzada,desc_zona,desc_prioridad,desc_estado_semaforo,desc_lugar_via,desc_estado_via,desc_estado_visibilidad,desc_luminosidad,desc_estado_clima,desc_tipo_colision,desc_tipo_atropello,desc_tipo_hecho,desc_pres_calzada,desc_senializacion,desc_separacion_via,desc_restriccion
2020,7838,2020-05-27,Miercoles,17:30:00,,0.0,1,Moto/Ciclomotor,Ottone Bis Y Pje. Pelayo,1,1,0,0,0,0,0,"-32.91935, -60.70086",S/D,,ROSARIO,Rosario,S/D,S/D,II,S/D,S/D,S/D,S/D,S/D,S/D,S/D,S/D,S/D,S/D,S/D,Otro,S/D,S/D,S/D,S/D
2020,7839,2020-05-27,Miercoles,00:00:00,,0.0,1,Moto/Ciclomotor,Roullon ,1,1,0,0,0,0,0,"-32.95309, -60.7017",S/D,,ROSARIO,Rosario,S/D,S/D,II,S/D,S/D,S/D,S/D,S/D,S/D,S/D,S/D,S/D,S/D,S/D,Otro,S/D,S/D,S/D,S/D
2020,7840,2020-05-27,Miercoles,15:29:00,,0.0,1,Moto/Ciclomotor,Cullen Y Ugarte,2,2,0,0,0,0,0,"-32.87808, -60.73069",S/D,,ROSARIO,Rosario,S/D,S/D,II,S/D,S/D,S/D,S/D,S/D,S/D,S/D,S/D,S/D,S/D,S/D,Otro,S/D,S/D,S/D,S/D
2020,7841,2020-05-27,Miercoles,01:59:00,,0.0,1,Bicicleta,Irurtia 8000,1,1,0,0,0,0,0,"-32.9671, -60.72749",S/D,,ROSARIO,Rosario,S/D,S/D,II,S/D,S/D,S/D,S/D,S/D,S/D,S/D,S/D,S/D,S/D,Ciclista,"Atropello,Otro",S/D,S/D,S/D,S/D
2020,7842,2020-05-27,Miercoles,19:00:00,,0.0,1,Moto/Ciclomotor,Bv. 27 De Febrero 4800,1,1,0,0,0,0,0,"-32.95862, -60.69163",S/D,,ROSARIO,Rosario,S/D,S/D,II,S/D,S/D,S/D,S/D,S/D,S/D,S/D,S/D,S/D,S/D,S/D,Otro,S/D,S/D,S/D,S/D
2020,7843,2020-07-16,Jueves,10:35:00,,0.0,2,"Camión,Peatón",Santiago del Estero Y Simon Bolivar,2,0,0,0,1,1,0,"    -33.23503, -60.32968",Calle,,VILLA CONSTITUCIÓN,Constitución,Asfalto,No existe,VI,Dentro,Urbana,Ninguna,No existe,Intersección,Bueno,S/D,Diurna,S/D,S/D,Peatón,Atropello,Ninguna,Faltante,Ninguna,Sin restricción
2020,7844,2020-05-28,Jueves,08:50:00,,0.0,1,Moto/Ciclomotor,Av. Pellegrini Y Crespo,1,1,0,0,0,0,0,"-32.95198, -60.67097",S/D,,ROSARIO,Rosario,S/D,S/D,II,S/D,S/D,S/D,S/D,S/D,S/D,S/D,S/D,S/D,S/D,S/D,Otro,S/D,S/D,S/D,S/D
2020,7845,2020-05-28,Jueves,13:59:00,,0.0,1,Automóvil, ,1,1,0,0,0,0,0,"-32.9588, -60.69398",S/D,,ROSARIO,Rosario,S/D,S/D,II,S/D,S/D,S/D,S/D,S/D,S/D,S/D,S/D,S/D,S/D,S/D,Otro,S/D,S/D,S/D,S/D
2020,7846,2020-05-28,Jueves,09:00:00,,0.0,1,Moto/Ciclomotor,Av. Circunvalacion Y Bv. Segui,1,1,0,0,0,0,0,"-32.97121, -60.7161",Avenida,,ROSARIO,Rosario,S/D,S/D,II,S/D,S/D,S/D,S/D,S/D,S/D,S/D,S/D,S/D,S/D,S/D,Otro,S/D,S/D,S/D,S/D
2020,7847,2020-05-28,Jueves,16:30:00,,0.0,1,Moto/Ciclomotor, ,1,1,0,0,0,0,0,"-32.95249, -60.69389",S/D,,ROSARIO,Rosario,S/D,S/D,II,S/D,S/D,S/D,S/D,S/D,S/D,S/D,S/D,S/D,S/D,S/D,Otro,S/D,S/D,S/D,S/D
2020,7848,2020-05-28,Jueves,12:29:00,,0.0,1,Bicicleta,Bv. Segui Y Mitre,1,1,0,0,0,0,0,"-32.97869, -60.64765",S/D,,ROSARIO,Rosario,S/D,S/D,II,S/D,S/D,S/D,S/D,S/D,S/D,S/D,S/D,S/D,S/D,Ciclista,"Atropello,Otro",S/D,S/D,S/D,S/D
2020,7849,2020-05-28,Jueves,11:30:00,,0.0,1,Moto/Ciclomotor,La Paz Y Crespo,1,1,0,0,0,0,0,"-32.95882, -60.67274",S/D,,ROSARIO,Rosario,S/D,S/D,II,S/D,S/D,S/D,S/D,S/D,S/D,S/D,S/D,S/D,S/D,S/D,Otro,S/D,S/D,S/D,S/D
2020,7850,2020-05-28,Jueves,13:59:00,,0.0,1,Bicicleta,Santa Fe 3600,1,1,0,0,0,0,0,"-32.93892, -60.67181",S/D,,ROSARIO,Rosario,S/D,S/D,II,S/D,S/D,S/D,S/D,S/D,S/D,S/D,S/D,S/D,S/D,Ciclista,"Atropello,Otro",S/D,S/D,S/D,S/D
2020,7851,2020-05-28,Jueves,15:45:00,,0.0,1,Peatón,Av. Circunvalacion Y Av. Pellegrini,1,1,0,0,0,0,0,"-32.94871, -60.72114",S/D,,ROSARIO,Rosario,S/D,S/D,II,S/D,S/D,S/D,S/D,S/D,S/D,S/D,S/D,S/D,S/D,Peatón,"Atropello,Otro",S/D,S/D,S/D,S/D
2020,7852,2020-12-29,Martes,17:00:00,,0.0,1,Moto/Ciclomotor,Bv. Avellaneda Y Bv. Segui,1,1,0,0,0,0,0,"-32.97168, -60.68744",S/D,,ROSARIO,Rosario,S/D,S/D,II,S/D,S/D,S/D,S/D,S/D,S/D,S/D,S/D,S/D,S/D,S/D,Otro,S/D,S/D,S/D,S/D
2020,7853,2020-05-29,Viernes,09:48:00,,0.0,1,Moto/Ciclomotor, ,2,2,0,0,0,0,0,"-33.02582, -60.6335",S/D,,VILLA GOBERNADOR GÁLVEZ,Rosario,S/D,S/D,II,S/D,S/D,S/D,S/D,S/D,S/D,S/D,S/D,S/D,S/D,S/D,Otro,S/D,S/D,S/D,S/D
2020,7854,2020-05-29,Viernes,19:30:00,,0.0,1,Automóvil, ,3,3,0,0,0,0,0,"-33.02581, -60.63231",S/D,,VILLA GOBERNADOR GÁLVEZ,Rosario,S/D,S/D,II,S/D,S/D,S/D,S/D,S/D,S/D,S/D,S/D,S/D,S/D,S/D,Otro,S/D,S/D,S/D,S/D
2020,7855,2020-07-02,Jueves,21:40:00,,0.0,1,Moto/Ciclomotor,Bv. Rondeau 400,1,1,0,0,0,0,0,"-32.95883, -60.693",Avenida,,ROSARIO,Rosario,Asfalto,No existe,II,Dentro,Urbana,S/D,S/D,Recta,S/D,S/D,Nocturna,S/D,S/D,S/D,Cañda ocupante,S/D,S/D,S/D,S/D
2020,7856,2020-07-03,Viernes,20:00:00,,0.0,1,Moto/Ciclomotor, ,1,1,0,0,0,0,0,"-29.1448, -59.64357",S/D,,ROSARIO,Rosario,S/D,S/D,II,S/D,S/D,S/D,S/D,S/D,S/D,S/D,Nocturna,S/D,S/D,S/D,S/D,S/D,S/D,S/D,S/D
2020,7857,2020-07-06,Lunes,17:40:00,,0.0,2,"Moto/Ciclomotor,Moto/Ciclomotor",San Martin Y Rodriguez Pe�a,2,2,0,0,0,0,0,"-32.95883, -60.693",Calle,,ROSARIO,Rosario,Asfalto,S/D,II,Dentro,Urbana,S/D,S/D,Intersección,S/D,S/D,Diurna,S/D,Lateral,S/D,Colisión,S/D,S/D,S/D,S/D
2020,7858,2020-07-06,Lunes,19:00:00,,0.0,1,Moto/Ciclomotor,San Luis Y Bv. Oro�o,1,1,0,0,0,0,0,"-32.95883, -60.693",Avenida,,ROSARIO,Rosario,Asfalto,S/D,II,Dentro,Urbana,S/D,S/D,Intersección,S/D,S/D,Atardecer,S/D,S/D,S/D,S/D,S/D,S/D,S/D,S/D
2020,7860,2020-05-29,Viernes,00:00:00,,0.0,1,Bicicleta,Mitre ,1,0,1,0,0,0,0,"-32.9714, -60.64587",S/D,,ROSARIO,Rosario,S/D,S/D,II,S/D,S/D,S/D,S/D,S/D,S/D,S/D,S/D,S/D,S/D,Ciclista,"Atropello,Otro",S/D,S/D,S/D,S/D
2020,7861,2020-05-30,Sabado,17:30:00,,0.0,1,Moto/Ciclomotor,Larrea Y Gorriti,1,1,0,0,0,0,0,"-32.92398, -60.69785",S/D,,ROSARIO,Rosario,S/D,S/D,II,S/D,S/D,S/D,S/D,S/D,S/D,S/D,S/D,S/D,S/D,S/D,Otro,S/D,S/D,S/D,S/D
2020,7862,2020-05-30,Sabado,10:30:00,,0.0,1,Moto/Ciclomotor,Salta Y 1 de Mayo,1,1,0,0,0,0,0,"-32.90402, -60.91119",S/D,,ROLDÁN,San Lorenzo,S/D,S/D,XVII,S/D,S/D,S/D,S/D,S/D,S/D,S/D,S/D,S/D,S/D,S/D,Otro,S/D,S/D,S/D,S/D
2020,7863,2020-07-07,Martes,19:00:00,,0.0,1,Moto/Ciclomotor,Dr.Maradona ,1,1,0,0,0,0,0,"    -32.97995, -60.71054",Calle,,ROSARIO,Rosario,Asfalto,S/D,II,Dentro,Urbana,S/D,No existe,Intersección,S/D,S/D,Atardecer,S/D,S/D,S/D,S/D,S/D,S/D,S/D,S/D
2020,7864,2020-05-30,Sabado,04:20:00,,0.0,1,Automóvil, ,1,0,1,0,0,0,0,"-32.9588, -60.69398",S/D,,ROSARIO,Rosario,S/D,S/D,II,S/D,S/D,S/D,S/D,S/D,S/D,S/D,S/D,S/D,S/D,S/D,Otro,S/D,S/D,S/D,S/D
2020,7865,2020-05-31,Domingo,05:00:00,,0.0,1,Moto/Ciclomotor,Godoy Cruz Y Av. Circunvalacion,1,1,0,0,0,0,0,"-32.95213, -60.76211",S/D,,ROSARIO,Rosario,S/D,S/D,II,S/D,S/D,S/D,S/D,S/D,S/D,S/D,S/D,S/D,S/D,S/D,Otro,S/D,S/D,S/D,S/D
2020,7866,2020-12-28,Lunes,08:05:00,,0.0,1,Moto/Ciclomotor,9 De Julio Y Santiago,1,1,0,0,0,0,0,"-32.95883, -60.693",Calle,,ROSARIO,Rosario,Asfalto,S/D,II,Dentro,Urbana,S/D,S/D,Intersección,S/D,S/D,Diurna,S/D,S/D,S/D,S/D,S/D,S/D,S/D,S/D
2020,7867,2020-05-31,Domingo,08:00:00,,0.0,1,Moto/Ciclomotor,Bv. Segui Y Constitucion,1,1,0,0,0,0,0,"-32.97277, -60.68199",S/D,,ROSARIO,Rosario,S/D,S/D,II,S/D,S/D,S/D,S/D,S/D,S/D,S/D,S/D,S/D,S/D,S/D,Otro,S/D,S/D,S/D,S/D
2020,7868,2020-05-30,Sabado,00:00:00,,0.0,1,Moto/Ciclomotor,Salva B 2700,1,1,0,0,0,0,0,"-32.8834, -60.7251",S/D,,ROSARIO,Rosario,S/D,S/D,II,S/D,S/D,S/D,S/D,S/D,S/D,S/D,S/D,S/D,S/D,S/D,Otro,S/D,S/D,S/D,S/D
2020,7869,2020-12-25,Viernes,14:00:00,,0.0,1,Automóvil,Bv. Oroño Y Cochabamba,1,1,0,0,0,0,0,"-32.95559, -60.65639",S/D,,ROSARIO,Rosario,S/D,S/D,II,S/D,S/D,S/D,S/D,S/D,S/D,S/D,S/D,S/D,S/D,S/D,Otro,S/D,S/D,S/D,S/D
2020,7870,2020-07-08,Miercoles,,,0.0,1,Moto/Ciclomotor,Ayacucho ,1,1,0,0,0,0,0,"-32.95883, -60.693",Calle,,ROSARIO,Rosario,Asfalto,S/D,II,Dentro,Urbana,S/D,S/D,Intersección,S/D,S/D,Atardecer,S/D,S/D,S/D,S/D,S/D,S/D,S/D,S/D
2020,7871,2020-05-30,Sabado,13:00:00,,0.0,1,Moto/Ciclomotor,Bv. Avellaneda 6800,1,1,0,0,0,0,0,"-33.01013, -60.68944",S/D,,ROSARIO,Rosario,S/D,S/D,II,S/D,S/D,S/D,S/D,S/D,S/D,S/D,S/D,S/D,S/D,S/D,Otro,S/D,S/D,S/D,S/D
2020,7872,2020-05-30,Sabado,18:00:00,,0.0,1,Automóvil,Av. Circunvalacion ,1,0,1,0,0,0,0,"-32.94666, -60.722",Avenida,,ROSARIO,Rosario,S/D,S/D,II,S/D,S/D,S/D,S/D,S/D,S/D,S/D,S/D,S/D,S/D,S/D,Otro,S/D,S/D,S/D,S/D
2020,7873,2020-05-30,Sabado,17:00:00,,0.0,1,Peatón,CENTRAL ARGENTINO 600,1,1,0,0,0,0,0,"-32.92933, -60.67153",S/D,,ROSARIO,Rosario,S/D,S/D,II,S/D,S/D,S/D,S/D,S/D,S/D,S/D,S/D,S/D,S/D,Peatón,"Atropello,Otro",S/D,S/D,S/D,S/D
2020,7874,2020-11-01,Domingo,09:29:00,,0.0,1,Moto/Ciclomotor,24 De Setiembre ,1,0,1,0,0,0,0,"-32.97803, -60.65909",S/D,,ROSARIO,Rosario,S/D,S/D,II,S/D,S/D,S/D,S/D,S/D,S/D,S/D,S/D,S/D,S/D,S/D,Otro,S/D,S/D,S/D,S/D
2020,7875,2020-11-01,Domingo,16:00:00,,0.0,1,Bicicleta,Av. Pte.Peron Y Garzon,1,1,0,0,0,0,0,"-32.96466, -60.70467",S/D,,ROSARIO,Rosario,S/D,S/D,II,S/D,S/D,S/D,S/D,S/D,S/D,S/D,S/D,S/D,S/D,Ciclista,"Atropello,Otro",S/D,S/D,S/D,S/D
2020,7876,2020-11-01,Domingo,15:00:00,,0.0,1,Moto/Ciclomotor, ,1,1,0,0,0,0,0,"-33.14457, -61.46921",S/D,,AREQUITO,Caseros,S/D,S/D,IV,S/D,S/D,S/D,S/D,S/D,S/D,S/D,S/D,S/D,S/D,S/D,Otro,S/D,S/D,S/D,S/D
2020,7877,2020-11-01,Domingo,00:00:00,,0.0,1,Moto/Ciclomotor,Bv. Avellaneda 4400,1,0,1,0,0,0,0,"-32.98096, -60.68861",S/D,,ROSARIO,Rosario,S/D,S/D,II,S/D,S/D,S/D,S/D,S/D,S/D,S/D,S/D,S/D,S/D,S/D,Otro,S/D,S/D,S/D,S/D
2020,7878,2020-07-08,Miercoles,09:40:00,,0.0,1,Moto/Ciclomotor,Union Y Superi,1,1,0,0,0,0,0,"-32.95883, -60.693",Calle,,ROSARIO,Rosario,Asfalto,S/D,II,Dentro,Urbana,S/D,S/D,Intersección,S/D,S/D,Diurna,S/D,S/D,S/D,Colisión,S/D,S/D,S/D,S/D
2020,7879,2020-11-01,Domingo,12:00:00,,0.0,1,Moto/Ciclomotor,R.de Pineda Y Av. Circunvalacion,1,0,1,0,0,0,0,"-33.01613, -60.64599",S/D,,ROSARIO,Rosario,S/D,S/D,II,S/D,S/D,S/D,S/D,S/D,S/D,S/D,S/D,S/D,S/D,S/D,Otro,S/D,S/D,S/D,S/D
2020,7880,2020-07-08,Miercoles,,,0.0,1,Moto/Ciclomotor, ,1,1,0,0,0,0,0,"-32.95883, -60.693",S/D,,ROSARIO,Rosario,S/D,S/D,II,S/D,S/D,S/D,S/D,S/D,S/D,S/D,Diurna,S/D,S/D,S/D,S/D,S/D,S/D,S/D,S/D
2020,7881,2020-07-09,Jueves,11:20:00,,0.0,1,Moto/Ciclomotor,Bv. Avellaneda Y San Lorenzo,1,1,0,0,0,0,0,"-32.95883, -60.693",Avenida,,ROSARIO,Rosario,Asfalto,S/D,II,Dentro,Urbana,S/D,S/D,Intersección,S/D,S/D,Diurna,S/D,S/D,S/D,S/D,S/D,S/D,S/D,S/D
2020,7882,2020-11-02,Lunes,00:00:00,,0.0,1,Moto/Ciclomotor,Viamonte 21,1,1,0,0,0,0,0,"-32.96821, -60.62722",S/D,,ROSARIO,Rosario,S/D,S/D,II,S/D,S/D,S/D,S/D,S/D,S/D,S/D,S/D,S/D,S/D,S/D,Otro,S/D,S/D,S/D,S/D
2020,7883,2020-11-02,Lunes,23:35:00,,0.0,1,Otros,Alsina Y Dr.Rivas,1,1,0,0,0,0,0,"-32.97686, -60.68582",S/D,,ROSARIO,Rosario,S/D,S/D,II,S/D,S/D,S/D,S/D,S/D,S/D,S/D,S/D,S/D,Otro,S/D,Otro,S/D,S/D,S/D,S/D
2020,7884,2020-11-02,Lunes,00:00:00,,0.0,1,Automóvil,Iriondo Y Cochabamba,1,1,0,0,0,0,0,"-32.95286, -60.67267",S/D,,VILLA GOBERNADOR GÁLVEZ,Rosario,S/D,S/D,II,S/D,S/D,S/D,S/D,Otro,S/D,S/D,S/D,S/D,S/D,S/D,Otro,S/D,S/D,S/D,S/D
2020,7885,2020-07-10,Viernes,12:20:00,,0.0,1,Automóvil,Tarragona ,2,2,0,0,0,0,0,"-32.95883, -60.693",Avenida,,ROSARIO,Rosario,Asfalto,S/D,II,Dentro,Urbana,S/D,S/D,Intersección,S/D,S/D,Diurna,S/D,S/D,S/D,S/D,S/D,S/D,S/D,S/D
2020,7886,2020-11-03,Martes,17:30:00,,0.0,1,Bicicleta,Montevideo Y Fraga,1,1,0,0,0,0,0,"-32.94744, -60.70996",S/D,,ROSARIO,Rosario,S/D,S/D,II,S/D,S/D,S/D,S/D,S/D,S/D,S/D,S/D,S/D,S/D,Ciclista,"Atropello,Otro",S/D,S/D,S/D,S/D
2020,7887,2020-11-03,Martes,13:00:00,,0.0,1,Moto/Ciclomotor,Cafferata Y Rioja,1,1,0,0,0,0,0,"-32.94171, -60.6712",S/D,,ROSARIO,Rosario,S/D,S/D,II,S/D,S/D,S/D,S/D,S/D,S/D,S/D,S/D,S/D,S/D,S/D,Otro,S/D,S/D,S/D,S/D
2020,7888,2020-11-03,Martes,19:59:00,,0.0,2,"Moto/Ciclomotor,Moto/Ciclomotor",Francia F Y Dr.Rivas,2,2,0,0,0,0,0,"-32.97878, -60.67501",S/D,,ROSARIO,Rosario,S/D,S/D,II,S/D,S/D,S/D,S/D,S/D,S/D,S/D,S/D,S/D,S/D,S/D,Otro,S/D,S/D,S/D,S/D
2020,7889,2020-11-04,Miercoles,10:59:00,,0.0,1,Bicicleta,Francia F Y Comodoro Rivadavia,1,1,0,0,0,0,0,"-32.9891, -60.6776",S/D,,ROSARIO,Rosario,S/D,S/D,II,S/D,S/D,S/D,S/D,S/D,S/D,S/D,S/D,S/D,S/D,Ciclista,"Atropello,Otro",S/D,S/D,S/D,S/D
2020,7890,2020-07-07,Martes,15:40:00,,0.0,1,Moto/Ciclomotor,Amenabar Y España,1,1,0,0,0,0,0,"-32.95883, -60.693",Calle,,ROSARIO,Rosario,Asfalto,S/D,II,Dentro,Urbana,S/D,S/D,Intersección,S/D,S/D,Diurna,S/D,S/D,S/D,S/D,S/D,S/D,S/D,S/D
2020,7891,2020-07-10,Viernes,16:00:00,,0.0,1,Moto/Ciclomotor,Av. Pellegrini ,1,1,0,0,0,0,0,"-32.95883, -60.693",Calle,,ROSARIO,Rosario,Asfalto,S/D,II,Dentro,Urbana,S/D,S/D,Intersección,S/D,S/D,Diurna,S/D,S/D,S/D,S/D,S/D,S/D,S/D,S/D
2020,7892,2020-07-10,Viernes,19:30:00,,0.0,1,Moto/Ciclomotor,Coulin 2000,1,1,0,0,0,0,0,"-32.95883, -60.693",Calle,,ROSARIO,Rosario,Asfalto,S/D,II,Dentro,Urbana,S/D,S/D,Intersección,S/D,S/D,Atardecer,S/D,S/D,S/D,S/D,S/D,S/D,S/D,S/D
2020,7893,2020-07-10,Viernes,21:00:00,,0.0,1,Bicicleta,Bv. 27 De Febrero ,1,1,0,0,0,0,0,"-32.95883, -60.693",Avenida,,ROSARIO,Rosario,S/D,S/D,II,Dentro,Urbana,S/D,S/D,Intersección,S/D,S/D,Nocturna,S/D,S/D,S/D,S/D,S/D,S/D,S/D,S/D
2020,7894,2020-07-10,Viernes,22:00:00,,0.0,1,Bicicleta,Matienzo ,1,1,0,0,0,0,0,"-32.95883, -60.693",Calle,,ROSARIO,Rosario,Asfalto,S/D,II,Dentro,Urbana,S/D,S/D,Intersección,S/D,S/D,Nocturna,S/D,S/D,Ciclista,"Cañda ocupante,Atropello",S/D,S/D,S/D,S/D
2020,7895,2020-07-11,Sabado,06:45:00,,0.0,1,Moto/Ciclomotor,Ayacucho ,1,1,0,0,0,0,0,"-32.95883, -60.693",Calle,,ROSARIO,Rosario,Asfalto,S/D,II,Dentro,Urbana,S/D,S/D,Intersección,S/D,S/D,Amanecer,S/D,S/D,S/D,S/D,S/D,S/D,S/D,S/D
2020,7896,2020-07-11,Sabado,11:35:00,,0.0,1,Moto/Ciclomotor,Acevedo Bis ,1,1,0,0,0,0,0,"-32.95883, -60.693",Calle,,ROSARIO,Rosario,Asfalto,S/D,II,Dentro,Urbana,S/D,S/D,Paso a Nivel FFCC,S/D,S/D,Diurna,S/D,S/D,S/D,S/D,S/D,S/D,S/D,S/D
2020,7897,2020-07-11,Sabado,00:30:00,,0.0,1,Moto/Ciclomotor,Mendoza ,1,1,0,0,0,0,0,"    -32.94423, -60.68037",Calle,,ROSARIO,Rosario,S/D,S/D,II,Dentro,Urbana,S/D,S/D,Intersección,S/D,S/D,Nocturna,S/D,S/D,S/D,S/D,S/D,S/D,S/D,S/D
2020,7899,2020-11-04,Miercoles,16:00:00,,0.0,1,Otros,Magallanes Y Pasco,1,1,0,0,0,0,0,"-32.950720841372,-60.704072030987",Calle,,ROSARIO,Rosario,Asfalto,No existe,II,Dentro,Urbana,Ninguna,No existe,Intersección,Deteriorada,Buena,Diurna,Buen Tiempo,S/D,S/D,S/D,Ninguna,Faltante,"Ninguna,S/D",Sin restricción
2020,7900,2020-11-04,Miercoles,,,0.0,1,Otros, ,1,1,0,0,0,0,0,"-32.95846, -60.69045",S/D,,ROSARIO,Rosario,S/D,S/D,II,S/D,S/D,S/D,S/D,S/D,S/D,S/D,S/D,S/D,S/D,S/D,Otro,S/D,S/D,S/D,S/D
2020,7901,2020-11-04,Miercoles,17:40:00,,0.0,1,Moto/Ciclomotor,Camilo Aldao Y Humberto I,1,1,0,0,0,0,0,"-32.930059844343,-60.696357243243",Calle,,ROSARIO,Rosario,Asfalto,No existe,II,Dentro,Urbana,Ninguna,No existe,Intersección,Deteriorada,Buena,Diurna,Buen Tiempo,S/D,S/D,Colisión,Ninguna,Faltante,"Ninguna,S/D",Sin restricción
2020,7902,2020-11-01,Domingo,05:40:00,,0.0,1,Bicicleta,Av. Ntra.Sra.del Rosario Y Crespo,1,1,0,0,0,0,0,"-33.001026348997,-60.680634617291",Avenida,,ROSARIO,Rosario,Asfalto,No existe,II,Dentro,Urbana,Ninguna,No existe,Intersección,S/D,S/D,Nocturna,S/D,S/D,S/D,Cañda ocupante,S/D,Faltante,"Ninguna,S/D",S/D
2020,7903,2020-11-04,Miercoles,00:05:00,,0.0,1,Moto/Ciclomotor,Pje. Marquez de Moya Y Rivarola,1,1,0,0,0,0,0,"-32.966339928704,-60.729680843864",Avenida,,ROSARIO,Rosario,Asfalto,No existe,II,Dentro,Urbana,Paso Peatonal,No existe,Intersección,Bueno,Buena,Nocturna,Buen Tiempo,S/D,S/D,Colisión,Ninguna,Horizontal,"Cordón divisorio,Línea divisoria pintada,S/D",Sin restricción
2020,7904,2020-11-04,Miercoles,,,0.0,1,Otros,Av. Francia Y Av. Ntra.Sra.del Rosario,1,1,0,0,0,0,0,"-33.000945694692,-60.677892461983",Avenida,,ROSARIO,Rosario,Asfalto,No existe,II,Dentro,Urbana,Ninguna,No existe,Intersección,Bueno,Buena,Diurna,Buen Tiempo,S/D,S/D,Colisión,Ninguna,Faltante,"Cordón divisorio,Vegetación,S/D",Sin restricción
2020,7905,2020-11-04,Miercoles,08:00:00,,0.0,1,Otros,Av. Ntra.Sra.del Rosario ,1,1,0,0,0,0,0,"-32.95846, -60.69045",Avenida,,ROSARIO,Rosario,Asfalto,No existe,II,Dentro,Urbana,S/D,S/D,S/D,Bueno,S/D,Diurna,S/D,S/D,S/D,Otro,S/D,S/D,S/D,S/D
2020,7906,2020-11-04,Miercoles,00:10:00,,0.0,1,Bicicleta,Bv. 27 De Febrero Y Bv. Oro�o,1,1,0,0,0,0,0,"-32.964828473776,-60.658500919693",Avenida,,ROSARIO,Rosario,Asfalto,No existe,II,Dentro,Urbana,Semáforo,Funciona,Intersección,Bueno,Buena,Diurna,Buen Tiempo,S/D,S/D,Cañda ocupante,Ninguna,"Horizontal,Vertical","Cordón divisorio,Vegetación,Línea divisoria pintada,S/D",Sin restricción
2020,7907,2020-11-04,Miercoles,09:30:00,,0.0,1,Otros,CORDOBA Y ECUADOR,1,1,0,0,0,0,0,"-33.07493220986592, -60.58149952956",Calle,,PUEBLO ESTHER,Rosario,Asfalto,No existe,II,Dentro,Urbana,S/D,S/D,Intersección,Bueno,S/D,Diurna,S/D,S/D,S/D,Colisión,S/D,S/D,"Ninguna,S/D",S/D
2020,7908,2020-11-04,Miercoles,16:00:00,,0.0,1,Otros,Av. Provincias Unidas Y J.B.Justo,1,1,0,0,0,0,0,"-32.914921567841,-60.713912070463",Avenida,,ROSARIO,Rosario,Asfalto,No existe,II,Dentro,Urbana,Semáforo,No existe,Intersección,Bueno,Buena,Diurna,Buen Tiempo,S/D,S/D,Colisión,Ninguna,"Horizontal,Vertical","Cordón divisorio,Línea divisoria pintada,S/D",Sin restricción
2020,7909,2020-10-30,Viernes,22:00:00,,0.0,1,Otros,Crespo Y Virasoro,1,1,0,0,0,0,0,"-32.964507234614,-60.674165021127",Calle,,ROSARIO,Rosario,Asfalto,No existe,II,Dentro,Urbana,Ninguna,No existe,Intersección,S/D,S/D,Nocturna,S/D,S/D,S/D,Otro,S/D,Faltante,"Ninguna,S/D",S/D
2020,7910,2020-11-04,Miercoles,,,0.0,1,Otros, ,1,1,0,0,0,0,0,"-32.95846, -60.69045",S/D,,ROSARIO,Rosario,S/D,S/D,II,S/D,S/D,S/D,S/D,S/D,S/D,S/D,S/D,S/D,S/D,S/D,Otro,S/D,S/D,S/D,S/D
2020,7911,2020-10-29,Jueves,11:00:00,Ruta Nacional A008,0.0,1,Moto/Ciclomotor,Av. Circunvalacion ,1,1,0,0,0,0,0,"-32.964713573455775,-60.71972966194",Ruta,A008,ROSARIO,Rosario,S/D,S/D,II,Dentro,Urbana,S/D,S/D,S/D,S/D,S/D,S/D,S/D,S/D,S/D,Otro,S/D,S/D,S/D,S/D
2020,7912,2020-10-29,Jueves,00:00:00,,0.0,1,Otros,Bv. Avellaneda Y Mendoza,1,1,0,0,0,0,0,"-32.944223291523,-60.680315504898",Calle,,ROSARIO,Rosario,Asfalto,No existe,II,Dentro,Urbana,Semáforo,Funciona,Intersección,S/D,S/D,Nocturna,S/D,S/D,S/D,Otro,S/D,"Horizontal,Vertical","Cordón divisorio,S/D",S/D
2020,7913,2020-11-04,Miercoles,,,0.0,1,Otros, ,1,1,0,0,0,0,0,"-32.95846, -60.69045",S/D,,ROSARIO,Rosario,S/D,S/D,II,S/D,S/D,S/D,S/D,S/D,S/D,S/D,S/D,S/D,S/D,S/D,Otro,S/D,S/D,S/D,S/D
2020,7914,2020-07-11,Sabado,14:10:00,,0.0,1,Moto/Ciclomotor,J.B.Justo Y Fournier,1,1,0,0,0,0,0,"-32.95883, -60.693",Calle,,ROSARIO,Rosario,Asfalto,S/D,II,Dentro,Urbana,S/D,S/D,Intersección,S/D,S/D,Diurna,S/D,S/D,S/D,S/D,S/D,S/D,Ninguna,S/D
2020,7915,2020-11-04,Miercoles,,,0.0,1,Otros, ,1,1,0,0,0,0,0,"-32.95846, -60.69045",S/D,,ROSARIO,Rosario,S/D,S/D,II,S/D,S/D,S/D,S/D,S/D,S/D,S/D,S/D,S/D,S/D,S/D,Otro,S/D,S/D,S/D,S/D
2020,7916,2020-07-11,Sabado,07:50:00,,0.0,1,Moto/Ciclomotor,Rodriguez ,1,1,0,0,0,0,0,"-32.95883, -60.693",Calle,,ROSARIO,Rosario,Asfalto,S/D,II,Dentro,Urbana,S/D,S/D,Intersección,S/D,S/D,Diurna,S/D,S/D,S/D,S/D,S/D,S/D,S/D,S/D
2020,7917,2020-07-12,Domingo,16:45:00,,0.0,1,Moto/Ciclomotor, ,1,1,0,0,0,0,0,"-32.95883, -60.693",Camino Rural,,ROSARIO,Rosario,S/D,S/D,II,Dentro,Rural,S/D,S/D,S/D,S/D,S/D,Diurna,S/D,S/D,S/D,S/D,S/D,S/D,S/D,S/D
2020,7918,2020-07-12,Domingo,18:15:00,,0.0,1,Moto/Ciclomotor,Av. Battle y Ordo�ez ,1,1,0,0,0,0,0,"-32.95883, -60.693",Avenida,,ROSARIO,Rosario,S/D,S/D,II,Dentro,Urbana,S/D,S/D,S/D,S/D,S/D,Atardecer,S/D,S/D,S/D,S/D,S/D,S/D,S/D,S/D
2020,7919,2020-07-13,Lunes,05:00:00,,0.0,1,Moto/Ciclomotor,Peru Y Biedma,1,1,0,0,0,0,0,"-32.95883, -60.693",Calle,,ROSARIO,Rosario,Asfalto,S/D,II,Dentro,Urbana,S/D,S/D,Intersección,S/D,S/D,Amanecer,S/D,S/D,S/D,S/D,S/D,S/D,S/D,S/D
2020,7920,2020-07-14,Martes,11:35:00,,0.0,1,Automóvil,Cordoba Y Larrea,1,1,0,0,0,0,0,"-32.95883, -60.693",Calle,,ROSARIO,Rosario,Asfalto,S/D,II,Dentro,Urbana,S/D,S/D,Intersección,S/D,S/D,Diurna,S/D,S/D,S/D,S/D,S/D,S/D,S/D,S/D
2020,7921,2020-12-01,Martes,22:00:00,Ruta Provincial 21,43.0,2,"Moto/Ciclomotor,Automóvil",San Martin Y San Juan,2,0,0,0,1,1,0,"    -33.23131, -60.32629",Ruta,21,VILLA CONSTITUCIÓN,Constitución,Asfalto,No existe,VI,Dentro,Urbana,Ninguna,No existe,Intersección,Bueno,S/D,Nocturna,S/D,S/D,S/D,Colisión,Ninguna,Faltante,Ninguna,Sin restricción
2020,7922,2020-07-14,Martes,19:10:00,,0.0,1,Moto/Ciclomotor,Saavedra Y Lavalle,2,2,0,0,0,0,0,"-32.95883, -60.693",Calle,,ROSARIO,Rosario,S/D,S/D,II,Dentro,Urbana,S/D,S/D,Intersección,S/D,S/D,Atardecer,S/D,S/D,S/D,S/D,S/D,S/D,S/D,S/D
2020,7923,2020-11-05,Jueves,05:44:00,,0.0,1,Peatón,Pje. Bogado Y Bolivar,1,1,0,0,0,0,0,"-32.94415, -60.71365",S/D,,ROSARIO,Rosario,S/D,S/D,II,S/D,S/D,S/D,S/D,S/D,S/D,S/D,S/D,S/D,S/D,Peatón,"Atropello,Otro",S/D,S/D,S/D,S/D
2020,7924,2020-03-02,Lunes,,Ruta Nacional 34,0.0,1,Camión, ,1,0,0,0,0,1,0,"    -32.66971, -61.09342",Ruta,34,SALTO GRANDE,Iriondo,S/D,S/D,X,S/D,S/D,S/D,S/D,S/D,S/D,S/D,S/D,S/D,S/D,S/D,Vuelco,S/D,S/D,S/D,S/D
2020,7925,2020-12-29,Martes,09:00:00,,0.0,1,Moto/Ciclomotor,Mariano Moreno Y 9 De Julio,1,1,0,0,0,0,0,"-32.95165, -60.65239",S/D,,ROSARIO,Rosario,S/D,S/D,II,S/D,S/D,S/D,S/D,S/D,S/D,S/D,S/D,S/D,S/D,S/D,Otro,S/D,S/D,S/D,S/D