anio_acci,nro_acci,fecha,desc_dia,hora_aprox,desc_ruta,km,cant_participantes,desc_participante,calle_avenida_km,total,heridos_leves,heridos_graves,heridos_gravisimos,ilesos,fallecidos,sin_datos,posicion_XY,desc_tipo_via,desc_ruta_ori,desc_loc,desc_dpto,desc_tipo_calzada,desc_tipo_banquina,desc_unidad_regional,desc_lugar_calzada,desc_zona,desc_prioridad,desc_estado_semaforo,desc_lugar_via,desc_estado_via,desc_estado_visibilidad,desc_luminosidad,desc_estado_clima,desc_tipo_colision,desc_tipo_atropello,desc_tipo_hecho,desc_pres_calzada,desc_senializacion,desc_separacion_via,desc_restriccion
2020,7926,2020-11-05,Jueves,11:30:00,,0.0,1,Moto/Ciclomotor, ,1,1,0,0,0,0,0,"-32.9588, -60.69398",S/D,,ROSARIO,Rosario,S/D,S/D,II,S/D,S/D,S/D,S/D,S/D,S/D,S/D,S/D,S/D,S/D,S/D,Otro,S/D,S/D,S/D,S/D
2020,7927,2020-07-14,Martes,19:25:00,,0.0,1,Moto/Ciclomotor,Av. Pellegrini Y Constitucion,1,1,0,0,0,0,0,"-32.95883, -60.693",Avenida,,ROSARIO,Rosario,Asfalto,S/D,II,Dentro,Urbana,S/D,S/D,Intersección,S/D,S/D,Atardecer,S/D,S/D,S/D,S/D,S/D,S/D,S/D,S/D
2020,7928,2020-07-14,Martes,20:00:00,,0.0,1,Moto/Ciclomotor, ,1,1,0,0,0,0,0,"-32.95883, -60.693",S/D,,ROSARIO,Rosario,Asfalto,S/D,II,S/D,S/D,S/D,S/D,Intersección,S/D,S/D,Atardecer,S/D,S/D,S/D,S/D,S/D,S/D,S/D,S/D
2020,7929,2020-11-06,Viernes,03:15:00,,0.0,1,Moto/Ciclomotor,Av. Uriburu Y Av. Circunvalacion,1,1,0,0,0,0,0,"-32.9924, -60.70275",S/D,,ROSARIO,Rosario,S/D,S/D,II,S/D,S/D,S/D,S/D,S/D,S/D,S/D,S/D,S/D,S/D,S/D,Otro,S/D,S/D,S/D,S/D
2020,7930,2020-07-14,Martes,02:00:00,,0.0,1,Bicicleta,Jose Ingenieros ,1,1,0,0,0,0,0,"-32.95883, -60.693",Calle,,ROSARIO,Rosario,Asfalto,S/D,II,Dentro,Urbana,S/D,S/D,Intersección,S/D,S/D,Nocturna,S/D,S/D,S/D,S/D,S/D,S/D,S/D,S/D
2020,7931,2020-05-06,Miercoles,,,0.0,1,Otros, ,1,1,0,0,0,0,0,"-32.95846, -60.69045",S/D,,ROSARIO,Rosario,S/D,S/D,II,S/D,S/D,S/D,S/D,S/D,S/D,S/D,S/D,S/D,S/D,S/D,Otro,S/D,S/D,S/D,S/D
2020,7932,2020-05-06,Miercoles,22:30:00,,0.0,1,Moto/Ciclomotor,24 De Setiembre ,1,1,0,0,0,0,0,"-32.97803, -60.65909",S/D,,ROSARIO,Rosario,S/D,S/D,II,S/D,S/D,S/D,S/D,S/D,S/D,S/D,S/D,S/D,S/D,S/D,Otro,S/D,S/D,S/D,S/D
2020,7933,2020-07-16,Jueves,15:15:00,,0.0,2,"Peatón,Otros",Bv. Avellaneda Y Cerrito,2,1,0,0,1,0,0,"-32.95883, -60.693",Calle,,ROSARIO,Rosario,Asfalto,S/D,II,Dentro,Urbana,S/D,S/D,Intersección,S/D,S/D,Diurna,S/D,S/D,Peatón,Atropello,S/D,S/D,S/D,S/D
2020,7934,2020-07-16,Jueves,,,0.0,1,Moto/Ciclomotor,Mejico Y White,1,1,0,0,0,0,0,"-32.95883, -60.693",Calle,,ROSARIO,Rosario,Asfalto,S/D,II,Dentro,Urbana,S/D,S/D,Intersección,S/D,S/D,Diurna,S/D,S/D,S/D,S/D,S/D,S/D,S/D,S/D
2020,7935,2020-07-16,Jueves,18:00:00,,0.0,1,Moto/Ciclomotor,Mendoza Y Lima,1,1,0,0,0,0,0,"-32.95883, -60.693",Calle,,ROSARIO,Rosario,Asfalto,S/D,II,Dentro,Urbana,S/D,S/D,Intersección,S/D,S/D,Atardecer,S/D,S/D,S/D,S/D,S/D,S/D,S/D,S/D
2020,7936,2020-07-17,Viernes,15:00:00,,0.0,1,Moto/Ciclomotor,Av. Circunvalacion Y Bv. Avellaneda,1,1,0,0,0,0,0,"-32.95883, -60.693",Avenida,,ROSARIO,Rosario,Asfalto,S/D,II,Dentro,Urbana,S/D,S/D,Intersección,S/D,S/D,Diurna,S/D,S/D,S/D,S/D,S/D,S/D,S/D,S/D
2020,7937,2020-11-06,Viernes,13:59:00,,0.0,1,Moto/Ciclomotor,Sanchez de Bustamante Y Francia F,1,1,0,0,0,0,0,"-33.0029, -60.67778",S/D,,ROSARIO,Rosario,S/D,S/D,II,S/D,S/D,S/D,S/D,S/D,S/D,S/D,S/D,S/D,S/D,S/D,Otro,S/D,S/D,S/D,S/D
2020,7938,2020-11-06,Viernes,15:29:00,,0.0,1,Moto/Ciclomotor,Rodriguez Y 3 De Febrero,1,1,0,0,0,0,0,"-32.94913, -60.66027",S/D,,ROSARIO,Rosario,S/D,S/D,II,S/D,S/D,S/D,S/D,S/D,S/D,S/D,S/D,S/D,S/D,S/D,Otro,S/D,S/D,S/D,S/D
2020,7939,2020-07-17,Viernes,14:00:00,,0.0,1,Moto/Ciclomotor,Amenabar Y Constitucion,1,1,0,0,0,0,0,"-32.95883, -60.693",Calle,,ROSARIO,Rosario,Asfalto,S/D,II,Dentro,Urbana,S/D,S/D,Intersección,S/D,S/D,Diurna,S/D,S/D,S/D,S/D,S/D,S/D,S/D,S/D
2020,7940,2020-11-06,Viernes,13:59:00,,0.0,1,Moto/Ciclomotor,Flor De Nacar ,1,1,0,0,0,0,0,"-33.02018, -60.66042",S/D,,ROSARIO,Rosario,S/D,S/D,II,S/D,S/D,S/D,S/D,S/D,S/D,S/D,S/D,S/D,S/D,S/D,Otro,S/D,S/D,S/D,S/D
2020,7941,2020-11-06,Viernes,18:00:00,,0.0,1,Moto/Ciclomotor,Av. Provincias Unidas Y Mendoza,1,1,0,0,0,0,0,"-32.95281, -60.71216",S/D,,ROSARIO,Rosario,S/D,S/D,II,S/D,S/D,S/D,S/D,S/D,S/D,S/D,S/D,S/D,S/D,S/D,Otro,S/D,S/D,S/D,S/D
2020,7942,2020-12-24,Jueves,01:59:00,,0.0,1,Moto/Ciclomotor, ,1,1,0,0,0,0,0,"-32.95527, -60.6932",S/D,,ROSARIO,Rosario,S/D,S/D,II,S/D,S/D,S/D,S/D,S/D,S/D,S/D,S/D,S/D,S/D,S/D,Otro,S/D,S/D,S/D,S/D
2020,7943,2020-11-07,Sabado,00:00:00,,0.0,1,Bicicleta, ,1,1,0,0,0,0,0,"-32.95527, -60.6932",S/D,,ROSARIO,Rosario,S/D,S/D,II,S/D,S/D,S/D,S/D,S/D,S/D,S/D,S/D,S/D,S/D,Ciclista,"Atropello,Otro",S/D,S/D,S/D,S/D
2020,7945,2020-07-17,Viernes,10:10:00,,0.0,1,Moto/Ciclomotor,Entre Rios Y Pasco,1,1,0,0,0,0,0,"-32.95883, -60.693",Calle,,ROSARIO,Rosario,Asfalto,S/D,II,Dentro,Urbana,S/D,S/D,Intersección,S/D,S/D,Diurna,S/D,S/D,S/D,S/D,S/D,S/D,S/D,S/D
2020,7946,2020-07-17,Viernes,18:15:00,,0.0,1,Moto/Ciclomotor,Cerrito Y Alsina,1,1,0,0,0,0,0,"-32.95883, -60.693",Calle,,ROSARIO,Rosario,Asfalto,S/D,II,Dentro,Urbana,S/D,S/D,Intersección,S/D,S/D,Diurna,S/D,S/D,S/D,S/D,S/D,S/D,S/D,S/D
2020,7947,2020-11-08,Domingo,19:00:00,,0.0,1,Automóvil, ,1,1,0,0,0,0,0,"-32.95643, -60.69418",S/D,,ROSARIO,Rosario,S/D,S/D,II,S/D,S/D,S/D,S/D,S/D,S/D,S/D,S/D,S/D,S/D,S/D,Otro,S/D,S/D,S/D,S/D
2020,7948,2020-11-08,Domingo,01:59:00,,0.0,1,Moto/Ciclomotor,Florida ,1,1,0,0,0,0,0,"-32.92969, -60.68318",S/D,,ROSARIO,Rosario,S/D,S/D,II,S/D,S/D,S/D,S/D,S/D,S/D,S/D,S/D,S/D,S/D,S/D,Otro,S/D,S/D,S/D,S/D
2020,7949,2020-11-08,Domingo,00:00:00,,0.0,1,Moto/Ciclomotor,Av. Circunvalacion Y Av. Eva Peron,1,1,0,0,0,0,0,"-32.94673, -60.72199",S/D,,ROSARIO,Rosario,S/D,S/D,II,S/D,S/D,S/D,S/D,S/D,S/D,S/D,S/D,S/D,S/D,S/D,Otro,S/D,S/D,S/D,S/D
2020,7950,2020-07-17,Viernes,20:20:00,,0.0,1,Moto/Ciclomotor,Av. Provincias Unidas Y Amenabar,1,1,0,0,0,0,0,"-32.95883, -60.693",Calle,,ROSARIO,Rosario,S/D,S/D,II,Dentro,Urbana,S/D,S/D,Intersección,S/D,S/D,Atardecer,S/D,S/D,S/D,S/D,S/D,S/D,S/D,S/D
2020,7951,2020-07-18,Sabado,05:00:00,,0.0,1,Moto/Ciclomotor, ,1,1,0,0,0,0,0,"-32.74734, -60.75485",S/D,,PEREZ,Rosario,S/D,S/D,II,S/D,S/D,S/D,S/D,S/D,S/D,S/D,S/D,S/D,S/D,S/D,S/D,S/D,S/D,S/D,S/D
2020,7952,2020-11-09,Lunes,15:00:00,,0.0,1,Moto/Ciclomotor,Av. Provincias Unidas Y Bv. 27 De Febrero,1,1,0,0,0,0,0,"-32.95937, -60.71192",S/D,,ROSARIO,Rosario,S/D,S/D,II,S/D,S/D,S/D,S/D,S/D,S/D,S/D,S/D,S/D,S/D,S/D,Otro,S/D,S/D,S/D,S/D
2020,7953,2020-11-09,Lunes,07:59:00,,0.0,1,Moto/Ciclomotor,Crespo Y Centeno,1,1,0,0,0,0,0,"-32.97947, -60.67796",S/D,,ROSARIO,Rosario,S/D,S/D,II,S/D,S/D,S/D,S/D,S/D,S/D,S/D,S/D,S/D,S/D,S/D,Otro,S/D,S/D,S/D,S/D
2020,7954,2020-11-09,Lunes,15:29:00,,0.0,1,Bicicleta,Casilda Y Matienzo,1,1,0,0,0,0,0,"-32.92862, -60.69517",S/D,,ROSARIO,Rosario,S/D,S/D,II,S/D,S/D,S/D,S/D,S/D,S/D,S/D,S/D,S/D,S/D,Ciclista,"Atropello,Otro",S/D,S/D,S/D,S/D
2020,7955,2020-11-09,Lunes,,,0.0,1,Otros, ,1,1,0,0,0,0,0,"-32.95846, -60.69045",S/D,,ROSARIO,Rosario,S/D,S/D,II,S/D,S/D,S/D,S/D,S/D,S/D,S/D,S/D,S/D,S/D,S/D,Otro,S/D,S/D,S/D,S/D
2020,7956,2020-11-09,Lunes,16:59:00,,0.0,1,Bicicleta,Olegario V.Andrade Y Entre Rios,1,1,0,0,0,0,0,"-32.996, -60.65208",S/D,,ROSARIO,Rosario,S/D,S/D,II,S/D,S/D,S/D,S/D,S/D,S/D,S/D,S/D,S/D,S/D,Ciclista,"Atropello,Otro",S/D,S/D,S/D,S/D
2020,7957,2020-11-09,Lunes,18:29:00,,0.0,1,Moto/Ciclomotor,Av. Pellegrini Y Francia F,1,1,0,0,0,0,0,"-32.9525, -60.6682",S/D,,ROSARIO,Rosario,S/D,S/D,II,S/D,S/D,S/D,S/D,S/D,S/D,S/D,S/D,S/D,S/D,S/D,Otro,S/D,S/D,S/D,S/D
2020,7958,2020-11-09,Lunes,19:59:00,,0.0,1,Automóvil,Cordoba 1800,1,1,0,0,0,0,0,"-32.94468, -60.64797",S/D,,ROSARIO,Rosario,S/D,S/D,II,S/D,S/D,S/D,S/D,S/D,S/D,S/D,S/D,S/D,S/D,S/D,Otro,S/D,S/D,S/D,S/D
2020,7959,2020-07-18,Sabado,20:00:00,,0.0,1,Moto/Ciclomotor,Garibaldi Y Matienzo,1,1,0,0,0,0,0,"-32.95883, -60.693",Calle,,ROSARIO,Rosario,Asfalto,S/D,II,Dentro,Urbana,S/D,S/D,Intersección,S/D,S/D,Nocturna,S/D,S/D,S/D,S/D,S/D,S/D,S/D,S/D
2020,7960,2020-11-10,Martes,14:30:00,,0.0,1,Automóvil,Av. Circunvalacion ,1,1,0,0,0,0,0,"-32.94672, -60.72203",S/D,,ROSARIO,Rosario,S/D,S/D,II,S/D,S/D,S/D,S/D,S/D,S/D,S/D,S/D,S/D,S/D,S/D,Otro,S/D,S/D,S/D,S/D
2020,7961,2020-11-10,Martes,14:30:00,,0.0,1,Moto/Ciclomotor,Jose Ingenieros ,1,1,0,0,0,0,0,"-32.91722, -60.71681",S/D,,ROSARIO,Rosario,S/D,S/D,II,S/D,S/D,S/D,S/D,S/D,S/D,S/D,S/D,S/D,S/D,S/D,Otro,S/D,S/D,S/D,S/D
2020,7962,2020-11-10,Martes,18:00:00,,0.0,1,Moto/Ciclomotor,Av. Irigoyen Y Lavalle,1,1,0,0,0,0,0,"-33.0137, -61.04492",S/D,,ROSARIO,Rosario,S/D,S/D,II,S/D,S/D,S/D,S/D,S/D,S/D,S/D,S/D,S/D,S/D,S/D,Otro,S/D,S/D,S/D,S/D
2020,7963,2020-11-11,Miercoles,10:00:00,,0.0,1,Bicicleta,Tucuman Y Garzon,1,1,0,0,0,0,0,"-32.93241, -60.70608",S/D,,ROSARIO,Rosario,S/D,S/D,II,S/D,S/D,S/D,S/D,S/D,S/D,S/D,S/D,S/D,S/D,Ciclista,"Atropello,Otro",S/D,S/D,S/D,S/D
2020,7964,2020-11-11,Miercoles,18:29:00,,0.0,1,Moto/Ciclomotor,ALSINA Y PASAJE 1221,1,1,0,0,0,0,0,"-32.97857, -60.68623",S/D,,ROSARIO,Rosario,S/D,S/D,II,S/D,S/D,S/D,S/D,S/D,S/D,S/D,S/D,S/D,S/D,S/D,Otro,S/D,S/D,S/D,S/D
2020,7965,2020-11-12,Jueves,18:00:00,,0.0,1,Bicicleta,J.J.Paso Y Mejico,1,1,0,0,0,0,0,"-32.92031, -60.71925",S/D,,ROSARIO,Rosario,S/D,S/D,II,S/D,S/D,S/D,S/D,S/D,S/D,S/D,S/D,S/D,S/D,Ciclista,"Atropello,Otro",S/D,S/D,S/D,S/D
2020,7966,2020-11-12,Jueves,14:44:00,,0.0,1,Bicicleta,Laprida Y 3 De Febrero,1,1,0,0,0,0,0,"-32.95351, -60.63573",S/D,,ROSARIO,Rosario,S/D,S/D,II,S/D,S/D,S/D,S/D,S/D,S/D,S/D,S/D,S/D,S/D,Ciclista,"Atropello,Otro",S/D,S/D,S/D,S/D
2020,7967,2020-11-13,Viernes,01:30:00,,0.0,1,Moto/Ciclomotor,Baigorria Y Bv. Rondeau,1,1,0,0,0,0,0,"-32.89148, -60.69309",S/D,,ROSARIO,Rosario,S/D,S/D,II,S/D,S/D,S/D,S/D,S/D,S/D,S/D,S/D,S/D,S/D,S/D,Otro,S/D,S/D,S/D,S/D
2020,7968,2020-11-13,Viernes,01:30:00,,0.0,1,Moto/Ciclomotor,Pasco Y Av. Provincias Unidas,1,1,0,0,0,0,0,"-32.95098, -60.71212",S/D,,ROSARIO,Rosario,S/D,S/D,II,S/D,S/D,S/D,S/D,S/D,S/D,S/D,S/D,S/D,S/D,S/D,Otro,S/D,S/D,S/D,S/D
2020,7970,2020-11-13,Viernes,19:59:00,,0.0,1,Moto/Ciclomotor,Bv. Oroño Y Lamadrid,1,1,0,0,0,0,0,"-32.99787, -60.66496",S/D,,ROSARIO,Rosario,S/D,S/D,II,S/D,S/D,S/D,S/D,S/D,S/D,S/D,S/D,S/D,S/D,S/D,Otro,S/D,S/D,S/D,S/D
2020,7971,2020-11-13,Viernes,20:30:00,,0.0,1,Moto/Ciclomotor,Bv. Segui Y Av. Pte.Peron,1,1,0,0,0,0,0,"-32.97155, -60.71865",S/D,,ROSARIO,Rosario,S/D,S/D,II,S/D,S/D,S/D,S/D,S/D,S/D,S/D,S/D,S/D,S/D,S/D,Otro,S/D,S/D,S/D,S/D
2020,7972,2020-07-18,Sabado,00:00:00,,0.0,1,Moto/Ciclomotor,Garibaldi Y Av. Ovidio Lagos,1,1,0,0,0,0,0,"-32.95883, -60.693",Calle,,ROSARIO,Rosario,Asfalto,S/D,II,Dentro,Urbana,S/D,S/D,Intersección,S/D,S/D,Nocturna,S/D,S/D,S/D,S/D,S/D,S/D,S/D,S/D
2020,7973,2020-07-18,Sabado,09:40:00,,0.0,1,Moto/Ciclomotor,Urquiza Y San Nicolas,1,1,0,0,0,0,0,"-32.95883, -60.693",Calle,,ROSARIO,Rosario,Asfalto,S/D,II,Dentro,Urbana,S/D,S/D,Intersección,S/D,S/D,Nocturna,S/D,S/D,S/D,S/D,S/D,S/D,S/D,S/D
2020,7974,2020-07-18,Sabado,18:00:00,,0.0,1,Bicicleta,Bv. 27 De Febrero ,1,1,0,0,0,0,0,"-32.95883, -60.693",Avenida,,ROSARIO,Rosario,Asfalto,S/D,II,Dentro,Urbana,S/D,S/D,Intersección,S/D,S/D,Nocturna,S/D,S/D,S/D,S/D,S/D,S/D,S/D,S/D
2020,7975,2020-07-19,Domingo,18:00:00,,0.0,1,Otros,Guatemala Y La Paz,1,1,0,0,0,0,0,"-32.95883, -60.693",Calle,,ROSARIO,Rosario,S/D,S/D,II,Dentro,Urbana,S/D,S/D,Intersección,S/D,S/D,Atardecer,S/D,S/D,S/D,S/D,S/D,S/D,S/D,S/D
2020,7976,2020-11-14,Sabado,01:50:00,,0.0,1,Moto/Ciclomotor,Rivarola Y Campodonico,1,1,0,0,0,0,0,"-32.96636, -60.72723",S/D,,ROSARIO,Rosario,S/D,S/D,II,S/D,S/D,S/D,S/D,S/D,S/D,S/D,S/D,S/D,S/D,S/D,Otro,S/D,S/D,S/D,S/D
2020,7977,2020-11-14,Sabado,01:25:00,,0.0,1,Moto/Ciclomotor,J.J.Paso Y Av. Provincias Unidas,1,1,0,0,0,0,0,"-32.92065, -60.71331",S/D,,ROSARIO,Rosario,S/D,S/D,II,S/D,S/D,S/D,S/D,S/D,S/D,S/D,S/D,S/D,S/D,S/D,Otro,S/D,S/D,S/D,S/D
2020,7978,2020-11-14,Sabado,03:09:00,,0.0,1,Moto/Ciclomotor,Ayacucho Y Pte.Quintana,1,0,1,0,0,0,0,"-32.98454, -60.63595",S/D,,ROSARIO,Rosario,S/D,S/D,II,S/D,S/D,S/D,S/D,S/D,S/D,S/D,S/D,S/D,S/D,S/D,Otro,S/D,S/D,S/D,S/D
2020,7979,2020-11-14,Sabado,05:19:00,,0.0,1,Moto/Ciclomotor,Crespo Y Biedma,1,0,1,0,0,0,0,"-32.976, -60.67709",S/D,,ROSARIO,Rosario,S/D,S/D,II,S/D,S/D,S/D,S/D,S/D,S/D,S/D,S/D,S/D,S/D,S/D,Otro,S/D,S/D,S/D,S/D
2020,7980,2020-11-14,Sabado,04:50:00,Ruta Nacional 33,0.0,1,Automóvil, ,1,0,1,0,0,0,0,"-33.46439, -61.51825",Ruta,33,FIRMAT,General LÓPEZ,S/D,S/D,VIII,S/D,S/D,S/D,S/D,S/D,S/D,S/D,S/D,S/D,S/D,S/D,Otro,S/D,S/D,S/D,S/D
2020,7981,2020-11-14,Sabado,16:45:00,,0.0,1,Bicicleta,Av. Ovidio Lagos 7500,1,1,0,0,0,0,0,"-33.02583, -60.68122",S/D,,ROSARIO,Rosario,S/D,S/D,II,S/D,S/D,S/D,S/D,S/D,S/D,S/D,S/D,S/D,S/D,Ciclista,"Atropello,Otro",S/D,S/D,S/D,S/D
2020,7982,2020-11-14,Sabado,11:30:00,,0.0,1,Moto/Ciclomotor,Av de las Americas ,1,1,0,0,0,0,0,"-33.00849, -60.77055",S/D,,PEREZ,Rosario,S/D,S/D,II,S/D,S/D,S/D,S/D,S/D,S/D,S/D,S/D,S/D,S/D,S/D,Otro,S/D,S/D,S/D,S/D
2020,7983,2020-11-15,Domingo,19:59:00,,0.0,1,Moto/Ciclomotor,Solis Y Junin,1,1,0,0,0,0,0,"-32.9274, -60.70389",S/D,,ROSARIO,Rosario,S/D,S/D,II,S/D,S/D,S/D,S/D,S/D,S/D,S/D,S/D,S/D,S/D,S/D,Otro,S/D,S/D,S/D,S/D
2020,7984,2020-11-15,Domingo,00:00:00,,0.0,1,Moto/Ciclomotor, ,1,0,1,0,0,0,0,"-32.9588, -60.69398",S/D,,ROSARIO,Rosario,S/D,S/D,II,S/D,S/D,S/D,S/D,S/D,S/D,S/D,S/D,S/D,S/D,S/D,Otro,S/D,S/D,S/D,S/D
2020,7985,2020-11-15,Domingo,00:00:00,,0.0,1,Moto/Ciclomotor, ,1,1,0,0,0,0,0,"-32.9588, -60.69398",S/D,,ROSARIO,Rosario,S/D,S/D,II,S/D,S/D,S/D,S/D,S/D,S/D,S/D,S/D,S/D,S/D,S/D,Otro,S/D,S/D,S/D,S/D
2020,7986,2020-11-15,Domingo,,,0.0,1,Moto/Ciclomotor,San Luis 1200,1,0,1,0,0,0,0,"-32.9488, -60.64006",S/D,,ROSARIO,Rosario,S/D,S/D,II,S/D,S/D,S/D,S/D,S/D,S/D,S/D,S/D,S/D,S/D,S/D,Otro,S/D,S/D,S/D,S/D
2020,7987,2020-11-15,Domingo,00:00:00,,0.0,1,Moto/Ciclomotor, ,1,1,0,0,0,0,0,"-32.96229, -60.69148",S/D,,ROSARIO,Rosario,S/D,S/D,II,S/D,S/D,S/D,S/D,S/D,S/D,S/D,S/D,S/D,S/D,S/D,Otro,S/D,S/D,S/D,S/D
2020,7988,2020-07-18,Sabado,19:00:00,,0.0,1,Moto/Ciclomotor,Fraga Y La Republica,1,1,0,0,0,0,0,"-32.95883, -60.693",Calle,,ROSARIO,Rosario,Asfalto,S/D,II,Dentro,Urbana,S/D,S/D,Intersección,S/D,S/D,Atardecer,S/D,S/D,S/D,S/D,S/D,S/D,S/D,S/D
2020,7989,2020-11-16,Lunes,07:59:00,Ruta Provincial 21,0.0,1,Moto/Ciclomotor, ,1,1,0,0,0,0,0,"-33.07047, -60.58203",Ruta,21,PUEBLO ESTHER,Rosario,S/D,S/D,II,S/D,S/D,S/D,S/D,S/D,S/D,S/D,S/D,S/D,S/D,S/D,Otro,S/D,S/D,S/D,S/D
2020,7990,2020-07-18,Sabado,01:10:00,,0.0,1,Moto/Ciclomotor,Rivarola 8000,1,1,0,0,0,0,0,"-32.95883, -60.693",Calle,,ROSARIO,Rosario,Asfalto,S/D,II,Dentro,Urbana,S/D,S/D,Recta,S/D,S/D,Nocturna,S/D,S/D,S/D,S/D,S/D,S/D,S/D,S/D
2020,7991,2020-11-16,Lunes,13:45:00,,0.0,1,Bicicleta,Vera Mujica Y Centeno,1,1,0,0,0,0,0,"-32.97971, -60.67653",S/D,,ROSARIO,Rosario,S/D,S/D,II,S/D,S/D,S/D,S/D,S/D,S/D,S/D,S/D,S/D,S/D,Ciclista,Atropello,S/D,S/D,S/D,S/D
2020,7992,2020-11-16,Lunes,18:45:00,,0.0,1,Automóvil,Av. Corrientes Y Garibaldi,1,1,0,0,0,0,0,"-32.98528, -60.65227",S/D,,ROSARIO,Rosario,S/D,S/D,II,S/D,S/D,S/D,S/D,S/D,S/D,S/D,S/D,S/D,S/D,S/D,Otro,S/D,S/D,S/D,S/D
2020,7993,2020-11-16,Lunes,19:59:00,,0.0,1,Moto/Ciclomotor,Bv. Segui Y Av. Circunvalacion,1,1,0,0,0,0,0,"-32.97323, -60.67925",S/D,,ROSARIO,Rosario,S/D,S/D,II,S/D,S/D,S/D,S/D,S/D,S/D,S/D,S/D,S/D,S/D,S/D,Otro,S/D,S/D,S/D,S/D
2020,7994,2020-07-19,Domingo,19:30:00,,0.0,1,Bicicleta,Gral. J.M.Paz ,1,1,0,0,0,0,0,"-32.95883, -60.693",Calle,,ROSARIO,Rosario,Asfalto,S/D,II,Dentro,Urbana,S/D,S/D,Intersección,S/D,S/D,Atardecer,S/D,S/D,S/D,S/D,S/D,S/D,S/D,S/D
2020,7995,2020-11-17,Martes,09:29:00,,0.0,1,Automóvil,Pascual Rosas Y Mendoza,2,2,0,0,0,0,0,"-32.94302, -60.6872",S/D,,ROSARIO,Rosario,S/D,S/D,II,S/D,S/D,S/D,S/D,S/D,S/D,S/D,S/D,S/D,S/D,S/D,Otro,S/D,S/D,S/D,S/D
2020,7996,2020-11-17,Martes,19:00:00,,0.0,1,Peatón,Matienzo Y Garibaldi,1,1,0,0,0,0,0,"-32.95959, -60.69379",S/D,,ROSARIO,Rosario,S/D,S/D,II,S/D,S/D,S/D,S/D,S/D,S/D,S/D,S/D,S/D,S/D,Peatón,"Atropello,Otro",S/D,S/D,S/D,S/D
2020,7997,2020-11-17,Martes,01:00:00,,0.0,1,Bicicleta, ,1,1,0,0,0,0,0,"-32.95846, -60.69045",S/D,,ROSARIO,Rosario,S/D,S/D,II,S/D,S/D,S/D,S/D,S/D,S/D,S/D,S/D,S/D,S/D,Ciclista,"Atropello,Otro",S/D,S/D,S/D,S/D
2020,7998,2020-11-17,Martes,14:30:00,,0.0,1,Moto/Ciclomotor,Av. Luis Carballo Y Velez Sarsfield,1,1,0,0,0,0,0,"-32.92459, -60.66275",S/D,,ROSARIO,Rosario,S/D,S/D,II,S/D,S/D,S/D,S/D,S/D,S/D,S/D,S/D,S/D,S/D,S/D,Otro,S/D,S/D,S/D,S/D
2020,7999,2020-11-17,Martes,22:00:00,,0.0,1,Moto/Ciclomotor,Av. Genova Y Donado,1,1,0,0,0,0,0,"-32.91643, -60.72812",S/D,,ROSARIO,Rosario,S/D,S/D,II,S/D,S/D,S/D,S/D,S/D,S/D,S/D,S/D,S/D,S/D,S/D,Otro,S/D,S/D,S/D,S/D
2020,8000,2020-11-18,Miercoles,00:00:00,,0.0,1,Moto/Ciclomotor,Av. Circunvalacion ,1,1,0,0,0,0,0,"-32.94678, -60.722",S/D,,ROSARIO,Rosario,S/D,S/D,II,S/D,S/D,S/D,S/D,S/D,S/D,S/D,S/D,S/D,S/D,S/D,Otro,S/D,S/D,S/D,S/D
2020,8002,2020-07-20,Lunes,07:00:00,Ruta Nacional 11,0.0,1,Moto/Ciclomotor,Av San Martin Y Saenz,1,1,0,0,0,0,0,"    -32.86036, -60.70289",Ruta,11,GRANADERO BAIGORRIA,Rosario,Asfalto,S/D,II,Dentro,Urbana,S/D,S/D,Intersección,S/D,S/D,Diurna,S/D,S/D,S/D,S/D,S/D,S/D,S/D,S/D
2020,8003,2020-07-20,Lunes,11:00:00,,0.0,1,Moto/Ciclomotor,Av. Provincias Unidas Y Derqui,1,1,0,0,0,0,0,"-32.95883, -60.693",Avenida,,ROSARIO,Rosario,Asfalto,S/D,II,Dentro,Urbana,S/D,S/D,Intersección,S/D,S/D,Diurna,S/D,S/D,S/D,S/D,S/D,S/D,S/D,S/D
2020,8004,2020-07-20,Lunes,18:00:00,,0.0,2,"Otros,Peatón", ,2,1,0,0,0,0,1,"-32.95883, -60.693",S/D,,ROSARIO,Rosario,Asfalto,S/D,II,S/D,S/D,S/D,S/D,Intersección,S/D,S/D,Diurna,S/D,S/D,Peatón,Atropello,S/D,S/D,S/D,S/D
2020,8005,2020-07-21,Martes,14:30:00,,0.0,2,"Otros,Peatón",Av. Ovidio Lagos Y Bv. 27 De Febrero,2,1,0,0,0,0,1,"-32.95883, -60.693",Calle,,ROSARIO,Rosario,Asfalto,S/D,II,S/D,S/D,S/D,S/D,Intersección,S/D,S/D,Diurna,S/D,S/D,Peatón,Atropello,S/D,S/D,S/D,S/D
2020,8006,2020-11-18,Miercoles,16:59:00,,0.0,1,Moto/Ciclomotor,Av. Battle y Ordo�ez ,1,1,0,0,0,0,0,"-33.00975, -60.67633",S/D,,ROSARIO,Rosario,S/D,S/D,II,S/D,S/D,S/D,S/D,S/D,S/D,S/D,S/D,S/D,S/D,S/D,Otro,S/D,S/D,S/D,S/D
2020,8007,2020-11-18,Miercoles,17:44:00,,0.0,1,Moto/Ciclomotor,San Juan Y Lavalle,1,1,0,0,0,0,0,"-32.9431, -60.67875",S/D,,ROSARIO,Rosario,S/D,S/D,II,S/D,S/D,S/D,S/D,S/D,S/D,S/D,S/D,S/D,S/D,S/D,Otro,S/D,S/D,S/D,S/D
2020,8008,2020-11-18,Miercoles,19:30:00,,0.0,1,Moto/Ciclomotor, ,1,1,0,0,0,0,0,"-33.02139, -60.75439",S/D,,SOLDINI,Rosario,S/D,S/D,II,S/D,S/D,S/D,S/D,S/D,S/D,S/D,S/D,S/D,S/D,S/D,Otro,S/D,S/D,S/D,S/D
2020,8010,2020-11-10,Martes,07:30:00,,0.0,2,"Moto/Ciclomotor,Moto/Ciclomotor",Emilio Zola Y Pasteur,2,2,0,0,0,0,0,"-33.029504950898,-60.622037340298",S/D,,VILLA GOBERNADOR GÁLVEZ,Rosario,Asfalto,No existe,II,S/D,S/D,Ninguna,No existe,Intersección,Bueno,Buena,Diurna,Buen Tiempo,S/D,S/D,Colisión,Ninguna,Faltante,"Ninguna,S/D",Sin restricción
2020,8011,2020-11-18,Miercoles,,,0.0,1,Moto/Ciclomotor,Av. Pte.Peron Y Camilo Aldao,1,1,0,0,0,0,0,"-32.959700314319,-60.695222240964",Calle,,ROSARIO,Rosario,Asfalto,No existe,II,Dentro,Urbana,Paso Peatonal,No existe,Intersección,Bueno,Buena,Diurna,Buen Tiempo,S/D,S/D,Otro,Ninguna,Horizontal,"Cordón divisorio,Línea divisoria pintada,S/D",S/D
2020,8012,2020-11-11,Miercoles,21:00:00,,0.0,1,Moto/Ciclomotor,F.M.Esquiu Y Solis,1,1,0,0,0,0,0,"-32.922874457059,-60.704092713255",Calle,,ROSARIO,Rosario,Asfalto,No existe,II,Dentro,Urbana,Ninguna,No existe,Intersección,S/D,S/D,Nocturna,S/D,S/D,S/D,Otro,S/D,Faltante,"Ninguna,S/D",S/D
2020,8013,2020-11-18,Miercoles,,,0.0,1,Moto/Ciclomotor,Bv. 27 De Febrero Y Bv. Avellaneda,1,1,0,0,0,0,0,"-32.960321199993,-60.684593378268",Avenida,,ROSARIO,Rosario,Asfalto,No existe,II,Dentro,Urbana,Semáforo,Funciona,Intersección,Bueno,Buena,Diurna,Buen Tiempo,S/D,S/D,Otro,Ninguna,Vertical,"Cordón divisorio,S/D",Sin restricción
2020,8014,2020-11-18,Miercoles,03:00:00,,0.0,1,Moto/Ciclomotor,Bv. 27 De Febrero Y Bv. Avellaneda,1,1,0,0,0,0,0,"-32.960358973096,-60.684380616245",Avenida,,ROSARIO,Rosario,Asfalto,No existe,II,Dentro,Urbana,Semáforo,Funciona,Intersección,Bueno,Buena,Nocturna,Buen Tiempo,S/D,S/D,Colisión,Ninguna,Vertical,"Cordón divisorio,S/D",Sin restricción
2020,8015,2020-11-18,Miercoles,,,0.0,1,Otros, ,1,1,0,0,0,0,0,"-32.9588, -60.69398",S/D,,ROSARIO,Rosario,S/D,S/D,II,S/D,S/D,S/D,S/D,S/D,S/D,S/D,S/D,S/D,S/D,S/D,Otro,S/D,S/D,S/D,S/D
2020,8016,2020-11-15,Domingo,06:00:00,,0.0,1,Moto/Ciclomotor,Gorriti Y Guatemala,1,1,0,0,0,0,0,"-32.924482296179,-60.717976726025",Calle,,ROSARIO,Rosario,Asfalto,No existe,II,Dentro,Urbana,Ninguna,No existe,Intersección,Bueno,Buena,Amanecer,Buen Tiempo,S/D,S/D,"Colisión,Otro",Ninguna,Faltante,"Ninguna,S/D",Sin restricción
2020,8017,2020-11-15,Domingo,00:00:00,,0.0,1,Moto/Ciclomotor,Ocampo Y Roullon,1,1,0,0,0,0,0,"-32.957744093964,-60.701558326099",Calle,,ROSARIO,Rosario,Asfalto,No existe,II,Dentro,Urbana,Ninguna,No existe,Intersección,S/D,S/D,Nocturna,S/D,S/D,S/D,Otro,S/D,Faltante,"Ninguna,S/D",S/D