anio_acci,nro_acci,fecha,desc_dia,hora_aprox,desc_ruta,km,cant_participantes,desc_participante,calle_avenida_km,total,heridos_leves,heridos_graves,heridos_gravisimos,ilesos,fallecidos,sin_datos,posicion_XY,desc_tipo_via,desc_ruta_ori,desc_loc,desc_dpto,desc_tipo_calzada,desc_tipo_banquina,desc_unidad_regional,desc_lugar_calzada,desc_zona,desc_prioridad,desc_estado_semaforo,desc_lugar_via,desc_estado_via,desc_estado_visibilidad,desc_luminosidad,desc_estado_clima,desc_tipo_colision,desc_tipo_atropello,desc_tipo_hecho,desc_pres_calzada,desc_senializacion,desc_separacion_via,desc_restriccion
2020,8193,2020-12-08,Martes,16:00:00,Autopista Nacional A008,0.0,1,Moto/Ciclomotor,Av. Circunvalacion Y Av. Eva Peron,2,2,0,0,0,0,0,"-32.93110013008119,-60.723211169242",Autopista,A008,ROSARIO,Rosario,Asfalto,No existe,II,Dentro,Urbana,Marca Vial,No existe,Recta,S/D,S/D,Diurna,S/D,S/D,S/D,Otro,S/D,Horizontal,"Barrera de hormigón,S/D",S/D
2020,8194,2020-12-18,Viernes,,,0.0,1,Moto/Ciclomotor, ,1,1,0,0,0,0,0,"-32.95883, -60.693",S/D,,ROSARIO,Rosario,S/D,S/D,II,S/D,S/D,S/D,S/D,S/D,S/D,S/D,S/D,S/D,S/D,S/D,S/D,S/D,S/D,S/D,S/D
2020,8195,2020-12-18,Viernes,12:30:00,,0.0,1,Bicicleta,Bv. Avellaneda ,1,1,0,0,0,0,0,"-32.95883, -60.693",Avenida,,ROSARIO,Rosario,Asfalto,No existe,II,Dentro,Urbana,S/D,S/D,S/D,Bueno,S/D,Diurna,S/D,S/D,S/D,Cañda ocupante,S/D,S/D,S/D,S/D
2020,8196,2020-12-19,Sabado,00:11:00,,0.0,1,Moto/Ciclomotor,Castagnino ,1,1,0,0,0,0,0,"-32.95883, -60.693",Calle,,ROSARIO,Rosario,Asfalto,S/D,II,Dentro,Urbana,S/D,S/D,Intersección,S/D,S/D,Nocturna,S/D,S/D,S/D,S/D,S/D,S/D,S/D,S/D
2020,8197,2020-12-21,Lunes,14:30:00,,0.0,1,Moto/Ciclomotor,Francia F Y Centenario,1,1,0,0,0,0,0,"-32.95883, -60.693",Calle,,ROSARIO,Rosario,Asfalto,S/D,II,Dentro,Urbana,S/D,S/D,Intersección,S/D,S/D,Diurna,S/D,S/D,S/D,S/D,S/D,S/D,S/D,S/D
2020,8198,2020-12-21,Lunes,19:30:00,,0.0,1,Moto/Ciclomotor,Mendoza 4400,1,1,0,0,0,0,0,"-32.95883, -60.693",Calle,,ROSARIO,Rosario,Asfalto,S/D,II,Dentro,Urbana,S/D,S/D,Recta,S/D,S/D,S/D,S/D,S/D,S/D,S/D,S/D,S/D,S/D,S/D
2020,8199,2020-12-22,Martes,15:20:00,,0.0,2,"Bicicleta,Otros",Francia F Y Comodoro Rivadavia,2,1,0,0,0,0,1,"-32.95883, -60.693",Calle,,ROSARIO,Rosario,S/D,S/D,II,Dentro,Urbana,S/D,S/D,Intersección,S/D,S/D,Diurna,S/D,S/D,Ciclista,Atropello,S/D,S/D,S/D,S/D
2020,8200,2020-12-22,Martes,23:00:00,,0.0,3,"Peatón,Otros,Peatón",Pje. Espinillo Y Biedma,3,2,0,0,0,0,1,"-32.95883, -60.693",Calle,,ROSARIO,Rosario,Asfalto,S/D,II,Dentro,Urbana,S/D,S/D,S/D,S/D,S/D,Nocturna,S/D,S/D,Peatón,Atropello,S/D,S/D,S/D,S/D
2020,8201,2020-12-23,Miercoles,23:00:00,,0.0,1,Moto/Ciclomotor,Gorriti Y Albert Sabin,1,1,0,0,0,0,0,"-32.95883, -60.693",Calle,,ROSARIO,Rosario,Asfalto,S/D,II,Dentro,Urbana,S/D,S/D,Intersección,S/D,S/D,Diurna,S/D,S/D,S/D,S/D,S/D,S/D,S/D,S/D
2020,8202,2020-12-20,Domingo,00:00:00,,0.0,2,"Peatón,Otros",Tte.Agneta ,2,1,0,0,1,0,0,"-32.979054742064,-60.698322160799",Calle,,ROSARIO,Rosario,S/D,S/D,II,Dentro,Urbana,S/D,S/D,S/D,S/D,S/D,S/D,S/D,S/D,Peatón,Atropello,S/D,S/D,S/D,S/D
2020,8203,2020-12-23,Miercoles,20:20:00,,0.0,1,Moto/Ciclomotor,Garibaldi ,1,1,0,0,0,0,0,"-32.979525975849,-60.683996980844",Calle,,ROSARIO,Rosario,Asfalto,No existe,II,Dentro,Urbana,S/D,S/D,S/D,Bueno,S/D,Nocturna,Buen Tiempo,S/D,S/D,Colisión,S/D,S/D,S/D,S/D
2020,8204,2020-12-18,Viernes,12:45:00,,0.0,2,"Moto/Ciclomotor,Automóvil",Casiano Casas Y Miller,3,2,0,0,0,0,1,"-32.901319914647,-60.706355723601",S/D,,ROSARIO,Rosario,Asfalto,No existe,II,S/D,S/D,Otra Señal,No existe,Intersección,S/D,S/D,Diurna,S/D,S/D,S/D,Colisión,S/D,Vertical,"Ninguna,S/D",S/D
2020,8205,2020-12-23,Miercoles,14:00:00,,0.0,1,Moto/Ciclomotor,Ricchieri Y San Luis,1,1,0,0,0,0,0,"-32.94463, -60.66347",Calle,,ROSARIO,Rosario,Asfalto,No existe,II,Dentro,Urbana,Ninguna,No existe,Intersección,Bueno,Buena,Diurna,Buen Tiempo,S/D,S/D,Colisión,Ninguna,Horizontal,"Línea divisoria pintada,S/D",Sin restricción
2020,8206,2020-12-23,Miercoles,00:05:00,,0.0,1,Moto/Ciclomotor,Av. Provincias Unidas Y Cerrito,1,1,0,0,0,0,0,"-32.953319732601,-60.711986303494",Avenida,,ROSARIO,Rosario,Asfalto,No existe,II,Dentro,Urbana,Semáforo,Funciona,Intersección,Bueno,Buena,Nocturna,Buen Tiempo,S/D,S/D,Colisión,Ninguna,"Horizontal,Vertical","Cordón divisorio,Línea divisoria pintada,S/D",Sin restricción
2020,8207,2020-12-24,Jueves,00:45:00,,0.0,1,Moto/Ciclomotor, ,1,1,0,0,0,0,0,"-32.95883, -60.693",Camino Rural,,ROSARIO,Rosario,Asfalto,S/D,II,Dentro,Rural,S/D,S/D,Intersección,S/D,S/D,Nocturna,S/D,S/D,S/D,S/D,S/D,S/D,S/D,S/D
2020,8208,2020-12-23,Miercoles,03:50:00,,0.0,1,Moto/Ciclomotor,Pte.Roca Y Santa Fe,1,1,0,0,0,0,0,"-32.95883, -60.693",Calle,,ROSARIO,Rosario,S/D,S/D,II,Dentro,Urbana,S/D,S/D,Intersección,S/D,S/D,S/D,S/D,S/D,S/D,S/D,S/D,S/D,S/D,S/D
2020,8209,2020-12-24,Jueves,12:00:00,,0.0,1,Moto/Ciclomotor,Paraguay 3231,1,1,0,0,0,0,0,"-32.95883, -60.693",Calle,,ROSARIO,Rosario,Asfalto,S/D,II,Dentro,Urbana,S/D,S/D,Intersección,S/D,S/D,Amanecer,S/D,S/D,S/D,S/D,S/D,S/D,S/D,S/D
2020,8210,2020-12-25,Viernes,19:10:00,,0.0,1,Moto/Ciclomotor,Mejico Y Viamonte,1,1,0,0,0,0,0,"-32.95883, -60.693",Calle,,ROSARIO,Rosario,Asfalto,S/D,II,Dentro,Urbana,S/D,S/D,Intersección,S/D,S/D,Atardecer,S/D,S/D,S/D,S/D,S/D,S/D,S/D,S/D
2020,8211,2020-12-28,Lunes,16:00:00,Autopista Nacional Rosario -Cordoba,0.0,1,Automóvil, ,1,1,0,0,0,0,0,"-32.95883, -60.693",Autopista,Rosario -Cordoba,ROSARIO,Rosario,S/D,S/D,II,S/D,S/D,S/D,S/D,Recta,S/D,S/D,Diurna,S/D,S/D,S/D,S/D,S/D,S/D,S/D,S/D
2020,8212,2020-12-28,Lunes,16:30:00,,0.0,1,Moto/Ciclomotor,Ocampo Y Garay,1,1,0,0,0,0,0,"-32.95883, -60.693",Calle,,ROSARIO,Rosario,Asfalto,S/D,II,Dentro,Urbana,S/D,S/D,Intersección,S/D,S/D,Diurna,S/D,S/D,S/D,S/D,S/D,S/D,S/D,S/D
2020,8213,2020-12-29,Martes,,,0.0,1,Moto/Ciclomotor, ,1,1,0,0,0,0,0,"-32.95883, -60.693",S/D,,ROSARIO,Rosario,S/D,S/D,II,S/D,S/D,S/D,S/D,S/D,S/D,S/D,S/D,S/D,S/D,S/D,S/D,S/D,S/D,S/D,S/D
2020,8214,2020-12-29,Martes,12:00:00,,0.0,1,Moto/Ciclomotor,Mendoza Y Nicaragua,1,1,0,0,0,0,0,"-32.940515876234,-60.720696014431",Calle,,ROSARIO,Rosario,Asfalto,No existe,II,Dentro,Urbana,Paso Peatonal,No existe,Intersección,Bueno,Buena,Diurna,Buen Tiempo,S/D,S/D,Colisión,Ninguna,Horizontal,"Cordón divisorio,Línea divisoria pintada,S/D",Sin restricción
2020,8215,2020-12-27,Domingo,00:00:00,,0.0,1,Automóvil,Gregoria Matorras 700,2,1,0,0,0,0,1,"-32.912385, -60.687178",Calle,,ROSARIO,Rosario,Asfalto,No existe,II,Dentro,Urbana,Ninguna,Funciona,Intersección,S/D,S/D,Nocturna,S/D,S/D,S/D,Otro,S/D,Vertical,"Cordón divisorio,S/D",S/D
2020,8216,2020-12-30,Miercoles,18:20:00,,0.0,1,Moto/Ciclomotor,San Martin 4700,1,1,0,0,0,0,0,"-32.95883, -60.693",Calle,,ROSARIO,Rosario,Asfalto,S/D,II,Dentro,Urbana,S/D,S/D,Recta,S/D,S/D,Diurna,S/D,S/D,S/D,S/D,S/D,S/D,S/D,S/D
2020,8217,2020-12-31,Jueves,20:30:00,Autopista Nacional A008,0.0,1,Moto/Ciclomotor,San Martin Y Av. Circunvalacion,1,1,0,0,0,0,0,"-32.95883, -60.693",Autopista,A008,ROSARIO,Rosario,Asfalto,S/D,II,Dentro,Urbana,S/D,S/D,Intersección,S/D,S/D,Atardecer,S/D,S/D,S/D,S/D,S/D,S/D,S/D,S/D
2020,8218,2020-07-31,Viernes,,,0.0,1,Moto/Ciclomotor, ,1,0,0,0,0,1,0,"    -32.95201, -60.67056",S/D,,ROSARIO,Rosario,S/D,S/D,II,S/D,S/D,S/D,S/D,S/D,S/D,S/D,S/D,S/D,S/D,S/D,S/D,S/D,S/D,S/D,S/D
2020,8219,2020-04-13,Lunes,,,0.0,1,Moto/Ciclomotor, ,1,0,0,0,0,1,0,"    -31.63265, -60.71667",S/D,,SANTA FE,La Capital,S/D,S/D,I,S/D,S/D,S/D,S/D,S/D,S/D,S/D,S/D,S/D,S/D,S/D,S/D,S/D,S/D,S/D,S/D
2020,8220,2020-12-31,Jueves,01:00:00,Ruta Nacional 34,0.0,1,Pickup/Utilitario, ,2,2,0,0,0,0,0,"-32.95883, -60.693",Ruta,34,ROSARIO,Rosario,Asfalto,S/D,II,Dentro,Rural,S/D,No existe,S/D,S/D,S/D,Nocturna,S/D,S/D,S/D,S/D,S/D,S/D,S/D,S/D
2020,8221,2020-12-25,Viernes,00:00:00,,0.0,1,Moto/Ciclomotor,Casilda Y Solis,2,2,0,0,0,0,0,"-32.928871395253,-60.703868646659",Calle,,ROSARIO,Rosario,Asfalto,No existe,II,Dentro,Urbana,Señal Pare,No existe,Intersección,S/D,S/D,Nocturna,S/D,S/D,S/D,Otro,S/D,Vertical,Ninguna,S/D
2020,8222,2020-11-03,Martes,10:00:00,,0.0,1,Transporte de Pasajeros Urbano (> 8 asientos),Rioja Y San Nicolas,4,4,0,0,0,0,0,"-32.94145104644,-60.672605025258",Calle,,ROSARIO,Rosario,Asfalto,No existe,II,Dentro,Urbana,Ninguna,No existe,Intersección,Bueno,Buena,Diurna,Buen Tiempo,S/D,S/D,Otro,Ninguna,Faltante,Ninguna,Sin restricción
2020,8223,2020-11-29,Domingo,00:00:00,Autopista Nacional A008,0.0,1,Automóvil,Av. Circunvalacion Y Bv. Avellaneda,2,2,0,0,0,0,0,"-33.000652492046356,-60.68936705589",Autopista,A008,ROSARIO,Rosario,Asfalto,No existe,II,Dentro,Urbana,Marca Vial,No existe,Intersección,S/D,S/D,Nocturna,S/D,S/D,S/D,Otro,S/D,Horizontal,Barrera de hormigón,S/D
2020,8224,2020-12-19,Sabado,14:00:00,,0.0,1,Moto/Ciclomotor,Cullen Y Pje. Lejarza,2,2,0,0,0,0,0,"-32.966824182162775, -60.7080801602",Calle,,ROSARIO,Rosario,Asfalto,No existe,I,Dentro,Urbana,Ninguna,No existe,Intersección,Bueno,Buena,Diurna,Buen Tiempo,S/D,S/D,Otro,Ninguna,Faltante,Ninguna,Sin restricción
2020,8225,2020-10-10,Sabado,16:30:00,,0.0,2,"Moto/Ciclomotor,Moto/Ciclomotor",Gutenberg Y Riobamba,2,2,0,0,0,0,0,"-32.954222, -60.691640",Calle,,ROSARIO,Rosario,Asfalto,No existe,II,Dentro,Urbana,Ninguna,No existe,Intersección,Bueno,Buena,Diurna,S/D,S/D,S/D,Colisión,Ninguna,Faltante,Ninguna,Sin restricción
2020,8226,2020-11-22,Domingo,04:30:00,,0.0,3,"Peatón,Peatón,Otros",Bv. Avellaneda Y Bv. Segui,3,2,0,0,0,0,1,"-32.97165667827,-60.687244626218",Avenida,,ROSARIO,Rosario,Asfalto,No existe,II,Dentro,Urbana,Semáforo,Funciona,Intersección,S/D,S/D,Nocturna,S/D,S/D,Peatón,Atropello,S/D,Vertical,Cordón divisorio,S/D
2020,8227,2020-02-01,Sabado,23:40:00,,0.0,1,Bicicleta, ,1,1,0,0,0,0,0,"-32.95817760227484,-60.666264034822",S/D,,ROSARIO,Rosario,S/D,S/D,II,S/D,S/D,S/D,S/D,S/D,S/D,S/D,Nocturna,S/D,S/D,S/D,Cañda ocupante,S/D,S/D,S/D,S/D
2020,8228,2020-01-01,Miercoles,22:00:00,,0.0,1,Bicicleta, ,1,1,0,0,0,0,0,"-32.95817760227484,-60.666264034822",S/D,,ROSARIO,Rosario,S/D,S/D,II,S/D,S/D,S/D,S/D,S/D,S/D,S/D,Nocturna,S/D,Contra objeto fijo,S/D,Colisión,S/D,S/D,S/D,S/D
2020,8229,2020-12-25,Viernes,00:00:00,,0.0,1,Otros, ,1,1,0,0,0,0,0,"-32.95883, -60.693",S/D,,ROSARIO,Rosario,S/D,S/D,II,S/D,S/D,S/D,S/D,S/D,S/D,S/D,Nocturna,S/D,S/D,S/D,S/D,S/D,S/D,S/D,S/D
2020,8230,2020-03-01,Domingo,01:40:00,,0.0,1,Otros, ,1,1,0,0,0,0,0,"-32.95817760227484,-60.666264034822",S/D,,ROSARIO,Rosario,S/D,S/D,II,S/D,S/D,S/D,S/D,Otro,S/D,S/D,Nocturna,S/D,S/D,S/D,Otro,S/D,S/D,S/D,S/D
2020,8231,2020-03-01,Domingo,23:00:00,,0.0,1,Otros, ,1,1,0,0,0,0,0,"-32.95817760227484,-60.666264034822",S/D,,ROSARIO,Rosario,S/D,S/D,II,S/D,S/D,S/D,S/D,S/D,S/D,S/D,Nocturna,S/D,S/D,S/D,Otro,S/D,S/D,S/D,S/D
2020,8232,2020-01-01,Miercoles,19:34:00,,0.0,1,Moto/Ciclomotor, ,1,1,0,0,0,0,0,"-32.95817760227484,-60.666264034822",S/D,,ROSARIO,Rosario,S/D,S/D,II,S/D,S/D,S/D,S/D,S/D,S/D,S/D,Nocturna,S/D,S/D,S/D,Otro,S/D,S/D,S/D,S/D
2020,8233,2020-03-01,Domingo,17:20:00,,0.0,1,Moto/Ciclomotor, ,1,1,0,0,0,0,0,"-32.95817760227484,-60.666264034822",S/D,,ROSARIO,Rosario,S/D,S/D,II,S/D,S/D,S/D,S/D,S/D,S/D,S/D,Nocturna,S/D,S/D,S/D,Otro,S/D,S/D,S/D,S/D
2020,8234,2020-03-02,Lunes,02:30:00,,0.0,1,Otros, ,1,1,0,0,0,0,0,"-32.95817760227484,-60.666264034822",S/D,,ROSARIO,Rosario,S/D,S/D,II,S/D,S/D,S/D,S/D,S/D,S/D,S/D,Nocturna,S/D,S/D,S/D,Otro,S/D,S/D,S/D,S/D
2020,8235,2020-03-02,Lunes,10:00:00,,0.0,1,Otros, ,1,1,0,0,0,0,0,"-32.95817760227484,-60.666264034822",S/D,,ROSARIO,Rosario,S/D,S/D,II,S/D,S/D,S/D,S/D,S/D,S/D,S/D,Diurna,S/D,S/D,S/D,Otro,S/D,S/D,S/D,S/D
2020,8236,2020-03-02,Lunes,17:00:00,,0.0,1,Otros, ,1,1,0,0,0,0,0,"-32.95817760227484,-60.666264034822",S/D,,ROSARIO,Rosario,S/D,S/D,II,S/D,S/D,S/D,S/D,S/D,S/D,S/D,Diurna,S/D,S/D,S/D,Otro,S/D,S/D,S/D,S/D
2020,8237,2020-01-01,Miercoles,00:45:00,,0.0,1,Moto/Ciclomotor, ,3,3,0,0,0,0,0,"-32.95817760227484,-60.666264034822",S/D,,ROSARIO,Rosario,S/D,S/D,II,S/D,S/D,S/D,S/D,S/D,S/D,S/D,Nocturna,S/D,S/D,S/D,Otro,S/D,S/D,S/D,S/D
2020,8238,2020-01-01,Miercoles,05:20:00,,0.0,1,Moto/Ciclomotor, ,1,1,0,0,0,0,0,"-32.95817760227484,-60.666264034822",S/D,,ROSARIO,Rosario,S/D,S/D,II,S/D,S/D,S/D,S/D,S/D,S/D,S/D,Nocturna,S/D,S/D,S/D,Otro,S/D,S/D,S/D,S/D
2020,8239,2020-01-01,Miercoles,08:10:00,,0.0,1,Moto/Ciclomotor, ,1,1,0,0,0,0,0,"-32.95817760227484,-60.666264034822",S/D,,ROSARIO,Rosario,S/D,S/D,II,S/D,S/D,S/D,S/D,S/D,S/D,S/D,Diurna,S/D,S/D,S/D,Otro,S/D,S/D,S/D,S/D
2020,8240,2020-01-01,Miercoles,14:30:00,,0.0,2,"Moto/Ciclomotor,Moto/Ciclomotor", ,2,2,0,0,0,0,0,"-32.95817760227484,-60.666264034822",S/D,,ROSARIO,Rosario,S/D,S/D,II,S/D,S/D,S/D,S/D,S/D,S/D,S/D,Diurna,S/D,S/D,S/D,Otro,S/D,S/D,S/D,S/D
2020,8241,2020-01-01,Miercoles,14:45:00,,0.0,1,Automóvil, ,1,1,0,0,0,0,0,"-32.95817760227484,-60.666264034822",S/D,,ROSARIO,Rosario,S/D,S/D,II,S/D,S/D,S/D,S/D,S/D,S/D,S/D,Diurna,S/D,S/D,S/D,Otro,S/D,S/D,S/D,S/D
2020,8242,2020-03-02,Lunes,19:10:00,,0.0,1,Moto/Ciclomotor, ,1,1,0,0,0,0,0,"-32.95817760227484,-60.666264034822",S/D,,ROSARIO,Rosario,S/D,S/D,II,S/D,S/D,S/D,S/D,S/D,S/D,S/D,Nocturna,S/D,S/D,S/D,Otro,S/D,S/D,S/D,S/D
2020,8243,2020-03-02,Lunes,21:30:00,,0.0,1,Moto/Ciclomotor, ,1,1,0,0,0,0,0,"-32.95817760227484,-60.666264034822",S/D,,ROSARIO,Rosario,S/D,S/D,II,S/D,S/D,S/D,S/D,S/D,S/D,S/D,Nocturna,S/D,S/D,S/D,Otro,S/D,S/D,S/D,S/D
2020,8244,2020-03-03,Martes,07:00:00,,0.0,1,Moto/Ciclomotor, ,1,1,0,0,0,0,0,"-32.95817760227484,-60.666264034822",S/D,,ROSARIO,Rosario,S/D,S/D,II,S/D,S/D,S/D,S/D,S/D,S/D,S/D,Nocturna,S/D,S/D,S/D,Colisión,S/D,S/D,S/D,S/D
2020,8245,2020-03-03,Martes,10:10:00,,0.0,1,Automóvil, ,1,1,0,0,0,0,0,"-32.95817760227484,-60.666264034822",S/D,,ROSARIO,Rosario,S/D,S/D,II,S/D,S/D,S/D,S/D,S/D,S/D,S/D,Diurna,S/D,S/D,S/D,Otro,S/D,S/D,S/D,S/D
2020,8246,2020-01-01,Miercoles,15:00:00,,0.0,1,Automóvil, ,1,1,0,0,0,0,0,"-32.95817760227484,-60.666264034822",S/D,,ROSARIO,Rosario,S/D,S/D,II,S/D,S/D,S/D,S/D,S/D,S/D,S/D,Diurna,S/D,S/D,S/D,Otro,S/D,S/D,S/D,S/D
2020,8247,2020-03-03,Martes,10:30:00,,0.0,1,Moto/Ciclomotor, ,1,1,0,0,0,0,0,"-32.95817760227484,-60.666264034822",S/D,,ROSARIO,Rosario,S/D,S/D,II,S/D,S/D,S/D,S/D,Intersección,S/D,S/D,Diurna,S/D,S/D,S/D,Otro,S/D,S/D,S/D,S/D
2020,8248,2020-03-03,Martes,13:30:00,,0.0,1,Moto/Ciclomotor, ,1,1,0,0,0,0,0,"-32.95817760227484,-60.666264034822",S/D,,ROSARIO,Rosario,S/D,S/D,II,S/D,S/D,S/D,S/D,S/D,S/D,S/D,Diurna,S/D,S/D,S/D,Otro,S/D,S/D,S/D,S/D
2020,8249,2020-03-03,Martes,16:00:00,,0.0,2,"Peatón,Otros", ,2,1,0,0,0,0,1,"-32.95817760227484,-60.666264034822",S/D,,ROSARIO,Rosario,S/D,S/D,II,S/D,S/D,S/D,S/D,S/D,S/D,S/D,Diurna,S/D,S/D,Peatón,Atropello,S/D,S/D,S/D,S/D
2020,8250,2020-01-02,Jueves,01:45:00,,0.0,1,Automóvil, ,1,1,0,0,0,0,0,"-32.95817760227484,-60.666264034822",S/D,,ROSARIO,Rosario,S/D,S/D,II,S/D,S/D,S/D,S/D,S/D,S/D,S/D,Nocturna,S/D,S/D,S/D,S/D,S/D,S/D,S/D,S/D
2020,8251,2020-01-02,Jueves,10:00:00,,0.0,2,"Moto/Ciclomotor,Bicicleta", ,2,2,0,0,0,0,0,"-32.95817760227484,-60.666264034822",S/D,,ROSARIO,Rosario,S/D,S/D,II,S/D,S/D,S/D,S/D,S/D,S/D,S/D,Diurna,S/D,S/D,Ciclista,Atropello,S/D,S/D,S/D,S/D
2020,8252,2020-03-03,Martes,16:00:00,,0.0,1,Moto/Ciclomotor, ,1,1,0,0,0,0,0,"-32.95817760227484,-60.666264034822",S/D,,ROSARIO,Rosario,S/D,S/D,II,S/D,S/D,S/D,S/D,S/D,S/D,S/D,Diurna,S/D,S/D,S/D,Otro,S/D,S/D,S/D,S/D
2020,8253,2020-01-02,Jueves,12:15:00,,0.0,1,Otros, ,1,1,0,0,0,0,0,"-32.95817760227484,-60.666264034822",S/D,,ROSARIO,Rosario,S/D,S/D,II,S/D,S/D,S/D,S/D,S/D,S/D,S/D,Diurna,S/D,S/D,S/D,Otro,S/D,S/D,S/D,S/D
2020,8254,2020-03-03,Martes,18:30:00,,0.0,1,Moto/Ciclomotor, ,1,1,0,0,0,0,0,"-32.95817760227484,-60.666264034822",S/D,,ROSARIO,Rosario,S/D,S/D,II,S/D,S/D,S/D,S/D,S/D,S/D,S/D,Diurna,S/D,S/D,S/D,Otro,S/D,S/D,S/D,S/D
2020,8255,2020-03-03,Martes,19:30:00,,0.0,1,Bicicleta, ,1,1,0,0,0,0,0,"-32.95817760227484,-60.666264034822",S/D,,ROSARIO,Rosario,S/D,S/D,II,S/D,S/D,S/D,S/D,S/D,S/D,S/D,Nocturna,S/D,S/D,S/D,Cañda ocupante,S/D,S/D,S/D,S/D
2020,8256,2020-02-01,Sabado,00:30:00,,0.0,1,Moto/Ciclomotor, ,2,2,0,0,0,0,0,"-32.95817760227484,-60.666264034822",S/D,,ROSARIO,Rosario,S/D,S/D,II,S/D,S/D,S/D,S/D,S/D,S/D,S/D,Nocturna,S/D,S/D,S/D,Otro,S/D,S/D,S/D,S/D
2020,8257,2020-03-03,Martes,19:30:00,,0.0,1,Moto/Ciclomotor, ,1,1,0,0,0,0,0,"-32.95817760227484,-60.666264034822",S/D,,ROSARIO,Rosario,S/D,S/D,II,S/D,S/D,S/D,S/D,S/D,S/D,S/D,Nocturna,S/D,S/D,S/D,Otro,S/D,S/D,S/D,S/D
2020,8258,2020-03-03,Martes,22:00:00,,0.0,1,Moto/Ciclomotor, ,1,1,0,0,0,0,0,"-32.95817760227484,-60.666264034822",S/D,,ROSARIO,Rosario,S/D,S/D,II,S/D,S/D,S/D,S/D,S/D,S/D,S/D,Nocturna,S/D,S/D,S/D,Otro,S/D,S/D,S/D,S/D
2020,8259,2020-03-03,Martes,00:10:00,,0.0,1,Moto/Ciclomotor, ,1,1,0,0,0,0,0,"-32.95817760227484,-60.666264034822",S/D,,ROSARIO,Rosario,S/D,S/D,II,S/D,S/D,S/D,S/D,S/D,S/D,S/D,Nocturna,S/D,S/D,S/D,Otro,S/D,S/D,S/D,S/D
2020,8260,2020-01-02,Jueves,17:10:00,,0.0,2,"Peatón,Otros", ,2,1,0,0,1,0,0,"-32.95817760227484,-60.666264034822",S/D,,ROSARIO,Rosario,S/D,S/D,II,S/D,S/D,S/D,S/D,S/D,S/D,S/D,Diurna,S/D,S/D,Peatón,Atropello,S/D,S/D,S/D,S/D
2020,8261,2020-03-04,Miercoles,07:30:00,,0.0,1,Moto/Ciclomotor, ,1,1,0,0,0,0,0,"-32.95817760227484,-60.666264034822",S/D,,ROSARIO,Rosario,S/D,S/D,II,S/D,S/D,S/D,S/D,S/D,S/D,S/D,Diurna,S/D,S/D,S/D,Colisión,S/D,S/D,S/D,S/D
2020,8262,2020-01-02,Jueves,20:10:00,,0.0,1,Moto/Ciclomotor, ,2,2,0,0,0,0,0,"-32.95817760227484,-60.666264034822",S/D,,ROSARIO,Rosario,S/D,S/D,II,S/D,S/D,S/D,S/D,S/D,S/D,S/D,Nocturna,S/D,S/D,S/D,Otro,S/D,S/D,S/D,S/D
2020,8263,2020-03-04,Miercoles,08:00:00,,0.0,1,Moto/Ciclomotor, ,1,1,0,0,0,0,0,"-32.95817760227484,-60.666264034822",S/D,,ROSARIO,Rosario,S/D,S/D,II,S/D,S/D,S/D,S/D,S/D,S/D,S/D,Diurna,S/D,S/D,S/D,Colisión,S/D,S/D,S/D,S/D
2020,8264,2020-01-02,Jueves,21:00:00,,0.0,1,Moto/Ciclomotor, ,1,1,0,0,0,0,0,"-32.95817760227484,-60.666264034822",S/D,,ROSARIO,Rosario,S/D,S/D,II,S/D,S/D,S/D,S/D,S/D,S/D,S/D,Nocturna,S/D,S/D,S/D,Otro,S/D,S/D,S/D,S/D
2020,8265,2020-02-01,Sabado,01:30:00,,0.0,1,Moto/Ciclomotor, ,1,1,0,0,0,0,0,"-32.95817760227484,-60.666264034822",S/D,,ROSARIO,Rosario,S/D,S/D,II,S/D,S/D,S/D,S/D,S/D,S/D,S/D,Nocturna,S/D,S/D,S/D,Otro,S/D,S/D,S/D,S/D
2020,8266,2020-03-04,Miercoles,12:00:00,,0.0,1,Automóvil, ,1,1,0,0,0,0,0,"-32.95817760227484,-60.666264034822",S/D,,ROSARIO,Rosario,S/D,S/D,II,S/D,S/D,S/D,S/D,S/D,S/D,S/D,Diurna,S/D,S/D,S/D,Otro,S/D,S/D,S/D,S/D
2020,8267,2020-01-03,Viernes,00:40:00,,0.0,2,"Moto/Ciclomotor,Otros", ,2,2,0,0,0,0,0,"-32.95817760227484,-60.666264034822",S/D,,ROSARIO,Rosario,S/D,S/D,II,S/D,S/D,S/D,S/D,S/D,S/D,S/D,Diurna,S/D,S/D,S/D,Colisión,S/D,S/D,S/D,S/D
2020,8268,2020-02-01,Sabado,10:20:00,,0.0,2,"Peatón,Otros", ,2,1,0,0,0,0,1,"-32.95817760227484,-60.666264034822",S/D,,ROSARIO,Rosario,S/D,S/D,II,S/D,S/D,S/D,S/D,S/D,S/D,S/D,Diurna,S/D,S/D,Peatón,Atropello,S/D,S/D,S/D,S/D
2020,8269,2020-03-04,Miercoles,09:30:00,,0.0,2,"Peatón,Otros", ,2,1,0,0,0,0,1,"-32.95817760227484,-60.666264034822",S/D,,ROSARIO,Rosario,S/D,S/D,II,S/D,S/D,S/D,S/D,S/D,S/D,S/D,Diurna,S/D,S/D,Peatón,Atropello,S/D,S/D,S/D,S/D
2020,8270,2020-03-04,Miercoles,13:00:00,,0.0,1,Bicicleta, ,1,1,0,0,0,0,0,"-32.95817760227484,-60.666264034822",S/D,,ROSARIO,Rosario,S/D,S/D,II,S/D,S/D,S/D,S/D,S/D,S/D,S/D,Diurna,S/D,S/D,S/D,Cañda ocupante,S/D,S/D,S/D,S/D
2020,8271,2020-01-03,Viernes,01:15:00,,0.0,1,Moto/Ciclomotor, ,1,1,0,0,0,0,0,"-32.95817760227484,-60.666264034822",S/D,,ROSARIO,Rosario,S/D,S/D,II,S/D,S/D,S/D,S/D,S/D,S/D,S/D,Nocturna,S/D,S/D,S/D,Otro,S/D,S/D,S/D,S/D
2020,8272,2020-03-04,Miercoles,13:00:00,,0.0,1,Moto/Ciclomotor, ,1,1,0,0,0,0,0,"-32.95817760227484,-60.666264034822",S/D,,ROSARIO,Rosario,S/D,S/D,II,S/D,S/D,S/D,S/D,S/D,S/D,S/D,Diurna,S/D,S/D,S/D,Otro,S/D,S/D,S/D,S/D
2020,8273,2020-03-04,Miercoles,13:30:00,,0.0,1,Moto/Ciclomotor, ,1,1,0,0,0,0,0,"-32.95817760227484,-60.666264034822",S/D,,ROSARIO,Rosario,S/D,S/D,II,S/D,S/D,S/D,S/D,S/D,S/D,S/D,Diurna,S/D,S/D,S/D,Otro,S/D,S/D,S/D,S/D
2020,8274,2020-03-04,Miercoles,14:00:00,,0.0,1,Automóvil, ,1,1,0,0,0,0,0,"-32.95817760227484,-60.666264034822",S/D,,ROSARIO,Rosario,S/D,S/D,II,S/D,S/D,S/D,S/D,S/D,S/D,S/D,Diurna,S/D,S/D,S/D,Colisión,S/D,S/D,S/D,S/D
2020,8275,2020-03-04,Miercoles,14:30:00,,0.0,1,Bicicleta, ,1,1,0,0,0,0,0,"-32.95817760227484,-60.666264034822",S/D,,ROSARIO,Rosario,S/D,S/D,II,S/D,S/D,S/D,S/D,S/D,S/D,S/D,Diurna,S/D,S/D,S/D,Cañda ocupante,S/D,S/D,S/D,S/D
2020,8276,2020-01-03,Viernes,06:40:00,,0.0,1,Moto/Ciclomotor, ,1,1,0,0,0,0,0,"-32.95817760227484,-60.666264034822",S/D,,ROSARIO,Rosario,S/D,S/D,II,S/D,S/D,S/D,S/D,S/D,S/D,S/D,Nocturna,S/D,S/D,S/D,Otro,S/D,S/D,S/D,S/D
2020,8277,2020-01-03,Viernes,07:30:00,,0.0,1,Moto/Ciclomotor, ,1,1,0,0,0,0,0,"-32.95817760227484,-60.666264034822",S/D,,ROSARIO,Rosario,S/D,S/D,II,S/D,S/D,S/D,S/D,S/D,S/D,S/D,Diurna,S/D,S/D,S/D,Otro,S/D,S/D,S/D,S/D
2020,8278,2020-03-04,Miercoles,14:30:00,,0.0,2,"Peatón,Otros", ,2,1,0,0,0,0,1,"-32.95817760227484,-60.666264034822",S/D,,ROSARIO,Rosario,S/D,S/D,II,S/D,S/D,S/D,S/D,S/D,S/D,S/D,Diurna,S/D,S/D,Peatón,Atropello,S/D,S/D,S/D,S/D