anio_acci,nro_acci,fecha,desc_dia,hora_aprox,desc_ruta,km,cant_participantes,desc_participante,calle_avenida_km,total,heridos_leves,heridos_graves,heridos_gravisimos,ilesos,fallecidos,sin_datos,posicion_XY,desc_tipo_via,desc_ruta_ori,desc_loc,desc_dpto,desc_tipo_calzada,desc_tipo_banquina,desc_unidad_regional,desc_lugar_calzada,desc_zona,desc_prioridad,desc_estado_semaforo,desc_lugar_via,desc_estado_via,desc_estado_visibilidad,desc_luminosidad,desc_estado_clima,desc_tipo_colision,desc_tipo_atropello,desc_tipo_hecho,desc_pres_calzada,desc_senializacion,desc_separacion_via,desc_restriccion
2020,9003,2020-02-22,Sabado,01:00:00,,0.0,1,Bicicleta, ,1,1,0,0,0,0,0,"-32.95817760227484,-60.666264034822",S/D,,ROSARIO,Rosario,S/D,S/D,II,S/D,S/D,S/D,S/D,S/D,S/D,S/D,Nocturna,S/D,S/D,S/D,Cañda ocupante,S/D,S/D,S/D,S/D
2020,9004,2020-02-22,Sabado,08:00:00,,0.0,1,Moto/Ciclomotor, ,1,1,0,0,0,0,0,"-32.95817760227484,-60.666264034822",S/D,,ROSARIO,Rosario,S/D,S/D,II,S/D,S/D,S/D,S/D,S/D,S/D,S/D,Diurna,S/D,S/D,S/D,Otro,S/D,S/D,S/D,S/D
2020,9005,2020-02-25,Martes,05:30:00,,0.0,1,Moto/Ciclomotor, ,1,1,0,0,0,0,0,"-32.95817760227484,-60.666264034822",S/D,,ROSARIO,Rosario,S/D,S/D,II,S/D,S/D,S/D,S/D,S/D,S/D,S/D,Nocturna,S/D,S/D,S/D,Otro,S/D,S/D,S/D,S/D
2020,9006,2020-02-22,Sabado,15:00:00,,0.0,1,Moto/Ciclomotor, ,1,1,0,0,0,0,0,"-32.95817760227484,-60.666264034822",S/D,,ROSARIO,Rosario,S/D,S/D,II,S/D,S/D,S/D,S/D,S/D,S/D,S/D,Diurna,S/D,S/D,S/D,Otro,S/D,S/D,S/D,S/D
2020,9007,2020-02-28,Viernes,18:50:00,,0.0,1,Moto/Ciclomotor, ,2,2,0,0,0,0,0,"-32.95817760227484,-60.666264034822",S/D,,ROSARIO,Rosario,S/D,S/D,II,S/D,S/D,S/D,S/D,S/D,S/D,S/D,Diurna,S/D,S/D,S/D,Otro,S/D,S/D,S/D,S/D
2020,9008,2020-02-25,Martes,15:00:00,,0.0,1,Moto/Ciclomotor, ,1,1,0,0,0,0,0,"-32.95817760227484,-60.666264034822",S/D,,ROSARIO,Rosario,S/D,S/D,II,S/D,S/D,S/D,S/D,S/D,S/D,S/D,Diurna,S/D,S/D,S/D,Otro,S/D,S/D,S/D,S/D
2020,9009,2020-02-25,Martes,18:00:00,,0.0,1,Moto/Ciclomotor, ,1,1,0,0,0,0,0,"-32.95817760227484,-60.666264034822",S/D,,ROSARIO,Rosario,S/D,S/D,II,S/D,S/D,S/D,S/D,S/D,S/D,S/D,Diurna,S/D,S/D,S/D,Otro,S/D,S/D,S/D,S/D
2020,9010,2020-02-25,Martes,20:00:00,,0.0,1,Moto/Ciclomotor, ,1,1,0,0,0,0,0,"-32.95817760227484,-60.666264034822",S/D,,ROSARIO,Rosario,S/D,S/D,II,S/D,S/D,S/D,S/D,S/D,S/D,S/D,Nocturna,S/D,S/D,S/D,Otro,S/D,S/D,S/D,S/D
2020,9011,2020-02-23,Domingo,05:50:00,,0.0,1,Moto/Ciclomotor, ,1,1,0,0,0,0,0,"-32.95817760227484,-60.666264034822",S/D,,ROSARIO,Rosario,S/D,S/D,II,S/D,S/D,S/D,S/D,S/D,S/D,S/D,Nocturna,S/D,S/D,S/D,Otro,S/D,S/D,S/D,S/D
2020,9012,2020-02-25,Martes,22:00:00,,0.0,1,Automóvil, ,1,1,0,0,0,0,0,"-32.95817760227484,-60.666264034822",S/D,,ROSARIO,Rosario,S/D,S/D,II,S/D,S/D,S/D,S/D,S/D,S/D,S/D,Nocturna,S/D,S/D,S/D,Otro,S/D,S/D,S/D,S/D
2020,9013,2020-02-23,Domingo,09:00:00,,0.0,1,Moto/Ciclomotor, ,1,1,0,0,0,0,0,"-32.95817760227484,-60.666264034822",S/D,,ROSARIO,Rosario,S/D,S/D,II,S/D,S/D,S/D,S/D,S/D,S/D,S/D,Diurna,S/D,S/D,S/D,Otro,S/D,S/D,S/D,S/D
2020,9014,2020-02-26,Miercoles,16:30:00,,0.0,1,Moto/Ciclomotor, ,1,1,0,0,0,0,0,"-32.95817760227484,-60.666264034822",S/D,,ROSARIO,Rosario,S/D,S/D,II,S/D,S/D,S/D,S/D,S/D,S/D,S/D,Diurna,S/D,S/D,S/D,Otro,S/D,S/D,S/D,S/D
2020,9015,2020-02-23,Domingo,19:30:00,,0.0,1,Moto/Ciclomotor, ,1,1,0,0,0,0,0,"-32.95817760227484,-60.666264034822",S/D,,ROSARIO,Rosario,S/D,S/D,II,S/D,S/D,S/D,S/D,S/D,S/D,S/D,Nocturna,S/D,S/D,S/D,Otro,S/D,S/D,S/D,S/D
2020,9016,2020-02-28,Viernes,13:00:00,,0.0,1,Moto/Ciclomotor, ,1,1,0,0,0,0,0,"-32.95817760227484,-60.666264034822",S/D,,ROSARIO,Rosario,S/D,S/D,II,S/D,S/D,S/D,S/D,S/D,S/D,S/D,Diurna,S/D,S/D,S/D,Otro,S/D,S/D,S/D,S/D
2020,9017,2020-02-26,Miercoles,17:00:00,,0.0,1,Bicicleta, ,1,1,0,0,0,0,0,"-32.95817760227484,-60.666264034822",S/D,,ROSARIO,Rosario,S/D,S/D,II,S/D,S/D,S/D,S/D,S/D,S/D,S/D,Diurna,S/D,S/D,S/D,Cañda ocupante,S/D,S/D,S/D,S/D
2020,9018,2020-02-26,Miercoles,17:00:00,,0.0,1,Bicicleta, ,1,1,0,0,0,0,0,"-32.95817760227484,-60.666264034822",S/D,,ROSARIO,Rosario,S/D,S/D,II,S/D,S/D,S/D,S/D,S/D,S/D,S/D,Diurna,S/D,S/D,S/D,Cañda ocupante,S/D,S/D,S/D,S/D
2020,9019,2020-02-28,Viernes,11:30:00,,0.0,1,Automóvil, ,2,1,0,0,0,0,1,"-32.95817760227484,-60.666264034822",S/D,,ROSARIO,Rosario,S/D,S/D,II,S/D,S/D,S/D,S/D,S/D,S/D,S/D,Diurna,S/D,S/D,S/D,Otro,S/D,S/D,S/D,S/D
2020,9020,2020-02-26,Miercoles,21:00:00,,0.0,2,"Peatón,Otros", ,2,1,0,0,1,0,0,"-32.95817760227484,-60.666264034822",S/D,,ROSARIO,Rosario,S/D,S/D,II,S/D,S/D,S/D,S/D,S/D,S/D,S/D,Nocturna,S/D,S/D,Peatón,Atropello,S/D,S/D,S/D,S/D
2020,9021,2020-02-28,Viernes,09:30:00,,0.0,1,Automóvil, ,2,1,0,0,0,0,1,"-32.95817760227484,-60.666264034822",S/D,,ROSARIO,Rosario,S/D,S/D,II,S/D,S/D,S/D,S/D,S/D,S/D,S/D,Diurna,S/D,S/D,S/D,Otro,S/D,S/D,S/D,S/D
2020,9022,2020-02-27,Jueves,18:00:00,,0.0,2,"Otros,Peatón", ,2,1,0,0,0,0,1,"-32.95817760227484,-60.666264034822",S/D,,ROSARIO,Rosario,S/D,S/D,II,S/D,S/D,S/D,S/D,S/D,S/D,S/D,Diurna,S/D,S/D,Peatón,Atropello,S/D,S/D,S/D,S/D
2020,9023,2020-02-20,Jueves,23:00:00,,0.0,1,Bicicleta, ,1,1,0,0,0,0,0,"-32.95817760227484,-60.666264034822",S/D,,ROSARIO,Rosario,S/D,S/D,II,S/D,S/D,S/D,S/D,S/D,S/D,S/D,Nocturna,S/D,Contra objeto fijo,S/D,Colisión,S/D,S/D,S/D,S/D
2020,9024,2020-02-28,Viernes,09:10:00,,0.0,1,Moto/Ciclomotor, ,1,1,0,0,0,0,0,"-32.95817760227484,-60.666264034822",S/D,,ROSARIO,Rosario,S/D,S/D,II,S/D,S/D,S/D,S/D,S/D,S/D,S/D,Diurna,S/D,S/D,S/D,Otro,S/D,S/D,S/D,S/D
2020,9025,2020-02-27,Jueves,15:30:00,,0.0,1,Bicicleta, ,1,1,0,0,0,0,0,"-32.95817760227484,-60.666264034822",S/D,,ROSARIO,Rosario,S/D,S/D,II,S/D,S/D,S/D,S/D,S/D,S/D,S/D,Diurna,S/D,S/D,S/D,Cañda ocupante,S/D,S/D,S/D,S/D
2020,9026,2020-02-27,Jueves,09:00:00,,0.0,1,Moto/Ciclomotor, ,1,1,0,0,0,0,0,"-32.95817760227484,-60.666264034822",S/D,,ROSARIO,Rosario,S/D,S/D,II,S/D,S/D,S/D,S/D,S/D,S/D,S/D,Diurna,S/D,S/D,S/D,Otro,S/D,S/D,S/D,S/D
2020,9027,2020-02-27,Jueves,00:00:00,,0.0,2,"Peatón,Otros", ,2,1,0,0,0,0,1,"-32.95817760227484,-60.666264034822",S/D,,ROSARIO,Rosario,S/D,S/D,II,S/D,S/D,S/D,S/D,S/D,S/D,S/D,Nocturna,S/D,S/D,Peatón,Atropello,S/D,S/D,S/D,Sin restricción
2020,9028,2020-01-15,Miercoles,19:40:00,,0.0,2,"Automóvil,Moto/Ciclomotor",Bv. Avellaneda Y Gaboto,2,0,0,0,1,1,0,"-32.965971377348964, -60.6859731090",Calle,,ROSARIO,Rosario,Asfalto,No existe,II,Dentro,Urbana,Ninguna,No existe,Intersección,Bueno,S/D,Nocturna,S/D,S/D,S/D,Colisión,Ninguna,Faltante,Ninguna,Sin restricción
2020,9029,2020-07-26,Domingo,,,0.0,1,Otros, ,1,0,0,0,0,1,0,"    -32.85652, -60.70449",S/D,,GRANADERO BAIGORRIA,Rosario,S/D,S/D,II,S/D,S/D,S/D,S/D,S/D,S/D,S/D,S/D,S/D,S/D,S/D,S/D,S/D,S/D,S/D,S/D
2020,9030,2020-05-25,Lunes,,,0.0,1,Otros, ,1,0,0,0,0,1,0,"-31.582806647706864, -60.7275106573",S/D,,SANTA FE,La Capital,S/D,S/D,I,S/D,S/D,S/D,S/D,S/D,S/D,S/D,S/D,S/D,S/D,S/D,S/D,S/D,S/D,S/D,S/D
2020,9031,2020-08-24,Lunes,,,0.0,1,Otros, ,1,0,0,0,0,1,0,"    -32.79509, -61.39275",S/D,,CAÑADA DE GÓMEZ,Iriondo,S/D,S/D,II,S/D,Rural,S/D,S/D,S/D,S/D,S/D,S/D,S/D,S/D,S/D,S/D,S/D,S/D,S/D,S/D
2020,9032,2020-02-22,Sabado,,,0.0,1,Otros, ,1,0,0,0,0,1,0,"    -32.36631, -61.35948",S/D,,SAN GENARO,San JERÓNIMO,S/D,S/D,XV,S/D,S/D,S/D,S/D,S/D,S/D,S/D,S/D,S/D,S/D,S/D,S/D,S/D,S/D,S/D,S/D
2020,9033,2020-11-21,Sabado,,,0.0,1,Otros, ,1,0,0,0,0,1,0,"    -31.81947, -62.1096",S/D,,LAS PETACAS,San MARTÍN,S/D,S/D,XVIII,S/D,S/D,S/D,S/D,S/D,S/D,S/D,S/D,S/D,S/D,S/D,S/D,S/D,S/D,S/D,S/D
2020,9034,2020-11-11,Miercoles,,,0.0,1,Otros,Ayolas Y Ayacucho,1,0,0,0,0,1,0,"-32.978710625552154, -60.6351299015",Calle,,ROSARIO,Rosario,Asfalto,No existe,II,S/D,Urbana,Ninguna,No existe,Recta,Bueno,S/D,S/D,S/D,S/D,S/D,S/D,Ninguna,Faltante,Ninguna,Sin restricción
2020,9035,2020-11-10,Martes,,,0.0,1,Otros, ,1,0,0,0,0,1,0,"    -32.96786, -60.64194",S/D,,ROSARIO,Rosario,S/D,S/D,II,S/D,S/D,S/D,S/D,S/D,S/D,S/D,S/D,S/D,S/D,S/D,S/D,S/D,S/D,S/D,S/D
2020,9036,2020-01-18,Sabado,11:20:00,,0.0,2,"Moto/Ciclomotor,Automóvil",Manuel Dorrego Y Chubut,3,1,0,0,2,0,0,"-33.24073, -60.32083",Calle,,VILLA CONSTITUCIÓN,Constitución,Asfalto,No existe,VI,S/D,Urbana,Ninguna,No existe,Intersección,Bueno,Buena,Diurna,Buen Tiempo,Frontal,S/D,Colisión,Ninguna,S/D,Ninguna,Sin restricción
2020,9037,2020-01-08,Miercoles,12:22:00,,0.0,2,"Automóvil,Pickup/Utilitario",Manuel Dorrego Y Santa Cruz,5,1,0,0,4,0,0,"-33.24161, -60.31974",Calle,,VILLA CONSTITUCIÓN,Constitución,Asfalto,S/D,VI,S/D,Urbana,Ninguna,No existe,Intersección,Bueno,Buena,Diurna,Buen Tiempo,Frontal,S/D,Colisión,Ninguna,S/D,Ninguna,Sin restricción
2020,9038,2020-01-25,Sabado,00:40:00,Ruta Provincial 21,0.0,2,"Moto/Ciclomotor,Automóvil",Ruta Prov 21 Y Sivori,2,0,1,0,1,0,0,"-33.2543, -60.30636",Ruta,21,VILLA CONSTITUCIÓN,Constitución,Asfalto,S/D,VI,Dentro,Urbana,Ninguna,S/D,Intersección,Bueno,Buena,Nocturna,Buen Tiempo,Frontal,S/D,Colisión,S/D,S/D,Ninguna,S/D
2020,9039,2020-02-18,Martes,16:10:00,,0.0,2,"Automóvil,Moto/Ciclomotor",Italia Y Corrientes,3,1,0,0,2,0,0,"-33.25857, -60.37911",Calle,,EMPALME VILLA CONSTITUCIÓN,Constitución,Asfalto,No existe,VI,Dentro,Urbana,Ninguna,No existe,Intersección,Bueno,Buena,Diurna,Buen Tiempo,De alcance,S/D,Colisión,Ninguna,S/D,S/D,Sin restricción
2020,9040,2020-02-11,Martes,22:25:00,Ruta Provincial 21,0.0,2,"Moto/Ciclomotor,Automóvil",Brasil ,2,1,0,0,1,0,0,"-33.2557, -60.38957",Ruta,21,EMPALME VILLA CONSTITUCIÓN,Constitución,Asfalto,Natural,VI,Dentro,Urbana,Ninguna,No existe,Intersección,Bueno,Reducida,Nocturna,Buen Tiempo,De alcance,S/D,Colisión,Ninguna,S/D,Línea divisoria pintada,Sin restricción
2020,9041,2020-02-07,Viernes,21:30:00,,0.0,2,"Pickup/Utilitario,Moto/Ciclomotor",Cerrito Y Saavedra,3,1,1,0,1,0,0,"-33.26313, -60.38386",Calle,,EMPALME VILLA CONSTITUCIÓN,Constitución,Asfalto,No existe,VI,Dentro,Urbana,Ninguna,No existe,Intersección,Bueno,Buena,Nocturna,Buen Tiempo,De alcance,S/D,Colisión,Ninguna,S/D,Línea divisoria pintada,Sin restricción
2020,9042,2020-02-24,Lunes,10:30:00,,0.0,2,"Bicicleta,Pickup/Utilitario",Manuel Dorrego Y Rio Negro,2,1,0,0,1,0,0,"-33.24041, -60.32117",Calle,,VILLA CONSTITUCIÓN,Constitución,Asfalto,Pavimento,VII,Dentro,Urbana,Ninguna,No existe,Intersección,Bueno,Buena,Diurna,Buen Tiempo,S/D,Ciclista,Atropello,Ninguna,S/D,Ninguna,Sin restricción
2020,9043,2020-02-05,Miercoles,12:00:00,,0.0,2,"Bicicleta,Automóvil",Av. del Trabajo Y 12 de Octubre,2,1,0,0,1,0,0,"-33.2424, -60.32775",Calle,,VILLA CONSTITUCIÓN,Constitución,Asfalto,S/D,VII,Dentro,Urbana,Ninguna,S/D,Intersección,Bueno,Buena,Diurna,Buen Tiempo,S/D,Ciclista,Atropello,S/D,S/D,Ninguna,Sin restricción
2020,9044,2020-02-12,Miercoles,11:10:00,Ruta Provincial 21,0.0,2,"Moto/Ciclomotor,Pickup/Utilitario",San Martin Y Tabares,2,1,0,0,1,0,0,"-33.24372, -60.31386",Ruta,21,VILLA CONSTITUCIÓN,Constitución,Asfalto,S/D,VII,Dentro,Urbana,S/D,S/D,Intersección,Bueno,Buena,Diurna,Buen Tiempo,Frontal,S/D,Colisión,Ninguna,S/D,Ninguna,Sin restricción
2020,9045,2020-02-13,Jueves,18:00:00,,0.0,2,"Moto/Ciclomotor,Automóvil",Tabares Y S Rubios,2,0,1,0,1,0,0,"-33.24545, -60.31578",Calle,,VILLA CONSTITUCIÓN,Constitución,Asfalto,S/D,VII,Dentro,Urbana,Ninguna,S/D,Intersección,Bueno,Buena,Diurna,Buen Tiempo,Frontal,S/D,Colisión,Ninguna,S/D,Ninguna,Sin restricción
2020,9046,2020-02-13,Jueves,,,0.0,2,"Automóvil,Automóvil",Mosconi 920,2,1,0,0,1,0,0,"-33.24576, -60.3182",Calle,,VILLA CONSTITUCIÓN,Constitución,Asfalto,S/D,VII,S/D,Urbana,Ninguna,S/D,Recta,Otro,Buena,S/D,Buen Tiempo,Frontal,S/D,Colisión,S/D,S/D,Ninguna,S/D
2020,9047,2020-03-04,Miercoles,19:10:00,,0.0,2,"Moto/Ciclomotor,Automóvil",Dorrego Y Pellegrini,3,2,0,0,1,0,0,"-33.2572, -60.38134",Calle,,EMPALME VILLA CONSTITUCIÓN,Constitución,Hormigón,Pavimento,VII,Dentro,Urbana,Ninguna,No existe,Intersección,Con baches,Buena,Atardecer,Buen Tiempo,Frontal,S/D,Colisión,Ninguna,Horizontal,Ninguna,Sin restricción
2020,9048,2020-03-07,Sabado,23:20:00,,0.0,2,"Moto/Ciclomotor,Moto/Ciclomotor",Santa Fe Y Av Escalada,3,1,0,0,2,0,0,"-33.26095, -60.38314",Avenida,,EMPALME VILLA CONSTITUCIÓN,Constitución,Hormigón,Pavimento,VII,Dentro,Urbana,Otra Señal,No existe,Intersección,Con baches,Buena,"Nocturna,Con luz artificial",Buen Tiempo,Lateral,S/D,Colisión,Ninguna,"Horizontal,Vertical",Ninguna,Sin restricción
2020,9049,2020-02-02,Domingo,07:45:00,Ruta Nacional 177,0.0,1,Automóvil,25 de Mayo ,3,3,0,0,0,0,0,"-33.2727, -60.36676",Ruta,177,EMPALME VILLA CONSTITUCIÓN,Constitución,Ripio,No existe,VI,Fuera,Rural,Ninguna,No existe,Intersección,Ahuellamiento,Buena,Amanecer,Buen Tiempo,S/D,S/D,Vuelco,Ninguna,S/D,Ninguna,Sin restricción
2020,9050,2020-05-01,Viernes,14:10:00,,0.0,2,"Automóvil,Moto/Ciclomotor",Alem Y San Martin,3,0,2,0,1,0,0,"-33.43871, -60.79633",Calle,,SANTA TERESA,Constitución,Asfalto,No existe,VI,Dentro,Urbana,Ninguna,No existe,Intersección,Bueno,Buena,Diurna,Buen Tiempo,Lateral,S/D,Colisión,Ninguna,"Horizontal,Vertical",Línea divisoria pintada,Sin restricción
2020,9051,2020-05-16,Sabado,18:40:00,,0.0,1,Moto/Ciclomotor, ,2,2,0,0,0,0,0,"-33.71559, -61.03916",Camino Rural,,JUNCAL,Constitución,Tierra,Natural,VI,S/D,Rural,Ninguna,No existe,Otro,Bueno,Buena,Atardecer,Buen Tiempo,Otro,S/D,Despiste,S/D,Faltante,Ninguna,Sin restricción
2020,9052,2020-05-12,Martes,14:00:00,Ruta Provincial 21,0.0,2,"Moto/Ciclomotor,Automóvil",San Martin Y D Izarra,3,1,0,0,2,0,0,"-33.24447, -60.31312",Ruta,21,VILLA CONSTITUCIÓN,Constitución,Asfalto,S/D,VI,Dentro,Urbana,Ninguna,S/D,Recta,Bueno,Buena,Diurna,Buen Tiempo,Frontal,S/D,Colisión,S/D,S/D,Ninguna,Sin restricción
2020,9053,2020-05-10,Domingo,,,0.0,2,"Moto/Ciclomotor,Automóvil",Facundo Quiroga Y Oro�o,3,2,0,0,1,0,0,"-33.25054, -60.31254",Calle,,VILLA CONSTITUCIÓN,Constitución,Asfalto,S/D,VI,Dentro,Urbana,Ninguna,S/D,Intersección,Bueno,Buena,S/D,Buen Tiempo,Frontal,S/D,Colisión,Ninguna,S/D,Ninguna,Sin restricción
2020,9054,2020-05-18,Lunes,15:55:00,Ruta Provincial 21,0.0,2,"Moto/Ciclomotor,Automóvil",Cernjak Y Ruta Prov 21,3,1,0,0,2,0,0,"-33.25483, -60.30604",Ruta,21,VILLA CONSTITUCIÓN,Constitución,Asfalto,S/D,VI,Dentro,Urbana,Ninguna,S/D,Intersección,Bueno,Buena,Diurna,Buen Tiempo,Frontal,S/D,Colisión,Ninguna,S/D,Ninguna,Sin restricción
2020,9055,2020-06-09,Martes,13:00:00,Ruta Provincial 90,0.0,2,"Camión Chasis,Camión c / Semirremolque", ,3,1,1,0,1,0,0,"-33.45128, -60.7732",Ruta,90,SANTA TERESA,Constitución,Asfalto,Pavimento,VI,S/D,Rural,Señal Pare,Intermitente,Cruce,Bueno,Buena,Diurna,Buen Tiempo,Lateral,S/D,Colisión,Ninguna,S/D,"Cordón divisorio,Línea divisoria pintada",Sin restricción
2020,9056,2020-06-09,Martes,16:00:00,Ruta Provincial 21,0.0,2,"Bicicleta,Pickup/Utilitario",San Martin Y Bartolome Mitre,2,1,0,0,1,0,0,"-33.24218, -60.31548",Ruta,21,VILLA CONSTITUCIÓN,Constitución,Asfalto,S/D,VI,Dentro,Urbana,Ninguna,S/D,Intersección,Bueno,Buena,Diurna,Buen Tiempo,S/D,Ciclista,Atropello,Ninguna,S/D,Ninguna,S/D
2020,9057,2020-06-20,Sabado,15:00:00,,0.0,2,"Bicicleta,Automóvil",Independencia Y Tierra del Fuego,2,1,0,0,1,0,0,"-33.24431, -60.32121",Calle,,VILLA CONSTITUCIÓN,Constitución,Asfalto,S/D,VI,Dentro,Urbana,Ninguna,S/D,Recta,Bueno,Buena,Diurna,Buen Tiempo,S/D,Ciclista,Atropello,S/D,S/D,Ninguna,Sin restricción
2020,9058,2020-07-08,Miercoles,16:00:00,,0.0,2,"Moto/Ciclomotor,Automóvil",Rivadavia Y España,3,2,0,0,1,0,0,"-33.44181, -60.79087",Calle,,SANTA TERESA,Constitución,Asfalto,No existe,VI,Dentro,Urbana,Ninguna,No existe,Intersección,Bueno,Buena,Diurna,Buen Tiempo,Lateral,S/D,Colisión,Ninguna,Faltante,Ninguna,Sin restricción
2020,9059,2020-08-01,Sabado,02:30:00,,0.0,2,"Moto/Ciclomotor,Automóvil",Dorrego Y Av Buenos Aires,2,1,0,0,1,0,0,"-33.25775, -60.3806",Calle,,EMPALME VILLA CONSTITUCIÓN,Constitución,Hormigón,Pavimento,VI,Dentro,Urbana,Ninguna,No existe,Intersección,Con baches,Buena,Nocturna,Buen Tiempo,Lateral,S/D,Colisión,Ninguna,Horizontal,Ninguna,Sin restricción
2020,9060,2020-09-11,Viernes,21:30:00,,0.0,2,"Moto/Ciclomotor,Automóvil",Rivadavia 660,2,1,0,0,1,0,0,,Calle,,SANTA TERESA,Constitución,Asfalto,No existe,VI,Dentro,Urbana,Ninguna,No existe,Recta,Bueno,Buena,"Nocturna,Con luz artificial",Buen Tiempo,Lateral,S/D,Colisión,Ninguna,S/D,Ninguna,Sin restricción
2020,9061,2020-09-10,Jueves,06:35:00,Ruta Provincial 21,0.0,3,"Automóvil,Automóvil,Automóvil",Catamarca ,3,1,0,0,2,0,0,"-33.25241, -60.37417",Ruta,21,EMPALME VILLA CONSTITUCIÓN,Constitución,Asfalto,Natural,VI,Dentro,Urbana,Ninguna,No existe,Intersección,Bueno,Buena,Amanecer,Buen Tiempo,"De alcance,Múltiple",S/D,Colisión,Ninguna,Vertical,Línea divisoria pintada,Sin restricción
2020,9062,2020-09-04,Viernes,18:05:00,Ruta Provincial 21,0.0,2,"Moto/Ciclomotor,Otros",Ruta Prov 21 4900,2,1,0,0,1,0,0,"-33.25826, -60.30201",Ruta,21,VILLA CONSTITUCIÓN,Constitución,Asfalto,S/D,VI,Dentro,Urbana,Ninguna,S/D,Intersección,Bueno,Buena,Diurna,Buen Tiempo,Frontal,S/D,Colisión,Ninguna,S/D,Ninguna,Sin restricción
2020,9063,2020-09-16,Miercoles,17:10:00,Ruta Provincial 21,0.0,2,"Moto/Ciclomotor,Camión c / Acoplado",Ruta Prov 21 ,2,1,0,0,1,0,0,"-33.25704, -60.30346",Ruta,21,VILLA CONSTITUCIÓN,Constitución,Asfalto,S/D,VI,Dentro,Urbana,Ninguna,S/D,Recta,Bueno,Buena,Diurna,Buen Tiempo,Frontal,S/D,Colisión,Ninguna,S/D,Ninguna,Sin restricción
2020,9064,2020-10-21,Miercoles,12:10:00,Ruta Provincial 90,1.0,2,"Automóvil,Pickup/Utilitario", ,3,1,1,0,1,0,0,"-33.27612, -60.37027",Ruta,90,EMPALME VILLA CONSTITUCIÓN,Constitución,Asfalto,Natural,VI,Dentro,Rural,Ninguna,No existe,Recta,Bueno,Buena,Diurna,Buen Tiempo,De alcance,S/D,Colisión,Ninguna,Vertical,Línea divisoria pintada,Sin restricción
2020,9065,2020-10-08,Jueves,12:00:00,Ruta Provincial 21,0.0,2,"Moto/Ciclomotor,Bicicleta",Ruta Prov 21 Y Dr Silvestre Begnis,2,0,1,0,1,0,0,"-33.25256, -60.30693",Ruta,21,VILLA CONSTITUCIÓN,Constitución,Asfalto,S/D,VI,Dentro,Urbana,Ninguna,S/D,Intersección,Bueno,Buena,Diurna,Buen Tiempo,S/D,Ciclista,Atropello,Ninguna,S/D,Ninguna,Sin restricción
2020,9066,2020-10-20,Martes,15:00:00,,0.0,2,"Automóvil,Moto/Ciclomotor",Luzuriaga Y L de San Luis,2,0,1,0,1,0,0,"-33.25847, -60.30462",Calle,,VILLA CONSTITUCIÓN,Constitución,Hormigón,No existe,VI,Dentro,Urbana,Ninguna,No existe,Intersección,Bueno,Buena,Diurna,Buen Tiempo,Frontal,S/D,Colisión,Ninguna,S/D,Ninguna,Sin restricción
2020,9067,2020-10-12,Lunes,16:00:00,Ruta Provincial 21,0.0,2,"Pickup/Utilitario,Moto/Ciclomotor",San Martin Y Mosconi,2,1,0,0,1,0,0,"-33.2427, -60.31496",Ruta,21,VILLA CONSTITUCIÓN,Constitución,Asfalto,S/D,VI,Dentro,Urbana,Ninguna,S/D,Intersección,Bueno,Buena,Diurna,Buen Tiempo,Frontal,S/D,Colisión,Ninguna,S/D,Ninguna,Sin restricción
2020,9068,2020-11-28,Sabado,,,0.0,2,"Moto/Ciclomotor,Automóvil",San Martin Y Belgrano,2,0,1,0,1,0,0,"-33.43808, -60.79362",Calle,,SANTA TERESA,Constitución,Asfalto,No existe,VI,Dentro,Urbana,Ninguna,No existe,Intersección,Bueno,Reducida,Diurna,Lluvia,Lateral,S/D,Colisión,Agua,S/D,Línea divisoria pintada,Sin restricción
2020,9069,2020-11-16,Lunes,14:55:00,,0.0,2,"Moto/Ciclomotor,Transporte de Pasajeros (H/ 8 asientos)",Italia Y Corrientes,2,1,0,0,1,0,0,"-33.25858, -60.37911",Avenida,,EMPALME VILLA CONSTITUCIÓN,Constitución,Hormigón,Pavimento,VI,Dentro,Urbana,Ninguna,No existe,Intersección,Bueno,Buena,Diurna,Buen Tiempo,Lateral,S/D,Colisión,Ninguna,Vertical,Ninguna,Sin restricción
2020,9070,2020-12-30,Miercoles,17:20:00,,0.0,2,"Moto/Ciclomotor,Pickup/Utilitario",Irigoyen Y Moreno,4,1,1,0,2,0,0,"-33.25986, -60.37902",Calle,,EMPALME VILLA CONSTITUCIÓN,Constitución,Hormigón,Pavimento,VI,Dentro,Urbana,Otra Señal,No existe,Intersección,Con baches,Buena,Diurna,Buen Tiempo,Lateral,S/D,Colisión,Otro,Vertical,Ninguna,Obra en Construcción
2020,9071,2020-12-03,Jueves,21:55:00,,0.0,2,"Moto/Ciclomotor,Automóvil",Saavedra 240,2,1,0,0,1,0,0,"-33.26443, -60.38519",Avenida,,EMPALME VILLA CONSTITUCIÓN,Constitución,Asfalto,Pavimento,VI,Dentro,Urbana,Ninguna,No existe,Recta,Bueno,Buena,"Nocturna,Con luz artificial",Buen Tiempo,Otro,S/D,Colisión,Ninguna,Vertical,Ninguna,Sin restricción
2020,9072,2020-12-24,Jueves,09:30:00,,0.0,2,"Bicicleta,Moto/Ciclomotor",San Martin Y Belgrano,3,3,0,0,0,0,0,"-33.25926, -60.38136",Avenida,,VILLA CONSTITUCIÓN,Constitución,Asfalto,S/D,VI,Dentro,Urbana,Ninguna,S/D,Intersección,Bueno,Buena,Diurna,Buen Tiempo,Frontal,Ciclista,Atropello,Ninguna,S/D,Ninguna,Sin restricción
2020,9073,2020-12-22,Martes,10:45:00,,0.0,2,"Moto/Ciclomotor,Pickup/Utilitario",Lassaga Y Luzuriaga,2,1,0,0,1,0,0,"-33.25907, -60.30522",Calle,,VILLA CONSTITUCIÓN,Constitución,Asfalto,S/D,VI,Dentro,Urbana,Ninguna,S/D,Intersección,Bueno,Buena,Diurna,Buen Tiempo,Frontal,S/D,Colisión,Ninguna,S/D,Ninguna,Sin restricción
2020,9074,2020-12-25,Viernes,10:00:00,Ruta Provincial 21,0.0,2,"Automóvil,Automóvil",Ruta Prov 21 500,3,1,0,0,2,0,0,"-33.22506, -60.33431",Ruta,21,VILLA CONSTITUCIÓN,Constitución,Asfalto,Natural,VI,Dentro,Urbana,Ninguna,No existe,Intersección,Bueno,Buena,Diurna,Buen Tiempo,Frontal,S/D,Colisión,Ninguna,S/D,Ninguna,Sin restricción